country,year,co2_emission
Country_1,1900,733.39
Country_1,1901,729.37
Country_1,1902,718.93
Country_1,1903,724.37
Country_1,1904,728.48
Country_1,1905,734.98
Country_1,1906,732.61
Country_1,1907,736.73
Country_1,1908,726.89
Country_1,1909,731.97
Country_1,1910,725.67
Country_1,1911,737.96
Country_1,1912,726.95
Country_1,1913,729.3
Country_1,1914,726.34
Country_1,1915,736.43
Country_1,1916,730.96
Country_1,1917,737.49
Country_1,1918,737.89
Country_1,1919,733.48
Country_1,1920,736.86
Country_1,1921,733.68
Country_1,1922,730.0
Country_1,1923,737.21
Country_1,1924,729.32
Country_1,1925,735.71
Country_1,1926,734.5
Country_1,1927,733.57
Country_1,1928,730.45
Country_1,1929,730.15
Country_1,1930,718.72
Country_1,1931,730.55
Country_1,1932,733.07
Country_1,1933,739.01
Country_1,1934,726.63
Country_1,1935,729.83
Country_1,1936,734.38
Country_1,1937,729.89
Country_1,1938,735.83
Country_1,1939,735.86
Country_1,1940,739.02
Country_1,1941,732.38
Country_1,1942,740.53
Country_1,1943,730.17
Country_1,1944,734.68
Country_1,1945,731.19
Country_1,1946,730.21
Country_1,1947,734.63
Country_1,1948,730.37
Country_1,1949,737.95
Country_1,1950,766.83
Country_1,1951,779.35
Country_1,1952,787.72
Country_1,1953,816.99
Country_1,1954,836.29
Country_1,1955,862.71
Country_1,1956,877.47
Country_1,1957,923.91
Country_1,1958,948.64
Country_1,1959,965.85
Country_1,1960,985.59
Country_1,1961,1034.24
Country_1,1962,1058.66
Country_1,1963,1105.0
Country_1,1964,1126.95
Country_1,1965,1172.14
Country_1,1966,1197.34
Country_1,1967,1264.12
Country_1,1968,1295.36
Country_1,1969,1338.72
Country_1,1970,1385.82
Country_1,1971,1408.68
Country_1,1972,1425.73
Country_1,1973,1471.33
Country_1,1974,1536.77
Country_1,1975,1593.79
Country_1,1976,1614.06
Country_1,1977,1677.31
Country_1,1978,1725.44
Country_1,1979,1747.82
Country_1,1980,1759.52
Country_1,1981,1815.55
Country_1,1982,1850.52
Country_1,1983,1910.36
Country_1,1984,1974.74
Country_1,1985,2023.91
Country_1,1986,2083.16
Country_1,1987,2170.46
Country_1,1988,2259.71
Country_1,1989,2306.36
Country_1,1990,2400.47
Country_1,1991,2454.35
Country_1,1992,2562.57
Country_1,1993,2619.85
Country_1,1994,2747.72
Country_1,1995,2817.39
Country_1,1996,2922.59
Country_1,1997,2950.9
Country_1,1998,3085.75
Country_1,1999,3194.37
Country_1,2000,3331.91
Country_1,2001,3468.97
Country_1,2002,3523.93
Country_1,2003,3572.47
Country_1,2004,3677.6
Country_1,2005,3861.89
Country_1,2006,4027.8
Country_1,2007,4219.2
Country_1,2008,4393.59
Country_1,2009,4435.54
Country_1,2010,4584.77
Country_1,2011,4739.37
Country_1,2012,4939.28
Country_1,2013,5186.82
Country_1,2014,5388.74
Country_1,2015,5547.03
Country_1,2016,5787.92
Country_1,2017,5953.2
Country_1,2018,6161.78
Country_1,2019,6355.81
Country_1,2020,6650.23
Country_1,2021,6746.77
Country_1,2022,6872.06
Country_1,2023,7173.58
Country_2,1900,775.14
Country_2,1901,783.49
Country_2,1902,777.13
Country_2,1903,778.95
Country_2,1904,783.34
Country_2,1905,786.17
Country_2,1906,783.12
Country_2,1907,777.66
Country_2,1908,780.15
Country_2,1909,782.55
Country_2,1910,781.0
Country_2,1911,772.14
Country_2,1912,791.88
Country_2,1913,785.21
Country_2,1914,783.01
Country_2,1915,784.67
Country_2,1916,780.42
Country_2,1917,788.06
Country_2,1918,784.04
Country_2,1919,786.35
Country_2,1920,779.27
Country_2,1921,793.2
Country_2,1922,780.4
Country_2,1923,779.33
Country_2,1924,785.01
Country_2,1925,779.12
Country_2,1926,786.16
Country_2,1927,787.41
Country_2,1928,780.34
Country_2,1929,774.63
Country_2,1930,784.95
Country_2,1931,775.35
Country_2,1932,780.39
Country_2,1933,781.73
Country_2,1934,787.83
Country_2,1935,790.86
Country_2,1936,786.54
Country_2,1937,780.63
Country_2,1938,789.49
Country_2,1939,781.59
Country_2,1940,785.63
Country_2,1941,794.03
Country_2,1942,789.66
Country_2,1943,778.61
Country_2,1944,783.75
Country_2,1945,782.56
Country_2,1946,784.83
Country_2,1947,789.37
Country_2,1948,786.82
Country_2,1949,784.89
Country_2,1950,806.83
Country_2,1951,837.67
Country_2,1952,866.31
Country_2,1953,904.27
Country_2,1954,912.16
Country_2,1955,945.52
Country_2,1956,957.43
Country_2,1957,999.7
Country_2,1958,1038.39
Country_2,1959,1067.16
Country_2,1960,1123.23
Country_2,1961,1155.47
Country_2,1962,1205.66
Country_2,1963,1233.23
Country_2,1964,1247.82
Country_2,1965,1280.39
Country_2,1966,1324.65
Country_2,1967,1395.24
Country_2,1968,1409.85
Country_2,1969,1439.46
Country_2,1970,1492.52
Country_2,1971,1527.49
Country_2,1972,1601.15
Country_2,1973,1637.47
Country_2,1974,1658.81
Country_2,1975,1690.17
Country_2,1976,1718.53
Country_2,1977,1760.1
Country_2,1978,1788.7
Country_2,1979,1838.23
Country_2,1980,1912.97
Country_2,1981,1995.41
Country_2,1982,2092.39
Country_2,1983,2117.02
Country_2,1984,2181.75
Country_2,1985,2231.01
Country_2,1986,2287.29
Country_2,1987,2303.67
Country_2,1988,2374.3
Country_2,1989,2443.61
Country_2,1990,2478.46
Country_2,1991,2546.53
Country_2,1992,2645.09
Country_2,1993,2766.13
Country_2,1994,2801.82
Country_2,1995,2890.29
Country_2,1996,2935.76
Country_2,1997,3015.02
Country_2,1998,3136.39
Country_2,1999,3190.48
Country_2,2000,3245.51
Country_2,2001,3361.06
Country_2,2002,3417.45
Country_2,2003,3464.66
Country_2,2004,3632.36
Country_2,2005,3787.66
Country_2,2006,3850.66
Country_2,2007,3943.73
Country_2,2008,4037.1
Country_2,2009,4079.95
Country_2,2010,4277.05
Country_2,2011,4408.43
Country_2,2012,4535.2
Country_2,2013,4633.1
Country_2,2014,4681.63
Country_2,2015,4919.89
Country_2,2016,5162.98
Country_2,2017,5316.69
Country_2,2018,5411.27
Country_2,2019,5671.39
Country_2,2020,5888.59
Country_2,2021,6068.67
Country_2,2022,6153.32
Country_2,2023,6357.72
Country_3,1900,368.48
Country_3,1901,367.38
Country_3,1902,378.72
Country_3,1903,367.03
Country_3,1904,373.89
Country_3,1905,374.8
Country_3,1906,375.2
Country_3,1907,380.35
Country_3,1908,370.84
Country_3,1909,375.16
Country_3,1910,371.56
Country_3,1911,365.24
Country_3,1912,376.46
Country_3,1913,373.76
Country_3,1914,375.38
Country_3,1915,365.48
Country_3,1916,371.76
Country_3,1917,373.56
Country_3,1918,370.29
Country_3,1919,370.06
Country_3,1920,376.35
Country_3,1921,370.66
Country_3,1922,375.93
Country_3,1923,379.24
Country_3,1924,372.12
Country_3,1925,380.99
Country_3,1926,369.13
Country_3,1927,371.54
Country_3,1928,375.22
Country_3,1929,371.54
Country_3,1930,374.99
Country_3,1931,374.3
Country_3,1932,367.53
Country_3,1933,368.9
Country_3,1934,368.98
Country_3,1935,375.51
Country_3,1936,371.3
Country_3,1937,369.25
Country_3,1938,377.81
Country_3,1939,375.08
Country_3,1940,371.37
Country_3,1941,372.58
Country_3,1942,368.31
Country_3,1943,372.26
Country_3,1944,373.67
Country_3,1945,375.81
Country_3,1946,374.07
Country_3,1947,374.48
Country_3,1948,369.79
Country_3,1949,377.44
Country_3,1950,394.69
Country_3,1951,400.91
Country_3,1952,419.98
Country_3,1953,430.33
Country_3,1954,442.79
Country_3,1955,464.94
Country_3,1956,474.3
Country_3,1957,484.83
Country_3,1958,510.92
Country_3,1959,524.97
Country_3,1960,541.23
Country_3,1961,537.4
Country_3,1962,559.31
Country_3,1963,595.12
Country_3,1964,601.45
Country_3,1965,614.97
Country_3,1966,639.33
Country_3,1967,679.51
Country_3,1968,697.76
Country_3,1969,720.71
Country_3,1970,755.43
Country_3,1971,778.06
Country_3,1972,810.34
Country_3,1973,838.8
Country_3,1974,866.54
Country_3,1975,911.42
Country_3,1976,941.5
Country_3,1977,963.95
Country_3,1978,994.06
Country_3,1979,1038.69
Country_3,1980,1076.83
Country_3,1981,1117.53
Country_3,1982,1153.73
Country_3,1983,1181.09
Country_3,1984,1220.72
Country_3,1985,1242.46
Country_3,1986,1291.51
Country_3,1987,1333.16
Country_3,1988,1359.41
Country_3,1989,1425.44
Country_3,1990,1471.77
Country_3,1991,1485.88
Country_3,1992,1498.62
Country_3,1993,1565.04
Country_3,1994,1619.66
Country_3,1995,1651.5
Country_3,1996,1700.86
Country_3,1997,1788.74
Country_3,1998,1844.35
Country_3,1999,1925.29
Country_3,2000,1951.09
Country_3,2001,2035.36
Country_3,2002,2090.4
Country_3,2003,2174.56
Country_3,2004,2259.22
Country_3,2005,2336.9
Country_3,2006,2397.12
Country_3,2007,2470.8
Country_3,2008,2587.72
Country_3,2009,2618.56
Country_3,2010,2683.14
Country_3,2011,2796.47
Country_3,2012,2874.81
Country_3,2013,2952.84
Country_3,2014,3095.97
Country_3,2015,3129.1
Country_3,2016,3216.59
Country_3,2017,3369.15
Country_3,2018,3529.56
Country_3,2019,3569.57
Country_3,2020,3704.14
Country_3,2021,3806.57
Country_3,2022,3920.51
Country_3,2023,4018.94
Country_4,1900,805.05
Country_4,1901,801.43
Country_4,1902,811.35
Country_4,1903,810.01
Country_4,1904,805.98
Country_4,1905,804.4
Country_4,1906,806.21
Country_4,1907,808.36
Country_4,1908,801.23
Country_4,1909,808.93
Country_4,1910,804.86
Country_4,1911,804.24
Country_4,1912,803.98
Country_4,1913,805.94
Country_4,1914,810.67
Country_4,1915,810.6
Country_4,1916,800.07
Country_4,1917,809.72
Country_4,1918,803.19
Country_4,1919,806.84
Country_4,1920,806.52
Country_4,1921,805.13
Country_4,1922,803.71
Country_4,1923,814.48
Country_4,1924,813.28
Country_4,1925,811.12
Country_4,1926,809.32
Country_4,1927,802.9
Country_4,1928,812.43
Country_4,1929,802.16
Country_4,1930,815.99
Country_4,1931,806.85
Country_4,1932,811.93
Country_4,1933,808.61
Country_4,1934,810.91
Country_4,1935,813.43
Country_4,1936,812.57
Country_4,1937,816.75
Country_4,1938,806.21
Country_4,1939,808.46
Country_4,1940,804.1
Country_4,1941,796.09
Country_4,1942,804.82
Country_4,1943,810.0
Country_4,1944,805.09
Country_4,1945,813.96
Country_4,1946,809.24
Country_4,1947,799.44
Country_4,1948,803.28
Country_4,1949,806.03
Country_4,1950,823.52
Country_4,1951,873.56
Country_4,1952,883.47
Country_4,1953,924.04
Country_4,1954,968.98
Country_4,1955,991.86
Country_4,1956,1009.06
Country_4,1957,1058.0
Country_4,1958,1101.88
Country_4,1959,1117.87
Country_4,1960,1169.38
Country_4,1961,1181.71
Country_4,1962,1229.71
Country_4,1963,1278.22
Country_4,1964,1295.39
Country_4,1965,1332.8
Country_4,1966,1355.92
Country_4,1967,1406.94
Country_4,1968,1462.13
Country_4,1969,1499.47
Country_4,1970,1520.02
Country_4,1971,1577.85
Country_4,1972,1611.23
Country_4,1973,1675.69
Country_4,1974,1700.39
Country_4,1975,1765.13
Country_4,1976,1828.68
Country_4,1977,1850.62
Country_4,1978,1889.65
Country_4,1979,1959.49
Country_4,1980,1986.25
Country_4,1981,2035.81
Country_4,1982,2064.9
Country_4,1983,2089.1
Country_4,1984,2165.01
Country_4,1985,2288.73
Country_4,1986,2307.68
Country_4,1987,2382.52
Country_4,1988,2489.18
Country_4,1989,2532.77
Country_4,1990,2563.44
Country_4,1991,2642.14
Country_4,1992,2755.94
Country_4,1993,2818.33
Country_4,1994,2921.46
Country_4,1995,3013.39
Country_4,1996,3100.96
Country_4,1997,3186.67
Country_4,1998,3254.37
Country_4,1999,3339.28
Country_4,2000,3395.96
Country_4,2001,3545.73
Country_4,2002,3610.98
Country_4,2003,3728.6
Country_4,2004,3917.56
Country_4,2005,3988.55
Country_4,2006,4047.2
Country_4,2007,4232.75
Country_4,2008,4307.02
Country_4,2009,4404.61
Country_4,2010,4527.32
Country_4,2011,4609.48
Country_4,2012,4666.27
Country_4,2013,4845.5
Country_4,2014,4972.13
Country_4,2015,5048.16
Country_4,2016,5234.52
Country_4,2017,5427.44
Country_4,2018,5549.17
Country_4,2019,5750.27
Country_4,2020,5953.75
Country_4,2021,6212.85
Country_4,2022,6528.73
Country_4,2023,6821.26
Country_5,1900,757.26
Country_5,1901,750.73
Country_5,1902,744.54
Country_5,1903,757.86
Country_5,1904,756.1
Country_5,1905,755.03
Country_5,1906,754.38
Country_5,1907,754.14
Country_5,1908,755.29
Country_5,1909,767.4
Country_5,1910,761.33
Country_5,1911,755.11
Country_5,1912,760.07
Country_5,1913,757.88
Country_5,1914,752.68
Country_5,1915,754.68
Country_5,1916,765.42
Country_5,1917,753.04
Country_5,1918,752.86
Country_5,1919,747.76
Country_5,1920,752.94
Country_5,1921,751.07
Country_5,1922,755.85
Country_5,1923,752.99
Country_5,1924,754.48
Country_5,1925,759.34
Country_5,1926,747.07
Country_5,1927,753.05
Country_5,1928,758.57
Country_5,1929,750.89
Country_5,1930,749.8
Country_5,1931,752.43
Country_5,1932,756.52
Country_5,1933,759.75
Country_5,1934,755.0
Country_5,1935,757.14
Country_5,1936,745.48
Country_5,1937,751.53
Country_5,1938,758.24
Country_5,1939,758.19
Country_5,1940,749.24
Country_5,1941,761.13
Country_5,1942,744.87
Country_5,1943,759.82
Country_5,1944,749.03
Country_5,1945,747.89
Country_5,1946,754.21
Country_5,1947,760.03
Country_5,1948,759.51
Country_5,1949,760.32
Country_5,1950,763.37
Country_5,1951,785.2
Country_5,1952,792.46
Country_5,1953,803.9
Country_5,1954,847.92
Country_5,1955,865.69
Country_5,1956,886.08
Country_5,1957,904.15
Country_5,1958,916.84
Country_5,1959,951.9
Country_5,1960,968.75
Country_5,1961,1025.37
Country_5,1962,1040.56
Country_5,1963,1061.87
Country_5,1964,1106.89
Country_5,1965,1136.02
Country_5,1966,1160.05
Country_5,1967,1206.92
Country_5,1968,1253.32
Country_5,1969,1298.12
Country_5,1970,1357.06
Country_5,1971,1369.65
Country_5,1972,1418.06
Country_5,1973,1475.0
Country_5,1974,1558.24
Country_5,1975,1617.6
Country_5,1976,1686.79
Country_5,1977,1708.96
Country_5,1978,1745.04
Country_5,1979,1820.88
Country_5,1980,1862.49
Country_5,1981,1889.54
Country_5,1982,1922.12
Country_5,1983,1969.02
Country_5,1984,2040.46
Country_5,1985,2064.05
Country_5,1986,2137.52
Country_5,1987,2167.94
Country_5,1988,2267.2
Country_5,1989,2306.53
Country_5,1990,2341.91
Country_5,1991,2373.59
Country_5,1992,2416.18
Country_5,1993,2468.25
Country_5,1994,2521.68
Country_5,1995,2594.06
Country_5,1996,2720.35
Country_5,1997,2814.36
Country_5,1998,2918.66
Country_5,1999,3037.08
Country_5,2000,3112.81
Country_5,2001,3158.47
Country_5,2002,3206.02
Country_5,2003,3269.07
Country_5,2004,3418.64
Country_5,2005,3472.19
Country_5,2006,3540.62
Country_5,2007,3711.51
Country_5,2008,3754.23
Country_5,2009,3791.2
Country_5,2010,3833.5
Country_5,2011,3953.47
Country_5,2012,4067.49
Country_5,2013,4239.55
Country_5,2014,4444.98
Country_5,2015,4486.28
Country_5,2016,4620.85
Country_5,2017,4830.35
Country_5,2018,4958.87
Country_5,2019,5156.83
Country_5,2020,5414.68
Country_5,2021,5508.06
Country_5,2022,5732.93
Country_5,2023,5890.67
Country_6,1900,350.13
Country_6,1901,345.95
Country_6,1902,337.15
Country_6,1903,345.23
Country_6,1904,344.29
Country_6,1905,352.86
Country_6,1906,343.05
Country_6,1907,347.5
Country_6,1908,346.14
Country_6,1909,345.29
Country_6,1910,354.21
Country_6,1911,338.73
Country_6,1912,352.61
Country_6,1913,345.19
Country_6,1914,349.6
Country_6,1915,346.52
Country_6,1916,355.69
Country_6,1917,341.95
Country_6,1918,341.95
Country_6,1919,342.19
Country_6,1920,341.77
Country_6,1921,349.66
Country_6,1922,345.26
Country_6,1923,348.62
Country_6,1924,355.07
Country_6,1925,345.71
Country_6,1926,344.25
Country_6,1927,352.75
Country_6,1928,338.93
Country_6,1929,343.09
Country_6,1930,347.38
Country_6,1931,339.84
Country_6,1932,336.3
Country_6,1933,344.78
Country_6,1934,341.81
Country_6,1935,339.76
Country_6,1936,348.52
Country_6,1937,341.8
Country_6,1938,342.87
Country_6,1939,343.93
Country_6,1940,353.89
Country_6,1941,341.15
Country_6,1942,347.28
Country_6,1943,337.68
Country_6,1944,343.27
Country_6,1945,360.74
Country_6,1946,347.86
Country_6,1947,354.17
Country_6,1948,348.52
Country_6,1949,342.11
Country_6,1950,358.57
Country_6,1951,364.26
Country_6,1952,375.34
Country_6,1953,388.53
Country_6,1954,407.65
Country_6,1955,416.64
Country_6,1956,416.05
Country_6,1957,443.34
Country_6,1958,454.08
Country_6,1959,459.17
Country_6,1960,479.51
Country_6,1961,500.79
Country_6,1962,504.92
Country_6,1963,525.67
Country_6,1964,539.28
Country_6,1965,559.03
Country_6,1966,584.68
Country_6,1967,599.39
Country_6,1968,592.91
Country_6,1969,624.54
Country_6,1970,638.77
Country_6,1971,657.46
Country_6,1972,674.49
Country_6,1973,687.1
Country_6,1974,714.07
Country_6,1975,745.37
Country_6,1976,764.83
Country_6,1977,802.36
Country_6,1978,834.81
Country_6,1979,863.04
Country_6,1980,895.74
Country_6,1981,919.74
Country_6,1982,931.5
Country_6,1983,943.85
Country_6,1984,993.55
Country_6,1985,1030.04
Country_6,1986,1053.37
Country_6,1987,1068.17
Country_6,1988,1086.39
Country_6,1989,1133.77
Country_6,1990,1179.24
Country_6,1991,1207.18
Country_6,1992,1247.7
Country_6,1993,1268.85
Country_6,1994,1311.38
Country_6,1995,1369.21
Country_6,1996,1389.18
Country_6,1997,1429.73
Country_6,1998,1496.72
Country_6,1999,1538.59
Country_6,2000,1588.06
Country_6,2001,1668.71
Country_6,2002,1704.85
Country_6,2003,1777.62
Country_6,2004,1804.99
Country_6,2005,1850.17
Country_6,2006,1897.82
Country_6,2007,1938.84
Country_6,2008,2000.22
Country_6,2009,2032.41
Country_6,2010,2120.74
Country_6,2011,2144.52
Country_6,2012,2227.73
Country_6,2013,2298.57
Country_6,2014,2393.3
Country_6,2015,2488.19
Country_6,2016,2593.09
Country_6,2017,2698.31
Country_6,2018,2818.1
Country_6,2019,2933.83
Country_6,2020,2973.19
Country_6,2021,3012.45
Country_6,2022,3086.12
Country_6,2023,3158.32
Country_7,1900,376.02
Country_7,1901,380.12
Country_7,1902,376.56
Country_7,1903,372.69
Country_7,1904,374.95
Country_7,1905,372.22
Country_7,1906,371.35
Country_7,1907,376.78
Country_7,1908,378.9
Country_7,1909,363.49
Country_7,1910,366.42
Country_7,1911,366.14
Country_7,1912,362.71
Country_7,1913,367.18
Country_7,1914,375.12
Country_7,1915,364.08
Country_7,1916,362.46
Country_7,1917,366.53
Country_7,1918,361.94
Country_7,1919,372.26
Country_7,1920,364.83
Country_7,1921,369.24
Country_7,1922,366.88
Country_7,1923,375.4
Country_7,1924,367.23
Country_7,1925,370.2
Country_7,1926,371.42
Country_7,1927,367.06
Country_7,1928,360.51
Country_7,1929,373.03
Country_7,1930,374.93
Country_7,1931,371.23
Country_7,1932,378.42
Country_7,1933,366.81
Country_7,1934,368.54
Country_7,1935,370.28
Country_7,1936,373.03
Country_7,1937,366.31
Country_7,1938,372.37
Country_7,1939,363.19
Country_7,1940,363.02
Country_7,1941,364.46
Country_7,1942,367.59
Country_7,1943,371.94
Country_7,1944,373.81
Country_7,1945,384.88
Country_7,1946,361.3
Country_7,1947,373.4
Country_7,1948,365.54
Country_7,1949,370.88
Country_7,1950,379.54
Country_7,1951,392.01
Country_7,1952,403.89
Country_7,1953,407.96
Country_7,1954,421.08
Country_7,1955,443.05
Country_7,1956,456.87
Country_7,1957,470.5
Country_7,1958,481.14
Country_7,1959,494.85
Country_7,1960,513.94
Country_7,1961,537.33
Country_7,1962,538.92
Country_7,1963,543.2
Country_7,1964,576.4
Country_7,1965,581.88
Country_7,1966,607.4
Country_7,1967,625.91
Country_7,1968,665.25
Country_7,1969,674.47
Country_7,1970,700.74
Country_7,1971,703.69
Country_7,1972,731.26
Country_7,1973,739.68
Country_7,1974,754.28
Country_7,1975,776.0
Country_7,1976,810.02
Country_7,1977,831.3
Country_7,1978,847.56
Country_7,1979,871.12
Country_7,1980,889.73
Country_7,1981,919.16
Country_7,1982,921.25
Country_7,1983,982.23
Country_7,1984,1008.8
Country_7,1985,1036.66
Country_7,1986,1043.59
Country_7,1987,1063.28
Country_7,1988,1085.95
Country_7,1989,1137.87
Country_7,1990,1157.05
Country_7,1991,1171.56
Country_7,1992,1189.88
Country_7,1993,1248.48
Country_7,1994,1297.88
Country_7,1995,1325.82
Country_7,1996,1364.14
Country_7,1997,1397.64
Country_7,1998,1467.21
Country_7,1999,1479.75
Country_7,2000,1556.9
Country_7,2001,1603.87
Country_7,2002,1651.06
Country_7,2003,1694.91
Country_7,2004,1727.22
Country_7,2005,1775.51
Country_7,2006,1853.28
Country_7,2007,1927.08
Country_7,2008,2006.28
Country_7,2009,2081.65
Country_7,2010,2191.21
Country_7,2011,2250.89
Country_7,2012,2349.46
Country_7,2013,2413.4
Country_7,2014,2488.96
Country_7,2015,2549.86
Country_7,2016,2594.45
Country_7,2017,2670.48
Country_7,2018,2726.09
Country_7,2019,2823.21
Country_7,2020,2897.45
Country_7,2021,3009.14
Country_7,2022,3054.02
Country_7,2023,3125.88
Country_8,1900,826.79
Country_8,1901,829.73
Country_8,1902,830.87
Country_8,1903,831.67
Country_8,1904,833.18
Country_8,1905,835.25
Country_8,1906,834.77
Country_8,1907,842.16
Country_8,1908,829.98
Country_8,1909,836.41
Country_8,1910,839.65
Country_8,1911,828.06
Country_8,1912,833.36
Country_8,1913,834.36
Country_8,1914,833.17
Country_8,1915,840.04
Country_8,1916,833.0
Country_8,1917,837.92
Country_8,1918,830.0
Country_8,1919,836.51
Country_8,1920,827.84
Country_8,1921,827.6
Country_8,1922,832.67
Country_8,1923,841.92
Country_8,1924,836.1
Country_8,1925,837.34
Country_8,1926,834.01
Country_8,1927,833.46
Country_8,1928,833.85
Country_8,1929,828.54
Country_8,1930,837.88
Country_8,1931,830.63
Country_8,1932,830.11
Country_8,1933,829.16
Country_8,1934,819.11
Country_8,1935,825.49
Country_8,1936,840.29
Country_8,1937,835.92
Country_8,1938,827.87
Country_8,1939,834.43
Country_8,1940,828.92
Country_8,1941,837.52
Country_8,1942,826.31
Country_8,1943,836.22
Country_8,1944,828.13
Country_8,1945,840.3
Country_8,1946,838.11
Country_8,1947,837.21
Country_8,1948,825.97
Country_8,1949,824.23
Country_8,1950,877.78
Country_8,1951,883.91
Country_8,1952,921.21
Country_8,1953,956.78
Country_8,1954,979.23
Country_8,1955,1002.82
Country_8,1956,1037.85
Country_8,1957,1055.82
Country_8,1958,1083.86
Country_8,1959,1099.19
Country_8,1960,1131.67
Country_8,1961,1148.41
Country_8,1962,1181.54
Country_8,1963,1209.44
Country_8,1964,1227.52
Country_8,1965,1290.45
Country_8,1966,1336.58
Country_8,1967,1378.74
Country_8,1968,1444.46
Country_8,1969,1464.3
Country_8,1970,1489.09
Country_8,1971,1497.61
Country_8,1972,1526.55
Country_8,1973,1560.71
Country_8,1974,1592.97
Country_8,1975,1619.0
Country_8,1976,1692.19
Country_8,1977,1749.39
Country_8,1978,1779.9
Country_8,1979,1855.86
Country_8,1980,1911.64
Country_8,1981,1965.39
Country_8,1982,2016.51
Country_8,1983,2028.77
Country_8,1984,2096.08
Country_8,1985,2134.75
Country_8,1986,2234.6
Country_8,1987,2319.28
Country_8,1988,2390.36
Country_8,1989,2497.31
Country_8,1990,2597.71
Country_8,1991,2707.46
Country_8,1992,2803.49
Country_8,1993,2886.24
Country_8,1994,3022.56
Country_8,1995,3169.17
Country_8,1996,3295.69
Country_8,1997,3446.6
Country_8,1998,3552.41
Country_8,1999,3651.0
Country_8,2000,3720.26
Country_8,2001,3844.18
Country_8,2002,3965.0
Country_8,2003,4055.03
Country_8,2004,4157.87
Country_8,2005,4218.2
Country_8,2006,4395.01
Country_8,2007,4445.55
Country_8,2008,4598.4
Country_8,2009,4817.82
Country_8,2010,4944.87
Country_8,2011,5176.48
Country_8,2012,5324.54
Country_8,2013,5491.45
Country_8,2014,5713.97
Country_8,2015,5920.16
Country_8,2016,6118.74
Country_8,2017,6336.46
Country_8,2018,6437.98
Country_8,2019,6606.77
Country_8,2020,6773.7
Country_8,2021,6861.77
Country_8,2022,7174.06
Country_8,2023,7259.1
Country_9,1900,298.21
Country_9,1901,291.55
Country_9,1902,291.04
Country_9,1903,295.0
Country_9,1904,292.03
Country_9,1905,293.78
Country_9,1906,289.59
Country_9,1907,290.05
Country_9,1908,294.13
Country_9,1909,288.1
Country_9,1910,293.84
Country_9,1911,298.03
Country_9,1912,297.41
Country_9,1913,291.26
Country_9,1914,297.4
Country_9,1915,292.47
Country_9,1916,303.45
Country_9,1917,294.01
Country_9,1918,290.71
Country_9,1919,289.82
Country_9,1920,302.64
Country_9,1921,298.78
Country_9,1922,299.9
Country_9,1923,308.82
Country_9,1924,305.66
Country_9,1925,297.21
Country_9,1926,301.58
Country_9,1927,294.81
Country_9,1928,300.88
Country_9,1929,284.06
Country_9,1930,301.29
Country_9,1931,298.57
Country_9,1932,297.33
Country_9,1933,292.66
Country_9,1934,299.23
Country_9,1935,305.93
Country_9,1936,289.17
Country_9,1937,288.8
Country_9,1938,296.08
Country_9,1939,300.38
Country_9,1940,299.86
Country_9,1941,298.87
Country_9,1942,296.61
Country_9,1943,300.41
Country_9,1944,292.58
Country_9,1945,297.55
Country_9,1946,300.41
Country_9,1947,298.7
Country_9,1948,299.27
Country_9,1949,289.31
Country_9,1950,303.06
Country_9,1951,309.58
Country_9,1952,322.61
Country_9,1953,337.82
Country_9,1954,335.22
Country_9,1955,349.01
Country_9,1956,372.34
Country_9,1957,383.87
Country_9,1958,400.45
Country_9,1959,412.84
Country_9,1960,435.33
Country_9,1961,452.51
Country_9,1962,462.99
Country_9,1963,474.76
Country_9,1964,489.65
Country_9,1965,510.1
Country_9,1966,527.55
Country_9,1967,532.78
Country_9,1968,552.97
Country_9,1969,564.7
Country_9,1970,578.31
Country_9,1971,608.34
Country_9,1972,615.25
Country_9,1973,621.12
Country_9,1974,672.28
Country_9,1975,679.5
Country_9,1976,695.21
Country_9,1977,722.35
Country_9,1978,735.65
Country_9,1979,762.88
Country_9,1980,767.56
Country_9,1981,792.96
Country_9,1982,818.24
Country_9,1983,822.01
Country_9,1984,851.44
Country_9,1985,903.12
Country_9,1986,938.76
Country_9,1987,970.82
Country_9,1988,993.06
Country_9,1989,997.17
Country_9,1990,1010.14
Country_9,1991,1058.74
Country_9,1992,1088.84
Country_9,1993,1101.79
Country_9,1994,1147.76
Country_9,1995,1164.01
Country_9,1996,1220.51
Country_9,1997,1246.89
Country_9,1998,1268.03
Country_9,1999,1315.92
Country_9,2000,1342.99
Country_9,2001,1353.93
Country_9,2002,1376.88
Country_9,2003,1448.13
Country_9,2004,1475.2
Country_9,2005,1502.38
Country_9,2006,1548.27
Country_9,2007,1594.28
Country_9,2008,1628.33
Country_9,2009,1667.35
Country_9,2010,1708.42
Country_9,2011,1724.36
Country_9,2012,1744.07
Country_9,2013,1777.89
Country_9,2014,1861.43
Country_9,2015,1945.39
Country_9,2016,2011.84
Country_9,2017,2045.42
Country_9,2018,2091.81
Country_9,2019,2121.83
Country_9,2020,2162.58
Country_9,2021,2261.35
Country_9,2022,2321.05
Country_9,2023,2378.18
Country_10,1900,365.4
Country_10,1901,362.61
Country_10,1902,371.33
Country_10,1903,356.22
Country_10,1904,356.18
Country_10,1905,359.03
Country_10,1906,362.82
Country_10,1907,362.96
Country_10,1908,361.52
Country_10,1909,361.57
Country_10,1910,357.36
Country_10,1911,370.9
Country_10,1912,363.56
Country_10,1913,356.59
Country_10,1914,365.15
Country_10,1915,351.3
Country_10,1916,365.94
Country_10,1917,356.86
Country_10,1918,374.18
Country_10,1919,360.2
Country_10,1920,368.84
Country_10,1921,372.71
Country_10,1922,360.21
Country_10,1923,353.81
Country_10,1924,361.27
Country_10,1925,363.69
Country_10,1926,365.79
Country_10,1927,358.01
Country_10,1928,379.02
Country_10,1929,352.84
Country_10,1930,372.87
Country_10,1931,360.9
Country_10,1932,352.93
Country_10,1933,361.65
Country_10,1934,358.94
Country_10,1935,365.62
Country_10,1936,349.73
Country_10,1937,366.42
Country_10,1938,358.33
Country_10,1939,360.36
Country_10,1940,360.67
Country_10,1941,356.14
Country_10,1942,359.86
Country_10,1943,361.96
Country_10,1944,367.57
Country_10,1945,349.06
Country_10,1946,365.84
Country_10,1947,359.81
Country_10,1948,355.18
Country_10,1949,361.18
Country_10,1950,375.19
Country_10,1951,383.06
Country_10,1952,396.09
Country_10,1953,421.12
Country_10,1954,430.07
Country_10,1955,440.53
Country_10,1956,458.31
Country_10,1957,480.91
Country_10,1958,488.13
Country_10,1959,496.0
Country_10,1960,518.66
Country_10,1961,544.44
Country_10,1962,561.78
Country_10,1963,596.9
Country_10,1964,615.69
Country_10,1965,641.46
Country_10,1966,684.71
Country_10,1967,689.4
Country_10,1968,702.69
Country_10,1969,720.6
Country_10,1970,723.05
Country_10,1971,758.73
Country_10,1972,798.27
Country_10,1973,784.81
Country_10,1974,807.89
Country_10,1975,831.0
Country_10,1976,879.31
Country_10,1977,920.22
Country_10,1978,960.04
Country_10,1979,1013.95
Country_10,1980,1030.59
Country_10,1981,1062.49
Country_10,1982,1085.51
Country_10,1983,1109.16
Country_10,1984,1160.0
Country_10,1985,1216.31
Country_10,1986,1236.71
Country_10,1987,1260.59
Country_10,1988,1276.54
Country_10,1989,1342.61
Country_10,1990,1407.2
Country_10,1991,1473.33
Country_10,1992,1503.24
Country_10,1993,1531.74
Country_10,1994,1559.25
Country_10,1995,1615.59
Country_10,1996,1628.8
Country_10,1997,1716.24
Country_10,1998,1759.47
Country_10,1999,1798.85
Country_10,2000,1860.55
Country_10,2001,1892.74
Country_10,2002,1955.92
Country_10,2003,1989.58
Country_10,2004,2018.5
Country_10,2005,2125.92
Country_10,2006,2226.69
Country_10,2007,2280.16
Country_10,2008,2322.68
Country_10,2009,2395.67
Country_10,2010,2485.43
Country_10,2011,2540.25
Country_10,2012,2668.56
Country_10,2013,2728.0
Country_10,2014,2822.63
Country_10,2015,2929.71
Country_10,2016,2965.19
Country_10,2017,3106.93
Country_10,2018,3205.56
Country_10,2019,3288.9
Country_10,2020,3374.97
Country_10,2021,3471.05
Country_10,2022,3634.69
Country_10,2023,3764.95
Country_11,1900,334.06
Country_11,1901,320.44
Country_11,1902,334.8
Country_11,1903,337.16
Country_11,1904,333.68
Country_11,1905,334.16
Country_11,1906,319.55
Country_11,1907,322.66
Country_11,1908,323.88
Country_11,1909,330.97
Country_11,1910,327.33
Country_11,1911,331.61
Country_11,1912,337.97
Country_11,1913,327.76
Country_11,1914,331.36
Country_11,1915,325.52
Country_11,1916,329.77
Country_11,1917,328.98
Country_11,1918,331.51
Country_11,1919,326.3
Country_11,1920,334.99
Country_11,1921,331.07
Country_11,1922,322.39
Country_11,1923,328.56
Country_11,1924,336.03
Country_11,1925,325.02
Country_11,1926,334.79
Country_11,1927,338.62
Country_11,1928,333.26
Country_11,1929,334.58
Country_11,1930,329.04
Country_11,1931,327.7
Country_11,1932,324.42
Country_11,1933,327.51
Country_11,1934,334.39
Country_11,1935,334.22
Country_11,1936,334.36
Country_11,1937,321.81
Country_11,1938,328.32
Country_11,1939,319.26
Country_11,1940,323.01
Country_11,1941,326.95
Country_11,1942,329.86
Country_11,1943,334.34
Country_11,1944,333.11
Country_11,1945,331.98
Country_11,1946,325.03
Country_11,1947,325.36
Country_11,1948,338.72
Country_11,1949,334.28
Country_11,1950,329.47
Country_11,1951,350.82
Country_11,1952,361.9
Country_11,1953,365.51
Country_11,1954,375.73
Country_11,1955,387.2
Country_11,1956,385.31
Country_11,1957,410.35
Country_11,1958,417.51
Country_11,1959,429.06
Country_11,1960,438.03
Country_11,1961,447.32
Country_11,1962,449.35
Country_11,1963,478.92
Country_11,1964,477.95
Country_11,1965,503.65
Country_11,1966,527.18
Country_11,1967,546.25
Country_11,1968,553.56
Country_11,1969,576.91
Country_11,1970,607.63
Country_11,1971,602.52
Country_11,1972,614.28
Country_11,1973,646.45
Country_11,1974,669.41
Country_11,1975,675.48
Country_11,1976,688.91
Country_11,1977,699.98
Country_11,1978,716.94
Country_11,1979,748.79
Country_11,1980,779.8
Country_11,1981,796.79
Country_11,1982,827.33
Country_11,1983,868.45
Country_11,1984,892.96
Country_11,1985,895.68
Country_11,1986,932.66
Country_11,1987,944.45
Country_11,1988,976.02
Country_11,1989,1023.09
Country_11,1990,1045.14
Country_11,1991,1078.52
Country_11,1992,1112.58
Country_11,1993,1137.04
Country_11,1994,1180.86
Country_11,1995,1229.34
Country_11,1996,1235.94
Country_11,1997,1306.98
Country_11,1998,1343.62
Country_11,1999,1378.69
Country_11,2000,1409.22
Country_11,2001,1457.09
Country_11,2002,1499.6
Country_11,2003,1553.88
Country_11,2004,1628.77
Country_11,2005,1687.37
Country_11,2006,1719.58
Country_11,2007,1768.67
Country_11,2008,1798.96
Country_11,2009,1834.23
Country_11,2010,1917.4
Country_11,2011,1968.29
Country_11,2012,2008.31
Country_11,2013,2030.13
Country_11,2014,2101.0
Country_11,2015,2122.07
Country_11,2016,2184.03
Country_11,2017,2247.28
Country_11,2018,2286.6
Country_11,2019,2365.46
Country_11,2020,2466.33
Country_11,2021,2502.63
Country_11,2022,2543.58
Country_11,2023,2650.21
Country_12,1900,97.84
Country_12,1901,104.51
Country_12,1902,96.19
Country_12,1903,99.9
Country_12,1904,101.24
Country_12,1905,101.26
Country_12,1906,101.04
Country_12,1907,85.28
Country_12,1908,92.71
Country_12,1909,99.64
Country_12,1910,90.71
Country_12,1911,99.17
Country_12,1912,100.42
Country_12,1913,91.42
Country_12,1914,103.7
Country_12,1915,97.63
Country_12,1916,97.47
Country_12,1917,99.07
Country_12,1918,104.46
Country_12,1919,99.93
Country_12,1920,104.3
Country_12,1921,100.25
Country_12,1922,100.85
Country_12,1923,105.16
Country_12,1924,105.51
Country_12,1925,104.26
Country_12,1926,98.82
Country_12,1927,97.9
Country_12,1928,104.59
Country_12,1929,103.82
Country_12,1930,98.36
Country_12,1931,113.91
Country_12,1932,107.07
Country_12,1933,105.91
Country_12,1934,98.79
Country_12,1935,94.41
Country_12,1936,102.12
Country_12,1937,98.55
Country_12,1938,94.94
Country_12,1939,96.09
Country_12,1940,97.76
Country_12,1941,108.04
Country_12,1942,104.33
Country_12,1943,109.21
Country_12,1944,97.06
Country_12,1945,100.55
Country_12,1946,92.72
Country_12,1947,104.18
Country_12,1948,96.03
Country_12,1949,105.81
Country_12,1950,98.12
Country_12,1951,98.07
Country_12,1952,112.18
Country_12,1953,116.94
Country_12,1954,114.05
Country_12,1955,125.77
Country_12,1956,123.95
Country_12,1957,133.22
Country_12,1958,129.73
Country_12,1959,132.47
Country_12,1960,146.68
Country_12,1961,142.92
Country_12,1962,152.61
Country_12,1963,153.07
Country_12,1964,151.33
Country_12,1965,159.94
Country_12,1966,172.01
Country_12,1967,159.55
Country_12,1968,180.25
Country_12,1969,189.27
Country_12,1970,188.16
Country_12,1971,194.39
Country_12,1972,192.22
Country_12,1973,185.91
Country_12,1974,198.3
Country_12,1975,199.37
Country_12,1976,212.04
Country_12,1977,222.47
Country_12,1978,223.64
Country_12,1979,238.1
Country_12,1980,246.43
Country_12,1981,254.91
Country_12,1982,262.24
Country_12,1983,273.29
Country_12,1984,282.58
Country_12,1985,287.16
Country_12,1986,291.91
Country_12,1987,304.8
Country_12,1988,319.16
Country_12,1989,323.84
Country_12,1990,337.79
Country_12,1991,345.65
Country_12,1992,364.97
Country_12,1993,382.38
Country_12,1994,404.42
Country_12,1995,406.39
Country_12,1996,438.35
Country_12,1997,447.18
Country_12,1998,446.41
Country_12,1999,459.28
Country_12,2000,482.25
Country_12,2001,485.63
Country_12,2002,503.38
Country_12,2003,504.94
Country_12,2004,535.53
Country_12,2005,563.24
Country_12,2006,575.43
Country_12,2007,586.93
Country_12,2008,614.16
Country_12,2009,641.7
Country_12,2010,663.16
Country_12,2011,676.61
Country_12,2012,685.52
Country_12,2013,711.47
Country_12,2014,735.26
Country_12,2015,743.08
Country_12,2016,753.2
Country_12,2017,796.11
Country_12,2018,818.66
Country_12,2019,855.84
Country_12,2020,875.53
Country_12,2021,905.21
Country_12,2022,940.92
Country_12,2023,973.82
Country_13,1900,704.78
Country_13,1901,698.15
Country_13,1902,701.97
Country_13,1903,693.9
Country_13,1904,695.87
Country_13,1905,689.4
Country_13,1906,694.08
Country_13,1907,696.24
Country_13,1908,688.47
Country_13,1909,703.95
Country_13,1910,700.81
Country_13,1911,701.07
Country_13,1912,697.17
Country_13,1913,698.69
Country_13,1914,703.62
Country_13,1915,694.65
Country_13,1916,693.34
Country_13,1917,692.67
Country_13,1918,700.4
Country_13,1919,697.85
Country_13,1920,696.88
Country_13,1921,699.56
Country_13,1922,698.56
Country_13,1923,701.09
Country_13,1924,689.38
Country_13,1925,695.01
Country_13,1926,687.14
Country_13,1927,698.46
Country_13,1928,693.72
Country_13,1929,692.67
Country_13,1930,698.82
Country_13,1931,688.96
Country_13,1932,699.59
Country_13,1933,691.55
Country_13,1934,700.4
Country_13,1935,703.8
Country_13,1936,702.62
Country_13,1937,688.39
Country_13,1938,695.09
Country_13,1939,699.82
Country_13,1940,698.43
Country_13,1941,696.16
Country_13,1942,701.88
Country_13,1943,689.83
Country_13,1944,696.11
Country_13,1945,694.76
Country_13,1946,697.89
Country_13,1947,702.67
Country_13,1948,687.94
Country_13,1949,696.1
Country_13,1950,705.87
Country_13,1951,722.57
Country_13,1952,722.13
Country_13,1953,775.24
Country_13,1954,779.32
Country_13,1955,828.72
Country_13,1956,850.62
Country_13,1957,873.28
Country_13,1958,904.13
Country_13,1959,939.39
Country_13,1960,956.74
Country_13,1961,994.1
Country_13,1962,1041.61
Country_13,1963,1073.94
Country_13,1964,1095.86
Country_13,1965,1101.96
Country_13,1966,1137.04
Country_13,1967,1153.58
Country_13,1968,1178.25
Country_13,1969,1208.87
Country_13,1970,1261.39
Country_13,1971,1327.39
Country_13,1972,1341.14
Country_13,1973,1378.94
Country_13,1974,1437.89
Country_13,1975,1475.74
Country_13,1976,1545.77
Country_13,1977,1564.38
Country_13,1978,1589.86
Country_13,1979,1634.61
Country_13,1980,1660.01
Country_13,1981,1743.54
Country_13,1982,1763.31
Country_13,1983,1801.84
Country_13,1984,1821.85
Country_13,1985,1872.8
Country_13,1986,1958.77
Country_13,1987,1992.62
Country_13,1988,2011.37
Country_13,1989,2098.19
Country_13,1990,2176.54
Country_13,1991,2284.62
Country_13,1992,2313.19
Country_13,1993,2367.23
Country_13,1994,2408.38
Country_13,1995,2520.85
Country_13,1996,2625.05
Country_13,1997,2657.63
Country_13,1998,2706.57
Country_13,1999,2771.65
Country_13,2000,2821.28
Country_13,2001,2899.59
Country_13,2002,3025.61
Country_13,2003,3089.51
Country_13,2004,3219.31
Country_13,2005,3262.51
Country_13,2006,3296.13
Country_13,2007,3402.55
Country_13,2008,3499.23
Country_13,2009,3620.74
Country_13,2010,3652.86
Country_13,2011,3830.84
Country_13,2012,3879.05
Country_13,2013,4029.59
Country_13,2014,4163.17
Country_13,2015,4263.73
Country_13,2016,4314.22
Country_13,2017,4465.51
Country_13,2018,4638.28
Country_13,2019,4753.14
Country_13,2020,4822.65
Country_13,2021,4865.58
Country_13,2022,4927.6
Country_13,2023,5059.5
Country_14,1900,913.28
Country_14,1901,895.32
Country_14,1902,910.04
Country_14,1903,899.19
Country_14,1904,916.66
Country_14,1905,912.85
Country_14,1906,904.38
Country_14,1907,909.58
Country_14,1908,918.51
Country_14,1909,909.24
Country_14,1910,893.92
Country_14,1911,899.37
Country_14,1912,915.32
Country_14,1913,908.5
Country_14,1914,903.7
Country_14,1915,907.86
Country_14,1916,907.81
Country_14,1917,900.69
Country_14,1918,911.55
Country_14,1919,914.75
Country_14,1920,904.88
Country_14,1921,908.18
Country_14,1922,909.88
Country_14,1923,906.37
Country_14,1924,905.26
Country_14,1925,905.6
Country_14,1926,908.43
Country_14,1927,902.85
Country_14,1928,906.08
Country_14,1929,911.15
Country_14,1930,908.38
Country_14,1931,897.65
Country_14,1932,904.22
Country_14,1933,902.9
Country_14,1934,910.06
Country_14,1935,906.77
Country_14,1936,905.91
Country_14,1937,905.06
Country_14,1938,897.04
Country_14,1939,907.82
Country_14,1940,913.2
Country_14,1941,906.68
Country_14,1942,904.94
Country_14,1943,903.12
Country_14,1944,899.24
Country_14,1945,909.1
Country_14,1946,907.86
Country_14,1947,901.3
Country_14,1948,910.94
Country_14,1949,912.35
Country_14,1950,925.25
Country_14,1951,982.57
Country_14,1952,999.23
Country_14,1953,1037.68
Country_14,1954,1049.21
Country_14,1955,1086.99
Country_14,1956,1148.72
Country_14,1957,1158.86
Country_14,1958,1194.38
Country_14,1959,1243.52
Country_14,1960,1299.69
Country_14,1961,1328.24
Country_14,1962,1346.97
Country_14,1963,1392.78
Country_14,1964,1437.46
Country_14,1965,1474.26
Country_14,1966,1515.4
Country_14,1967,1558.03
Country_14,1968,1597.26
Country_14,1969,1678.73
Country_14,1970,1721.58
Country_14,1971,1791.12
Country_14,1972,1804.1
Country_14,1973,1864.57
Country_14,1974,1888.16
Country_14,1975,1941.03
Country_14,1976,1956.58
Country_14,1977,1982.29
Country_14,1978,2010.66
Country_14,1979,2067.13
Country_14,1980,2114.78
Country_14,1981,2230.48
Country_14,1982,2270.76
Country_14,1983,2326.51
Country_14,1984,2434.77
Country_14,1985,2454.17
Country_14,1986,2531.0
Country_14,1987,2556.31
Country_14,1988,2622.69
Country_14,1989,2740.06
Country_14,1990,2807.42
Country_14,1991,2907.38
Country_14,1992,2949.35
Country_14,1993,3019.62
Country_14,1994,3149.0
Country_14,1995,3213.56
Country_14,1996,3309.16
Country_14,1997,3428.03
Country_14,1998,3463.38
Country_14,1999,3596.68
Country_14,2000,3684.68
Country_14,2001,3870.57
Country_14,2002,4042.39
Country_14,2003,4151.78
Country_14,2004,4245.79
Country_14,2005,4388.17
Country_14,2006,4515.22
Country_14,2007,4696.43
Country_14,2008,4919.93
Country_14,2009,5091.56
Country_14,2010,5256.59
Country_14,2011,5337.66
Country_14,2012,5460.52
Country_14,2013,5572.2
Country_14,2014,5815.79
Country_14,2015,6051.84
Country_14,2016,6317.77
Country_14,2017,6561.25
Country_14,2018,6852.76
Country_14,2019,7196.14
Country_14,2020,7354.4
Country_14,2021,7526.57
Country_14,2022,7654.29
Country_14,2023,7906.13
Country_15,1900,77.38
Country_15,1901,83.51
Country_15,1902,79.72
Country_15,1903,73.27
Country_15,1904,77.0
Country_15,1905,69.79
Country_15,1906,82.08
Country_15,1907,75.65
Country_15,1908,68.71
Country_15,1909,77.38
Country_15,1910,71.54
Country_15,1911,73.95
Country_15,1912,67.89
Country_15,1913,79.65
Country_15,1914,73.52
Country_15,1915,81.14
Country_15,1916,69.42
Country_15,1917,77.11
Country_15,1918,75.24
Country_15,1919,72.63
Country_15,1920,76.78
Country_15,1921,67.74
Country_15,1922,75.8
Country_15,1923,63.89
Country_15,1924,68.9
Country_15,1925,75.51
Country_15,1926,65.57
Country_15,1927,77.66
Country_15,1928,72.23
Country_15,1929,79.6
Country_15,1930,69.13
Country_15,1931,82.33
Country_15,1932,67.39
Country_15,1933,73.35
Country_15,1934,62.55
Country_15,1935,84.29
Country_15,1936,79.7
Country_15,1937,70.17
Country_15,1938,74.83
Country_15,1939,76.45
Country_15,1940,64.87
Country_15,1941,77.7
Country_15,1942,71.43
Country_15,1943,63.63
Country_15,1944,84.44
Country_15,1945,80.88
Country_15,1946,69.61
Country_15,1947,72.52
Country_15,1948,68.05
Country_15,1949,76.59
Country_15,1950,68.06
Country_15,1951,74.34
Country_15,1952,77.09
Country_15,1953,92.08
Country_15,1954,83.4
Country_15,1955,85.53
Country_15,1956,82.62
Country_15,1957,84.77
Country_15,1958,94.31
Country_15,1959,96.24
Country_15,1960,103.46
Country_15,1961,94.18
Country_15,1962,104.11
Country_15,1963,107.07
Country_15,1964,110.22
Country_15,1965,120.29
Country_15,1966,132.01
Country_15,1967,110.71
Country_15,1968,118.73
Country_15,1969,133.47
Country_15,1970,131.56
Country_15,1971,135.76
Country_15,1972,135.11
Country_15,1973,142.97
Country_15,1974,144.49
Country_15,1975,157.38
Country_15,1976,154.13
Country_15,1977,164.35
Country_15,1978,167.19
Country_15,1979,170.02
Country_15,1980,185.44
Country_15,1981,192.81
Country_15,1982,189.17
Country_15,1983,200.18
Country_15,1984,208.77
Country_15,1985,212.53
Country_15,1986,215.56
Country_15,1987,223.96
Country_15,1988,226.05
Country_15,1989,229.8
Country_15,1990,234.56
Country_15,1991,245.56
Country_15,1992,263.83
Country_15,1993,265.58
Country_15,1994,278.75
Country_15,1995,271.06
Country_15,1996,291.08
Country_15,1997,279.03
Country_15,1998,300.26
Country_15,1999,310.01
Country_15,2000,328.88
Country_15,2001,331.36
Country_15,2002,346.09
Country_15,2003,358.6
Country_15,2004,361.71
Country_15,2005,367.71
Country_15,2006,385.85
Country_15,2007,413.29
Country_15,2008,413.91
Country_15,2009,419.46
Country_15,2010,430.69
Country_15,2011,437.56
Country_15,2012,459.65
Country_15,2013,451.14
Country_15,2014,474.88
Country_15,2015,498.43
Country_15,2016,510.38
Country_15,2017,514.1
Country_15,2018,527.74
Country_15,2019,539.3
Country_15,2020,550.61
Country_15,2021,574.06
Country_15,2022,587.89
Country_15,2023,595.12
Country_16,1900,511.74
Country_16,1901,508.02
Country_16,1902,502.12
Country_16,1903,519.04
Country_16,1904,508.56
Country_16,1905,502.02
Country_16,1906,501.42
Country_16,1907,512.46
Country_16,1908,512.69
Country_16,1909,499.7
Country_16,1910,512.89
Country_16,1911,513.67
Country_16,1912,502.74
Country_16,1913,503.03
Country_16,1914,493.03
Country_16,1915,506.18
Country_16,1916,512.15
Country_16,1917,506.34
Country_16,1918,509.44
Country_16,1919,512.83
Country_16,1920,501.8
Country_16,1921,501.43
Country_16,1922,497.8
Country_16,1923,504.7
Country_16,1924,508.51
Country_16,1925,512.33
Country_16,1926,505.15
Country_16,1927,512.11
Country_16,1928,505.04
Country_16,1929,513.91
Country_16,1930,513.93
Country_16,1931,512.99
Country_16,1932,517.27
Country_16,1933,512.33
Country_16,1934,507.82
Country_16,1935,507.78
Country_16,1936,514.52
Country_16,1937,505.25
Country_16,1938,505.47
Country_16,1939,503.44
Country_16,1940,504.03
Country_16,1941,515.25
Country_16,1942,511.11
Country_16,1943,498.04
Country_16,1944,502.61
Country_16,1945,511.36
Country_16,1946,510.39
Country_16,1947,518.38
Country_16,1948,494.66
Country_16,1949,506.35
Country_16,1950,521.89
Country_16,1951,519.01
Country_16,1952,531.0
Country_16,1953,556.75
Country_16,1954,567.99
Country_16,1955,585.55
Country_16,1956,613.8
Country_16,1957,623.97
Country_16,1958,658.84
Country_16,1959,687.82
Country_16,1960,698.1
Country_16,1961,726.62
Country_16,1962,754.09
Country_16,1963,785.52
Country_16,1964,801.46
Country_16,1965,831.51
Country_16,1966,847.49
Country_16,1967,887.92
Country_16,1968,905.56
Country_16,1969,931.27
Country_16,1970,955.08
Country_16,1971,987.19
Country_16,1972,1011.94
Country_16,1973,1053.35
Country_16,1974,1077.02
Country_16,1975,1134.97
Country_16,1976,1172.3
Country_16,1977,1207.31
Country_16,1978,1264.49
Country_16,1979,1302.29
Country_16,1980,1361.84
Country_16,1981,1429.19
Country_16,1982,1491.55
Country_16,1983,1522.68
Country_16,1984,1599.25
Country_16,1985,1613.01
Country_16,1986,1690.62
Country_16,1987,1759.71
Country_16,1988,1837.38
Country_16,1989,1897.7
Country_16,1990,1949.33
Country_16,1991,1987.85
Country_16,1992,2063.83
Country_16,1993,2160.82
Country_16,1994,2171.56
Country_16,1995,2264.36
Country_16,1996,2278.48
Country_16,1997,2354.02
Country_16,1998,2444.36
Country_16,1999,2512.63
Country_16,2000,2615.73
Country_16,2001,2703.9
Country_16,2002,2789.04
Country_16,2003,2870.32
Country_16,2004,2966.31
Country_16,2005,3079.36
Country_16,2006,3116.88
Country_16,2007,3179.5
Country_16,2008,3236.19
Country_16,2009,3301.06
Country_16,2010,3369.58
Country_16,2011,3483.17
Country_16,2012,3644.18
Country_16,2013,3752.44
Country_16,2014,3808.8
Country_16,2015,3901.27
Country_16,2016,4074.74
Country_16,2017,4192.54
Country_16,2018,4295.53
Country_16,2019,4466.56
Country_16,2020,4582.77
Country_16,2021,4713.33
Country_16,2022,4843.93
Country_16,2023,4932.31
Country_17,1900,952.45
Country_17,1901,957.8
Country_17,1902,960.7
Country_17,1903,952.94
Country_17,1904,959.8
Country_17,1905,957.25
Country_17,1906,953.33
Country_17,1907,961.87
Country_17,1908,955.36
Country_17,1909,958.99
Country_17,1910,955.35
Country_17,1911,956.46
Country_17,1912,965.78
Country_17,1913,949.36
Country_17,1914,956.58
Country_17,1915,956.27
Country_17,1916,961.22
Country_17,1917,948.5
Country_17,1918,962.89
Country_17,1919,949.81
Country_17,1920,965.82
Country_17,1921,957.93
Country_17,1922,961.69
Country_17,1923,954.87
Country_17,1924,958.99
Country_17,1925,967.56
Country_17,1926,956.9
Country_17,1927,955.92
Country_17,1928,958.39
Country_17,1929,959.15
Country_17,1930,967.53
Country_17,1931,956.66
Country_17,1932,952.2
Country_17,1933,950.94
Country_17,1934,962.81
Country_17,1935,962.53
Country_17,1936,956.42
Country_17,1937,957.82
Country_17,1938,954.08
Country_17,1939,960.47
Country_17,1940,960.8
Country_17,1941,964.54
Country_17,1942,960.02
Country_17,1943,944.21
Country_17,1944,962.74
Country_17,1945,955.68
Country_17,1946,965.94
Country_17,1947,959.1
Country_17,1948,963.07
Country_17,1949,959.05
Country_17,1950,967.99
Country_17,1951,1017.76
Country_17,1952,1063.71
Country_17,1953,1095.96
Country_17,1954,1151.05
Country_17,1955,1187.33
Country_17,1956,1230.75
Country_17,1957,1255.53
Country_17,1958,1306.8
Country_17,1959,1358.96
Country_17,1960,1399.33
Country_17,1961,1430.81
Country_17,1962,1466.69
Country_17,1963,1527.49
Country_17,1964,1562.52
Country_17,1965,1592.3
Country_17,1966,1610.77
Country_17,1967,1644.08
Country_17,1968,1670.3
Country_17,1969,1766.85
Country_17,1970,1839.18
Country_17,1971,1858.26
Country_17,1972,1892.26
Country_17,1973,1943.27
Country_17,1974,2004.06
Country_17,1975,2068.32
Country_17,1976,2103.94
Country_17,1977,2150.98
Country_17,1978,2183.37
Country_17,1979,2222.67
Country_17,1980,2322.17
Country_17,1981,2370.25
Country_17,1982,2418.94
Country_17,1983,2476.92
Country_17,1984,2583.64
Country_17,1985,2699.35
Country_17,1986,2819.08
Country_17,1987,2853.94
Country_17,1988,2968.35
Country_17,1989,3047.12
Country_17,1990,3186.22
Country_17,1991,3270.08
Country_17,1992,3380.56
Country_17,1993,3479.85
Country_17,1994,3589.52
Country_17,1995,3688.18
Country_17,1996,3782.07
Country_17,1997,3896.48
Country_17,1998,4024.19
Country_17,1999,4174.2
Country_17,2000,4315.88
Country_17,2001,4410.41
Country_17,2002,4599.71
Country_17,2003,4750.58
Country_17,2004,4880.5
Country_17,2005,5074.6
Country_17,2006,5142.98
Country_17,2007,5317.22
Country_17,2008,5393.21
Country_17,2009,5639.64
Country_17,2010,5767.76
Country_17,2011,5939.53
Country_17,2012,6228.14
Country_17,2013,6400.82
Country_17,2014,6572.27
Country_17,2015,6806.17
Country_17,2016,7114.07
Country_17,2017,7207.31
Country_17,2018,7368.49
Country_17,2019,7671.7
Country_17,2020,7911.74
Country_17,2021,8027.02
Country_17,2022,8274.28
Country_17,2023,8465.02
Country_18,1900,77.51
Country_18,1901,83.33
Country_18,1902,72.91
Country_18,1903,83.41
Country_18,1904,81.0
Country_18,1905,71.1
Country_18,1906,76.79
Country_18,1907,75.24
Country_18,1908,75.68
Country_18,1909,86.89
Country_18,1910,77.27
Country_18,1911,84.11
Country_18,1912,73.83
Country_18,1913,83.11
Country_18,1914,84.98
Country_18,1915,77.44
Country_18,1916,80.83
Country_18,1917,70.24
Country_18,1918,82.11
Country_18,1919,81.77
Country_18,1920,78.23
Country_18,1921,81.36
Country_18,1922,81.98
Country_18,1923,80.18
Country_18,1924,80.01
Country_18,1925,80.5
Country_18,1926,76.64
Country_18,1927,78.87
Country_18,1928,77.91
Country_18,1929,85.69
Country_18,1930,78.65
Country_18,1931,70.97
Country_18,1932,79.69
Country_18,1933,79.74
Country_18,1934,70.82
Country_18,1935,73.93
Country_18,1936,79.99
Country_18,1937,75.17
Country_18,1938,75.93
Country_18,1939,82.94
Country_18,1940,80.24
Country_18,1941,87.3
Country_18,1942,85.98
Country_18,1943,82.17
Country_18,1944,74.51
Country_18,1945,83.59
Country_18,1946,76.76
Country_18,1947,74.03
Country_18,1948,78.17
Country_18,1949,82.9
Country_18,1950,89.15
Country_18,1951,86.41
Country_18,1952,92.69
Country_18,1953,93.55
Country_18,1954,93.68
Country_18,1955,93.31
Country_18,1956,100.79
Country_18,1957,94.41
Country_18,1958,100.08
Country_18,1959,110.09
Country_18,1960,112.15
Country_18,1961,104.88
Country_18,1962,117.31
Country_18,1963,118.61
Country_18,1964,130.78
Country_18,1965,125.38
Country_18,1966,126.25
Country_18,1967,138.44
Country_18,1968,142.77
Country_18,1969,138.81
Country_18,1970,146.01
Country_18,1971,154.08
Country_18,1972,150.23
Country_18,1973,156.98
Country_18,1974,160.26
Country_18,1975,161.19
Country_18,1976,162.98
Country_18,1977,175.69
Country_18,1978,176.18
Country_18,1979,192.38
Country_18,1980,193.12
Country_18,1981,198.69
Country_18,1982,203.49
Country_18,1983,218.15
Country_18,1984,226.61
Country_18,1985,231.56
Country_18,1986,244.99
Country_18,1987,247.99
Country_18,1988,249.23
Country_18,1989,253.58
Country_18,1990,257.02
Country_18,1991,267.27
Country_18,1992,277.39
Country_18,1993,283.16
Country_18,1994,292.29
Country_18,1995,295.54
Country_18,1996,301.8
Country_18,1997,327.82
Country_18,1998,335.01
Country_18,1999,341.48
Country_18,2000,339.35
Country_18,2001,366.29
Country_18,2002,368.29
Country_18,2003,387.69
Country_18,2004,402.2
Country_18,2005,408.85
Country_18,2006,426.86
Country_18,2007,432.4
Country_18,2008,426.66
Country_18,2009,445.21
Country_18,2010,451.42
Country_18,2011,473.61
Country_18,2012,503.01
Country_18,2013,508.6
Country_18,2014,544.28
Country_18,2015,553.61
Country_18,2016,563.18
Country_18,2017,563.01
Country_18,2018,576.98
Country_18,2019,597.76
Country_18,2020,620.09
Country_18,2021,657.11
Country_18,2022,674.71
Country_18,2023,711.17
Country_19,1900,602.53
Country_19,1901,601.7
Country_19,1902,595.42
Country_19,1903,597.07
Country_19,1904,600.13
Country_19,1905,597.51
Country_19,1906,601.56
Country_19,1907,587.25
Country_19,1908,601.4
Country_19,1909,595.85
Country_19,1910,597.0
Country_19,1911,596.22
Country_19,1912,593.28
Country_19,1913,596.64
Country_19,1914,603.13
Country_19,1915,603.5
Country_19,1916,599.64
Country_19,1917,598.54
Country_19,1918,600.91
Country_19,1919,593.34
Country_19,1920,590.95
Country_19,1921,596.6
Country_19,1922,591.03
Country_19,1923,593.53
Country_19,1924,599.26
Country_19,1925,591.67
Country_19,1926,595.69
Country_19,1927,597.88
Country_19,1928,591.97
Country_19,1929,587.24
Country_19,1930,590.88
Country_19,1931,593.47
Country_19,1932,599.85
Country_19,1933,588.81
Country_19,1934,593.58
Country_19,1935,598.63
Country_19,1936,595.59
Country_19,1937,589.22
Country_19,1938,587.97
Country_19,1939,599.18
Country_19,1940,594.37
Country_19,1941,596.83
Country_19,1942,593.21
Country_19,1943,593.45
Country_19,1944,602.31
Country_19,1945,597.53
Country_19,1946,596.23
Country_19,1947,594.83
Country_19,1948,597.53
Country_19,1949,599.74
Country_19,1950,604.41
Country_19,1951,626.22
Country_19,1952,639.13
Country_19,1953,664.09
Country_19,1954,677.04
Country_19,1955,700.06
Country_19,1956,730.69
Country_19,1957,766.5
Country_19,1958,789.45
Country_19,1959,802.32
Country_19,1960,808.73
Country_19,1961,830.55
Country_19,1962,861.92
Country_19,1963,893.12
Country_19,1964,911.8
Country_19,1965,929.04
Country_19,1966,947.97
Country_19,1967,957.19
Country_19,1968,1004.69
Country_19,1969,1052.85
Country_19,1970,1079.74
Country_19,1971,1100.64
Country_19,1972,1124.89
Country_19,1973,1175.56
Country_19,1974,1190.4
Country_19,1975,1220.52
Country_19,1976,1277.03
Country_19,1977,1322.63
Country_19,1978,1341.29
Country_19,1979,1398.71
Country_19,1980,1413.94
Country_19,1981,1472.58
Country_19,1982,1505.01
Country_19,1983,1557.53
Country_19,1984,1636.72
Country_19,1985,1678.77
Country_19,1986,1718.64
Country_19,1987,1742.26
Country_19,1988,1781.29
Country_19,1989,1843.26
Country_19,1990,1873.48
Country_19,1991,1937.33
Country_19,1992,1968.47
Country_19,1993,2067.59
Country_19,1994,2107.32
Country_19,1995,2172.38
Country_19,1996,2279.1
Country_19,1997,2307.58
Country_19,1998,2327.68
Country_19,1999,2418.85
Country_19,2000,2473.17
Country_19,2001,2587.4
Country_19,2002,2704.71
Country_19,2003,2830.58
Country_19,2004,2871.42
Country_19,2005,2941.74
Country_19,2006,3084.54
Country_19,2007,3224.44
Country_19,2008,3302.84
Country_19,2009,3427.02
Country_19,2010,3493.48
Country_19,2011,3597.99
Country_19,2012,3721.16
Country_19,2013,3791.52
Country_19,2014,3963.44
Country_19,2015,4141.8
Country_19,2016,4332.02
Country_19,2017,4406.44
Country_19,2018,4456.88
Country_19,2019,4657.27
Country_19,2020,4784.09
Country_19,2021,4918.73
Country_19,2022,5066.58
Country_19,2023,5279.94
Country_20,1900,862.62
Country_20,1901,872.47
Country_20,1902,842.9
Country_20,1903,858.08
Country_20,1904,865.15
Country_20,1905,863.8
Country_20,1906,858.15
Country_20,1907,863.28
Country_20,1908,860.98
Country_20,1909,866.92
Country_20,1910,866.69
Country_20,1911,873.01
Country_20,1912,862.12
Country_20,1913,859.19
Country_20,1914,866.65
Country_20,1915,857.26
Country_20,1916,861.21
Country_20,1917,855.34
Country_20,1918,878.97
Country_20,1919,856.8
Country_20,1920,862.66
Country_20,1921,863.23
Country_20,1922,859.49
Country_20,1923,861.65
Country_20,1924,866.27
Country_20,1925,866.05
Country_20,1926,859.42
Country_20,1927,863.97
Country_20,1928,857.76
Country_20,1929,868.96
Country_20,1930,857.06
Country_20,1931,856.97
Country_20,1932,861.64
Country_20,1933,873.04
Country_20,1934,871.95
Country_20,1935,867.25
Country_20,1936,858.48
Country_20,1937,866.07
Country_20,1938,858.88
Country_20,1939,875.58
Country_20,1940,866.4
Country_20,1941,866.29
Country_20,1942,852.03
Country_20,1943,870.29
Country_20,1944,861.28
Country_20,1945,861.46
Country_20,1946,862.83
Country_20,1947,864.03
Country_20,1948,862.83
Country_20,1949,862.0
Country_20,1950,886.34
Country_20,1951,903.31
Country_20,1952,929.69
Country_20,1953,967.65
Country_20,1954,978.58
Country_20,1955,997.36
Country_20,1956,1033.57
Country_20,1957,1059.81
Country_20,1958,1105.32
Country_20,1959,1151.17
Country_20,1960,1201.86
Country_20,1961,1263.09
Country_20,1962,1287.69
Country_20,1963,1318.71
Country_20,1964,1354.93
Country_20,1965,1398.6
Country_20,1966,1423.63
Country_20,1967,1464.97
Country_20,1968,1505.08
Country_20,1969,1523.82
Country_20,1970,1552.65
Country_20,1971,1596.02
Country_20,1972,1658.39
Country_20,1973,1723.57
Country_20,1974,1786.12
Country_20,1975,1879.1
Country_20,1976,1956.27
Country_20,1977,1982.89
Country_20,1978,2012.54
Country_20,1979,2092.2
Country_20,1980,2145.88
Country_20,1981,2254.16
Country_20,1982,2305.72
Country_20,1983,2343.09
Country_20,1984,2375.37
Country_20,1985,2496.21
Country_20,1986,2568.36
Country_20,1987,2656.7
Country_20,1988,2716.62
Country_20,1989,2765.29
Country_20,1990,2860.4
Country_20,1991,2982.43
Country_20,1992,3029.29
Country_20,1993,3141.2
Country_20,1994,3205.97
Country_20,1995,3246.35
Country_20,1996,3340.66
Country_20,1997,3475.9
Country_20,1998,3630.98
Country_20,1999,3780.96
Country_20,2000,3946.89
Country_20,2001,3985.96
Country_20,2002,4036.24
Country_20,2003,4121.38
Country_20,2004,4263.43
Country_20,2005,4384.48
Country_20,2006,4452.66
Country_20,2007,4559.23
Country_20,2008,4668.27
Country_20,2009,4817.54
Country_20,2010,4883.7
Country_20,2011,5017.16
Country_20,2012,5178.7
Country_20,2013,5331.47
Country_20,2014,5478.53
Country_20,2015,5594.62
Country_20,2016,5784.81
Country_20,2017,5971.15
Country_20,2018,6182.75
Country_20,2019,6303.8
Country_20,2020,6597.26
Country_20,2021,6802.56
Country_20,2022,7111.33
Country_20,2023,7391.34
Country_21,1900,898.08
Country_21,1901,898.05
Country_21,1902,900.82
Country_21,1903,909.69
Country_21,1904,902.21
Country_21,1905,918.88
Country_21,1906,903.13
Country_21,1907,908.92
Country_21,1908,910.41
Country_21,1909,904.01
Country_21,1910,913.32
Country_21,1911,905.61
Country_21,1912,910.16
Country_21,1913,906.16
Country_21,1914,907.53
Country_21,1915,908.75
Country_21,1916,905.75
Country_21,1917,903.75
Country_21,1918,906.24
Country_21,1919,893.3
Country_21,1920,907.18
Country_21,1921,907.21
Country_21,1922,904.78
Country_21,1923,898.71
Country_21,1924,910.78
Country_21,1925,907.67
Country_21,1926,905.66
Country_21,1927,911.66
Country_21,1928,900.04
Country_21,1929,895.9
Country_21,1930,909.87
Country_21,1931,908.53
Country_21,1932,895.81
Country_21,1933,908.06
Country_21,1934,892.29
Country_21,1935,902.43
Country_21,1936,911.79
Country_21,1937,903.34
Country_21,1938,906.54
Country_21,1939,894.2
Country_21,1940,907.16
Country_21,1941,906.78
Country_21,1942,905.25
Country_21,1943,905.86
Country_21,1944,913.71
Country_21,1945,905.35
Country_21,1946,901.77
Country_21,1947,907.0
Country_21,1948,906.5
Country_21,1949,898.49
Country_21,1950,922.49
Country_21,1951,925.72
Country_21,1952,951.77
Country_21,1953,983.56
Country_21,1954,1015.98
Country_21,1955,1047.74
Country_21,1956,1082.21
Country_21,1957,1142.26
Country_21,1958,1176.62
Country_21,1959,1221.24
Country_21,1960,1282.72
Country_21,1961,1318.52
Country_21,1962,1369.64
Country_21,1963,1416.77
Country_21,1964,1465.3
Country_21,1965,1490.4
Country_21,1966,1506.88
Country_21,1967,1546.63
Country_21,1968,1591.84
Country_21,1969,1642.34
Country_21,1970,1709.6
Country_21,1971,1754.61
Country_21,1972,1801.06
Country_21,1973,1824.08
Country_21,1974,1879.11
Country_21,1975,1962.35
Country_21,1976,2054.14
Country_21,1977,2100.12
Country_21,1978,2157.87
Country_21,1979,2260.29
Country_21,1980,2282.99
Country_21,1981,2332.7
Country_21,1982,2426.65
Country_21,1983,2548.88
Country_21,1984,2636.43
Country_21,1985,2677.9
Country_21,1986,2711.21
Country_21,1987,2802.07
Country_21,1988,2839.34
Country_21,1989,2974.68
Country_21,1990,3061.2
Country_21,1991,3126.98
Country_21,1992,3162.25
Country_21,1993,3218.52
Country_21,1994,3269.39
Country_21,1995,3351.84
Country_21,1996,3516.1
Country_21,1997,3654.61
Country_21,1998,3783.4
Country_21,1999,3866.81
Country_21,2000,4053.43
Country_21,2001,4246.3
Country_21,2002,4357.65
Country_21,2003,4507.97
Country_21,2004,4642.06
Country_21,2005,4842.81
Country_21,2006,5018.77
Country_21,2007,5237.47
Country_21,2008,5421.18
Country_21,2009,5500.35
Country_21,2010,5567.82
Country_21,2011,5804.46
Country_21,2012,5919.74
Country_21,2013,6007.78
Country_21,2014,6212.93
Country_21,2015,6405.17
Country_21,2016,6600.4
Country_21,2017,6904.25
Country_21,2018,7213.71
Country_21,2019,7566.46
Country_21,2020,7735.88
Country_21,2021,8027.91
Country_21,2022,8373.08
Country_21,2023,8570.35
Country_22,1900,387.44
Country_22,1901,380.7
Country_22,1902,388.41
Country_22,1903,387.1
Country_22,1904,388.47
Country_22,1905,387.39
Country_22,1906,395.21
Country_22,1907,382.98
Country_22,1908,387.42
Country_22,1909,396.01
Country_22,1910,392.92
Country_22,1911,391.23
Country_22,1912,394.43
Country_22,1913,393.68
Country_22,1914,388.71
Country_22,1915,382.01
Country_22,1916,392.15
Country_22,1917,385.05
Country_22,1918,395.23
Country_22,1919,390.49
Country_22,1920,388.16
Country_22,1921,393.1
Country_22,1922,390.37
Country_22,1923,380.6
Country_22,1924,386.54
Country_22,1925,390.28
Country_22,1926,387.65
Country_22,1927,391.99
Country_22,1928,386.42
Country_22,1929,394.46
Country_22,1930,382.85
Country_22,1931,390.83
Country_22,1932,392.28
Country_22,1933,387.24
Country_22,1934,383.99
Country_22,1935,387.18
Country_22,1936,388.27
Country_22,1937,391.08
Country_22,1938,384.43
Country_22,1939,390.86
Country_22,1940,396.81
Country_22,1941,386.83
Country_22,1942,386.67
Country_22,1943,380.6
Country_22,1944,390.36
Country_22,1945,384.5
Country_22,1946,386.04
Country_22,1947,390.47
Country_22,1948,390.55
Country_22,1949,381.47
Country_22,1950,395.65
Country_22,1951,410.78
Country_22,1952,427.12
Country_22,1953,430.83
Country_22,1954,444.48
Country_22,1955,463.24
Country_22,1956,487.66
Country_22,1957,496.52
Country_22,1958,504.95
Country_22,1959,530.95
Country_22,1960,531.82
Country_22,1961,541.53
Country_22,1962,564.01
Country_22,1963,576.37
Country_22,1964,585.01
Country_22,1965,598.72
Country_22,1966,630.42
Country_22,1967,628.27
Country_22,1968,644.52
Country_22,1969,664.56
Country_22,1970,689.67
Country_22,1971,717.69
Country_22,1972,736.43
Country_22,1973,757.05
Country_22,1974,769.51
Country_22,1975,806.7
Country_22,1976,843.57
Country_22,1977,844.66
Country_22,1978,874.69
Country_22,1979,906.84
Country_22,1980,950.83
Country_22,1981,985.25
Country_22,1982,1031.74
Country_22,1983,1057.64
Country_22,1984,1095.16
Country_22,1985,1131.32
Country_22,1986,1164.13
Country_22,1987,1204.6
Country_22,1988,1228.63
Country_22,1989,1253.08
Country_22,1990,1270.27
Country_22,1991,1338.67
Country_22,1992,1364.87
Country_22,1993,1399.47
Country_22,1994,1455.19
Country_22,1995,1491.53
Country_22,1996,1504.74
Country_22,1997,1548.63
Country_22,1998,1614.54
Country_22,1999,1643.13
Country_22,2000,1717.98
Country_22,2001,1778.85
Country_22,2002,1867.06
Country_22,2003,1954.68
Country_22,2004,2019.06
Country_22,2005,2092.37
Country_22,2006,2142.64
Country_22,2007,2253.8
Country_22,2008,2283.52
Country_22,2009,2355.77
Country_22,2010,2458.76
Country_22,2011,2482.74
Country_22,2012,2566.22
Country_22,2013,2698.4
Country_22,2014,2813.38
Country_22,2015,2938.75
Country_22,2016,3067.37
Country_22,2017,3146.71
Country_22,2018,3267.81
Country_22,2019,3407.59
Country_22,2020,3530.31
Country_22,2021,3572.25
Country_22,2022,3722.85
Country_22,2023,3868.74
Country_23,1900,813.79
Country_23,1901,817.65
Country_23,1902,801.6
Country_23,1903,800.93
Country_23,1904,810.29
Country_23,1905,812.06
Country_23,1906,813.08
Country_23,1907,811.54
Country_23,1908,820.81
Country_23,1909,812.68
Country_23,1910,812.57
Country_23,1911,808.56
Country_23,1912,805.78
Country_23,1913,815.64
Country_23,1914,807.7
Country_23,1915,810.73
Country_23,1916,810.56
Country_23,1917,813.88
Country_23,1918,822.04
Country_23,1919,812.51
Country_23,1920,806.12
Country_23,1921,807.28
Country_23,1922,812.36
Country_23,1923,812.07
Country_23,1924,809.82
Country_23,1925,803.0
Country_23,1926,815.48
Country_23,1927,807.24
Country_23,1928,814.76
Country_23,1929,804.86
Country_23,1930,812.5
Country_23,1931,803.85
Country_23,1932,809.05
Country_23,1933,808.07
Country_23,1934,807.19
Country_23,1935,816.09
Country_23,1936,820.72
Country_23,1937,814.8
Country_23,1938,808.31
Country_23,1939,816.5
Country_23,1940,801.69
Country_23,1941,804.1
Country_23,1942,808.57
Country_23,1943,812.33
Country_23,1944,818.3
Country_23,1945,809.9
Country_23,1946,814.49
Country_23,1947,803.45
Country_23,1948,810.01
Country_23,1949,811.21
Country_23,1950,838.38
Country_23,1951,853.28
Country_23,1952,871.6
Country_23,1953,902.75
Country_23,1954,930.98
Country_23,1955,963.18
Country_23,1956,990.12
Country_23,1957,1035.64
Country_23,1958,1103.54
Country_23,1959,1139.01
Country_23,1960,1181.8
Country_23,1961,1203.05
Country_23,1962,1241.03
Country_23,1963,1284.57
Country_23,1964,1344.96
Country_23,1965,1396.16
Country_23,1966,1464.63
Country_23,1967,1522.78
Country_23,1968,1571.1
Country_23,1969,1589.44
Country_23,1970,1656.37
Country_23,1971,1731.86
Country_23,1972,1776.93
Country_23,1973,1842.21
Country_23,1974,1889.96
Country_23,1975,1930.11
Country_23,1976,2010.99
Country_23,1977,2055.84
Country_23,1978,2109.2
Country_23,1979,2226.57
Country_23,1980,2328.49
Country_23,1981,2408.7
Country_23,1982,2450.49
Country_23,1983,2568.87
Country_23,1984,2698.49
Country_23,1985,2836.31
Country_23,1986,2915.8
Country_23,1987,2966.3
Country_23,1988,3104.22
Country_23,1989,3245.98
Country_23,1990,3312.71
Country_23,1991,3466.97
Country_23,1992,3515.88
Country_23,1993,3573.15
Country_23,1994,3644.66
Country_23,1995,3791.6
Country_23,1996,3868.68
Country_23,1997,3948.86
Country_23,1998,4000.78
Country_23,1999,4080.44
Country_23,2000,4151.55
Country_23,2001,4334.92
Country_23,2002,4373.41
Country_23,2003,4530.64
Country_23,2004,4755.73
Country_23,2005,4898.99
Country_23,2006,5053.61
Country_23,2007,5111.1
Country_23,2008,5296.32
Country_23,2009,5484.61
Country_23,2010,5564.03
Country_23,2011,5753.8
Country_23,2012,6005.36
Country_23,2013,6212.18
Country_23,2014,6440.29
Country_23,2015,6682.25
Country_23,2016,6952.24
Country_23,2017,7292.88
Country_23,2018,7391.58
Country_23,2019,7586.37
Country_23,2020,7910.99
Country_23,2021,8290.15
Country_23,2022,8582.27
Country_23,2023,8873.19
Country_24,1900,474.9
Country_24,1901,477.03
Country_24,1902,477.16
Country_24,1903,470.72
Country_24,1904,470.54
Country_24,1905,474.72
Country_24,1906,473.46
Country_24,1907,472.25
Country_24,1908,480.12
Country_24,1909,473.18
Country_24,1910,470.83
Country_24,1911,473.37
Country_24,1912,469.93
Country_24,1913,467.01
Country_24,1914,483.06
Country_24,1915,468.4
Country_24,1916,465.9
Country_24,1917,479.11
Country_24,1918,472.91
Country_24,1919,472.04
Country_24,1920,471.65
Country_24,1921,480.15
Country_24,1922,480.01
Country_24,1923,478.18
Country_24,1924,483.62
Country_24,1925,476.22
Country_24,1926,477.12
Country_24,1927,475.48
Country_24,1928,478.41
Country_24,1929,473.42
Country_24,1930,478.99
Country_24,1931,474.81
Country_24,1932,471.75
Country_24,1933,476.94
Country_24,1934,467.03
Country_24,1935,470.41
Country_24,1936,474.78
Country_24,1937,468.69
Country_24,1938,480.32
Country_24,1939,475.63
Country_24,1940,476.97
Country_24,1941,470.31
Country_24,1942,480.48
Country_24,1943,470.5
Country_24,1944,485.14
Country_24,1945,483.73
Country_24,1946,471.05
Country_24,1947,483.42
Country_24,1948,463.6
Country_24,1949,483.89
Country_24,1950,484.63
Country_24,1951,496.69
Country_24,1952,515.13
Country_24,1953,528.66
Country_24,1954,547.16
Country_24,1955,558.32
Country_24,1956,581.52
Country_24,1957,601.2
Country_24,1958,611.3
Country_24,1959,611.22
Country_24,1960,627.38
Country_24,1961,648.87
Country_24,1962,667.37
Country_24,1963,685.81
Country_24,1964,699.01
Country_24,1965,727.53
Country_24,1966,756.42
Country_24,1967,790.45
Country_24,1968,817.32
Country_24,1969,844.48
Country_24,1970,881.8
Country_24,1971,897.6
Country_24,1972,911.11
Country_24,1973,933.58
Country_24,1974,952.11
Country_24,1975,990.29
Country_24,1976,1013.97
Country_24,1977,1055.6
Country_24,1978,1092.86
Country_24,1979,1139.25
Country_24,1980,1168.77
Country_24,1981,1195.29
Country_24,1982,1239.87
Country_24,1983,1280.75
Country_24,1984,1303.75
Country_24,1985,1342.51
Country_24,1986,1398.22
Country_24,1987,1434.38
Country_24,1988,1497.54
Country_24,1989,1550.36
Country_24,1990,1603.2
Country_24,1991,1656.59
Country_24,1992,1732.63
Country_24,1993,1757.85
Country_24,1994,1822.28
Country_24,1995,1882.29
Country_24,1996,1985.05
Country_24,1997,2082.7
Country_24,1998,2179.92
Country_24,1999,2218.58
Country_24,2000,2282.89
Country_24,2001,2374.81
Country_24,2002,2492.32
Country_24,2003,2576.86
Country_24,2004,2693.05
Country_24,2005,2729.25
Country_24,2006,2835.83
Country_24,2007,2938.11
Country_24,2008,3069.23
Country_24,2009,3172.92
Country_24,2010,3311.82
Country_24,2011,3362.75
Country_24,2012,3420.27
Country_24,2013,3473.11
Country_24,2014,3533.83
Country_24,2015,3668.67
Country_24,2016,3840.07
Country_24,2017,3948.41
Country_24,2018,4042.71
Country_24,2019,4081.62
Country_24,2020,4154.1
Country_24,2021,4211.65
Country_24,2022,4365.49
Country_24,2023,4520.13
Country_25,1900,263.41
Country_25,1901,274.21
Country_25,1902,262.17
Country_25,1903,256.2
Country_25,1904,252.8
Country_25,1905,265.52
Country_25,1906,254.36
Country_25,1907,262.49
Country_25,1908,260.62
Country_25,1909,261.81
Country_25,1910,252.01
Country_25,1911,265.21
Country_25,1912,263.9
Country_25,1913,263.83
Country_25,1914,260.66
Country_25,1915,260.88
Country_25,1916,257.83
Country_25,1917,267.43
Country_25,1918,259.87
Country_25,1919,261.53
Country_25,1920,256.93
Country_25,1921,256.78
Country_25,1922,253.1
Country_25,1923,259.41
Country_25,1924,261.34
Country_25,1925,259.08
Country_25,1926,265.89
Country_25,1927,263.78
Country_25,1928,270.65
Country_25,1929,253.12
Country_25,1930,264.87
Country_25,1931,259.75
Country_25,1932,254.79
Country_25,1933,254.97
Country_25,1934,258.52
Country_25,1935,258.3
Country_25,1936,264.73
Country_25,1937,273.6
Country_25,1938,256.1
Country_25,1939,274.21
Country_25,1940,267.84
Country_25,1941,266.16
Country_25,1942,272.74
Country_25,1943,259.55
Country_25,1944,263.33
Country_25,1945,268.1
Country_25,1946,258.34
Country_25,1947,260.57
Country_25,1948,266.18
Country_25,1949,251.15
Country_25,1950,269.38
Country_25,1951,278.16
Country_25,1952,274.07
Country_25,1953,277.63
Country_25,1954,291.3
Country_25,1955,301.04
Country_25,1956,322.98
Country_25,1957,333.49
Country_25,1958,325.44
Country_25,1959,334.98
Country_25,1960,344.81
Country_25,1961,353.39
Country_25,1962,374.02
Country_25,1963,384.52
Country_25,1964,396.08
Country_25,1965,399.4
Country_25,1966,422.73
Country_25,1967,431.14
Country_25,1968,450.44
Country_25,1969,453.47
Country_25,1970,464.83
Country_25,1971,495.05
Country_25,1972,515.94
Country_25,1973,534.38
Country_25,1974,541.43
Country_25,1975,549.5
Country_25,1976,576.28
Country_25,1977,593.21
Country_25,1978,599.47
Country_25,1979,637.02
Country_25,1980,657.26
Country_25,1981,670.36
Country_25,1982,705.4
Country_25,1983,718.25
Country_25,1984,728.86
Country_25,1985,768.98
Country_25,1986,777.43
Country_25,1987,796.2
Country_25,1988,831.51
Country_25,1989,843.72
Country_25,1990,882.41
Country_25,1991,902.26
Country_25,1992,939.34
Country_25,1993,943.69
Country_25,1994,971.58
Country_25,1995,1018.25
Country_25,1996,1037.55
Country_25,1997,1061.76
Country_25,1998,1103.07
Country_25,1999,1143.98
Country_25,2000,1173.95
Country_25,2001,1213.27
Country_25,2002,1242.86
Country_25,2003,1267.93
Country_25,2004,1303.16
Country_25,2005,1303.93
Country_25,2006,1338.96
Country_25,2007,1371.68
Country_25,2008,1436.2
Country_25,2009,1486.33
Country_25,2010,1535.71
Country_25,2011,1583.36
Country_25,2012,1609.57
Country_25,2013,1628.52
Country_25,2014,1703.35
Country_25,2015,1773.63
Country_25,2016,1794.21
Country_25,2017,1842.48
Country_25,2018,1882.1
Country_25,2019,1946.41
Country_25,2020,1963.18
Country_25,2021,2061.65
Country_25,2022,2092.25
Country_25,2023,2160.94
Country_26,1900,245.06
Country_26,1901,243.94
Country_26,1902,244.11
Country_26,1903,245.74
Country_26,1904,244.17
Country_26,1905,241.3
Country_26,1906,245.01
Country_26,1907,253.39
Country_26,1908,242.59
Country_26,1909,244.98
Country_26,1910,248.52
Country_26,1911,244.25
Country_26,1912,246.85
Country_26,1913,254.28
Country_26,1914,243.36
Country_26,1915,248.33
Country_26,1916,254.01
Country_26,1917,251.84
Country_26,1918,242.66
Country_26,1919,248.13
Country_26,1920,242.73
Country_26,1921,250.15
Country_26,1922,246.77
Country_26,1923,248.26
Country_26,1924,243.53
Country_26,1925,244.25
Country_26,1926,246.5
Country_26,1927,248.6
Country_26,1928,246.54
Country_26,1929,249.67
Country_26,1930,246.74
Country_26,1931,245.49
Country_26,1932,255.38
Country_26,1933,241.48
Country_26,1934,241.69
Country_26,1935,256.17
Country_26,1936,248.16
Country_26,1937,244.92
Country_26,1938,241.33
Country_26,1939,245.18
Country_26,1940,243.69
Country_26,1941,258.08
Country_26,1942,251.14
Country_26,1943,246.16
Country_26,1944,248.66
Country_26,1945,240.59
Country_26,1946,248.36
Country_26,1947,241.79
Country_26,1948,248.8
Country_26,1949,249.38
Country_26,1950,257.13
Country_26,1951,276.08
Country_26,1952,285.65
Country_26,1953,290.34
Country_26,1954,309.62
Country_26,1955,310.82
Country_26,1956,313.17
Country_26,1957,328.56
Country_26,1958,333.97
Country_26,1959,348.42
Country_26,1960,360.86
Country_26,1961,366.19
Country_26,1962,382.26
Country_26,1963,408.65
Country_26,1964,420.01
Country_26,1965,433.61
Country_26,1966,431.47
Country_26,1967,447.16
Country_26,1968,453.39
Country_26,1969,472.87
Country_26,1970,491.02
Country_26,1971,529.08
Country_26,1972,528.44
Country_26,1973,530.19
Country_26,1974,555.33
Country_26,1975,567.36
Country_26,1976,582.75
Country_26,1977,581.79
Country_26,1978,602.44
Country_26,1979,623.0
Country_26,1980,637.12
Country_26,1981,665.0
Country_26,1982,694.91
Country_26,1983,721.27
Country_26,1984,749.28
Country_26,1985,783.94
Country_26,1986,816.78
Country_26,1987,844.31
Country_26,1988,882.85
Country_26,1989,905.86
Country_26,1990,933.69
Country_26,1991,961.55
Country_26,1992,982.93
Country_26,1993,1000.03
Country_26,1994,1045.93
Country_26,1995,1064.52
Country_26,1996,1099.41
Country_26,1997,1144.87
Country_26,1998,1182.36
Country_26,1999,1192.23
Country_26,2000,1228.49
Country_26,2001,1240.43
Country_26,2002,1266.2
Country_26,2003,1307.34
Country_26,2004,1366.6
Country_26,2005,1397.01
Country_26,2006,1463.04
Country_26,2007,1518.67
Country_26,2008,1571.19
Country_26,2009,1627.12
Country_26,2010,1690.97
Country_26,2011,1774.33
Country_26,2012,1806.46
Country_26,2013,1897.75
Country_26,2014,1963.32
Country_26,2015,2049.79
Country_26,2016,2111.02
Country_26,2017,2136.04
Country_26,2018,2228.06
Country_26,2019,2321.42
Country_26,2020,2416.57
Country_26,2021,2473.9
Country_26,2022,2525.81
Country_26,2023,2608.76
Country_27,1900,451.34
Country_27,1901,445.68
Country_27,1902,449.46
Country_27,1903,451.86
Country_27,1904,448.95
Country_27,1905,451.48
Country_27,1906,445.64
Country_27,1907,443.86
Country_27,1908,446.19
Country_27,1909,448.47
Country_27,1910,448.38
Country_27,1911,444.89
Country_27,1912,449.89
Country_27,1913,447.09
Country_27,1914,443.03
Country_27,1915,447.79
Country_27,1916,445.86
Country_27,1917,449.24
Country_27,1918,452.55
Country_27,1919,449.36
Country_27,1920,454.47
Country_27,1921,449.68
Country_27,1922,443.42
Country_27,1923,453.02
Country_27,1924,451.42
Country_27,1925,456.54
Country_27,1926,453.41
Country_27,1927,448.9
Country_27,1928,455.59
Country_27,1929,439.38
Country_27,1930,452.2
Country_27,1931,453.27
Country_27,1932,459.43
Country_27,1933,445.4
Country_27,1934,449.74
Country_27,1935,445.02
Country_27,1936,443.07
Country_27,1937,448.28
Country_27,1938,453.87
Country_27,1939,448.28
Country_27,1940,449.06
Country_27,1941,446.97
Country_27,1942,445.79
Country_27,1943,444.02
Country_27,1944,450.99
Country_27,1945,454.51
Country_27,1946,448.07
Country_27,1947,448.71
Country_27,1948,447.19
Country_27,1949,447.56
Country_27,1950,451.39
Country_27,1951,473.75
Country_27,1952,487.75
Country_27,1953,507.17
Country_27,1954,526.52
Country_27,1955,541.55
Country_27,1956,556.92
Country_27,1957,572.49
Country_27,1958,590.72
Country_27,1959,609.41
Country_27,1960,623.04
Country_27,1961,627.46
Country_27,1962,663.38
Country_27,1963,669.85
Country_27,1964,692.13
Country_27,1965,719.59
Country_27,1966,745.53
Country_27,1967,771.51
Country_27,1968,791.7
Country_27,1969,812.25
Country_27,1970,808.13
Country_27,1971,866.51
Country_27,1972,873.3
Country_27,1973,913.26
Country_27,1974,935.38
Country_27,1975,967.4
Country_27,1976,1008.99
Country_27,1977,1023.67
Country_27,1978,1052.05
Country_27,1979,1082.29
Country_27,1980,1102.44
Country_27,1981,1128.02
Country_27,1982,1142.47
Country_27,1983,1188.44
Country_27,1984,1219.27
Country_27,1985,1279.49
Country_27,1986,1322.59
Country_27,1987,1363.71
Country_27,1988,1433.66
Country_27,1989,1443.6
Country_27,1990,1494.44
Country_27,1991,1521.86
Country_27,1992,1542.19
Country_27,1993,1585.77
Country_27,1994,1619.66
Country_27,1995,1685.56
Country_27,1996,1741.32
Country_27,1997,1771.17
Country_27,1998,1834.58
Country_27,1999,1885.21
Country_27,2000,1885.98
Country_27,2001,1985.42
Country_27,2002,2005.96
Country_27,2003,2120.42
Country_27,2004,2128.29
Country_27,2005,2224.54
Country_27,2006,2291.6
Country_27,2007,2348.45
Country_27,2008,2459.83
Country_27,2009,2474.78
Country_27,2010,2535.4
Country_27,2011,2628.77
Country_27,2012,2677.56
Country_27,2013,2750.99
Country_27,2014,2822.02
Country_27,2015,2890.3
Country_27,2016,2942.97
Country_27,2017,2994.89
Country_27,2018,3144.6
Country_27,2019,3250.81
Country_27,2020,3330.53
Country_27,2021,3411.37
Country_27,2022,3550.86
Country_27,2023,3681.31
Country_28,1900,432.09
Country_28,1901,428.44
Country_28,1902,437.62
Country_28,1903,442.35
Country_28,1904,430.81
Country_28,1905,434.11
Country_28,1906,440.31
Country_28,1907,426.25
Country_28,1908,430.37
Country_28,1909,429.59
Country_28,1910,441.77
Country_28,1911,441.38
Country_28,1912,429.45
Country_28,1913,433.64
Country_28,1914,432.9
Country_28,1915,435.28
Country_28,1916,434.06
Country_28,1917,437.65
Country_28,1918,436.1
Country_28,1919,441.97
Country_28,1920,431.61
Country_28,1921,443.24
Country_28,1922,434.94
Country_28,1923,435.03
Country_28,1924,433.66
Country_28,1925,429.19
Country_28,1926,437.5
Country_28,1927,431.28
Country_28,1928,432.86
Country_28,1929,431.54
Country_28,1930,428.92
Country_28,1931,440.16
Country_28,1932,426.85
Country_28,1933,434.7
Country_28,1934,425.27
Country_28,1935,427.15
Country_28,1936,432.04
Country_28,1937,431.79
Country_28,1938,439.97
Country_28,1939,428.35
Country_28,1940,437.83
Country_28,1941,436.71
Country_28,1942,431.87
Country_28,1943,440.79
Country_28,1944,443.01
Country_28,1945,435.22
Country_28,1946,436.77
Country_28,1947,434.7
Country_28,1948,443.98
Country_28,1949,429.72
Country_28,1950,438.93
Country_28,1951,459.83
Country_28,1952,473.64
Country_28,1953,492.39
Country_28,1954,508.38
Country_28,1955,516.8
Country_28,1956,538.31
Country_28,1957,565.0
Country_28,1958,569.35
Country_28,1959,591.29
Country_28,1960,604.5
Country_28,1961,616.14
Country_28,1962,627.09
Country_28,1963,645.15
Country_28,1964,663.62
Country_28,1965,697.51
Country_28,1966,711.68
Country_28,1967,708.48
Country_28,1968,751.15
Country_28,1969,769.2
Country_28,1970,807.4
Country_28,1971,825.26
Country_28,1972,863.18
Country_28,1973,895.57
Country_28,1974,905.08
Country_28,1975,958.94
Country_28,1976,992.57
Country_28,1977,1020.33
Country_28,1978,1045.22
Country_28,1979,1087.09
Country_28,1980,1094.39
Country_28,1981,1110.68
Country_28,1982,1156.7
Country_28,1983,1167.63
Country_28,1984,1185.14
Country_28,1985,1227.53
Country_28,1986,1257.51
Country_28,1987,1293.71
Country_28,1988,1334.99
Country_28,1989,1348.33
Country_28,1990,1406.33
Country_28,1991,1426.29
Country_28,1992,1494.45
Country_28,1993,1532.86
Country_28,1994,1562.28
Country_28,1995,1658.75
Country_28,1996,1719.51
Country_28,1997,1785.03
Country_28,1998,1860.86
Country_28,1999,1944.64
Country_28,2000,2003.09
Country_28,2001,2037.04
Country_28,2002,2072.16
Country_28,2003,2192.94
Country_28,2004,2259.27
Country_28,2005,2370.44
Country_28,2006,2451.78
Country_28,2007,2504.04
Country_28,2008,2619.64
Country_28,2009,2655.75
Country_28,2010,2774.58
Country_28,2011,2867.83
Country_28,2012,2905.09
Country_28,2013,2958.73
Country_28,2014,2991.99
Country_28,2015,3130.6
Country_28,2016,3232.94
Country_28,2017,3351.7
Country_28,2018,3392.19
Country_28,2019,3521.98
Country_28,2020,3613.22
Country_28,2021,3703.66
Country_28,2022,3838.5
Country_28,2023,3992.72
Country_29,1900,887.78
Country_29,1901,893.15
Country_29,1902,889.57
Country_29,1903,896.4
Country_29,1904,893.1
Country_29,1905,883.11
Country_29,1906,893.89
Country_29,1907,883.36
Country_29,1908,886.73
Country_29,1909,883.32
Country_29,1910,890.57
Country_29,1911,894.76
Country_29,1912,889.19
Country_29,1913,897.42
Country_29,1914,883.9
Country_29,1915,878.5
Country_29,1916,893.47
Country_29,1917,888.91
Country_29,1918,882.6
Country_29,1919,894.55
Country_29,1920,892.79
Country_29,1921,892.57
Country_29,1922,888.96
Country_29,1923,887.11
Country_29,1924,890.9
Country_29,1925,882.46
Country_29,1926,890.63
Country_29,1927,885.87
Country_29,1928,890.03
Country_29,1929,881.7
Country_29,1930,883.77
Country_29,1931,891.31
Country_29,1932,886.83
Country_29,1933,884.45
Country_29,1934,887.53
Country_29,1935,877.76
Country_29,1936,890.32
Country_29,1937,898.08
Country_29,1938,892.24
Country_29,1939,886.76
Country_29,1940,891.26
Country_29,1941,897.68
Country_29,1942,893.18
Country_29,1943,895.76
Country_29,1944,885.74
Country_29,1945,886.25
Country_29,1946,892.14
Country_29,1947,884.61
Country_29,1948,884.43
Country_29,1949,888.23
Country_29,1950,906.11
Country_29,1951,940.19
Country_29,1952,971.08
Country_29,1953,980.28
Country_29,1954,1025.64
Country_29,1955,1033.07
Country_29,1956,1056.1
Country_29,1957,1078.7
Country_29,1958,1119.74
Country_29,1959,1142.42
Country_29,1960,1174.84
Country_29,1961,1213.7
Country_29,1962,1247.56
Country_29,1963,1291.69
Country_29,1964,1313.82
Country_29,1965,1359.06
Country_29,1966,1387.35
Country_29,1967,1398.56
Country_29,1968,1423.04
Country_29,1969,1455.67
Country_29,1970,1465.0
Country_29,1971,1526.6
Country_29,1972,1550.07
Country_29,1973,1611.54
Country_29,1974,1666.76
Country_29,1975,1750.1
Country_29,1976,1830.05
Country_29,1977,1866.8
Country_29,1978,1937.59
Country_29,1979,1987.26
Country_29,1980,2018.63
Country_29,1981,2061.07
Country_29,1982,2138.68
Country_29,1983,2249.4
Country_29,1984,2305.34
Country_29,1985,2351.87
Country_29,1986,2455.35
Country_29,1987,2482.5
Country_29,1988,2583.65
Country_29,1989,2630.75
Country_29,1990,2658.22
Country_29,1991,2752.29
Country_29,1992,2784.21
Country_29,1993,2817.55
Country_29,1994,2882.18
Country_29,1995,2948.78
Country_29,1996,3078.02
Country_29,1997,3125.64
Country_29,1998,3185.35
Country_29,1999,3242.17
Country_29,2000,3289.97
Country_29,2001,3403.53
Country_29,2002,3520.1
Country_29,2003,3583.87
Country_29,2004,3666.36
Country_29,2005,3847.57
Country_29,2006,4019.73
Country_29,2007,4056.53
Country_29,2008,4229.15
Country_29,2009,4294.01
Country_29,2010,4391.51
Country_29,2011,4448.76
Country_29,2012,4537.25
Country_29,2013,4649.93
Country_29,2014,4796.04
Country_29,2015,4897.09
Country_29,2016,4983.43
Country_29,2017,5046.23
Country_29,2018,5211.75
Country_29,2019,5277.61
Country_29,2020,5373.58
Country_29,2021,5631.22
Country_29,2022,5743.22
Country_29,2023,5867.99
Country_30,1900,778.69
Country_30,1901,771.4
Country_30,1902,776.57
Country_30,1903,776.48
Country_30,1904,770.29
Country_30,1905,779.99
Country_30,1906,782.45
Country_30,1907,778.41
Country_30,1908,780.39
Country_30,1909,786.72
Country_30,1910,785.75
Country_30,1911,781.18
Country_30,1912,774.54
Country_30,1913,774.67
Country_30,1914,782.57
Country_30,1915,778.04
Country_30,1916,782.94
Country_30,1917,782.63
Country_30,1918,779.74
Country_30,1919,786.44
Country_30,1920,787.03
Country_30,1921,779.86
Country_30,1922,775.07
Country_30,1923,780.8
Country_30,1924,779.75
Country_30,1925,778.14
Country_30,1926,778.77
Country_30,1927,782.92
Country_30,1928,771.4
Country_30,1929,783.9
Country_30,1930,784.64
Country_30,1931,785.58
Country_30,1932,786.2
Country_30,1933,786.73
Country_30,1934,781.02
Country_30,1935,778.38
Country_30,1936,776.82
Country_30,1937,777.03
Country_30,1938,778.09
Country_30,1939,777.79
Country_30,1940,781.89
Country_30,1941,779.66
Country_30,1942,782.09
Country_30,1943,786.59
Country_30,1944,784.51
Country_30,1945,779.3
Country_30,1946,775.24
Country_30,1947,777.99
Country_30,1948,777.73
Country_30,1949,774.81
Country_30,1950,794.44
Country_30,1951,814.18
Country_30,1952,833.07
Country_30,1953,859.31
Country_30,1954,897.68
Country_30,1955,930.56
Country_30,1956,987.42
Country_30,1957,996.1
Country_30,1958,1025.64
Country_30,1959,1058.36
Country_30,1960,1081.2
Country_30,1961,1121.16
Country_30,1962,1157.69
Country_30,1963,1185.8
Country_30,1964,1209.35
Country_30,1965,1232.27
Country_30,1966,1292.22
Country_30,1967,1332.56
Country_30,1968,1365.7
Country_30,1969,1379.46
Country_30,1970,1407.1
Country_30,1971,1447.56
Country_30,1972,1461.43
Country_30,1973,1505.22
Country_30,1974,1547.65
Country_30,1975,1591.52
Country_30,1976,1658.03
Country_30,1977,1689.97
Country_30,1978,1706.82
Country_30,1979,1781.72
Country_30,1980,1840.49
Country_30,1981,1911.77
Country_30,1982,1939.8
Country_30,1983,2031.97
Country_30,1984,2060.41
Country_30,1985,2150.1
Country_30,1986,2194.57
Country_30,1987,2280.82
Country_30,1988,2344.09
Country_30,1989,2409.8
Country_30,1990,2438.85
Country_30,1991,2538.59
Country_30,1992,2654.46
Country_30,1993,2677.4
Country_30,1994,2733.93
Country_30,1995,2863.44
Country_30,1996,2955.71
Country_30,1997,3048.57
Country_30,1998,3082.61
Country_30,1999,3222.34
Country_30,2000,3359.47
Country_30,2001,3421.95
Country_30,2002,3540.05
Country_30,2003,3605.8
Country_30,2004,3722.24
Country_30,2005,3787.02
Country_30,2006,3881.62
Country_30,2007,3984.5
Country_30,2008,4038.22
Country_30,2009,4158.24
Country_30,2010,4273.81
Country_30,2011,4456.0
Country_30,2012,4675.28
Country_30,2013,4756.77
Country_30,2014,4903.97
Country_30,2015,5086.58
Country_30,2016,5286.0
Country_30,2017,5497.53
Country_30,2018,5630.6
Country_30,2019,5903.03
Country_30,2020,6180.26
Country_30,2021,6406.94
Country_30,2022,6524.23
Country_30,2023,6647.81
Country_31,1900,280.98
Country_31,1901,288.6
Country_31,1902,286.39
Country_31,1903,285.0
Country_31,1904,281.8
Country_31,1905,281.04
Country_31,1906,283.26
Country_31,1907,292.53
Country_31,1908,291.11
Country_31,1909,281.89
Country_31,1910,290.39
Country_31,1911,298.97
Country_31,1912,287.64
Country_31,1913,293.9
Country_31,1914,281.47
Country_31,1915,290.15
Country_31,1916,290.91
Country_31,1917,277.35
Country_31,1918,295.23
Country_31,1919,285.01
Country_31,1920,279.63
Country_31,1921,277.99
Country_31,1922,288.88
Country_31,1923,285.08
Country_31,1924,279.76
Country_31,1925,286.41
Country_31,1926,294.97
Country_31,1927,290.7
Country_31,1928,278.29
Country_31,1929,290.49
Country_31,1930,292.29
Country_31,1931,291.91
Country_31,1932,295.81
Country_31,1933,286.58
Country_31,1934,285.44
Country_31,1935,282.32
Country_31,1936,285.5
Country_31,1937,291.37
Country_31,1938,283.45
Country_31,1939,293.14
Country_31,1940,283.71
Country_31,1941,280.85
Country_31,1942,283.88
Country_31,1943,290.28
Country_31,1944,280.03
Country_31,1945,283.11
Country_31,1946,298.97
Country_31,1947,288.25
Country_31,1948,286.41
Country_31,1949,276.09
Country_31,1950,284.92
Country_31,1951,304.63
Country_31,1952,315.85
Country_31,1953,322.02
Country_31,1954,335.12
Country_31,1955,356.31
Country_31,1956,356.52
Country_31,1957,372.74
Country_31,1958,378.62
Country_31,1959,401.2
Country_31,1960,406.43
Country_31,1961,415.85
Country_31,1962,442.12
Country_31,1963,450.74
Country_31,1964,486.7
Country_31,1965,491.96
Country_31,1966,508.84
Country_31,1967,532.28
Country_31,1968,550.31
Country_31,1969,560.98
Country_31,1970,588.71
Country_31,1971,609.55
Country_31,1972,632.73
Country_31,1973,653.28
Country_31,1974,657.48
Country_31,1975,679.07
Country_31,1976,704.0
Country_31,1977,715.66
Country_31,1978,747.44
Country_31,1979,773.63
Country_31,1980,801.85
Country_31,1981,821.91
Country_31,1982,857.51
Country_31,1983,881.71
Country_31,1984,893.46
Country_31,1985,922.64
Country_31,1986,944.86
Country_31,1987,973.03
Country_31,1988,999.38
Country_31,1989,1043.56
Country_31,1990,1064.25
Country_31,1991,1105.24
Country_31,1992,1156.24
Country_31,1993,1170.58
Country_31,1994,1198.99
Country_31,1995,1237.35
Country_31,1996,1265.49
Country_31,1997,1294.64
Country_31,1998,1328.54
Country_31,1999,1364.24
Country_31,2000,1430.38
Country_31,2001,1503.31
Country_31,2002,1531.56
Country_31,2003,1582.6
Country_31,2004,1636.36
Country_31,2005,1670.35
Country_31,2006,1726.16
Country_31,2007,1804.55
Country_31,2008,1830.47
Country_31,2009,1861.65
Country_31,2010,1952.9
Country_31,2011,2035.99
Country_31,2012,2068.48
Country_31,2013,2144.61
Country_31,2014,2248.28
Country_31,2015,2360.95
Country_31,2016,2374.09
Country_31,2017,2451.47
Country_31,2018,2521.29
Country_31,2019,2619.88
Country_31,2020,2680.82
Country_31,2021,2819.49
Country_31,2022,2855.96
Country_31,2023,2924.86
Country_32,1900,23.53
Country_32,1901,27.63
Country_32,1902,26.46
Country_32,1903,21.47
Country_32,1904,37.72
Country_32,1905,17.22
Country_32,1906,25.9
Country_32,1907,22.19
Country_32,1908,17.49
Country_32,1909,21.52
Country_32,1910,25.27
Country_32,1911,28.38
Country_32,1912,24.99
Country_32,1913,11.67
Country_32,1914,14.26
Country_32,1915,16.81
Country_32,1916,32.34
Country_32,1917,23.55
Country_32,1918,24.62
Country_32,1919,18.8
Country_32,1920,20.67
Country_32,1921,23.12
Country_32,1922,22.39
Country_32,1923,22.97
Country_32,1924,25.38
Country_32,1925,20.99
Country_32,1926,20.6
Country_32,1927,23.48
Country_32,1928,24.06
Country_32,1929,18.94
Country_32,1930,28.18
Country_32,1931,25.32
Country_32,1932,30.7
Country_32,1933,26.14
Country_32,1934,23.99
Country_32,1935,25.67
Country_32,1936,6.38
Country_32,1937,27.34
Country_32,1938,16.37
Country_32,1939,25.61
Country_32,1940,19.17
Country_32,1941,19.7
Country_32,1942,25.0
Country_32,1943,22.64
Country_32,1944,18.38
Country_32,1945,17.49
Country_32,1946,20.32
Country_32,1947,17.03
Country_32,1948,30.15
Country_32,1949,15.46
Country_32,1950,30.88
Country_32,1951,26.22
Country_32,1952,18.83
Country_32,1953,29.25
Country_32,1954,27.29
Country_32,1955,21.05
Country_32,1956,34.71
Country_32,1957,32.03
Country_32,1958,19.84
Country_32,1959,22.76
Country_32,1960,35.08
Country_32,1961,36.07
Country_32,1962,30.82
Country_32,1963,37.21
Country_32,1964,29.04
Country_32,1965,24.2
Country_32,1966,31.67
Country_32,1967,44.35
Country_32,1968,30.12
Country_32,1969,46.01
Country_32,1970,46.26
Country_32,1971,53.52
Country_32,1972,49.34
Country_32,1973,49.97
Country_32,1974,53.26
Country_32,1975,42.4
Country_32,1976,52.14
Country_32,1977,48.59
Country_32,1978,48.87
Country_32,1979,57.31
Country_32,1980,60.34
Country_32,1981,55.91
Country_32,1982,51.25
Country_32,1983,57.97
Country_32,1984,66.54
Country_32,1985,62.18
Country_32,1986,69.5
Country_32,1987,64.82
Country_32,1988,74.16
Country_32,1989,71.94
Country_32,1990,73.65
Country_32,1991,79.37
Country_32,1992,83.33
Country_32,1993,86.91
Country_32,1994,78.51
Country_32,1995,89.83
Country_32,1996,86.91
Country_32,1997,91.84
Country_32,1998,79.27
Country_32,1999,106.52
Country_32,2000,98.57
Country_32,2001,104.08
Country_32,2002,109.04
Country_32,2003,107.62
Country_32,2004,111.87
Country_32,2005,122.71
Country_32,2006,108.71
Country_32,2007,121.42
Country_32,2008,127.72
Country_32,2009,120.78
Country_32,2010,131.42
Country_32,2011,134.54
Country_32,2012,135.16
Country_32,2013,143.26
Country_32,2014,153.53
Country_32,2015,150.12
Country_32,2016,166.15
Country_32,2017,162.31
Country_32,2018,170.76
Country_32,2019,184.98
Country_32,2020,190.89
Country_32,2021,193.62
Country_32,2022,192.79
Country_32,2023,201.8
Country_33,1900,561.78
Country_33,1901,554.67
Country_33,1902,552.98
Country_33,1903,562.28
Country_33,1904,549.03
Country_33,1905,547.1
Country_33,1906,546.79
Country_33,1907,556.96
Country_33,1908,549.09
Country_33,1909,559.03
Country_33,1910,551.54
Country_33,1911,552.6
Country_33,1912,550.55
Country_33,1913,550.0
Country_33,1914,547.95
Country_33,1915,553.92
Country_33,1916,553.44
Country_33,1917,551.12
Country_33,1918,555.32
Country_33,1919,552.18
Country_33,1920,551.78
Country_33,1921,546.96
Country_33,1922,542.83
Country_33,1923,559.99
Country_33,1924,551.41
Country_33,1925,554.22
Country_33,1926,555.69
Country_33,1927,548.08
Country_33,1928,551.84
Country_33,1929,558.54
Country_33,1930,562.58
Country_33,1931,549.88
Country_33,1932,557.19
Country_33,1933,548.69
Country_33,1934,549.77
Country_33,1935,552.12
Country_33,1936,548.64
Country_33,1937,559.33
Country_33,1938,552.15
Country_33,1939,560.63
Country_33,1940,544.41
Country_33,1941,547.2
Country_33,1942,557.66
Country_33,1943,550.59
Country_33,1944,554.16
Country_33,1945,565.39
Country_33,1946,564.09
Country_33,1947,550.05
Country_33,1948,549.7
Country_33,1949,558.44
Country_33,1950,562.77
Country_33,1951,583.64
Country_33,1952,600.99
Country_33,1953,596.84
Country_33,1954,635.46
Country_33,1955,659.15
Country_33,1956,675.53
Country_33,1957,683.32
Country_33,1958,707.41
Country_33,1959,734.46
Country_33,1960,748.52
Country_33,1961,770.2
Country_33,1962,798.49
Country_33,1963,829.92
Country_33,1964,857.97
Country_33,1965,895.37
Country_33,1966,923.48
Country_33,1967,938.02
Country_33,1968,962.14
Country_33,1969,1010.01
Country_33,1970,1034.72
Country_33,1971,1055.1
Country_33,1972,1089.08
Country_33,1973,1126.2
Country_33,1974,1160.9
Country_33,1975,1188.16
Country_33,1976,1253.68
Country_33,1977,1264.38
Country_33,1978,1329.8
Country_33,1979,1346.91
Country_33,1980,1392.46
Country_33,1981,1466.37
Country_33,1982,1532.02
Country_33,1983,1576.35
Country_33,1984,1636.74
Country_33,1985,1669.2
Country_33,1986,1738.65
Country_33,1987,1800.5
Country_33,1988,1831.64
Country_33,1989,1928.75
Country_33,1990,1972.11
Country_33,1991,2013.35
Country_33,1992,2060.11
Country_33,1993,2149.59
Country_33,1994,2245.16
Country_33,1995,2354.4
Country_33,1996,2391.64
Country_33,1997,2465.48
Country_33,1998,2516.01
Country_33,1999,2606.24
Country_33,2000,2688.75
Country_33,2001,2709.76
Country_33,2002,2810.29
Country_33,2003,2909.6
Country_33,2004,3017.39
Country_33,2005,3118.29
Country_33,2006,3276.87
Country_33,2007,3374.36
Country_33,2008,3409.12
Country_33,2009,3515.66
Country_33,2010,3660.74
Country_33,2011,3807.92
Country_33,2012,3952.59
Country_33,2013,4059.4
Country_33,2014,4123.52
Country_33,2015,4189.01
Country_33,2016,4290.87
Country_33,2017,4378.16
Country_33,2018,4569.17
Country_33,2019,4680.98
Country_33,2020,4899.61
Country_33,2021,5019.6
Country_33,2022,5152.12
Country_33,2023,5219.69
Country_34,1900,616.96
Country_34,1901,622.82
Country_34,1902,620.91
Country_34,1903,622.02
Country_34,1904,625.62
Country_34,1905,620.4
Country_34,1906,608.69
Country_34,1907,609.68
Country_34,1908,624.4
Country_34,1909,617.41
Country_34,1910,622.02
Country_34,1911,628.74
Country_34,1912,625.22
Country_34,1913,621.53
Country_34,1914,628.05
Country_34,1915,627.17
Country_34,1916,619.68
Country_34,1917,624.27
Country_34,1918,625.15
Country_34,1919,615.57
Country_34,1920,619.69
Country_34,1921,617.15
Country_34,1922,630.85
Country_34,1923,626.68
Country_34,1924,624.1
Country_34,1925,621.42
Country_34,1926,630.02
Country_34,1927,619.84
Country_34,1928,617.22
Country_34,1929,623.45
Country_34,1930,630.02
Country_34,1931,623.99
Country_34,1932,627.12
Country_34,1933,626.3
Country_34,1934,618.49
Country_34,1935,619.94
Country_34,1936,620.54
Country_34,1937,628.46
Country_34,1938,623.44
Country_34,1939,621.04
Country_34,1940,620.56
Country_34,1941,627.98
Country_34,1942,630.0
Country_34,1943,633.42
Country_34,1944,621.35
Country_34,1945,625.63
Country_34,1946,620.69
Country_34,1947,618.4
Country_34,1948,621.92
Country_34,1949,626.77
Country_34,1950,647.39
Country_34,1951,667.79
Country_34,1952,679.15
Country_34,1953,702.27
Country_34,1954,710.99
Country_34,1955,730.85
Country_34,1956,757.39
Country_34,1957,772.59
Country_34,1958,801.46
Country_34,1959,831.39
Country_34,1960,854.22
Country_34,1961,886.29
Country_34,1962,898.82
Country_34,1963,924.43
Country_34,1964,955.81
Country_34,1965,1003.48
Country_34,1966,1025.46
Country_34,1967,1036.6
Country_34,1968,1062.53
Country_34,1969,1115.61
Country_34,1970,1121.09
Country_34,1971,1138.63
Country_34,1972,1194.35
Country_34,1973,1243.89
Country_34,1974,1298.07
Country_34,1975,1365.63
Country_34,1976,1402.35
Country_34,1977,1434.58
Country_34,1978,1515.33
Country_34,1979,1584.63
Country_34,1980,1654.84
Country_34,1981,1692.13
Country_34,1982,1733.79
Country_34,1983,1783.78
Country_34,1984,1816.33
Country_34,1985,1886.13
Country_34,1986,1938.6
Country_34,1987,1996.92
Country_34,1988,2059.35
Country_34,1989,2164.98
Country_34,1990,2219.34
Country_34,1991,2285.04
Country_34,1992,2360.84
Country_34,1993,2416.93
Country_34,1994,2493.7
Country_34,1995,2557.9
Country_34,1996,2661.65
Country_34,1997,2729.65
Country_34,1998,2791.26
Country_34,1999,2888.35
Country_34,2000,3000.53
Country_34,2001,3127.75
Country_34,2002,3195.82
Country_34,2003,3235.25
Country_34,2004,3323.94
Country_34,2005,3399.73
Country_34,2006,3514.83
Country_34,2007,3656.1
Country_34,2008,3790.44
Country_34,2009,3934.44
Country_34,2010,4098.94
Country_34,2011,4170.8
Country_34,2012,4332.93
Country_34,2013,4493.0
Country_34,2014,4691.29
Country_34,2015,4803.34
Country_34,2016,4951.98
Country_34,2017,5119.58
Country_34,2018,5371.58
Country_34,2019,5494.46
Country_34,2020,5623.58
Country_34,2021,5855.76
Country_34,2022,6034.61
Country_34,2023,6211.36
Country_35,1900,341.28
Country_35,1901,343.09
Country_35,1902,330.66
Country_35,1903,340.0
Country_35,1904,335.82
Country_35,1905,338.4
Country_35,1906,336.62
Country_35,1907,338.35
Country_35,1908,337.51
Country_35,1909,330.21
Country_35,1910,341.04
Country_35,1911,342.3
Country_35,1912,329.96
Country_35,1913,342.5
Country_35,1914,335.3
Country_35,1915,330.19
Country_35,1916,337.42
Country_35,1917,335.0
Country_35,1918,337.52
Country_35,1919,339.86
Country_35,1920,338.03
Country_35,1921,323.7
Country_35,1922,330.58
Country_35,1923,338.26
Country_35,1924,332.53
Country_35,1925,327.95
Country_35,1926,339.77
Country_35,1927,342.17
Country_35,1928,337.47
Country_35,1929,339.9
Country_35,1930,331.96
Country_35,1931,338.87
Country_35,1932,338.47
Country_35,1933,337.9
Country_35,1934,339.57
Country_35,1935,339.55
Country_35,1936,334.58
Country_35,1937,333.48
Country_35,1938,335.85
Country_35,1939,334.09
Country_35,1940,333.75
Country_35,1941,339.29
Country_35,1942,339.97
Country_35,1943,337.32
Country_35,1944,338.76
Country_35,1945,340.16
Country_35,1946,336.23
Country_35,1947,331.35
Country_35,1948,327.66
Country_35,1949,336.51
Country_35,1950,345.4
Country_35,1951,341.16
Country_35,1952,347.71
Country_35,1953,371.11
Country_35,1954,378.04
Country_35,1955,387.45
Country_35,1956,400.75
Country_35,1957,408.72
Country_35,1958,434.06
Country_35,1959,444.2
Country_35,1960,462.44
Country_35,1961,469.83
Country_35,1962,471.68
Country_35,1963,489.29
Country_35,1964,512.59
Country_35,1965,519.02
Country_35,1966,533.16
Country_35,1967,536.33
Country_35,1968,554.19
Country_35,1969,566.33
Country_35,1970,587.84
Country_35,1971,611.01
Country_35,1972,617.86
Country_35,1973,646.54
Country_35,1974,667.13
Country_35,1975,685.8
Country_35,1976,696.7
Country_35,1977,733.16
Country_35,1978,738.68
Country_35,1979,759.01
Country_35,1980,787.1
Country_35,1981,806.87
Country_35,1982,817.47
Country_35,1983,823.15
Country_35,1984,837.69
Country_35,1985,859.32
Country_35,1986,879.54
Country_35,1987,904.55
Country_35,1988,926.75
Country_35,1989,969.74
Country_35,1990,1011.57
Country_35,1991,1027.93
Country_35,1992,1068.16
Country_35,1993,1078.49
Country_35,1994,1131.02
Country_35,1995,1162.61
Country_35,1996,1206.52
Country_35,1997,1244.41
Country_35,1998,1253.21
Country_35,1999,1292.66
Country_35,2000,1325.43
Country_35,2001,1351.91
Country_35,2002,1391.92
Country_35,2003,1412.22
Country_35,2004,1439.41
Country_35,2005,1466.12
Country_35,2006,1522.48
Country_35,2007,1544.05
Country_35,2008,1585.69
Country_35,2009,1611.28
Country_35,2010,1677.42
Country_35,2011,1696.46
Country_35,2012,1726.74
Country_35,2013,1808.4
Country_35,2014,1866.87
Country_35,2015,1935.16
Country_35,2016,1973.64
Country_35,2017,1988.04
Country_35,2018,2022.81
Country_35,2019,2103.82
Country_35,2020,2199.45
Country_35,2021,2251.57
Country_35,2022,2283.81
Country_35,2023,2359.82
Country_36,1900,929.35
Country_36,1901,935.22
Country_36,1902,926.77
Country_36,1903,927.43
Country_36,1904,930.04
Country_36,1905,917.82
Country_36,1906,928.18
Country_36,1907,928.31
Country_36,1908,933.52
Country_36,1909,932.04
Country_36,1910,931.19
Country_36,1911,928.34
Country_36,1912,932.68
Country_36,1913,937.07
Country_36,1914,929.79
Country_36,1915,935.15
Country_36,1916,930.26
Country_36,1917,928.59
Country_36,1918,928.87
Country_36,1919,926.71
Country_36,1920,940.01
Country_36,1921,942.08
Country_36,1922,931.68
Country_36,1923,923.21
Country_36,1924,927.85
Country_36,1925,930.39
Country_36,1926,925.69
Country_36,1927,934.06
Country_36,1928,925.09
Country_36,1929,924.1
Country_36,1930,930.8
Country_36,1931,924.17
Country_36,1932,929.24
Country_36,1933,914.04
Country_36,1934,929.6
Country_36,1935,923.93
Country_36,1936,922.45
Country_36,1937,937.68
Country_36,1938,925.07
Country_36,1939,924.89
Country_36,1940,925.57
Country_36,1941,929.57
Country_36,1942,931.33
Country_36,1943,923.83
Country_36,1944,913.25
Country_36,1945,927.74
Country_36,1946,925.62
Country_36,1947,927.49
Country_36,1948,931.91
Country_36,1949,930.99
Country_36,1950,950.47
Country_36,1951,966.78
Country_36,1952,999.02
Country_36,1953,1003.28
Country_36,1954,1031.14
Country_36,1955,1050.92
Country_36,1956,1072.33
Country_36,1957,1084.92
Country_36,1958,1117.96
Country_36,1959,1131.51
Country_36,1960,1170.04
Country_36,1961,1214.28
Country_36,1962,1245.11
Country_36,1963,1287.68
Country_36,1964,1338.6
Country_36,1965,1376.2
Country_36,1966,1416.61
Country_36,1967,1442.07
Country_36,1968,1443.43
Country_36,1969,1490.27
Country_36,1970,1508.77
Country_36,1971,1566.1
Country_36,1972,1641.61
Country_36,1973,1658.61
Country_36,1974,1695.96
Country_36,1975,1769.07
Country_36,1976,1824.15
Country_36,1977,1833.5
Country_36,1978,1919.81
Country_36,1979,1987.02
Country_36,1980,2065.12
Country_36,1981,2123.83
Country_36,1982,2165.31
Country_36,1983,2218.29
Country_36,1984,2253.37
Country_36,1985,2289.18
Country_36,1986,2380.06
Country_36,1987,2443.21
Country_36,1988,2527.15
Country_36,1989,2618.16
Country_36,1990,2682.02
Country_36,1991,2769.37
Country_36,1992,2806.05
Country_36,1993,2882.79
Country_36,1994,2974.72
Country_36,1995,3015.97
Country_36,1996,3103.51
Country_36,1997,3215.24
Country_36,1998,3328.55
Country_36,1999,3479.57
Country_36,2000,3591.03
Country_36,2001,3629.66
Country_36,2002,3773.98
Country_36,2003,3903.66
Country_36,2004,3992.14
Country_36,2005,4098.48
Country_36,2006,4199.53
Country_36,2007,4281.49
Country_36,2008,4374.15
Country_36,2009,4513.92
Country_36,2010,4636.15
Country_36,2011,4740.23
Country_36,2012,4889.06
Country_36,2013,5073.07
Country_36,2014,5319.15
Country_36,2015,5479.88
Country_36,2016,5688.4
Country_36,2017,5765.07
Country_36,2018,6022.07
Country_36,2019,6245.8
Country_36,2020,6376.14
Country_36,2021,6467.2
Country_36,2022,6547.87
Country_36,2023,6826.94
Country_37,1900,862.17
Country_37,1901,865.11
Country_37,1902,862.54
Country_37,1903,862.09
Country_37,1904,867.64
Country_37,1905,865.28
Country_37,1906,865.44
Country_37,1907,867.27
Country_37,1908,864.74
Country_37,1909,864.9
Country_37,1910,862.49
Country_37,1911,860.49
Country_37,1912,864.45
Country_37,1913,854.41
Country_37,1914,867.23
Country_37,1915,869.07
Country_37,1916,869.73
Country_37,1917,858.97
Country_37,1918,861.11
Country_37,1919,850.82
Country_37,1920,864.15
Country_37,1921,862.41
Country_37,1922,861.4
Country_37,1923,866.9
Country_37,1924,857.03
Country_37,1925,858.82
Country_37,1926,863.09
Country_37,1927,859.41
Country_37,1928,860.04
Country_37,1929,860.69
Country_37,1930,867.35
Country_37,1931,862.75
Country_37,1932,864.33
Country_37,1933,866.21
Country_37,1934,866.44
Country_37,1935,867.89
Country_37,1936,861.03
Country_37,1937,863.76
Country_37,1938,870.38
Country_37,1939,864.93
Country_37,1940,861.17
Country_37,1941,863.99
Country_37,1942,863.37
Country_37,1943,855.16
Country_37,1944,863.34
Country_37,1945,864.84
Country_37,1946,867.11
Country_37,1947,861.74
Country_37,1948,861.43
Country_37,1949,865.95
Country_37,1950,897.03
Country_37,1951,920.97
Country_37,1952,944.54
Country_37,1953,982.81
Country_37,1954,1000.12
Country_37,1955,1022.0
Country_37,1956,1069.06
Country_37,1957,1095.3
Country_37,1958,1127.53
Country_37,1959,1174.21
Country_37,1960,1215.53
Country_37,1961,1266.05
Country_37,1962,1321.17
Country_37,1963,1341.87
Country_37,1964,1375.3
Country_37,1965,1419.0
Country_37,1966,1473.12
Country_37,1967,1506.15
Country_37,1968,1547.07
Country_37,1969,1570.14
Country_37,1970,1604.78
Country_37,1971,1622.65
Country_37,1972,1643.15
Country_37,1973,1715.2
Country_37,1974,1776.65
Country_37,1975,1824.42
Country_37,1976,1890.8
Country_37,1977,1932.44
Country_37,1978,1972.8
Country_37,1979,2041.95
Country_37,1980,2070.27
Country_37,1981,2154.28
Country_37,1982,2179.26
Country_37,1983,2280.41
Country_37,1984,2365.87
Country_37,1985,2391.19
Country_37,1986,2444.58
Country_37,1987,2512.22
Country_37,1988,2614.54
Country_37,1989,2694.49
Country_37,1990,2731.75
Country_37,1991,2866.35
Country_37,1992,2916.34
Country_37,1993,3020.68
Country_37,1994,3146.33
Country_37,1995,3241.06
Country_37,1996,3357.32
Country_37,1997,3503.24
Country_37,1998,3608.87
Country_37,1999,3738.4
Country_37,2000,3785.3
Country_37,2001,3952.94
Country_37,2002,3986.24
Country_37,2003,4174.94
Country_37,2004,4252.75
Country_37,2005,4451.4
Country_37,2006,4559.33
Country_37,2007,4761.0
Country_37,2008,4962.27
Country_37,2009,5098.91
Country_37,2010,5352.03
Country_37,2011,5583.58
Country_37,2012,5698.64
Country_37,2013,5851.44
Country_37,2014,6102.41
Country_37,2015,6329.55
Country_37,2016,6413.32
Country_37,2017,6636.88
Country_37,2018,6766.16
Country_37,2019,6898.8
Country_37,2020,6976.44
Country_37,2021,7161.63
Country_37,2022,7304.15
Country_37,2023,7446.64
Country_38,1900,360.26
Country_38,1901,357.42
Country_38,1902,353.46
Country_38,1903,361.2
Country_38,1904,361.26
Country_38,1905,357.11
Country_38,1906,359.78
Country_38,1907,361.59
Country_38,1908,356.39
Country_38,1909,347.79
Country_38,1910,362.51
Country_38,1911,360.81
Country_38,1912,351.3
Country_38,1913,361.8
Country_38,1914,357.54
Country_38,1915,353.05
Country_38,1916,353.81
Country_38,1917,359.09
Country_38,1918,358.61
Country_38,1919,366.24
Country_38,1920,358.04
Country_38,1921,360.53
Country_38,1922,364.22
Country_38,1923,368.99
Country_38,1924,354.94
Country_38,1925,361.87
Country_38,1926,365.56
Country_38,1927,355.31
Country_38,1928,362.63
Country_38,1929,352.48
Country_38,1930,364.56
Country_38,1931,365.19
Country_38,1932,352.63
Country_38,1933,358.23
Country_38,1934,360.35
Country_38,1935,357.62
Country_38,1936,364.6
Country_38,1937,365.05
Country_38,1938,357.63
Country_38,1939,362.43
Country_38,1940,354.51
Country_38,1941,354.46
Country_38,1942,350.06
Country_38,1943,343.97
Country_38,1944,366.33
Country_38,1945,360.43
Country_38,1946,360.44
Country_38,1947,366.52
Country_38,1948,357.87
Country_38,1949,354.11
Country_38,1950,364.96
Country_38,1951,388.68
Country_38,1952,388.54
Country_38,1953,399.01
Country_38,1954,395.24
Country_38,1955,427.52
Country_38,1956,443.96
Country_38,1957,437.81
Country_38,1958,452.59
Country_38,1959,468.66
Country_38,1960,482.72
Country_38,1961,500.71
Country_38,1962,545.45
Country_38,1963,556.26
Country_38,1964,577.67
Country_38,1965,607.24
Country_38,1966,618.61
Country_38,1967,631.42
Country_38,1968,643.03
Country_38,1969,656.75
Country_38,1970,672.29
Country_38,1971,693.23
Country_38,1972,701.08
Country_38,1973,734.66
Country_38,1974,753.72
Country_38,1975,767.56
Country_38,1976,793.36
Country_38,1977,801.69
Country_38,1978,836.02
Country_38,1979,842.75
Country_38,1980,863.67
Country_38,1981,908.25
Country_38,1982,905.62
Country_38,1983,935.5
Country_38,1984,979.16
Country_38,1985,995.87
Country_38,1986,1002.6
Country_38,1987,1031.88
Country_38,1988,1085.65
Country_38,1989,1116.57
Country_38,1990,1130.72
Country_38,1991,1179.85
Country_38,1992,1217.15
Country_38,1993,1263.02
Country_38,1994,1293.22
Country_38,1995,1350.04
Country_38,1996,1420.73
Country_38,1997,1434.93
Country_38,1998,1498.49
Country_38,1999,1550.52
Country_38,2000,1577.62
Country_38,2001,1635.22
Country_38,2002,1704.36
Country_38,2003,1721.64
Country_38,2004,1779.88
Country_38,2005,1846.08
Country_38,2006,1912.83
Country_38,2007,1987.43
Country_38,2008,2089.64
Country_38,2009,2139.37
Country_38,2010,2167.08
Country_38,2011,2202.56
Country_38,2012,2237.34
Country_38,2013,2319.29
Country_38,2014,2393.39
Country_38,2015,2463.91
Country_38,2016,2576.5
Country_38,2017,2661.4
Country_38,2018,2768.37
Country_38,2019,2829.35
Country_38,2020,2951.11
Country_38,2021,3092.39
Country_38,2022,3176.43
Country_38,2023,3282.71
Country_39,1900,560.84
Country_39,1901,562.72
Country_39,1902,567.19
Country_39,1903,554.15
Country_39,1904,561.69
Country_39,1905,562.39
Country_39,1906,559.89
Country_39,1907,559.92
Country_39,1908,562.1
Country_39,1909,553.39
Country_39,1910,560.72
Country_39,1911,562.27
Country_39,1912,554.08
Country_39,1913,560.86
Country_39,1914,556.26
Country_39,1915,558.75
Country_39,1916,567.73
Country_39,1917,555.58
Country_39,1918,555.77
Country_39,1919,556.19
Country_39,1920,561.33
Country_39,1921,553.06
Country_39,1922,562.74
Country_39,1923,559.97
Country_39,1924,559.15
Country_39,1925,555.95
Country_39,1926,550.47
Country_39,1927,563.65
Country_39,1928,558.29
Country_39,1929,554.5
Country_39,1930,559.32
Country_39,1931,565.01
Country_39,1932,559.6
Country_39,1933,552.68
Country_39,1934,564.01
Country_39,1935,548.82
Country_39,1936,564.96
Country_39,1937,563.54
Country_39,1938,553.19
Country_39,1939,557.64
Country_39,1940,562.29
Country_39,1941,563.07
Country_39,1942,557.61
Country_39,1943,564.1
Country_39,1944,562.48
Country_39,1945,554.63
Country_39,1946,557.51
Country_39,1947,558.77
Country_39,1948,551.88
Country_39,1949,558.48
Country_39,1950,585.73
Country_39,1951,596.97
Country_39,1952,631.22
Country_39,1953,651.51
Country_39,1954,674.8
Country_39,1955,692.1
Country_39,1956,723.13
Country_39,1957,744.15
Country_39,1958,775.41
Country_39,1959,795.29
Country_39,1960,809.25
Country_39,1961,823.29
Country_39,1962,839.62
Country_39,1963,855.44
Country_39,1964,867.99
Country_39,1965,884.09
Country_39,1966,908.58
Country_39,1967,917.82
Country_39,1968,947.11
Country_39,1969,968.04
Country_39,1970,999.84
Country_39,1971,1033.7
Country_39,1972,1075.98
Country_39,1973,1088.51
Country_39,1974,1108.24
Country_39,1975,1149.0
Country_39,1976,1178.37
Country_39,1977,1221.98
Country_39,1978,1233.93
Country_39,1979,1259.31
Country_39,1980,1323.91
Country_39,1981,1377.96
Country_39,1982,1410.5
Country_39,1983,1449.62
Country_39,1984,1480.77
Country_39,1985,1509.87
Country_39,1986,1545.88
Country_39,1987,1583.97
Country_39,1988,1611.86
Country_39,1989,1657.67
Country_39,1990,1735.12
Country_39,1991,1821.57
Country_39,1992,1890.91
Country_39,1993,1929.26
Country_39,1994,2018.12
Country_39,1995,2069.57
Country_39,1996,2155.66
Country_39,1997,2179.46
Country_39,1998,2260.68
Country_39,1999,2301.82
Country_39,2000,2334.94
Country_39,2001,2375.08
Country_39,2002,2416.0
Country_39,2003,2497.04
Country_39,2004,2560.38
Country_39,2005,2605.47
Country_39,2006,2726.05
Country_39,2007,2806.72
Country_39,2008,2831.89
Country_39,2009,2964.03
Country_39,2010,2996.07
Country_39,2011,3036.12
Country_39,2012,3185.56
Country_39,2013,3332.65
Country_39,2014,3461.9
Country_39,2015,3566.06
Country_39,2016,3704.8
Country_39,2017,3890.1
Country_39,2018,3972.08
Country_39,2019,4068.2
Country_39,2020,4119.96
Country_39,2021,4309.17
Country_39,2022,4479.78
Country_39,2023,4655.84
Country_40,1900,575.05
Country_40,1901,583.25
Country_40,1902,577.03
Country_40,1903,570.86
Country_40,1904,576.31
Country_40,1905,575.8
Country_40,1906,580.66
Country_40,1907,580.52
Country_40,1908,571.22
Country_40,1909,578.74
Country_40,1910,569.28
Country_40,1911,569.59
Country_40,1912,573.15
Country_40,1913,574.34
Country_40,1914,580.46
Country_40,1915,573.36
Country_40,1916,581.74
Country_40,1917,583.97
Country_40,1918,584.88
Country_40,1919,579.25
Country_40,1920,566.52
Country_40,1921,571.24
Country_40,1922,571.52
Country_40,1923,574.14
Country_40,1924,568.53
Country_40,1925,574.69
Country_40,1926,575.36
Country_40,1927,569.74
Country_40,1928,576.02
Country_40,1929,568.58
Country_40,1930,568.79
Country_40,1931,575.78
Country_40,1932,578.84
Country_40,1933,576.0
Country_40,1934,570.66
Country_40,1935,576.32
Country_40,1936,572.98
Country_40,1937,573.33
Country_40,1938,569.37
Country_40,1939,575.85
Country_40,1940,577.49
Country_40,1941,576.58
Country_40,1942,573.48
Country_40,1943,577.06
Country_40,1944,575.24
Country_40,1945,572.12
Country_40,1946,573.72
Country_40,1947,575.06
Country_40,1948,577.45
Country_40,1949,577.14
Country_40,1950,599.98
Country_40,1951,622.5
Country_40,1952,644.95
Country_40,1953,656.15
Country_40,1954,664.09
Country_40,1955,688.91
Country_40,1956,702.36
Country_40,1957,737.24
Country_40,1958,765.5
Country_40,1959,788.07
Country_40,1960,829.22
Country_40,1961,856.19
Country_40,1962,870.21
Country_40,1963,913.75
Country_40,1964,952.99
Country_40,1965,982.51
Country_40,1966,995.0
Country_40,1967,1050.49
Country_40,1968,1070.97
Country_40,1969,1068.52
Country_40,1970,1090.03
Country_40,1971,1102.27
Country_40,1972,1167.37
Country_40,1973,1227.17
Country_40,1974,1242.26
Country_40,1975,1254.46
Country_40,1976,1326.93
Country_40,1977,1353.44
Country_40,1978,1377.13
Country_40,1979,1418.41
Country_40,1980,1452.57
Country_40,1981,1467.49
Country_40,1982,1490.77
Country_40,1983,1526.04
Country_40,1984,1584.88
Country_40,1985,1661.22
Country_40,1986,1697.72
Country_40,1987,1754.7
Country_40,1988,1792.94
Country_40,1989,1815.43
Country_40,1990,1887.87
Country_40,1991,1948.2
Country_40,1992,2012.42
Country_40,1993,2042.1
Country_40,1994,2105.66
Country_40,1995,2190.9
Country_40,1996,2291.53
Country_40,1997,2379.86
Country_40,1998,2500.43
Country_40,1999,2528.3
Country_40,2000,2648.93
Country_40,2001,2697.46
Country_40,2002,2785.59
Country_40,2003,2857.15
Country_40,2004,2967.13
Country_40,2005,3018.5
Country_40,2006,3047.43
Country_40,2007,3181.14
Country_40,2008,3281.42
Country_40,2009,3361.91
Country_40,2010,3479.18
Country_40,2011,3641.73
Country_40,2012,3811.62
Country_40,2013,3937.78
Country_40,2014,4118.25
Country_40,2015,4328.33
Country_40,2016,4404.49
Country_40,2017,4548.4
Country_40,2018,4762.58
Country_40,2019,4895.59
Country_40,2020,4993.79
Country_40,2021,5112.38
Country_40,2022,5299.5
Country_40,2023,5515.02
Country_41,1900,580.21
Country_41,1901,572.96
Country_41,1902,571.03
Country_41,1903,577.98
Country_41,1904,580.47
Country_41,1905,577.61
Country_41,1906,571.45
Country_41,1907,576.35
Country_41,1908,581.54
Country_41,1909,572.33
Country_41,1910,574.14
Country_41,1911,568.76
Country_41,1912,567.95
Country_41,1913,570.47
Country_41,1914,577.73
Country_41,1915,569.04
Country_41,1916,569.02
Country_41,1917,572.42
Country_41,1918,576.04
Country_41,1919,569.44
Country_41,1920,573.24
Country_41,1921,575.2
Country_41,1922,576.62
Country_41,1923,581.68
Country_41,1924,571.94
Country_41,1925,574.43
Country_41,1926,584.04
Country_41,1927,567.82
Country_41,1928,574.01
Country_41,1929,575.3
Country_41,1930,572.88
Country_41,1931,576.13
Country_41,1932,572.51
Country_41,1933,567.14
Country_41,1934,575.63
Country_41,1935,577.51
Country_41,1936,566.73
Country_41,1937,575.85
Country_41,1938,580.87
Country_41,1939,586.94
Country_41,1940,573.17
Country_41,1941,573.85
Country_41,1942,563.8
Country_41,1943,573.03
Country_41,1944,562.78
Country_41,1945,575.12
Country_41,1946,577.23
Country_41,1947,577.41
Country_41,1948,568.99
Country_41,1949,574.97
Country_41,1950,583.13
Country_41,1951,601.42
Country_41,1952,620.86
Country_41,1953,622.0
Country_41,1954,650.1
Country_41,1955,669.59
Country_41,1956,701.8
Country_41,1957,732.24
Country_41,1958,763.97
Country_41,1959,773.16
Country_41,1960,801.12
Country_41,1961,837.66
Country_41,1962,841.32
Country_41,1963,881.55
Country_41,1964,920.35
Country_41,1965,974.02
Country_41,1966,1011.67
Country_41,1967,1028.79
Country_41,1968,1043.25
Country_41,1969,1059.18
Country_41,1970,1095.11
Country_41,1971,1133.62
Country_41,1972,1165.08
Country_41,1973,1204.12
Country_41,1974,1240.59
Country_41,1975,1275.26
Country_41,1976,1316.39
Country_41,1977,1328.31
Country_41,1978,1393.71
Country_41,1979,1464.4
Country_41,1980,1526.27
Country_41,1981,1587.8
Country_41,1982,1657.17
Country_41,1983,1673.87
Country_41,1984,1737.73
Country_41,1985,1810.0
Country_41,1986,1829.65
Country_41,1987,1873.61
Country_41,1988,1903.51
Country_41,1989,1943.83
Country_41,1990,1960.32
Country_41,1991,1994.54
Country_41,1992,2015.63
Country_41,1993,2070.66
Country_41,1994,2118.3
Country_41,1995,2165.85
Country_41,1996,2199.3
Country_41,1997,2244.05
Country_41,1998,2329.0
Country_41,1999,2405.52
Country_41,2000,2467.86
Country_41,2001,2573.44
Country_41,2002,2627.57
Country_41,2003,2730.14
Country_41,2004,2764.54
Country_41,2005,2875.34
Country_41,2006,2938.05
Country_41,2007,3064.38
Country_41,2008,3113.99
Country_41,2009,3217.98
Country_41,2010,3286.71
Country_41,2011,3375.65
Country_41,2012,3509.16
Country_41,2013,3646.73
Country_41,2014,3801.76
Country_41,2015,3970.36
Country_41,2016,4139.61
Country_41,2017,4252.27
Country_41,2018,4443.84
Country_41,2019,4559.08
Country_41,2020,4690.77
Country_41,2021,4815.82
Country_41,2022,4971.97
Country_41,2023,5029.22
Country_42,1900,432.85
Country_42,1901,432.38
Country_42,1902,444.68
Country_42,1903,436.69
Country_42,1904,433.05
Country_42,1905,437.56
Country_42,1906,434.7
Country_42,1907,445.03
Country_42,1908,439.41
Country_42,1909,439.56
Country_42,1910,429.59
Country_42,1911,441.88
Country_42,1912,435.91
Country_42,1913,433.7
Country_42,1914,435.64
Country_42,1915,439.18
Country_42,1916,434.62
Country_42,1917,435.79
Country_42,1918,433.79
Country_42,1919,434.04
Country_42,1920,435.82
Country_42,1921,432.48
Country_42,1922,437.62
Country_42,1923,443.2
Country_42,1924,440.03
Country_42,1925,432.42
Country_42,1926,436.23
Country_42,1927,433.18
Country_42,1928,434.8
Country_42,1929,436.76
Country_42,1930,437.08
Country_42,1931,438.96
Country_42,1932,441.21
Country_42,1933,435.58
Country_42,1934,427.35
Country_42,1935,433.82
Country_42,1936,433.49
Country_42,1937,433.54
Country_42,1938,427.46
Country_42,1939,440.28
Country_42,1940,433.82
Country_42,1941,436.99
Country_42,1942,431.32
Country_42,1943,439.02
Country_42,1944,424.93
Country_42,1945,439.87
Country_42,1946,438.22
Country_42,1947,439.78
Country_42,1948,437.84
Country_42,1949,445.29
Country_42,1950,462.8
Country_42,1951,475.42
Country_42,1952,480.23
Country_42,1953,487.93
Country_42,1954,506.93
Country_42,1955,531.22
Country_42,1956,556.14
Country_42,1957,574.59
Country_42,1958,584.85
Country_42,1959,597.72
Country_42,1960,629.75
Country_42,1961,657.74
Country_42,1962,672.68
Country_42,1963,685.59
Country_42,1964,703.67
Country_42,1965,735.57
Country_42,1966,761.14
Country_42,1967,773.91
Country_42,1968,793.57
Country_42,1969,815.97
Country_42,1970,833.69
Country_42,1971,865.95
Country_42,1972,896.24
Country_42,1973,924.93
Country_42,1974,956.97
Country_42,1975,975.38
Country_42,1976,1010.24
Country_42,1977,1024.32
Country_42,1978,1034.71
Country_42,1979,1090.7
Country_42,1980,1116.61
Country_42,1981,1138.52
Country_42,1982,1186.45
Country_42,1983,1234.38
Country_42,1984,1252.89
Country_42,1985,1296.44
Country_42,1986,1355.89
Country_42,1987,1391.89
Country_42,1988,1414.62
Country_42,1989,1452.69
Country_42,1990,1495.33
Country_42,1991,1522.97
Country_42,1992,1541.53
Country_42,1993,1613.51
Country_42,1994,1644.24
Country_42,1995,1723.54
Country_42,1996,1789.99
Country_42,1997,1812.0
Country_42,1998,1833.82
Country_42,1999,1874.28
Country_42,2000,1919.91
Country_42,2001,1998.42
Country_42,2002,2091.43
Country_42,2003,2144.92
Country_42,2004,2187.9
Country_42,2005,2219.42
Country_42,2006,2306.33
Country_42,2007,2366.98
Country_42,2008,2463.39
Country_42,2009,2570.66
Country_42,2010,2637.82
Country_42,2011,2703.43
Country_42,2012,2748.35
Country_42,2013,2787.3
Country_42,2014,2847.63
Country_42,2015,2880.54
Country_42,2016,2961.27
Country_42,2017,3070.05
Country_42,2018,3173.02
Country_42,2019,3247.53
Country_42,2020,3378.43
Country_42,2021,3417.96
Country_42,2022,3522.88
Country_42,2023,3565.4
Country_43,1900,824.02
Country_43,1901,826.64
Country_43,1902,835.02
Country_43,1903,831.66
Country_43,1904,824.86
Country_43,1905,821.01
Country_43,1906,821.8
Country_43,1907,833.93
Country_43,1908,828.94
Country_43,1909,830.29
Country_43,1910,835.02
Country_43,1911,816.07
Country_43,1912,828.49
Country_43,1913,827.1
Country_43,1914,832.94
Country_43,1915,831.36
Country_43,1916,833.01
Country_43,1917,830.82
Country_43,1918,833.74
Country_43,1919,823.93
Country_43,1920,833.61
Country_43,1921,826.87
Country_43,1922,825.74
Country_43,1923,822.32
Country_43,1924,829.48
Country_43,1925,828.17
Country_43,1926,823.99
Country_43,1927,833.0
Country_43,1928,831.1
Country_43,1929,818.29
Country_43,1930,827.42
Country_43,1931,837.62
Country_43,1932,824.92
Country_43,1933,831.88
Country_43,1934,828.34
Country_43,1935,825.84
Country_43,1936,825.84
Country_43,1937,833.91
Country_43,1938,828.72
Country_43,1939,828.19
Country_43,1940,826.66
Country_43,1941,823.42
Country_43,1942,826.79
Country_43,1943,821.51
Country_43,1944,828.85
Country_43,1945,829.85
Country_43,1946,820.24
Country_43,1947,828.04
Country_43,1948,823.37
Country_43,1949,828.13
Country_43,1950,850.97
Country_43,1951,879.37
Country_43,1952,889.75
Country_43,1953,902.93
Country_43,1954,924.36
Country_43,1955,953.21
Country_43,1956,985.36
Country_43,1957,1026.54
Country_43,1958,1060.1
Country_43,1959,1091.68
Country_43,1960,1130.27
Country_43,1961,1159.1
Country_43,1962,1199.79
Country_43,1963,1209.3
Country_43,1964,1224.89
Country_43,1965,1240.09
Country_43,1966,1291.04
Country_43,1967,1361.63
Country_43,1968,1378.43
Country_43,1969,1441.95
Country_43,1970,1471.22
Country_43,1971,1508.92
Country_43,1972,1558.57
Country_43,1973,1570.93
Country_43,1974,1659.64
Country_43,1975,1692.68
Country_43,1976,1766.19
Country_43,1977,1787.55
Country_43,1978,1853.11
Country_43,1979,1863.39
Country_43,1980,1949.17
Country_43,1981,2033.65
Country_43,1982,2121.92
Country_43,1983,2146.45
Country_43,1984,2165.87
Country_43,1985,2233.25
Country_43,1986,2304.62
Country_43,1987,2362.63
Country_43,1988,2470.22
Country_43,1989,2568.73
Country_43,1990,2682.38
Country_43,1991,2806.54
Country_43,1992,2933.95
Country_43,1993,2968.72
Country_43,1994,3018.95
Country_43,1995,3122.33
Country_43,1996,3257.83
Country_43,1997,3342.5
Country_43,1998,3501.28
Country_43,1999,3658.83
Country_43,2000,3837.48
Country_43,2001,3937.21
Country_43,2002,4067.91
Country_43,2003,4271.01
Country_43,2004,4483.08
Country_43,2005,4645.16
Country_43,2006,4796.04
Country_43,2007,4960.21
Country_43,2008,5212.81
Country_43,2009,5371.28
Country_43,2010,5571.13
Country_43,2011,5631.42
Country_43,2012,5756.32
Country_43,2013,5854.57
Country_43,2014,6058.86
Country_43,2015,6235.63
Country_43,2016,6501.41
Country_43,2017,6653.58
Country_43,2018,6988.61
Country_43,2019,7177.15
Country_43,2020,7353.64
Country_43,2021,7465.68
Country_43,2022,7673.97
Country_43,2023,8026.48
Country_44,1900,585.03
Country_44,1901,595.31
Country_44,1902,593.1
Country_44,1903,588.54
Country_44,1904,574.34
Country_44,1905,578.9
Country_44,1906,584.39
Country_44,1907,584.83
Country_44,1908,582.05
Country_44,1909,588.26
Country_44,1910,591.7
Country_44,1911,589.15
Country_44,1912,587.5
Country_44,1913,587.96
Country_44,1914,584.67
Country_44,1915,586.59
Country_44,1916,590.57
Country_44,1917,578.76
Country_44,1918,582.19
Country_44,1919,591.52
Country_44,1920,591.71
Country_44,1921,586.3
Country_44,1922,582.98
Country_44,1923,586.35
Country_44,1924,586.21
Country_44,1925,592.73
Country_44,1926,586.18
Country_44,1927,583.63
Country_44,1928,586.45
Country_44,1929,592.19
Country_44,1930,580.07
Country_44,1931,591.78
Country_44,1932,599.08
Country_44,1933,591.91
Country_44,1934,585.18
Country_44,1935,581.96
Country_44,1936,596.0
Country_44,1937,585.69
Country_44,1938,591.04
Country_44,1939,580.32
Country_44,1940,594.15
Country_44,1941,589.29
Country_44,1942,589.82
Country_44,1943,588.27
Country_44,1944,593.01
Country_44,1945,584.63
Country_44,1946,591.52
Country_44,1947,587.48
Country_44,1948,591.54
Country_44,1949,582.35
Country_44,1950,612.53
Country_44,1951,635.75
Country_44,1952,662.34
Country_44,1953,680.85
Country_44,1954,680.35
Country_44,1955,707.82
Country_44,1956,733.14
Country_44,1957,774.12
Country_44,1958,786.27
Country_44,1959,802.78
Country_44,1960,832.29
Country_44,1961,859.86
Country_44,1962,899.51
Country_44,1963,922.44
Country_44,1964,967.28
Country_44,1965,998.19
Country_44,1966,1043.86
Country_44,1967,1074.08
Country_44,1968,1083.81
Country_44,1969,1103.87
Country_44,1970,1159.11
Country_44,1971,1215.07
Country_44,1972,1261.46
Country_44,1973,1290.29
Country_44,1974,1358.14
Country_44,1975,1364.31
Country_44,1976,1398.49
Country_44,1977,1450.23
Country_44,1978,1481.2
Country_44,1979,1530.67
Country_44,1980,1558.37
Country_44,1981,1604.29
Country_44,1982,1645.62
Country_44,1983,1714.85
Country_44,1984,1764.74
Country_44,1985,1846.16
Country_44,1986,1930.83
Country_44,1987,1972.19
Country_44,1988,2049.74
Country_44,1989,2086.65
Country_44,1990,2108.38
Country_44,1991,2209.93
Country_44,1992,2312.64
Country_44,1993,2392.48
Country_44,1994,2434.56
Country_44,1995,2467.87
Country_44,1996,2565.91
Country_44,1997,2663.37
Country_44,1998,2791.83
Country_44,1999,2819.68
Country_44,2000,2876.48
Country_44,2001,2914.71
Country_44,2002,3055.32
Country_44,2003,3149.52
Country_44,2004,3275.05
Country_44,2005,3340.08
Country_44,2006,3370.41
Country_44,2007,3489.83
Country_44,2008,3583.06
Country_44,2009,3710.06
Country_44,2010,3833.82
Country_44,2011,3890.41
Country_44,2012,3971.04
Country_44,2013,4099.53
Country_44,2014,4245.89
Country_44,2015,4354.46
Country_44,2016,4436.57
Country_44,2017,4481.98
Country_44,2018,4715.29
Country_44,2019,4872.18
Country_44,2020,5033.03
Country_44,2021,5212.67
Country_44,2022,5346.45
Country_44,2023,5556.38
Country_45,1900,959.01
Country_45,1901,970.92
Country_45,1902,958.54
Country_45,1903,971.49
Country_45,1904,964.73
Country_45,1905,968.97
Country_45,1906,961.61
Country_45,1907,968.07
Country_45,1908,956.64
Country_45,1909,960.63
Country_45,1910,963.92
Country_45,1911,972.8
Country_45,1912,959.49
Country_45,1913,973.61
Country_45,1914,965.35
Country_45,1915,964.53
Country_45,1916,963.13
Country_45,1917,953.13
Country_45,1918,963.82
Country_45,1919,963.93
Country_45,1920,962.23
Country_45,1921,956.69
Country_45,1922,959.86
Country_45,1923,961.42
Country_45,1924,961.65
Country_45,1925,957.82
Country_45,1926,969.05
Country_45,1927,956.93
Country_45,1928,964.29
Country_45,1929,960.98
Country_45,1930,962.38
Country_45,1931,961.86
Country_45,1932,971.08
Country_45,1933,960.06
Country_45,1934,968.88
Country_45,1935,972.44
Country_45,1936,969.14
Country_45,1937,965.57
Country_45,1938,958.47
Country_45,1939,959.08
Country_45,1940,956.59
Country_45,1941,958.1
Country_45,1942,967.17
Country_45,1943,959.02
Country_45,1944,965.06
Country_45,1945,963.81
Country_45,1946,965.1
Country_45,1947,962.97
Country_45,1948,965.28
Country_45,1949,963.74
Country_45,1950,1000.35
Country_45,1951,1012.2
Country_45,1952,1065.28
Country_45,1953,1096.09
Country_45,1954,1107.07
Country_45,1955,1151.83
Country_45,1956,1173.77
Country_45,1957,1233.85
Country_45,1958,1271.2
Country_45,1959,1292.09
Country_45,1960,1308.19
Country_45,1961,1334.85
Country_45,1962,1385.45
Country_45,1963,1421.64
Country_45,1964,1457.66
Country_45,1965,1510.76
Country_45,1966,1565.55
Country_45,1967,1611.4
Country_45,1968,1680.82
Country_45,1969,1755.42
Country_45,1970,1815.7
Country_45,1971,1866.25
Country_45,1972,1956.43
Country_45,1973,1987.71
Country_45,1974,2067.61
Country_45,1975,2167.8
Country_45,1976,2245.2
Country_45,1977,2300.25
Country_45,1978,2412.69
Country_45,1979,2461.65
Country_45,1980,2578.96
Country_45,1981,2607.1
Country_45,1982,2724.95
Country_45,1983,2791.27
Country_45,1984,2818.07
Country_45,1985,2874.75
Country_45,1986,2963.71
Country_45,1987,3084.96
Country_45,1988,3241.62
Country_45,1989,3344.55
Country_45,1990,3499.0
Country_45,1991,3570.27
Country_45,1992,3619.69
Country_45,1993,3773.05
Country_45,1994,3936.89
Country_45,1995,4057.22
Country_45,1996,4239.96
Country_45,1997,4356.5
Country_45,1998,4474.51
Country_45,1999,4548.66
Country_45,2000,4665.95
Country_45,2001,4883.73
Country_45,2002,5110.09
Country_45,2003,5193.39
Country_45,2004,5439.97
Country_45,2005,5644.85
Country_45,2006,5725.23
Country_45,2007,5909.64
Country_45,2008,6004.65
Country_45,2009,6170.18
Country_45,2010,6408.25
Country_45,2011,6596.16
Country_45,2012,6787.1
Country_45,2013,6941.89
Country_45,2014,7099.95
Country_45,2015,7244.29
Country_45,2016,7342.09
Country_45,2017,7664.52
Country_45,2018,8042.7
Country_45,2019,8364.92
Country_45,2020,8700.38
Country_45,2021,8928.51
Country_45,2022,9303.23
Country_45,2023,9573.94
Country_46,1900,38.2
Country_46,1901,41.17
Country_46,1902,41.44
Country_46,1903,37.17
Country_46,1904,45.7
Country_46,1905,41.69
Country_46,1906,35.46
Country_46,1907,46.33
Country_46,1908,37.68
Country_46,1909,33.11
Country_46,1910,43.98
Country_46,1911,41.44
Country_46,1912,39.73
Country_46,1913,51.03
Country_46,1914,35.8
Country_46,1915,32.86
Country_46,1916,35.9
Country_46,1917,37.71
Country_46,1918,37.85
Country_46,1919,43.16
Country_46,1920,47.61
Country_46,1921,42.66
Country_46,1922,41.81
Country_46,1923,33.43
Country_46,1924,28.73
Country_46,1925,39.77
Country_46,1926,34.81
Country_46,1927,40.7
Country_46,1928,41.36
Country_46,1929,43.51
Country_46,1930,47.14
Country_46,1931,42.04
Country_46,1932,42.78
Country_46,1933,46.09
Country_46,1934,52.57
Country_46,1935,36.38
Country_46,1936,37.3
Country_46,1937,41.4
Country_46,1938,39.85
Country_46,1939,38.42
Country_46,1940,36.69
Country_46,1941,36.97
Country_46,1942,41.59
Country_46,1943,47.7
Country_46,1944,39.83
Country_46,1945,51.11
Country_46,1946,42.43
Country_46,1947,40.81
Country_46,1948,40.88
Country_46,1949,42.6
Country_46,1950,38.26
Country_46,1951,46.95
Country_46,1952,41.87
Country_46,1953,44.28
Country_46,1954,49.32
Country_46,1955,52.29
Country_46,1956,60.27
Country_46,1957,56.24
Country_46,1958,54.87
Country_46,1959,60.92
Country_46,1960,59.03
Country_46,1961,58.12
Country_46,1962,63.86
Country_46,1963,62.34
Country_46,1964,72.94
Country_46,1965,73.44
Country_46,1966,68.5
Country_46,1967,74.16
Country_46,1968,81.8
Country_46,1969,73.13
Country_46,1970,82.37
Country_46,1971,91.92
Country_46,1972,95.58
Country_46,1973,99.18
Country_46,1974,92.08
Country_46,1975,103.33
Country_46,1976,101.88
Country_46,1977,87.62
Country_46,1978,92.14
Country_46,1979,99.9
Country_46,1980,109.55
Country_46,1981,112.83
Country_46,1982,112.89
Country_46,1983,109.29
Country_46,1984,119.43
Country_46,1985,126.1
Country_46,1986,127.48
Country_46,1987,126.06
Country_46,1988,130.99
Country_46,1989,129.13
Country_46,1990,133.0
Country_46,1991,137.61
Country_46,1992,152.55
Country_46,1993,149.32
Country_46,1994,159.41
Country_46,1995,163.94
Country_46,1996,162.19
Country_46,1997,170.88
Country_46,1998,190.87
Country_46,1999,196.26
Country_46,2000,185.23
Country_46,2001,206.42
Country_46,2002,217.36
Country_46,2003,219.23
Country_46,2004,238.71
Country_46,2005,220.91
Country_46,2006,230.35
Country_46,2007,241.28
Country_46,2008,249.17
Country_46,2009,257.79
Country_46,2010,267.26
Country_46,2011,268.99
Country_46,2012,293.34
Country_46,2013,290.74
Country_46,2014,289.88
Country_46,2015,299.87
Country_46,2016,305.84
Country_46,2017,323.53
Country_46,2018,323.66
Country_46,2019,333.55
Country_46,2020,340.61
Country_46,2021,357.93
Country_46,2022,366.11
Country_46,2023,377.88
Country_47,1900,30.92
Country_47,1901,34.48
Country_47,1902,40.93
Country_47,1903,36.91
Country_47,1904,39.21
Country_47,1905,42.74
Country_47,1906,39.45
Country_47,1907,41.28
Country_47,1908,35.01
Country_47,1909,37.49
Country_47,1910,50.37
Country_47,1911,37.67
Country_47,1912,33.27
Country_47,1913,40.96
Country_47,1914,41.23
Country_47,1915,40.82
Country_47,1916,34.87
Country_47,1917,31.47
Country_47,1918,42.77
Country_47,1919,41.0
Country_47,1920,27.74
Country_47,1921,29.84
Country_47,1922,40.53
Country_47,1923,30.58
Country_47,1924,35.35
Country_47,1925,37.99
Country_47,1926,35.93
Country_47,1927,29.17
Country_47,1928,46.96
Country_47,1929,39.36
Country_47,1930,36.82
Country_47,1931,31.41
Country_47,1932,37.53
Country_47,1933,38.2
Country_47,1934,31.26
Country_47,1935,41.44
Country_47,1936,43.62
Country_47,1937,29.34
Country_47,1938,37.95
Country_47,1939,34.99
Country_47,1940,37.25
Country_47,1941,35.61
Country_47,1942,33.08
Country_47,1943,49.44
Country_47,1944,38.76
Country_47,1945,34.6
Country_47,1946,29.31
Country_47,1947,41.47
Country_47,1948,44.86
Country_47,1949,39.21
Country_47,1950,36.4
Country_47,1951,37.41
Country_47,1952,38.19
Country_47,1953,37.27
Country_47,1954,50.29
Country_47,1955,42.5
Country_47,1956,37.94
Country_47,1957,51.43
Country_47,1958,38.38
Country_47,1959,44.76
Country_47,1960,50.07
Country_47,1961,48.82
Country_47,1962,53.91
Country_47,1963,48.92
Country_47,1964,62.85
Country_47,1965,62.85
Country_47,1966,62.85
Country_47,1967,56.55
Country_47,1968,58.55
Country_47,1969,61.5
Country_47,1970,59.03
Country_47,1971,55.81
Country_47,1972,77.06
Country_47,1973,64.18
Country_47,1974,72.15
Country_47,1975,72.77
Country_47,1976,73.62
Country_47,1977,85.48
Country_47,1978,79.39
Country_47,1979,77.93
Country_47,1980,86.89
Country_47,1981,91.8
Country_47,1982,87.6
Country_47,1983,91.29
Country_47,1984,93.07
Country_47,1985,106.2
Country_47,1986,91.57
Country_47,1987,106.47
Country_47,1988,114.74
Country_47,1989,119.08
Country_47,1990,122.32
Country_47,1991,120.97
Country_47,1992,118.74
Country_47,1993,118.65
Country_47,1994,125.86
Country_47,1995,131.63
Country_47,1996,127.09
Country_47,1997,134.51
Country_47,1998,140.62
Country_47,1999,154.04
Country_47,2000,152.6
Country_47,2001,159.63
Country_47,2002,156.39
Country_47,2003,161.05
Country_47,2004,171.19
Country_47,2005,171.84
Country_47,2006,178.47
Country_47,2007,184.03
Country_47,2008,196.33
Country_47,2009,194.78
Country_47,2010,207.91
Country_47,2011,222.29
Country_47,2012,217.27
Country_47,2013,222.3
Country_47,2014,228.49
Country_47,2015,229.3
Country_47,2016,241.9
Country_47,2017,260.12
Country_47,2018,256.74
Country_47,2019,271.21
Country_47,2020,267.46
Country_47,2021,280.71
Country_47,2022,280.87
Country_47,2023,306.32
Country_48,1900,268.16
Country_48,1901,279.92
Country_48,1902,275.23
Country_48,1903,268.05
Country_48,1904,282.01
Country_48,1905,271.2
Country_48,1906,266.92
Country_48,1907,278.03
Country_48,1908,270.42
Country_48,1909,263.71
Country_48,1910,266.18
Country_48,1911,275.85
Country_48,1912,274.43
Country_48,1913,272.47
Country_48,1914,267.89
Country_48,1915,278.02
Country_48,1916,279.46
Country_48,1917,272.99
Country_48,1918,266.8
Country_48,1919,266.98
Country_48,1920,276.85
Country_48,1921,265.45
Country_48,1922,274.59
Country_48,1923,271.99
Country_48,1924,274.39
Country_48,1925,283.69
Country_48,1926,270.41
Country_48,1927,273.25
Country_48,1928,273.09
Country_48,1929,265.58
Country_48,1930,271.3
Country_48,1931,265.15
Country_48,1932,265.12
Country_48,1933,273.6
Country_48,1934,271.67
Country_48,1935,279.64
Country_48,1936,266.32
Country_48,1937,261.29
Country_48,1938,263.0
Country_48,1939,271.28
Country_48,1940,278.32
Country_48,1941,266.68
Country_48,1942,275.16
Country_48,1943,266.29
Country_48,1944,269.89
Country_48,1945,270.53
Country_48,1946,272.44
Country_48,1947,275.99
Country_48,1948,278.91
Country_48,1949,270.46
Country_48,1950,282.45
Country_48,1951,291.1
Country_48,1952,287.83
Country_48,1953,299.25
Country_48,1954,312.12
Country_48,1955,319.27
Country_48,1956,321.84
Country_48,1957,343.05
Country_48,1958,339.77
Country_48,1959,339.16
Country_48,1960,349.46
Country_48,1961,375.85
Country_48,1962,389.88
Country_48,1963,410.3
Country_48,1964,432.95
Country_48,1965,433.65
Country_48,1966,438.43
Country_48,1967,450.23
Country_48,1968,467.55
Country_48,1969,478.97
Country_48,1970,493.36
Country_48,1971,501.39
Country_48,1972,508.47
Country_48,1973,521.55
Country_48,1974,537.83
Country_48,1975,556.28
Country_48,1976,569.97
Country_48,1977,569.4
Country_48,1978,586.64
Country_48,1979,594.93
Country_48,1980,619.34
Country_48,1981,635.34
Country_48,1982,664.36
Country_48,1983,669.31
Country_48,1984,686.06
Country_48,1985,712.94
Country_48,1986,744.25
Country_48,1987,774.89
Country_48,1988,796.6
Country_48,1989,825.04
Country_48,1990,841.43
Country_48,1991,857.41
Country_48,1992,901.15
Country_48,1993,924.25
Country_48,1994,957.95
Country_48,1995,983.29
Country_48,1996,1038.77
Country_48,1997,1050.22
Country_48,1998,1088.27
Country_48,1999,1123.42
Country_48,2000,1165.05
Country_48,2001,1199.14
Country_48,2002,1242.66
Country_48,2003,1280.83
Country_48,2004,1290.02
Country_48,2005,1319.77
Country_48,2006,1384.91
Country_48,2007,1448.38
Country_48,2008,1482.89
Country_48,2009,1530.42
Country_48,2010,1588.1
Country_48,2011,1651.14
Country_48,2012,1682.74
Country_48,2013,1763.34
Country_48,2014,1829.4
Country_48,2015,1867.46
Country_48,2016,1907.32
Country_48,2017,1956.71
Country_48,2018,2026.84
Country_48,2019,2107.6
Country_48,2020,2208.83
Country_48,2021,2312.08
Country_48,2022,2376.49
Country_48,2023,2428.14
Country_49,1900,759.35
Country_49,1901,752.43
Country_49,1902,755.45
Country_49,1903,755.57
Country_49,1904,752.49
Country_49,1905,749.45
Country_49,1906,762.05
Country_49,1907,752.18
Country_49,1908,749.76
Country_49,1909,743.09
Country_49,1910,759.27
Country_49,1911,765.6
Country_49,1912,757.36
Country_49,1913,764.69
Country_49,1914,753.52
Country_49,1915,760.01
Country_49,1916,744.97
Country_49,1917,755.45
Country_49,1918,770.15
Country_49,1919,759.18
Country_49,1920,756.65
Country_49,1921,761.0
Country_49,1922,754.13
Country_49,1923,755.69
Country_49,1924,751.45
Country_49,1925,755.56
Country_49,1926,751.2
Country_49,1927,759.93
Country_49,1928,757.79
Country_49,1929,759.36
Country_49,1930,752.66
Country_49,1931,767.25
Country_49,1932,762.89
Country_49,1933,765.46
Country_49,1934,757.08
Country_49,1935,765.68
Country_49,1936,758.13
Country_49,1937,752.15
Country_49,1938,749.87
Country_49,1939,759.88
Country_49,1940,763.31
Country_49,1941,758.66
Country_49,1942,765.97
Country_49,1943,765.21
Country_49,1944,763.49
Country_49,1945,758.97
Country_49,1946,761.73
Country_49,1947,760.33
Country_49,1948,755.89
Country_49,1949,755.7
Country_49,1950,786.01
Country_49,1951,811.46
Country_49,1952,840.99
Country_49,1953,876.43
Country_49,1954,893.53
Country_49,1955,935.64
Country_49,1956,976.62
Country_49,1957,991.91
Country_49,1958,1012.6
Country_49,1959,1066.56
Country_49,1960,1072.66
Country_49,1961,1112.78
Country_49,1962,1156.68
Country_49,1963,1203.84
Country_49,1964,1219.49
Country_49,1965,1242.91
Country_49,1966,1285.8
Country_49,1967,1346.87
Country_49,1968,1409.6
Country_49,1969,1440.37
Country_49,1970,1459.35
Country_49,1971,1528.05
Country_49,1972,1577.71
Country_49,1973,1632.88
Country_49,1974,1645.34
Country_49,1975,1678.62
Country_49,1976,1754.25
Country_49,1977,1824.12
Country_49,1978,1845.32
Country_49,1979,1891.12
Country_49,1980,1965.29
Country_49,1981,2007.57
Country_49,1982,2066.99
Country_49,1983,2141.6
Country_49,1984,2229.57
Country_49,1985,2310.43
Country_49,1986,2381.2
Country_49,1987,2462.67
Country_49,1988,2573.02
Country_49,1989,2620.93
Country_49,1990,2697.91
Country_49,1991,2806.99
Country_49,1992,2861.52
Country_49,1993,2916.08
Country_49,1994,3029.29
Country_49,1995,3075.22
Country_49,1996,3205.58
Country_49,1997,3347.04
Country_49,1998,3389.92
Country_49,1999,3509.08
Country_49,2000,3627.43
Country_49,2001,3809.69
Country_49,2002,3974.74
Country_49,2003,4017.58
Country_49,2004,4094.1
Country_49,2005,4179.34
Country_49,2006,4241.9
Country_49,2007,4310.68
Country_49,2008,4478.28
Country_49,2009,4611.39
Country_49,2010,4778.32
Country_49,2011,4897.46
Country_49,2012,5058.83
Country_49,2013,5226.31
Country_49,2014,5324.89
Country_49,2015,5506.1
Country_49,2016,5701.29
Country_49,2017,5905.11
Country_49,2018,6096.81
Country_49,2019,6270.08
Country_49,2020,6346.66
Country_49,2021,6481.49
Country_49,2022,6690.0
Country_49,2023,6915.82
Country_50,1900,788.55
Country_50,1901,788.03
Country_50,1902,780.01
Country_50,1903,783.46
Country_50,1904,783.07
Country_50,1905,783.09
Country_50,1906,791.29
Country_50,1907,782.17
Country_50,1908,782.74
Country_50,1909,786.58
Country_50,1910,788.97
Country_50,1911,785.68
Country_50,1912,785.9
Country_50,1913,780.53
Country_50,1914,782.8
Country_50,1915,788.89
Country_50,1916,792.12
Country_50,1917,783.9
Country_50,1918,784.49
Country_50,1919,787.7
Country_50,1920,787.76
Country_50,1921,780.2
Country_50,1922,783.47
Country_50,1923,788.38
Country_50,1924,786.82
Country_50,1925,788.17
Country_50,1926,797.87
Country_50,1927,788.98
Country_50,1928,780.59
Country_50,1929,780.4
Country_50,1930,778.35
Country_50,1931,782.13
Country_50,1932,790.25
Country_50,1933,783.39
Country_50,1934,782.74
Country_50,1935,784.73
Country_50,1936,773.83
Country_50,1937,784.04
Country_50,1938,780.55
Country_50,1939,797.7
Country_50,1940,784.32
Country_50,1941,785.04
Country_50,1942,784.04
Country_50,1943,779.11
Country_50,1944,783.45
Country_50,1945,788.53
Country_50,1946,785.82
Country_50,1947,782.85
Country_50,1948,785.09
Country_50,1949,784.24
Country_50,1950,815.61
Country_50,1951,849.52
Country_50,1952,885.11
Country_50,1953,918.13
Country_50,1954,956.18
Country_50,1955,987.84
Country_50,1956,1003.83
Country_50,1957,1037.99
Country_50,1958,1066.42
Country_50,1959,1095.64
Country_50,1960,1124.25
Country_50,1961,1191.8
Country_50,1962,1215.08
Country_50,1963,1254.85
Country_50,1964,1273.16
Country_50,1965,1299.85
Country_50,1966,1326.12
Country_50,1967,1363.45
Country_50,1968,1415.28
Country_50,1969,1441.87
Country_50,1970,1452.25
Country_50,1971,1500.73
Country_50,1972,1532.38
Country_50,1973,1594.09
Country_50,1974,1658.54
Country_50,1975,1699.26
Country_50,1976,1753.07
Country_50,1977,1789.52
Country_50,1978,1836.92
Country_50,1979,1872.42
Country_50,1980,1907.29
Country_50,1981,1932.56
Country_50,1982,2012.62
Country_50,1983,2043.31
Country_50,1984,2138.28
Country_50,1985,2229.67
Country_50,1986,2334.41
Country_50,1987,2361.78
Country_50,1988,2409.9
Country_50,1989,2457.15
Country_50,1990,2506.61
Country_50,1991,2528.08
Country_50,1992,2613.36
Country_50,1993,2718.74
Country_50,1994,2761.22
Country_50,1995,2881.04
Country_50,1996,2979.29
Country_50,1997,3136.53
Country_50,1998,3189.02
Country_50,1999,3253.58
Country_50,2000,3401.82
Country_50,2001,3473.19
Country_50,2002,3556.12
Country_50,2003,3650.61
Country_50,2004,3830.76
Country_50,2005,3989.62
Country_50,2006,4045.26
Country_50,2007,4163.77
Country_50,2008,4259.83
Country_50,2009,4334.36
Country_50,2010,4502.69
Country_50,2011,4673.02
Country_50,2012,4879.29
Country_50,2013,5029.62
Country_50,2014,5256.97
Country_50,2015,5444.78
Country_50,2016,5600.47
Country_50,2017,5693.05
Country_50,2018,5895.04
Country_50,2019,6046.63
Country_50,2020,6099.24
Country_50,2021,6357.73
Country_50,2022,6638.21
Country_50,2023,6862.3
Country_51,1900,233.81
Country_51,1901,223.22
Country_51,1902,233.31
Country_51,1903,229.38
Country_51,1904,227.07
Country_51,1905,237.09
Country_51,1906,236.07
Country_51,1907,245.44
Country_51,1908,238.09
Country_51,1909,233.97
Country_51,1910,244.41
Country_51,1911,244.52
Country_51,1912,230.35
Country_51,1913,245.03
Country_51,1914,239.29
Country_51,1915,233.0
Country_51,1916,238.29
Country_51,1917,240.78
Country_51,1918,229.45
Country_51,1919,240.81
Country_51,1920,237.28
Country_51,1921,238.4
Country_51,1922,240.17
Country_51,1923,236.47
Country_51,1924,242.29
Country_51,1925,235.84
Country_51,1926,238.2
Country_51,1927,231.1
Country_51,1928,243.98
Country_51,1929,241.64
Country_51,1930,232.53
Country_51,1931,235.01
Country_51,1932,232.49
Country_51,1933,226.99
Country_51,1934,232.02
Country_51,1935,224.06
Country_51,1936,233.81
Country_51,1937,232.24
Country_51,1938,232.18
Country_51,1939,232.22
Country_51,1940,234.99
Country_51,1941,236.16
Country_51,1942,227.23
Country_51,1943,242.83
Country_51,1944,233.16
Country_51,1945,232.14
Country_51,1946,238.26
Country_51,1947,236.68
Country_51,1948,228.74
Country_51,1949,229.56
Country_51,1950,233.09
Country_51,1951,241.86
Country_51,1952,249.52
Country_51,1953,258.97
Country_51,1954,266.43
Country_51,1955,282.28
Country_51,1956,282.81
Country_51,1957,280.89
Country_51,1958,287.52
Country_51,1959,304.04
Country_51,1960,322.18
Country_51,1961,333.56
Country_51,1962,349.9
Country_51,1963,359.28
Country_51,1964,369.91
Country_51,1965,390.03
Country_51,1966,394.51
Country_51,1967,389.25
Country_51,1968,413.01
Country_51,1969,413.88
Country_51,1970,414.43
Country_51,1971,427.57
Country_51,1972,441.3
Country_51,1973,458.91
Country_51,1974,474.34
Country_51,1975,482.41
Country_51,1976,501.7
Country_51,1977,508.42
Country_51,1978,518.94
Country_51,1979,527.77
Country_51,1980,540.0
Country_51,1981,557.45
Country_51,1982,574.33
Country_51,1983,569.6
Country_51,1984,594.05
Country_51,1985,628.34
Country_51,1986,643.44
Country_51,1987,673.74
Country_51,1988,679.1
Country_51,1989,692.88
Country_51,1990,726.45
Country_51,1991,739.66
Country_51,1992,761.04
Country_51,1993,774.47
Country_51,1994,806.45
Country_51,1995,825.54
Country_51,1996,872.76
Country_51,1997,874.88
Country_51,1998,917.79
Country_51,1999,965.66
Country_51,2000,992.2
Country_51,2001,1033.95
Country_51,2002,1049.17
Country_51,2003,1090.57
Country_51,2004,1141.73
Country_51,2005,1160.62
Country_51,2006,1181.58
Country_51,2007,1214.15
Country_51,2008,1232.79
Country_51,2009,1272.63
Country_51,2010,1297.42
Country_51,2011,1359.3
Country_51,2012,1408.47
Country_51,2013,1469.96
Country_51,2014,1536.22
Country_51,2015,1574.48
Country_51,2016,1643.75
Country_51,2017,1658.29
Country_51,2018,1695.15
Country_51,2019,1764.01
Country_51,2020,1813.52
Country_51,2021,1852.41
Country_51,2022,1940.53
Country_51,2023,2031.47
Country_52,1900,895.59
Country_52,1901,898.26
Country_52,1902,895.13
Country_52,1903,907.57
Country_52,1904,907.55
Country_52,1905,896.47
Country_52,1906,898.7
Country_52,1907,891.89
Country_52,1908,905.38
Country_52,1909,896.82
Country_52,1910,891.91
Country_52,1911,894.81
Country_52,1912,902.94
Country_52,1913,902.62
Country_52,1914,898.46
Country_52,1915,893.16
Country_52,1916,902.67
Country_52,1917,904.01
Country_52,1918,894.99
Country_52,1919,905.12
Country_52,1920,906.76
Country_52,1921,895.35
Country_52,1922,897.24
Country_52,1923,900.18
Country_52,1924,900.6
Country_52,1925,905.72
Country_52,1926,894.46
Country_52,1927,909.21
Country_52,1928,893.32
Country_52,1929,899.45
Country_52,1930,892.64
Country_52,1931,897.59
Country_52,1932,897.4
Country_52,1933,903.44
Country_52,1934,904.43
Country_52,1935,899.26
Country_52,1936,896.78
Country_52,1937,899.46
Country_52,1938,898.22
Country_52,1939,900.1
Country_52,1940,903.15
Country_52,1941,902.47
Country_52,1942,897.42
Country_52,1943,906.07
Country_52,1944,899.22
Country_52,1945,900.36
Country_52,1946,905.06
Country_52,1947,887.36
Country_52,1948,895.97
Country_52,1949,895.89
Country_52,1950,910.43
Country_52,1951,920.65
Country_52,1952,953.15
Country_52,1953,968.06
Country_52,1954,999.03
Country_52,1955,1016.1
Country_52,1956,1071.75
Country_52,1957,1120.23
Country_52,1958,1142.98
Country_52,1959,1151.59
Country_52,1960,1217.69
Country_52,1961,1230.11
Country_52,1962,1271.38
Country_52,1963,1279.18
Country_52,1964,1300.01
Country_52,1965,1336.37
Country_52,1966,1404.49
Country_52,1967,1449.85
Country_52,1968,1478.6
Country_52,1969,1542.3
Country_52,1970,1613.85
Country_52,1971,1664.02
Country_52,1972,1708.63
Country_52,1973,1804.26
Country_52,1974,1892.78
Country_52,1975,1915.44
Country_52,1976,1949.05
Country_52,1977,2004.39
Country_52,1978,2053.87
Country_52,1979,2144.4
Country_52,1980,2217.38
Country_52,1981,2250.17
Country_52,1982,2363.59
Country_52,1983,2428.97
Country_52,1984,2469.12
Country_52,1985,2600.48
Country_52,1986,2689.49
Country_52,1987,2731.88
Country_52,1988,2774.84
Country_52,1989,2859.99
Country_52,1990,2944.6
Country_52,1991,2986.44
Country_52,1992,3047.34
Country_52,1993,3126.01
Country_52,1994,3232.32
Country_52,1995,3368.34
Country_52,1996,3453.2
Country_52,1997,3563.94
Country_52,1998,3703.45
Country_52,1999,3872.59
Country_52,2000,3973.18
Country_52,2001,4143.18
Country_52,2002,4257.03
Country_52,2003,4462.15
Country_52,2004,4637.51
Country_52,2005,4798.9
Country_52,2006,4870.92
Country_52,2007,5003.79
Country_52,2008,5244.31
Country_52,2009,5442.8
Country_52,2010,5535.47
Country_52,2011,5795.42
Country_52,2012,5898.55
Country_52,2013,6044.53
Country_52,2014,6154.07
Country_52,2015,6417.67
Country_52,2016,6503.62
Country_52,2017,6656.53
Country_52,2018,7002.42
Country_52,2019,7202.9
Country_52,2020,7535.21
Country_52,2021,7788.57
Country_52,2022,8117.59
Country_52,2023,8318.75
Country_53,1900,605.33
Country_53,1901,595.55
Country_53,1902,605.91
Country_53,1903,601.88
Country_53,1904,604.25
Country_53,1905,601.61
Country_53,1906,603.69
Country_53,1907,599.76
Country_53,1908,606.54
Country_53,1909,608.31
Country_53,1910,605.96
Country_53,1911,607.64
Country_53,1912,604.31
Country_53,1913,599.73
Country_53,1914,601.0
Country_53,1915,608.07
Country_53,1916,609.16
Country_53,1917,600.51
Country_53,1918,605.17
Country_53,1919,595.4
Country_53,1920,604.69
Country_53,1921,600.18
Country_53,1922,609.04
Country_53,1923,600.94
Country_53,1924,603.0
Country_53,1925,607.15
Country_53,1926,598.89
Country_53,1927,602.49
Country_53,1928,602.29
Country_53,1929,593.92
Country_53,1930,605.67
Country_53,1931,603.11
Country_53,1932,594.98
Country_53,1933,608.26
Country_53,1934,600.81
Country_53,1935,597.69
Country_53,1936,605.89
Country_53,1937,598.71
Country_53,1938,595.69
Country_53,1939,605.1
Country_53,1940,605.79
Country_53,1941,596.28
Country_53,1942,593.61
Country_53,1943,609.13
Country_53,1944,595.25
Country_53,1945,605.74
Country_53,1946,607.16
Country_53,1947,604.57
Country_53,1948,614.1
Country_53,1949,602.42
Country_53,1950,608.73
Country_53,1951,623.73
Country_53,1952,644.57
Country_53,1953,663.23
Country_53,1954,675.24
Country_53,1955,690.33
Country_53,1956,706.49
Country_53,1957,731.98
Country_53,1958,748.36
Country_53,1959,762.42
Country_53,1960,783.56
Country_53,1961,807.9
Country_53,1962,842.16
Country_53,1963,885.94
Country_53,1964,924.78
Country_53,1965,934.24
Country_53,1966,981.98
Country_53,1967,989.28
Country_53,1968,1013.22
Country_53,1969,1035.75
Country_53,1970,1051.29
Country_53,1971,1083.41
Country_53,1972,1117.2
Country_53,1973,1144.15
Country_53,1974,1179.97
Country_53,1975,1202.81
Country_53,1976,1244.27
Country_53,1977,1289.33
Country_53,1978,1313.08
Country_53,1979,1346.31
Country_53,1980,1396.83
Country_53,1981,1437.59
Country_53,1982,1477.51
Country_53,1983,1495.05
Country_53,1984,1545.92
Country_53,1985,1583.38
Country_53,1986,1639.75
Country_53,1987,1659.26
Country_53,1988,1727.96
Country_53,1989,1776.27
Country_53,1990,1792.8
Country_53,1991,1855.42
Country_53,1992,1875.63
Country_53,1993,1940.26
Country_53,1994,1983.18
Country_53,1995,2039.93
Country_53,1996,2073.51
Country_53,1997,2119.45
Country_53,1998,2223.46
Country_53,1999,2298.0
Country_53,2000,2403.5
Country_53,2001,2530.2
Country_53,2002,2578.88
Country_53,2003,2634.22
Country_53,2004,2746.34
Country_53,2005,2834.58
Country_53,2006,2864.21
Country_53,2007,2962.06
Country_53,2008,3002.0
Country_53,2009,3120.04
Country_53,2010,3237.27
Country_53,2011,3338.32
Country_53,2012,3442.41
Country_53,2013,3579.37
Country_53,2014,3766.53
Country_53,2015,3895.88
Country_53,2016,4072.23
Country_53,2017,4166.61
Country_53,2018,4226.13
Country_53,2019,4322.14
Country_53,2020,4527.62
Country_53,2021,4680.19
Country_53,2022,4813.93
Country_53,2023,4890.25
Country_54,1900,162.97
Country_54,1901,158.05
Country_54,1902,159.13
Country_54,1903,161.89
Country_54,1904,159.55
Country_54,1905,162.3
Country_54,1906,165.59
Country_54,1907,157.68
Country_54,1908,161.28
Country_54,1909,158.6
Country_54,1910,161.57
Country_54,1911,162.12
Country_54,1912,161.17
Country_54,1913,165.58
Country_54,1914,158.23
Country_54,1915,146.8
Country_54,1916,161.38
Country_54,1917,155.08
Country_54,1918,155.15
Country_54,1919,159.25
Country_54,1920,156.7
Country_54,1921,160.65
Country_54,1922,153.24
Country_54,1923,159.91
Country_54,1924,154.59
Country_54,1925,167.99
Country_54,1926,154.91
Country_54,1927,161.31
Country_54,1928,164.45
Country_54,1929,153.96
Country_54,1930,164.51
Country_54,1931,158.99
Country_54,1932,164.79
Country_54,1933,155.63
Country_54,1934,150.55
Country_54,1935,160.63
Country_54,1936,159.13
Country_54,1937,159.9
Country_54,1938,147.1
Country_54,1939,158.91
Country_54,1940,162.28
Country_54,1941,164.27
Country_54,1942,163.19
Country_54,1943,154.43
Country_54,1944,166.82
Country_54,1945,158.4
Country_54,1946,161.07
Country_54,1947,153.56
Country_54,1948,154.83
Country_54,1949,153.46
Country_54,1950,161.58
Country_54,1951,175.63
Country_54,1952,176.5
Country_54,1953,176.6
Country_54,1954,191.76
Country_54,1955,185.85
Country_54,1956,200.07
Country_54,1957,206.67
Country_54,1958,202.97
Country_54,1959,216.94
Country_54,1960,226.52
Country_54,1961,224.42
Country_54,1962,237.52
Country_54,1963,246.96
Country_54,1964,250.54
Country_54,1965,262.78
Country_54,1966,263.66
Country_54,1967,257.65
Country_54,1968,265.12
Country_54,1969,284.33
Country_54,1970,288.09
Country_54,1971,292.87
Country_54,1972,305.94
Country_54,1973,316.14
Country_54,1974,322.42
Country_54,1975,334.6
Country_54,1976,348.91
Country_54,1977,355.05
Country_54,1978,351.57
Country_54,1979,365.91
Country_54,1980,362.22
Country_54,1981,384.5
Country_54,1982,393.26
Country_54,1983,408.4
Country_54,1984,421.42
Country_54,1985,434.59
Country_54,1986,441.16
Country_54,1987,460.6
Country_54,1988,469.07
Country_54,1989,474.39
Country_54,1990,495.65
Country_54,1991,509.06
Country_54,1992,512.81
Country_54,1993,517.51
Country_54,1994,533.16
Country_54,1995,543.54
Country_54,1996,561.08
Country_54,1997,586.69
Country_54,1998,590.18
Country_54,1999,613.7
Country_54,2000,622.3
Country_54,2001,644.59
Country_54,2002,660.14
Country_54,2003,666.91
Country_54,2004,679.38
Country_54,2005,716.91
Country_54,2006,748.94
Country_54,2007,756.82
Country_54,2008,770.31
Country_54,2009,799.16
Country_54,2010,833.54
Country_54,2011,858.24
Country_54,2012,869.78
Country_54,2013,906.36
Country_54,2014,955.14
Country_54,2015,971.76
Country_54,2016,996.99
Country_54,2017,1044.42
Country_54,2018,1069.82
Country_54,2019,1104.68
Country_54,2020,1147.26
Country_54,2021,1176.71
Country_54,2022,1246.43
Country_54,2023,1312.58
Country_55,1900,286.59
Country_55,1901,290.63
Country_55,1902,287.15
Country_55,1903,290.3
Country_55,1904,287.51
Country_55,1905,294.34
Country_55,1906,291.9
Country_55,1907,291.68
Country_55,1908,293.6
Country_55,1909,289.03
Country_55,1910,281.97
Country_55,1911,287.61
Country_55,1912,289.49
Country_55,1913,296.43
Country_55,1914,287.6
Country_55,1915,288.68
Country_55,1916,282.69
Country_55,1917,288.88
Country_55,1918,281.46
Country_55,1919,295.89
Country_55,1920,287.6
Country_55,1921,284.14
Country_55,1922,290.7
Country_55,1923,282.36
Country_55,1924,288.39
Country_55,1925,290.56
Country_55,1926,281.15
Country_55,1927,283.35
Country_55,1928,297.67
Country_55,1929,287.1
Country_55,1930,292.65
Country_55,1931,291.63
Country_55,1932,294.53
Country_55,1933,283.15
Country_55,1934,291.25
Country_55,1935,297.04
Country_55,1936,286.5
Country_55,1937,287.28
Country_55,1938,288.44
Country_55,1939,280.94
Country_55,1940,292.61
Country_55,1941,291.14
Country_55,1942,292.73
Country_55,1943,287.18
Country_55,1944,290.74
Country_55,1945,291.84
Country_55,1946,283.19
Country_55,1947,288.5
Country_55,1948,289.77
Country_55,1949,293.87
Country_55,1950,288.06
Country_55,1951,304.86
Country_55,1952,303.7
Country_55,1953,312.81
Country_55,1954,316.33
Country_55,1955,334.31
Country_55,1956,337.51
Country_55,1957,343.14
Country_55,1958,350.57
Country_55,1959,359.58
Country_55,1960,365.29
Country_55,1961,383.83
Country_55,1962,389.42
Country_55,1963,401.3
Country_55,1964,410.89
Country_55,1965,412.94
Country_55,1966,427.1
Country_55,1967,431.72
Country_55,1968,446.01
Country_55,1969,464.79
Country_55,1970,469.79
Country_55,1971,478.56
Country_55,1972,491.64
Country_55,1973,516.4
Country_55,1974,527.75
Country_55,1975,540.27
Country_55,1976,565.77
Country_55,1977,571.83
Country_55,1978,592.8
Country_55,1979,626.85
Country_55,1980,640.62
Country_55,1981,647.53
Country_55,1982,664.71
Country_55,1983,679.66
Country_55,1984,702.44
Country_55,1985,718.79
Country_55,1986,743.2
Country_55,1987,761.65
Country_55,1988,790.33
Country_55,1989,807.52
Country_55,1990,834.09
Country_55,1991,862.71
Country_55,1992,901.66
Country_55,1993,943.91
Country_55,1994,973.16
Country_55,1995,992.6
Country_55,1996,1010.05
Country_55,1997,1040.09
Country_55,1998,1079.72
Country_55,1999,1104.59
Country_55,2000,1164.45
Country_55,2001,1202.0
Country_55,2002,1265.76
Country_55,2003,1299.52
Country_55,2004,1329.86
Country_55,2005,1384.83
Country_55,2006,1413.62
Country_55,2007,1469.9
Country_55,2008,1495.34
Country_55,2009,1512.53
Country_55,2010,1538.0
Country_55,2011,1569.2
Country_55,2012,1588.22
Country_55,2013,1666.3
Country_55,2014,1700.75
Country_55,2015,1784.38
Country_55,2016,1864.74
Country_55,2017,1928.22
Country_55,2018,1956.9
Country_55,2019,2043.26
Country_55,2020,2125.2
Country_55,2021,2147.56
Country_55,2022,2192.67
Country_55,2023,2294.67
Country_56,1900,357.2
Country_56,1901,366.48
Country_56,1902,353.71
Country_56,1903,361.25
Country_56,1904,358.81
Country_56,1905,357.15
Country_56,1906,355.68
Country_56,1907,358.81
Country_56,1908,359.29
Country_56,1909,349.52
Country_56,1910,361.69
Country_56,1911,354.69
Country_56,1912,356.95
Country_56,1913,353.72
Country_56,1914,356.17
Country_56,1915,361.13
Country_56,1916,348.51
Country_56,1917,356.36
Country_56,1918,356.56
Country_56,1919,354.43
Country_56,1920,356.09
Country_56,1921,364.64
Country_56,1922,353.75
Country_56,1923,364.12
Country_56,1924,351.06
Country_56,1925,360.02
Country_56,1926,356.03
Country_56,1927,352.3
Country_56,1928,355.02
Country_56,1929,345.32
Country_56,1930,358.82
Country_56,1931,354.43
Country_56,1932,360.66
Country_56,1933,343.27
Country_56,1934,351.08
Country_56,1935,360.79
Country_56,1936,360.62
Country_56,1937,351.33
Country_56,1938,350.27
Country_56,1939,354.27
Country_56,1940,356.78
Country_56,1941,350.49
Country_56,1942,352.74
Country_56,1943,359.78
Country_56,1944,365.93
Country_56,1945,354.01
Country_56,1946,345.21
Country_56,1947,343.61
Country_56,1948,357.93
Country_56,1949,360.02
Country_56,1950,367.3
Country_56,1951,363.7
Country_56,1952,386.05
Country_56,1953,394.9
Country_56,1954,401.67
Country_56,1955,417.14
Country_56,1956,438.97
Country_56,1957,450.51
Country_56,1958,472.59
Country_56,1959,481.66
Country_56,1960,501.49
Country_56,1961,514.73
Country_56,1962,544.07
Country_56,1963,549.81
Country_56,1964,557.54
Country_56,1965,577.71
Country_56,1966,597.04
Country_56,1967,621.91
Country_56,1968,636.01
Country_56,1969,650.76
Country_56,1970,663.94
Country_56,1971,695.05
Country_56,1972,714.81
Country_56,1973,741.93
Country_56,1974,774.01
Country_56,1975,805.72
Country_56,1976,833.02
Country_56,1977,844.38
Country_56,1978,894.32
Country_56,1979,918.08
Country_56,1980,952.42
Country_56,1981,979.52
Country_56,1982,1001.82
Country_56,1983,1032.01
Country_56,1984,1070.29
Country_56,1985,1090.22
Country_56,1986,1107.38
Country_56,1987,1153.41
Country_56,1988,1195.19
Country_56,1989,1206.21
Country_56,1990,1244.16
Country_56,1991,1288.75
Country_56,1992,1341.56
Country_56,1993,1355.93
Country_56,1994,1399.42
Country_56,1995,1451.79
Country_56,1996,1481.27
Country_56,1997,1541.81
Country_56,1998,1584.87
Country_56,1999,1648.06
Country_56,2000,1717.79
Country_56,2001,1769.04
Country_56,2002,1841.93
Country_56,2003,1885.42
Country_56,2004,1951.29
Country_56,2005,2056.08
Country_56,2006,2154.68
Country_56,2007,2201.52
Country_56,2008,2257.06
Country_56,2009,2296.47
Country_56,2010,2416.08
Country_56,2011,2457.75
Country_56,2012,2481.81
Country_56,2013,2565.32
Country_56,2014,2662.66
Country_56,2015,2745.54
Country_56,2016,2849.5
Country_56,2017,2987.63
Country_56,2018,3141.49
Country_56,2019,3170.83
Country_56,2020,3266.06
Country_56,2021,3401.27
Country_56,2022,3496.93
Country_56,2023,3536.02
Country_57,1900,231.61
Country_57,1901,228.77
Country_57,1902,217.97
Country_57,1903,231.13
Country_57,1904,222.07
Country_57,1905,238.33
Country_57,1906,224.29
Country_57,1907,227.47
Country_57,1908,217.92
Country_57,1909,231.64
Country_57,1910,218.7
Country_57,1911,226.15
Country_57,1912,220.94
Country_57,1913,222.14
Country_57,1914,224.42
Country_57,1915,222.7
Country_57,1916,228.5
Country_57,1917,224.13
Country_57,1918,232.13
Country_57,1919,220.59
Country_57,1920,220.86
Country_57,1921,227.12
Country_57,1922,216.71
Country_57,1923,227.7
Country_57,1924,226.14
Country_57,1925,221.6
Country_57,1926,232.24
Country_57,1927,222.49
Country_57,1928,222.65
Country_57,1929,211.69
Country_57,1930,226.76
Country_57,1931,225.07
Country_57,1932,218.84
Country_57,1933,219.14
Country_57,1934,227.09
Country_57,1935,215.43
Country_57,1936,224.17
Country_57,1937,226.95
Country_57,1938,230.0
Country_57,1939,229.39
Country_57,1940,221.92
Country_57,1941,223.07
Country_57,1942,225.55
Country_57,1943,215.38
Country_57,1944,221.9
Country_57,1945,232.38
Country_57,1946,225.09
Country_57,1947,219.36
Country_57,1948,225.53
Country_57,1949,228.4
Country_57,1950,230.01
Country_57,1951,225.65
Country_57,1952,238.09
Country_57,1953,253.52
Country_57,1954,241.8
Country_57,1955,264.32
Country_57,1956,276.0
Country_57,1957,284.85
Country_57,1958,286.49
Country_57,1959,300.49
Country_57,1960,313.91
Country_57,1961,314.58
Country_57,1962,322.19
Country_57,1963,329.54
Country_57,1964,343.34
Country_57,1965,352.7
Country_57,1966,351.03
Country_57,1967,355.93
Country_57,1968,378.77
Country_57,1969,397.54
Country_57,1970,417.53
Country_57,1971,419.67
Country_57,1972,438.93
Country_57,1973,461.17
Country_57,1974,488.69
Country_57,1975,493.06
Country_57,1976,528.61
Country_57,1977,528.96
Country_57,1978,561.36
Country_57,1979,555.19
Country_57,1980,575.74
Country_57,1981,609.38
Country_57,1982,622.13
Country_57,1983,637.88
Country_57,1984,659.85
Country_57,1985,697.61
Country_57,1986,710.17
Country_57,1987,727.64
Country_57,1988,761.88
Country_57,1989,772.71
Country_57,1990,793.07
Country_57,1991,840.02
Country_57,1992,877.41
Country_57,1993,899.09
Country_57,1994,931.37
Country_57,1995,964.26
Country_57,1996,983.99
Country_57,1997,1015.2
Country_57,1998,1028.55
Country_57,1999,1055.42
Country_57,2000,1104.28
Country_57,2001,1137.05
Country_57,2002,1193.25
Country_57,2003,1252.44
Country_57,2004,1271.02
Country_57,2005,1321.0
Country_57,2006,1370.79
Country_57,2007,1406.74
Country_57,2008,1441.33
Country_57,2009,1468.56
Country_57,2010,1496.19
Country_57,2011,1563.82
Country_57,2012,1587.35
Country_57,2013,1657.56
Country_57,2014,1730.95
Country_57,2015,1750.32
Country_57,2016,1820.79
Country_57,2017,1847.36
Country_57,2018,1871.46
Country_57,2019,1959.15
Country_57,2020,1986.08
Country_57,2021,2053.7
Country_57,2022,2103.11
Country_57,2023,2172.71
Country_58,1900,1005.78
Country_58,1901,993.17
Country_58,1902,1002.04
Country_58,1903,997.74
Country_58,1904,991.93
Country_58,1905,1002.14
Country_58,1906,996.57
Country_58,1907,1011.96
Country_58,1908,1006.26
Country_58,1909,998.97
Country_58,1910,1000.91
Country_58,1911,998.75
Country_58,1912,1003.62
Country_58,1913,1000.43
Country_58,1914,998.89
Country_58,1915,1001.99
Country_58,1916,996.77
Country_58,1917,995.42
Country_58,1918,1000.31
Country_58,1919,1005.14
Country_58,1920,994.45
Country_58,1921,1003.46
Country_58,1922,1004.71
Country_58,1923,999.63
Country_58,1924,1005.62
Country_58,1925,995.68
Country_58,1926,1001.97
Country_58,1927,1001.29
Country_58,1928,999.76
Country_58,1929,1000.0
Country_58,1930,1001.02
Country_58,1931,1002.8
Country_58,1932,998.14
Country_58,1933,1002.75
Country_58,1934,1000.9
Country_58,1935,1002.72
Country_58,1936,999.75
Country_58,1937,998.61
Country_58,1938,992.04
Country_58,1939,1004.29
Country_58,1940,992.2
Country_58,1941,997.11
Country_58,1942,1004.67
Country_58,1943,998.21
Country_58,1944,992.72
Country_58,1945,1005.24
Country_58,1946,1000.41
Country_58,1947,1007.46
Country_58,1948,1000.86
Country_58,1949,998.76
Country_58,1950,1027.39
Country_58,1951,1044.54
Country_58,1952,1090.09
Country_58,1953,1102.96
Country_58,1954,1142.11
Country_58,1955,1159.65
Country_58,1956,1219.06
Country_58,1957,1250.73
Country_58,1958,1282.56
Country_58,1959,1322.31
Country_58,1960,1381.46
Country_58,1961,1406.16
Country_58,1962,1427.81
Country_58,1963,1475.51
Country_58,1964,1512.91
Country_58,1965,1578.0
Country_58,1966,1595.7
Country_58,1967,1658.95
Country_58,1968,1738.62
Country_58,1969,1784.42
Country_58,1970,1847.91
Country_58,1971,1936.4
Country_58,1972,2029.93
Country_58,1973,2095.76
Country_58,1974,2152.9
Country_58,1975,2207.98
Country_58,1976,2277.66
Country_58,1977,2324.33
Country_58,1978,2406.28
Country_58,1979,2467.37
Country_58,1980,2532.8
Country_58,1981,2587.43
Country_58,1982,2613.56
Country_58,1983,2718.13
Country_58,1984,2805.82
Country_58,1985,2881.78
Country_58,1986,3014.04
Country_58,1987,3165.9
Country_58,1988,3316.96
Country_58,1989,3386.3
Country_58,1990,3411.02
Country_58,1991,3570.5
Country_58,1992,3641.89
Country_58,1993,3809.73
Country_58,1994,3917.34
Country_58,1995,4102.52
Country_58,1996,4215.8
Country_58,1997,4396.27
Country_58,1998,4493.48
Country_58,1999,4635.38
Country_58,2000,4840.22
Country_58,2001,4936.83
Country_58,2002,5011.89
Country_58,2003,5218.79
Country_58,2004,5349.03
Country_58,2005,5401.64
Country_58,2006,5633.98
Country_58,2007,5731.68
Country_58,2008,5960.93
Country_58,2009,6237.62
Country_58,2010,6555.94
Country_58,2011,6666.98
Country_58,2012,6960.15
Country_58,2013,7161.92
Country_58,2014,7375.18
Country_58,2015,7626.77
Country_58,2016,7733.43
Country_58,2017,8102.38
Country_58,2018,8290.8
Country_58,2019,8546.07
Country_58,2020,8799.66
Country_58,2021,9116.59
Country_58,2022,9391.93
Country_58,2023,9726.84
Country_59,1900,512.07
Country_59,1901,516.09
Country_59,1902,513.79
Country_59,1903,518.4
Country_59,1904,508.69
Country_59,1905,529.12
Country_59,1906,514.23
Country_59,1907,516.79
Country_59,1908,516.27
Country_59,1909,514.96
Country_59,1910,509.27
Country_59,1911,514.29
Country_59,1912,524.42
Country_59,1913,512.25
Country_59,1914,516.14
Country_59,1915,517.33
Country_59,1916,517.29
Country_59,1917,520.21
Country_59,1918,513.12
Country_59,1919,513.55
Country_59,1920,512.08
Country_59,1921,515.96
Country_59,1922,510.35
Country_59,1923,514.44
Country_59,1924,516.31
Country_59,1925,521.22
Country_59,1926,515.5
Country_59,1927,505.6
Country_59,1928,513.85
Country_59,1929,519.54
Country_59,1930,516.58
Country_59,1931,518.03
Country_59,1932,523.26
Country_59,1933,513.95
Country_59,1934,514.18
Country_59,1935,510.57
Country_59,1936,519.87
Country_59,1937,521.29
Country_59,1938,523.47
Country_59,1939,505.27
Country_59,1940,512.39
Country_59,1941,504.51
Country_59,1942,522.15
Country_59,1943,512.44
Country_59,1944,514.12
Country_59,1945,516.24
Country_59,1946,509.48
Country_59,1947,522.7
Country_59,1948,519.12
Country_59,1949,511.21
Country_59,1950,521.89
Country_59,1951,532.84
Country_59,1952,539.4
Country_59,1953,549.43
Country_59,1954,559.8
Country_59,1955,568.03
Country_59,1956,597.32
Country_59,1957,620.04
Country_59,1958,635.15
Country_59,1959,667.77
Country_59,1960,686.47
Country_59,1961,709.92
Country_59,1962,711.84
Country_59,1963,741.77
Country_59,1964,755.77
Country_59,1965,778.83
Country_59,1966,793.61
Country_59,1967,810.53
Country_59,1968,823.32
Country_59,1969,857.84
Country_59,1970,888.37
Country_59,1971,903.34
Country_59,1972,953.0
Country_59,1973,977.47
Country_59,1974,1015.41
Country_59,1975,1035.17
Country_59,1976,1075.21
Country_59,1977,1132.15
Country_59,1978,1174.05
Country_59,1979,1213.2
Country_59,1980,1274.03
Country_59,1981,1302.12
Country_59,1982,1341.32
Country_59,1983,1401.49
Country_59,1984,1458.13
Country_59,1985,1499.35
Country_59,1986,1573.22
Country_59,1987,1592.77
Country_59,1988,1628.5
Country_59,1989,1682.57
Country_59,1990,1698.03
Country_59,1991,1758.11
Country_59,1992,1812.81
Country_59,1993,1846.93
Country_59,1994,1913.01
Country_59,1995,1966.41
Country_59,1996,2008.62
Country_59,1997,2084.63
Country_59,1998,2114.75
Country_59,1999,2143.69
Country_59,2000,2229.04
Country_59,2001,2330.71
Country_59,2002,2385.43
Country_59,2003,2442.28
Country_59,2004,2533.31
Country_59,2005,2635.83
Country_59,2006,2703.56
Country_59,2007,2836.42
Country_59,2008,2926.95
Country_59,2009,3067.37
Country_59,2010,3205.53
Country_59,2011,3351.99
Country_59,2012,3430.86
Country_59,2013,3541.91
Country_59,2014,3596.0
Country_59,2015,3686.73
Country_59,2016,3755.51
Country_59,2017,3814.32
Country_59,2018,3943.69
Country_59,2019,4056.24
Country_59,2020,4107.64
Country_59,2021,4321.28
Country_59,2022,4435.51
Country_59,2023,4484.74
Country_60,1900,750.21
Country_60,1901,743.68
Country_60,1902,747.46
Country_60,1903,743.94
Country_60,1904,735.75
Country_60,1905,743.76
Country_60,1906,739.63
Country_60,1907,750.91
Country_60,1908,737.3
Country_60,1909,742.5
Country_60,1910,741.44
Country_60,1911,738.5
Country_60,1912,748.02
Country_60,1913,744.76
Country_60,1914,741.4
Country_60,1915,741.6
Country_60,1916,738.4
Country_60,1917,738.78
Country_60,1918,741.54
Country_60,1919,733.47
Country_60,1920,744.77
Country_60,1921,743.29
Country_60,1922,742.95
Country_60,1923,741.77
Country_60,1924,740.26
Country_60,1925,746.03
Country_60,1926,732.48
Country_60,1927,741.81
Country_60,1928,746.4
Country_60,1929,745.07
Country_60,1930,737.47
Country_60,1931,745.89
Country_60,1932,739.08
Country_60,1933,741.3
Country_60,1934,743.1
Country_60,1935,750.93
Country_60,1936,738.87
Country_60,1937,739.48
Country_60,1938,744.26
Country_60,1939,739.86
Country_60,1940,735.63
Country_60,1941,739.2
Country_60,1942,739.06
Country_60,1943,734.87
Country_60,1944,739.16
Country_60,1945,739.76
Country_60,1946,737.58
Country_60,1947,741.37
Country_60,1948,743.58
Country_60,1949,741.2
Country_60,1950,773.35
Country_60,1951,784.51
Country_60,1952,808.3
Country_60,1953,847.81
Country_60,1954,882.29
Country_60,1955,898.9
Country_60,1956,918.22
Country_60,1957,963.62
Country_60,1958,991.88
Country_60,1959,1012.38
Country_60,1960,1018.55
Country_60,1961,1086.6
Country_60,1962,1106.55
Country_60,1963,1129.56
Country_60,1964,1172.01
Country_60,1965,1212.6
Country_60,1966,1240.88
Country_60,1967,1279.28
Country_60,1968,1306.56
Country_60,1969,1351.09
Country_60,1970,1430.41
Country_60,1971,1473.25
Country_60,1972,1537.48
Country_60,1973,1571.29
Country_60,1974,1645.19
Country_60,1975,1682.48
Country_60,1976,1714.92
Country_60,1977,1775.02
Country_60,1978,1834.35
Country_60,1979,1900.87
Country_60,1980,1976.94
Country_60,1981,2014.93
Country_60,1982,2104.45
Country_60,1983,2216.03
Country_60,1984,2267.12
Country_60,1985,2350.92
Country_60,1986,2377.5
Country_60,1987,2472.61
Country_60,1988,2574.09
Country_60,1989,2678.41
Country_60,1990,2781.1
Country_60,1991,2901.71
Country_60,1992,3012.64
Country_60,1993,3086.11
Country_60,1994,3129.19
Country_60,1995,3209.43
Country_60,1996,3318.48
Country_60,1997,3369.12
Country_60,1998,3410.45
Country_60,1999,3520.12
Country_60,2000,3602.34
Country_60,2001,3739.34
Country_60,2002,3837.24
Country_60,2003,3976.26
Country_60,2004,4096.57
Country_60,2005,4291.57
Country_60,2006,4494.42
Country_60,2007,4601.07
Country_60,2008,4663.68
Country_60,2009,4834.93
Country_60,2010,4913.2
Country_60,2011,5124.48
Country_60,2012,5290.87
Country_60,2013,5508.36
Country_60,2014,5629.08
Country_60,2015,5751.35
Country_60,2016,5954.03
Country_60,2017,6183.97
Country_60,2018,6275.81
Country_60,2019,6414.73
Country_60,2020,6697.5
Country_60,2021,6882.72
Country_60,2022,7112.41
Country_60,2023,7356.86
Country_61,1900,32.56
Country_61,1901,24.45
Country_61,1902,30.32
Country_61,1903,27.45
Country_61,1904,31.86
Country_61,1905,27.15
Country_61,1906,28.55
Country_61,1907,28.84
Country_61,1908,19.65
Country_61,1909,31.18
Country_61,1910,32.61
Country_61,1911,36.18
Country_61,1912,28.22
Country_61,1913,34.25
Country_61,1914,29.07
Country_61,1915,19.91
Country_61,1916,25.1
Country_61,1917,28.25
Country_61,1918,28.62
Country_61,1919,31.41
Country_61,1920,36.23
Country_61,1921,20.22
Country_61,1922,33.54
Country_61,1923,23.24
Country_61,1924,17.08
Country_61,1925,32.8
Country_61,1926,22.58
Country_61,1927,19.17
Country_61,1928,30.85
Country_61,1929,29.25
Country_61,1930,30.79
Country_61,1931,22.72
Country_61,1932,23.29
Country_61,1933,23.24
Country_61,1934,36.55
Country_61,1935,26.72
Country_61,1936,19.71
Country_61,1937,21.39
Country_61,1938,21.4
Country_61,1939,20.22
Country_61,1940,38.56
Country_61,1941,25.12
Country_61,1942,17.76
Country_61,1943,24.95
Country_61,1944,27.51
Country_61,1945,27.42
Country_61,1946,26.32
Country_61,1947,25.49
Country_61,1948,27.94
Country_61,1949,27.88
Country_61,1950,29.39
Country_61,1951,21.36
Country_61,1952,38.32
Country_61,1953,34.63
Country_61,1954,32.85
Country_61,1955,23.72
Country_61,1956,32.29
Country_61,1957,25.0
Country_61,1958,42.78
Country_61,1959,37.72
Country_61,1960,33.0
Country_61,1961,32.34
Country_61,1962,46.65
Country_61,1963,32.28
Country_61,1964,43.51
Country_61,1965,43.28
Country_61,1966,44.49
Country_61,1967,51.06
Country_61,1968,53.45
Country_61,1969,44.45
Country_61,1970,55.39
Country_61,1971,48.59
Country_61,1972,41.67
Country_61,1973,52.02
Country_61,1974,52.04
Country_61,1975,48.84
Country_61,1976,56.61
Country_61,1977,52.47
Country_61,1978,65.56
Country_61,1979,56.95
Country_61,1980,70.31
Country_61,1981,71.12
Country_61,1982,75.08
Country_61,1983,74.75
Country_61,1984,74.23
Country_61,1985,79.73
Country_61,1986,79.9
Country_61,1987,83.33
Country_61,1988,86.82
Country_61,1989,78.09
Country_61,1990,96.73
Country_61,1991,92.42
Country_61,1992,101.03
Country_61,1993,97.92
Country_61,1994,105.87
Country_61,1995,99.95
Country_61,1996,104.46
Country_61,1997,109.49
Country_61,1998,110.46
Country_61,1999,114.0
Country_61,2000,121.29
Country_61,2001,121.67
Country_61,2002,116.94
Country_61,2003,127.34
Country_61,2004,125.66
Country_61,2005,133.21
Country_61,2006,133.75
Country_61,2007,130.58
Country_61,2008,140.74
Country_61,2009,146.11
Country_61,2010,148.87
Country_61,2011,153.15
Country_61,2012,160.36
Country_61,2013,166.06
Country_61,2014,169.96
Country_61,2015,173.27
Country_61,2016,183.58
Country_61,2017,180.42
Country_61,2018,187.83
Country_61,2019,193.65
Country_61,2020,203.1
Country_61,2021,198.84
Country_61,2022,205.93
Country_61,2023,216.44
Country_62,1900,955.06
Country_62,1901,954.96
Country_62,1902,953.89
Country_62,1903,959.35
Country_62,1904,948.33
Country_62,1905,953.83
Country_62,1906,956.7
Country_62,1907,958.93
Country_62,1908,951.95
Country_62,1909,950.69
Country_62,1910,962.05
Country_62,1911,950.16
Country_62,1912,956.68
Country_62,1913,953.02
Country_62,1914,954.25
Country_62,1915,960.39
Country_62,1916,959.21
Country_62,1917,960.03
Country_62,1918,944.35
Country_62,1919,956.6
Country_62,1920,954.48
Country_62,1921,959.95
Country_62,1922,960.41
Country_62,1923,948.92
Country_62,1924,953.52
Country_62,1925,956.79
Country_62,1926,948.49
Country_62,1927,950.36
Country_62,1928,955.53
Country_62,1929,956.65
Country_62,1930,952.39
Country_62,1931,949.26
Country_62,1932,954.61
Country_62,1933,965.29
Country_62,1934,955.12
Country_62,1935,956.07
Country_62,1936,951.94
Country_62,1937,954.02
Country_62,1938,961.55
Country_62,1939,955.28
Country_62,1940,958.23
Country_62,1941,964.84
Country_62,1942,951.61
Country_62,1943,954.03
Country_62,1944,960.76
Country_62,1945,948.87
Country_62,1946,960.64
Country_62,1947,956.33
Country_62,1948,946.05
Country_62,1949,956.18
Country_62,1950,998.98
Country_62,1951,1013.33
Country_62,1952,1033.17
Country_62,1953,1067.25
Country_62,1954,1103.09
Country_62,1955,1104.91
Country_62,1956,1117.16
Country_62,1957,1151.09
Country_62,1958,1193.28
Country_62,1959,1240.39
Country_62,1960,1262.22
Country_62,1961,1310.06
Country_62,1962,1346.96
Country_62,1963,1373.54
Country_62,1964,1432.13
Country_62,1965,1471.95
Country_62,1966,1503.04
Country_62,1967,1542.93
Country_62,1968,1602.47
Country_62,1969,1631.68
Country_62,1970,1659.62
Country_62,1971,1719.93
Country_62,1972,1747.19
Country_62,1973,1819.76
Country_62,1974,1846.6
Country_62,1975,1919.55
Country_62,1976,1985.96
Country_62,1977,2052.79
Country_62,1978,2139.28
Country_62,1979,2215.24
Country_62,1980,2288.94
Country_62,1981,2346.99
Country_62,1982,2394.56
Country_62,1983,2413.94
Country_62,1984,2465.66
Country_62,1985,2587.55
Country_62,1986,2640.4
Country_62,1987,2730.67
Country_62,1988,2792.55
Country_62,1989,2912.64
Country_62,1990,2969.26
Country_62,1991,3080.56
Country_62,1992,3182.27
Country_62,1993,3258.09
Country_62,1994,3321.19
Country_62,1995,3391.6
Country_62,1996,3517.54
Country_62,1997,3630.27
Country_62,1998,3769.27
Country_62,1999,3941.39
Country_62,2000,4123.58
Country_62,2001,4168.67
Country_62,2002,4298.03
Country_62,2003,4370.93
Country_62,2004,4494.27
Country_62,2005,4698.01
Country_62,2006,4817.43
Country_62,2007,4935.48
Country_62,2008,5122.31
Country_62,2009,5220.85
Country_62,2010,5449.97
Country_62,2011,5613.49
Country_62,2012,5695.76
Country_62,2013,5901.42
Country_62,2014,5992.55
Country_62,2015,6274.07
Country_62,2016,6535.32
Country_62,2017,6742.62
Country_62,2018,6896.08
Country_62,2019,7009.01
Country_62,2020,7344.54
Country_62,2021,7466.18
Country_62,2022,7758.5
Country_62,2023,8112.89
Country_63,1900,273.19
Country_63,1901,282.48
Country_63,1902,285.68
Country_63,1903,287.37
Country_63,1904,283.85
Country_63,1905,284.77
Country_63,1906,279.92
Country_63,1907,290.49
Country_63,1908,283.21
Country_63,1909,283.12
Country_63,1910,281.36
Country_63,1911,277.03
Country_63,1912,290.63
Country_63,1913,286.82
Country_63,1914,278.39
Country_63,1915,283.38
Country_63,1916,286.03
Country_63,1917,270.99
Country_63,1918,276.9
Country_63,1919,289.71
Country_63,1920,284.15
Country_63,1921,283.02
Country_63,1922,277.47
Country_63,1923,288.93
Country_63,1924,281.7
Country_63,1925,277.98
Country_63,1926,282.59
Country_63,1927,273.21
Country_63,1928,281.92
Country_63,1929,276.53
Country_63,1930,290.13
Country_63,1931,281.04
Country_63,1932,295.98
Country_63,1933,283.84
Country_63,1934,284.37
Country_63,1935,284.04
Country_63,1936,291.91
Country_63,1937,282.59
Country_63,1938,279.76
Country_63,1939,282.28
Country_63,1940,290.61
Country_63,1941,272.82
Country_63,1942,287.94
Country_63,1943,281.14
Country_63,1944,281.84
Country_63,1945,279.62
Country_63,1946,286.88
Country_63,1947,277.84
Country_63,1948,282.8
Country_63,1949,287.17
Country_63,1950,289.42
Country_63,1951,314.61
Country_63,1952,315.1
Country_63,1953,309.88
Country_63,1954,329.76
Country_63,1955,332.25
Country_63,1956,349.8
Country_63,1957,349.53
Country_63,1958,368.52
Country_63,1959,361.89
Country_63,1960,371.66
Country_63,1961,388.43
Country_63,1962,387.18
Country_63,1963,411.65
Country_63,1964,406.68
Country_63,1965,422.02
Country_63,1966,448.61
Country_63,1967,458.31
Country_63,1968,465.34
Country_63,1969,468.74
Country_63,1970,490.18
Country_63,1971,508.39
Country_63,1972,517.47
Country_63,1973,531.27
Country_63,1974,537.3
Country_63,1975,546.26
Country_63,1976,577.31
Country_63,1977,590.76
Country_63,1978,583.86
Country_63,1979,629.45
Country_63,1980,635.49
Country_63,1981,656.45
Country_63,1982,668.42
Country_63,1983,681.65
Country_63,1984,694.06
Country_63,1985,706.45
Country_63,1986,745.01
Country_63,1987,750.73
Country_63,1988,782.16
Country_63,1989,801.65
Country_63,1990,832.08
Country_63,1991,860.77
Country_63,1992,910.23
Country_63,1993,912.6
Country_63,1994,932.39
Country_63,1995,946.66
Country_63,1996,984.82
Country_63,1997,1021.91
Country_63,1998,1051.92
Country_63,1999,1111.95
Country_63,2000,1129.3
Country_63,2001,1154.13
Country_63,2002,1191.38
Country_63,2003,1237.22
Country_63,2004,1277.29
Country_63,2005,1321.55
Country_63,2006,1360.81
Country_63,2007,1367.97
Country_63,2008,1433.83
Country_63,2009,1480.82
Country_63,2010,1545.39
Country_63,2011,1599.47
Country_63,2012,1677.2
Country_63,2013,1768.97
Country_63,2014,1820.44
Country_63,2015,1841.81
Country_63,2016,1917.55
Country_63,2017,1998.91
Country_63,2018,2024.85
Country_63,2019,2113.33
Country_63,2020,2184.46
Country_63,2021,2295.18
Country_63,2022,2327.56
Country_63,2023,2404.37
Country_64,1900,548.93
Country_64,1901,553.01
Country_64,1902,561.48
Country_64,1903,556.06
Country_64,1904,552.21
Country_64,1905,552.42
Country_64,1906,565.95
Country_64,1907,559.44
Country_64,1908,552.8
Country_64,1909,561.02
Country_64,1910,554.37
Country_64,1911,557.4
Country_64,1912,559.87
Country_64,1913,554.16
Country_64,1914,560.28
Country_64,1915,548.89
Country_64,1916,563.15
Country_64,1917,560.1
Country_64,1918,554.09
Country_64,1919,556.85
Country_64,1920,557.51
Country_64,1921,556.41
Country_64,1922,554.16
Country_64,1923,551.65
Country_64,1924,555.99
Country_64,1925,554.86
Country_64,1926,549.86
Country_64,1927,560.32
Country_64,1928,554.23
Country_64,1929,551.58
Country_64,1930,553.92
Country_64,1931,551.37
Country_64,1932,556.73
Country_64,1933,554.83
Country_64,1934,560.3
Country_64,1935,561.16
Country_64,1936,559.29
Country_64,1937,556.29
Country_64,1938,558.83
Country_64,1939,550.82
Country_64,1940,552.65
Country_64,1941,555.86
Country_64,1942,554.77
Country_64,1943,554.79
Country_64,1944,560.97
Country_64,1945,554.4
Country_64,1946,566.37
Country_64,1947,556.69
Country_64,1948,561.94
Country_64,1949,549.68
Country_64,1950,554.81
Country_64,1951,569.46
Country_64,1952,585.76
Country_64,1953,596.81
Country_64,1954,605.67
Country_64,1955,618.03
Country_64,1956,645.96
Country_64,1957,664.76
Country_64,1958,702.91
Country_64,1959,711.44
Country_64,1960,752.15
Country_64,1961,757.93
Country_64,1962,777.8
Country_64,1963,799.8
Country_64,1964,805.3
Country_64,1965,848.52
Country_64,1966,876.78
Country_64,1967,922.66
Country_64,1968,921.93
Country_64,1969,956.76
Country_64,1970,989.91
Country_64,1971,1013.08
Country_64,1972,1028.91
Country_64,1973,1057.7
Country_64,1974,1061.28
Country_64,1975,1113.85
Country_64,1976,1147.32
Country_64,1977,1173.85
Country_64,1978,1223.45
Country_64,1979,1251.52
Country_64,1980,1319.6
Country_64,1981,1329.19
Country_64,1982,1387.4
Country_64,1983,1424.07
Country_64,1984,1466.91
Country_64,1985,1513.99
Country_64,1986,1577.81
Country_64,1987,1636.96
Country_64,1988,1709.42
Country_64,1989,1762.92
Country_64,1990,1819.72
Country_64,1991,1882.98
Country_64,1992,1944.28
Country_64,1993,1981.82
Country_64,1994,2026.09
Country_64,1995,2109.75
Country_64,1996,2172.13
Country_64,1997,2224.65
Country_64,1998,2306.92
Country_64,1999,2382.8
Country_64,2000,2424.26
Country_64,2001,2490.54
Country_64,2002,2617.03
Country_64,2003,2649.26
Country_64,2004,2766.24
Country_64,2005,2811.21
Country_64,2006,2859.54
Country_64,2007,2963.22
Country_64,2008,3001.25
Country_64,2009,3160.14
Country_64,2010,3288.27
Country_64,2011,3422.98
Country_64,2012,3472.87
Country_64,2013,3633.49
Country_64,2014,3690.15
Country_64,2015,3816.41
Country_64,2016,3971.46
Country_64,2017,4058.11
Country_64,2018,4190.59
Country_64,2019,4261.41
Country_64,2020,4374.29
Country_64,2021,4544.14
Country_64,2022,4776.53
Country_64,2023,4970.36
Country_65,1900,140.14
Country_65,1901,139.64
Country_65,1902,144.95
Country_65,1903,139.5
Country_65,1904,137.55
Country_65,1905,136.74
Country_65,1906,142.25
Country_65,1907,144.51
Country_65,1908,144.76
Country_65,1909,147.35
Country_65,1910,141.95
Country_65,1911,149.11
Country_65,1912,137.6
Country_65,1913,137.06
Country_65,1914,135.34
Country_65,1915,144.69
Country_65,1916,147.75
Country_65,1917,143.74
Country_65,1918,139.5
Country_65,1919,136.73
Country_65,1920,135.59
Country_65,1921,142.67
Country_65,1922,143.3
Country_65,1923,135.44
Country_65,1924,136.05
Country_65,1925,146.43
Country_65,1926,137.37
Country_65,1927,138.92
Country_65,1928,149.18
Country_65,1929,144.07
Country_65,1930,137.79
Country_65,1931,137.45
Country_65,1932,136.43
Country_65,1933,137.37
Country_65,1934,146.72
Country_65,1935,141.5
Country_65,1936,144.84
Country_65,1937,149.12
Country_65,1938,139.19
Country_65,1939,141.78
Country_65,1940,143.49
Country_65,1941,139.1
Country_65,1942,136.31
Country_65,1943,147.89
Country_65,1944,147.64
Country_65,1945,139.61
Country_65,1946,138.1
Country_65,1947,148.39
Country_65,1948,137.39
Country_65,1949,142.01
Country_65,1950,149.17
Country_65,1951,155.06
Country_65,1952,154.66
Country_65,1953,168.6
Country_65,1954,174.73
Country_65,1955,174.2
Country_65,1956,179.18
Country_65,1957,198.79
Country_65,1958,199.63
Country_65,1959,208.47
Country_65,1960,226.88
Country_65,1961,209.11
Country_65,1962,223.26
Country_65,1963,234.9
Country_65,1964,239.53
Country_65,1965,244.83
Country_65,1966,249.07
Country_65,1967,262.71
Country_65,1968,256.11
Country_65,1969,282.1
Country_65,1970,289.87
Country_65,1971,299.8
Country_65,1972,295.55
Country_65,1973,318.74
Country_65,1974,338.43
Country_65,1975,328.12
Country_65,1976,340.06
Country_65,1977,364.81
Country_65,1978,363.22
Country_65,1979,373.41
Country_65,1980,376.09
Country_65,1981,395.05
Country_65,1982,400.93
Country_65,1983,423.66
Country_65,1984,427.05
Country_65,1985,444.17
Country_65,1986,452.24
Country_65,1987,471.07
Country_65,1988,493.9
Country_65,1989,513.39
Country_65,1990,533.54
Country_65,1991,526.74
Country_65,1992,546.62
Country_65,1993,560.83
Country_65,1994,590.86
Country_65,1995,601.81
Country_65,1996,619.13
Country_65,1997,635.29
Country_65,1998,639.95
Country_65,1999,656.66
Country_65,2000,665.17
Country_65,2001,686.31
Country_65,2002,701.4
Country_65,2003,729.76
Country_65,2004,737.61
Country_65,2005,756.48
Country_65,2006,765.96
Country_65,2007,797.24
Country_65,2008,817.13
Country_65,2009,855.81
Country_65,2010,878.67
Country_65,2011,892.5
Country_65,2012,934.12
Country_65,2013,939.94
Country_65,2014,977.66
Country_65,2015,1010.8
Country_65,2016,1028.6
Country_65,2017,1074.71
Country_65,2018,1089.47
Country_65,2019,1123.63
Country_65,2020,1148.29
Country_65,2021,1177.62
Country_65,2022,1223.71
Country_65,2023,1237.89
Country_66,1900,538.02
Country_66,1901,521.83
Country_66,1902,534.88
Country_66,1903,529.35
Country_66,1904,536.53
Country_66,1905,526.07
Country_66,1906,530.54
Country_66,1907,530.8
Country_66,1908,538.97
Country_66,1909,539.94
Country_66,1910,524.91
Country_66,1911,525.23
Country_66,1912,531.99
Country_66,1913,534.89
Country_66,1914,525.61
Country_66,1915,531.25
Country_66,1916,536.53
Country_66,1917,531.28
Country_66,1918,533.6
Country_66,1919,531.9
Country_66,1920,539.08
Country_66,1921,527.77
Country_66,1922,541.88
Country_66,1923,538.86
Country_66,1924,544.5
Country_66,1925,536.94
Country_66,1926,530.17
Country_66,1927,542.41
Country_66,1928,537.5
Country_66,1929,538.14
Country_66,1930,526.32
Country_66,1931,528.41
Country_66,1932,531.91
Country_66,1933,535.18
Country_66,1934,530.92
Country_66,1935,542.93
Country_66,1936,534.63
Country_66,1937,533.96
Country_66,1938,538.8
Country_66,1939,530.8
Country_66,1940,528.21
Country_66,1941,529.18
Country_66,1942,536.05
Country_66,1943,532.18
Country_66,1944,538.22
Country_66,1945,531.78
Country_66,1946,524.79
Country_66,1947,525.41
Country_66,1948,537.37
Country_66,1949,536.1
Country_66,1950,547.33
Country_66,1951,562.76
Country_66,1952,579.7
Country_66,1953,601.13
Country_66,1954,626.74
Country_66,1955,647.66
Country_66,1956,677.62
Country_66,1957,684.77
Country_66,1958,716.39
Country_66,1959,733.06
Country_66,1960,760.66
Country_66,1961,793.79
Country_66,1962,816.13
Country_66,1963,832.16
Country_66,1964,844.47
Country_66,1965,855.58
Country_66,1966,885.26
Country_66,1967,907.25
Country_66,1968,925.16
Country_66,1969,936.65
Country_66,1970,978.34
Country_66,1971,984.46
Country_66,1972,1002.33
Country_66,1973,1036.57
Country_66,1974,1059.96
Country_66,1975,1101.03
Country_66,1976,1113.78
Country_66,1977,1140.32
Country_66,1978,1179.78
Country_66,1979,1233.48
Country_66,1980,1259.13
Country_66,1981,1325.31
Country_66,1982,1379.44
Country_66,1983,1419.69
Country_66,1984,1500.79
Country_66,1985,1528.22
Country_66,1986,1601.3
Country_66,1987,1650.99
Country_66,1988,1667.17
Country_66,1989,1740.17
Country_66,1990,1770.77
Country_66,1991,1848.52
Country_66,1992,1923.16
Country_66,1993,1980.06
Country_66,1994,2051.07
Country_66,1995,2138.9
Country_66,1996,2218.47
Country_66,1997,2286.85
Country_66,1998,2337.92
Country_66,1999,2424.2
Country_66,2000,2445.32
Country_66,2001,2560.94
Country_66,2002,2622.1
Country_66,2003,2699.65
Country_66,2004,2809.54
Country_66,2005,2951.78
Country_66,2006,2986.56
Country_66,2007,3128.81
Country_66,2008,3276.76
Country_66,2009,3332.6
Country_66,2010,3378.23
Country_66,2011,3437.83
Country_66,2012,3548.92
Country_66,2013,3615.08
Country_66,2014,3707.33
Country_66,2015,3820.02
Country_66,2016,4004.3
Country_66,2017,4056.37
Country_66,2018,4130.5
Country_66,2019,4276.61
Country_66,2020,4475.43
Country_66,2021,4622.65
Country_66,2022,4866.29
Country_66,2023,5000.09
Country_67,1900,849.36
Country_67,1901,850.79
Country_67,1902,846.56
Country_67,1903,845.31
Country_67,1904,847.58
Country_67,1905,849.38
Country_67,1906,847.35
Country_67,1907,850.57
Country_67,1908,847.96
Country_67,1909,854.32
Country_67,1910,841.35
Country_67,1911,849.01
Country_67,1912,850.64
Country_67,1913,839.96
Country_67,1914,848.95
Country_67,1915,855.04
Country_67,1916,843.6
Country_67,1917,849.99
Country_67,1918,849.48
Country_67,1919,849.25
Country_67,1920,853.73
Country_67,1921,850.85
Country_67,1922,847.18
Country_67,1923,847.27
Country_67,1924,855.21
Country_67,1925,843.47
Country_67,1926,847.03
Country_67,1927,849.49
Country_67,1928,845.22
Country_67,1929,842.73
Country_67,1930,849.09
Country_67,1931,853.2
Country_67,1932,844.78
Country_67,1933,847.21
Country_67,1934,843.05
Country_67,1935,849.35
Country_67,1936,847.52
Country_67,1937,843.85
Country_67,1938,845.86
Country_67,1939,848.61
Country_67,1940,842.99
Country_67,1941,849.36
Country_67,1942,851.86
Country_67,1943,841.94
Country_67,1944,849.65
Country_67,1945,843.96
Country_67,1946,846.56
Country_67,1947,848.5
Country_67,1948,849.07
Country_67,1949,852.69
Country_67,1950,876.32
Country_67,1951,892.13
Country_67,1952,899.65
Country_67,1953,954.26
Country_67,1954,982.23
Country_67,1955,1019.0
Country_67,1956,1063.58
Country_67,1957,1099.44
Country_67,1958,1118.78
Country_67,1959,1178.97
Country_67,1960,1203.72
Country_67,1961,1237.44
Country_67,1962,1246.62
Country_67,1963,1297.17
Country_67,1964,1337.71
Country_67,1965,1382.2
Country_67,1966,1410.96
Country_67,1967,1452.46
Country_67,1968,1478.97
Country_67,1969,1519.9
Country_67,1970,1575.24
Country_67,1971,1639.22
Country_67,1972,1675.33
Country_67,1973,1737.65
Country_67,1974,1798.01
Country_67,1975,1848.22
Country_67,1976,1935.24
Country_67,1977,1976.9
Country_67,1978,2053.49
Country_67,1979,2091.15
Country_67,1980,2149.47
Country_67,1981,2196.15
Country_67,1982,2220.62
Country_67,1983,2250.08
Country_67,1984,2348.64
Country_67,1985,2432.72
Country_67,1986,2535.31
Country_67,1987,2616.49
Country_67,1988,2739.12
Country_67,1989,2791.77
Country_67,1990,2883.07
Country_67,1991,2966.62
Country_67,1992,3104.44
Country_67,1993,3179.61
Country_67,1994,3269.83
Country_67,1995,3436.34
Country_67,1996,3492.58
Country_67,1997,3555.64
Country_67,1998,3686.71
Country_67,1999,3822.75
Country_67,2000,3985.18
Country_67,2001,4122.6
Country_67,2002,4177.81
Country_67,2003,4244.12
Country_67,2004,4389.95
Country_67,2005,4599.12
Country_67,2006,4819.79
Country_67,2007,5014.49
Country_67,2008,5161.44
Country_67,2009,5370.32
Country_67,2010,5517.61
Country_67,2011,5577.29
Country_67,2012,5767.9
Country_67,2013,5893.26
Country_67,2014,6118.12
Country_67,2015,6351.26
Country_67,2016,6449.48
Country_67,2017,6659.71
Country_67,2018,6766.88
Country_67,2019,6953.99
Country_67,2020,7152.76
Country_67,2021,7416.76
Country_67,2022,7516.15
Country_67,2023,7882.71
Country_68,1900,520.37
Country_68,1901,520.04
Country_68,1902,523.25
Country_68,1903,516.8
Country_68,1904,517.53
Country_68,1905,518.83
Country_68,1906,520.21
Country_68,1907,519.46
Country_68,1908,527.29
Country_68,1909,523.82
Country_68,1910,521.54
Country_68,1911,523.21
Country_68,1912,529.62
Country_68,1913,515.94
Country_68,1914,524.75
Country_68,1915,518.82
Country_68,1916,526.83
Country_68,1917,517.83
Country_68,1918,516.39
Country_68,1919,522.29
Country_68,1920,514.08
Country_68,1921,527.53
Country_68,1922,529.32
Country_68,1923,524.86
Country_68,1924,521.88
Country_68,1925,523.67
Country_68,1926,521.46
Country_68,1927,520.89
Country_68,1928,521.7
Country_68,1929,533.3
Country_68,1930,517.21
Country_68,1931,520.16
Country_68,1932,521.78
Country_68,1933,516.58
Country_68,1934,530.91
Country_68,1935,525.14
Country_68,1936,517.19
Country_68,1937,515.4
Country_68,1938,513.93
Country_68,1939,521.83
Country_68,1940,521.73
Country_68,1941,513.74
Country_68,1942,525.18
Country_68,1943,524.02
Country_68,1944,517.82
Country_68,1945,522.28
Country_68,1946,511.92
Country_68,1947,523.83
Country_68,1948,522.51
Country_68,1949,526.09
Country_68,1950,534.6
Country_68,1951,538.77
Country_68,1952,569.19
Country_68,1953,584.19
Country_68,1954,590.29
Country_68,1955,627.3
Country_68,1956,639.52
Country_68,1957,674.26
Country_68,1958,685.69
Country_68,1959,713.98
Country_68,1960,721.13
Country_68,1961,723.8
Country_68,1962,735.45
Country_68,1963,757.98
Country_68,1964,794.86
Country_68,1965,802.93
Country_68,1966,835.19
Country_68,1967,866.07
Country_68,1968,897.86
Country_68,1969,922.85
Country_68,1970,954.77
Country_68,1971,964.03
Country_68,1972,982.65
Country_68,1973,1017.29
Country_68,1974,1070.15
Country_68,1975,1114.79
Country_68,1976,1122.17
Country_68,1977,1178.41
Country_68,1978,1189.96
Country_68,1979,1202.57
Country_68,1980,1246.9
Country_68,1981,1288.94
Country_68,1982,1335.02
Country_68,1983,1348.08
Country_68,1984,1410.29
Country_68,1985,1475.86
Country_68,1986,1547.75
Country_68,1987,1592.86
Country_68,1988,1663.3
Country_68,1989,1690.88
Country_68,1990,1739.74
Country_68,1991,1834.29
Country_68,1992,1857.63
Country_68,1993,1925.72
Country_68,1994,2003.61
Country_68,1995,2051.13
Country_68,1996,2156.73
Country_68,1997,2251.56
Country_68,1998,2331.37
Country_68,1999,2402.49
Country_68,2000,2494.99
Country_68,2001,2543.35
Country_68,2002,2601.98
Country_68,2003,2697.13
Country_68,2004,2756.96
Country_68,2005,2799.87
Country_68,2006,2863.46
Country_68,2007,2958.76
Country_68,2008,3065.62
Country_68,2009,3209.38
Country_68,2010,3269.81
Country_68,2011,3323.37
Country_68,2012,3447.15
Country_68,2013,3613.3
Country_68,2014,3758.23
Country_68,2015,3922.91
Country_68,2016,4001.26
Country_68,2017,4120.89
Country_68,2018,4317.68
Country_68,2019,4527.14
Country_68,2020,4696.05
Country_68,2021,4737.36
Country_68,2022,4963.57
Country_68,2023,5092.38
Country_69,1900,579.92
Country_69,1901,577.78
Country_69,1902,574.26
Country_69,1903,589.02
Country_69,1904,580.48
Country_69,1905,585.21
Country_69,1906,583.52
Country_69,1907,585.63
Country_69,1908,586.52
Country_69,1909,577.06
Country_69,1910,577.16
Country_69,1911,577.88
Country_69,1912,587.93
Country_69,1913,585.8
Country_69,1914,582.23
Country_69,1915,593.83
Country_69,1916,586.1
Country_69,1917,580.95
Country_69,1918,590.57
Country_69,1919,585.89
Country_69,1920,580.83
Country_69,1921,572.37
Country_69,1922,573.16
Country_69,1923,584.28
Country_69,1924,585.5
Country_69,1925,582.48
Country_69,1926,580.03
Country_69,1927,582.01
Country_69,1928,580.94
Country_69,1929,581.08
Country_69,1930,581.77
Country_69,1931,571.08
Country_69,1932,573.66
Country_69,1933,585.7
Country_69,1934,573.47
Country_69,1935,576.09
Country_69,1936,579.56
Country_69,1937,591.07
Country_69,1938,585.1
Country_69,1939,580.3
Country_69,1940,583.03
Country_69,1941,586.32
Country_69,1942,581.98
Country_69,1943,579.77
Country_69,1944,579.47
Country_69,1945,579.13
Country_69,1946,581.58
Country_69,1947,582.72
Country_69,1948,589.33
Country_69,1949,587.38
Country_69,1950,600.17
Country_69,1951,632.46
Country_69,1952,643.81
Country_69,1953,666.32
Country_69,1954,684.36
Country_69,1955,702.88
Country_69,1956,717.77
Country_69,1957,743.89
Country_69,1958,770.37
Country_69,1959,769.21
Country_69,1960,786.59
Country_69,1961,800.71
Country_69,1962,837.23
Country_69,1963,865.07
Country_69,1964,896.66
Country_69,1965,907.73
Country_69,1966,939.99
Country_69,1967,994.22
Country_69,1968,1031.2
Country_69,1969,1075.1
Country_69,1970,1088.29
Country_69,1971,1100.54
Country_69,1972,1149.6
Country_69,1973,1179.82
Country_69,1974,1210.42
Country_69,1975,1213.79
Country_69,1976,1236.15
Country_69,1977,1291.55
Country_69,1978,1328.4
Country_69,1979,1383.01
Country_69,1980,1441.58
Country_69,1981,1463.68
Country_69,1982,1521.57
Country_69,1983,1541.67
Country_69,1984,1615.77
Country_69,1985,1631.23
Country_69,1986,1666.94
Country_69,1987,1705.76
Country_69,1988,1747.69
Country_69,1989,1816.38
Country_69,1990,1830.95
Country_69,1991,1917.42
Country_69,1992,1975.96
Country_69,1993,2052.24
Country_69,1994,2149.74
Country_69,1995,2237.56
Country_69,1996,2332.03
Country_69,1997,2395.23
Country_69,1998,2434.86
Country_69,1999,2470.8
Country_69,2000,2522.93
Country_69,2001,2594.57
Country_69,2002,2712.6
Country_69,2003,2787.99
Country_69,2004,2923.63
Country_69,2005,2987.77
Country_69,2006,3087.28
Country_69,2007,3171.97
Country_69,2008,3227.81
Country_69,2009,3395.34
Country_69,2010,3447.56
Country_69,2011,3539.29
Country_69,2012,3689.46
Country_69,2013,3763.91
Country_69,2014,3846.58
Country_69,2015,3990.36
Country_69,2016,4077.85
Country_69,2017,4189.34
Country_69,2018,4396.86
Country_69,2019,4565.97
Country_69,2020,4610.59
Country_69,2021,4752.71
Country_69,2022,4844.03
Country_69,2023,5034.13
Country_70,1900,328.39
Country_70,1901,331.99
Country_70,1902,333.23
Country_70,1903,330.41
Country_70,1904,332.94
Country_70,1905,323.4
Country_70,1906,323.03
Country_70,1907,336.77
Country_70,1908,325.21
Country_70,1909,334.33
Country_70,1910,326.24
Country_70,1911,326.13
Country_70,1912,318.62
Country_70,1913,323.24
Country_70,1914,327.21
Country_70,1915,337.79
Country_70,1916,318.57
Country_70,1917,321.42
Country_70,1918,323.99
Country_70,1919,336.52
Country_70,1920,326.7
Country_70,1921,321.63
Country_70,1922,328.18
Country_70,1923,330.81
Country_70,1924,317.27
Country_70,1925,323.14
Country_70,1926,331.09
Country_70,1927,324.22
Country_70,1928,338.74
Country_70,1929,326.17
Country_70,1930,331.66
Country_70,1931,326.45
Country_70,1932,323.65
Country_70,1933,329.85
Country_70,1934,331.23
Country_70,1935,314.8
Country_70,1936,321.08
Country_70,1937,324.6
Country_70,1938,327.91
Country_70,1939,327.8
Country_70,1940,325.42
Country_70,1941,320.35
Country_70,1942,333.73
Country_70,1943,325.37
Country_70,1944,323.58
Country_70,1945,329.98
Country_70,1946,326.89
Country_70,1947,317.9
Country_70,1948,311.05
Country_70,1949,329.95
Country_70,1950,336.76
Country_70,1951,346.75
Country_70,1952,365.87
Country_70,1953,371.73
Country_70,1954,386.82
Country_70,1955,396.8
Country_70,1956,396.77
Country_70,1957,416.73
Country_70,1958,408.55
Country_70,1959,429.3
Country_70,1960,449.9
Country_70,1961,462.52
Country_70,1962,478.66
Country_70,1963,496.24
Country_70,1964,509.48
Country_70,1965,512.97
Country_70,1966,516.12
Country_70,1967,532.96
Country_70,1968,549.39
Country_70,1969,568.74
Country_70,1970,572.9
Country_70,1971,600.9
Country_70,1972,637.91
Country_70,1973,659.71
Country_70,1974,686.22
Country_70,1975,715.22
Country_70,1976,746.01
Country_70,1977,771.67
Country_70,1978,801.56
Country_70,1979,817.8
Country_70,1980,847.13
Country_70,1981,854.08
Country_70,1982,903.66
Country_70,1983,920.76
Country_70,1984,970.55
Country_70,1985,979.24
Country_70,1986,1018.94
Country_70,1987,1054.17
Country_70,1988,1098.83
Country_70,1989,1137.93
Country_70,1990,1185.78
Country_70,1991,1242.57
Country_70,1992,1267.74
Country_70,1993,1317.05
Country_70,1994,1356.9
Country_70,1995,1414.52
Country_70,1996,1492.24
Country_70,1997,1555.19
Country_70,1998,1640.24
Country_70,1999,1657.74
Country_70,2000,1684.79
Country_70,2001,1763.42
Country_70,2002,1842.32
Country_70,2003,1885.82
Country_70,2004,1972.86
Country_70,2005,1998.31
Country_70,2006,2007.21
Country_70,2007,2097.51
Country_70,2008,2180.75
Country_70,2009,2238.13
Country_70,2010,2263.59
Country_70,2011,2369.51
Country_70,2012,2447.41
Country_70,2013,2467.54
Country_70,2014,2507.6
Country_70,2015,2582.72
Country_70,2016,2684.07
Country_70,2017,2808.37
Country_70,2018,2906.24
Country_70,2019,3029.59
Country_70,2020,3092.42
Country_70,2021,3127.68
Country_70,2022,3213.95
Country_70,2023,3327.92
Country_71,1900,475.64
Country_71,1901,471.59
Country_71,1902,472.14
Country_71,1903,482.42
Country_71,1904,480.86
Country_71,1905,476.88
Country_71,1906,476.76
Country_71,1907,469.85
Country_71,1908,483.28
Country_71,1909,468.1
Country_71,1910,471.31
Country_71,1911,469.44
Country_71,1912,479.62
Country_71,1913,478.67
Country_71,1914,479.25
Country_71,1915,479.11
Country_71,1916,470.19
Country_71,1917,472.94
Country_71,1918,475.88
Country_71,1919,481.21
Country_71,1920,473.16
Country_71,1921,480.02
Country_71,1922,477.49
Country_71,1923,476.69
Country_71,1924,481.28
Country_71,1925,470.25
Country_71,1926,475.29
Country_71,1927,472.91
Country_71,1928,473.54
Country_71,1929,469.23
Country_71,1930,475.55
Country_71,1931,474.2
Country_71,1932,471.31
Country_71,1933,479.61
Country_71,1934,479.32
Country_71,1935,478.14
Country_71,1936,475.96
Country_71,1937,472.52
Country_71,1938,474.54
Country_71,1939,483.54
Country_71,1940,486.13
Country_71,1941,483.88
Country_71,1942,474.72
Country_71,1943,488.32
Country_71,1944,484.37
Country_71,1945,470.09
Country_71,1946,476.31
Country_71,1947,480.08
Country_71,1948,482.54
Country_71,1949,474.8
Country_71,1950,482.79
Country_71,1951,515.05
Country_71,1952,516.19
Country_71,1953,521.56
Country_71,1954,533.26
Country_71,1955,554.61
Country_71,1956,570.29
Country_71,1957,579.24
Country_71,1958,608.4
Country_71,1959,611.71
Country_71,1960,652.73
Country_71,1961,666.9
Country_71,1962,695.52
Country_71,1963,712.0
Country_71,1964,733.79
Country_71,1965,753.36
Country_71,1966,748.28
Country_71,1967,778.0
Country_71,1968,791.62
Country_71,1969,820.97
Country_71,1970,870.94
Country_71,1971,903.12
Country_71,1972,899.73
Country_71,1973,955.96
Country_71,1974,970.18
Country_71,1975,999.5
Country_71,1976,1040.32
Country_71,1977,1073.14
Country_71,1978,1111.85
Country_71,1979,1143.29
Country_71,1980,1175.17
Country_71,1981,1189.06
Country_71,1982,1233.07
Country_71,1983,1298.55
Country_71,1984,1360.18
Country_71,1985,1404.18
Country_71,1986,1435.76
Country_71,1987,1487.85
Country_71,1988,1511.89
Country_71,1989,1568.38
Country_71,1990,1637.73
Country_71,1991,1704.09
Country_71,1992,1748.97
Country_71,1993,1789.39
Country_71,1994,1849.03
Country_71,1995,1901.95
Country_71,1996,1950.87
Country_71,1997,2019.11
Country_71,1998,2088.93
Country_71,1999,2165.68
Country_71,2000,2236.41
Country_71,2001,2307.09
Country_71,2002,2380.36
Country_71,2003,2438.67
Country_71,2004,2483.67
Country_71,2005,2549.78
Country_71,2006,2663.78
Country_71,2007,2700.14
Country_71,2008,2741.19
Country_71,2009,2857.78
Country_71,2010,2886.42
Country_71,2011,2952.18
Country_71,2012,3005.63
Country_71,2013,3131.25
Country_71,2014,3265.35
Country_71,2015,3324.03
Country_71,2016,3409.19
Country_71,2017,3481.27
Country_71,2018,3581.06
Country_71,2019,3697.65
Country_71,2020,3748.19
Country_71,2021,3826.51
Country_71,2022,3945.51
Country_71,2023,4026.86
Country_72,1900,957.41
Country_72,1901,954.92
Country_72,1902,949.3
Country_72,1903,953.86
Country_72,1904,946.27
Country_72,1905,956.09
Country_72,1906,960.0
Country_72,1907,953.07
Country_72,1908,957.09
Country_72,1909,961.73
Country_72,1910,959.22
Country_72,1911,957.47
Country_72,1912,949.7
Country_72,1913,948.77
Country_72,1914,957.83
Country_72,1915,951.71
Country_72,1916,946.56
Country_72,1917,945.87
Country_72,1918,943.09
Country_72,1919,954.44
Country_72,1920,956.4
Country_72,1921,956.89
Country_72,1922,951.39
Country_72,1923,951.45
Country_72,1924,953.92
Country_72,1925,949.45
Country_72,1926,954.3
Country_72,1927,950.83
Country_72,1928,955.21
Country_72,1929,953.91
Country_72,1930,956.46
Country_72,1931,949.98
Country_72,1932,950.7
Country_72,1933,954.38
Country_72,1934,960.07
Country_72,1935,956.56
Country_72,1936,949.67
Country_72,1937,953.59
Country_72,1938,957.3
Country_72,1939,957.72
Country_72,1940,944.18
Country_72,1941,951.39
Country_72,1942,947.74
Country_72,1943,950.25
Country_72,1944,961.36
Country_72,1945,950.36
Country_72,1946,949.82
Country_72,1947,949.29
Country_72,1948,953.41
Country_72,1949,953.33
Country_72,1950,962.67
Country_72,1951,1016.89
Country_72,1952,1056.68
Country_72,1953,1085.15
Country_72,1954,1128.89
Country_72,1955,1164.18
Country_72,1956,1183.63
Country_72,1957,1199.0
Country_72,1958,1258.38
Country_72,1959,1279.53
Country_72,1960,1297.08
Country_72,1961,1338.32
Country_72,1962,1346.99
Country_72,1963,1388.37
Country_72,1964,1417.04
Country_72,1965,1430.36
Country_72,1966,1497.81
Country_72,1967,1520.15
Country_72,1968,1573.55
Country_72,1969,1610.47
Country_72,1970,1623.13
Country_72,1971,1659.86
Country_72,1972,1701.13
Country_72,1973,1767.94
Country_72,1974,1799.59
Country_72,1975,1854.82
Country_72,1976,1908.2
Country_72,1977,1936.78
Country_72,1978,1981.07
Country_72,1979,2061.31
Country_72,1980,2135.76
Country_72,1981,2185.45
Country_72,1982,2189.65
Country_72,1983,2259.98
Country_72,1984,2310.73
Country_72,1985,2355.99
Country_72,1986,2402.63
Country_72,1987,2465.66
Country_72,1988,2557.22
Country_72,1989,2588.29
Country_72,1990,2639.9
Country_72,1991,2691.49
Country_72,1992,2719.08
Country_72,1993,2827.7
Country_72,1994,2938.59
Country_72,1995,3078.69
Country_72,1996,3148.29
Country_72,1997,3300.62
Country_72,1998,3390.69
Country_72,1999,3539.02
Country_72,2000,3629.53
Country_72,2001,3771.59
Country_72,2002,3856.01
Country_72,2003,3995.88
Country_72,2004,4065.0
Country_72,2005,4164.16
Country_72,2006,4329.13
Country_72,2007,4532.11
Country_72,2008,4632.63
Country_72,2009,4842.29
Country_72,2010,4942.51
Country_72,2011,5002.94
Country_72,2012,5152.58
Country_72,2013,5207.82
Country_72,2014,5341.79
Country_72,2015,5514.22
Country_72,2016,5649.34
Country_72,2017,5853.52
Country_72,2018,5956.6
Country_72,2019,6209.12
Country_72,2020,6284.97
Country_72,2021,6504.32
Country_72,2022,6598.41
Country_72,2023,6916.76
Country_73,1900,58.29
Country_73,1901,56.53
Country_73,1902,56.65
Country_73,1903,52.53
Country_73,1904,51.7
Country_73,1905,60.49
Country_73,1906,58.0
Country_73,1907,55.67
Country_73,1908,58.68
Country_73,1909,56.57
Country_73,1910,57.74
Country_73,1911,51.07
Country_73,1912,63.06
Country_73,1913,48.68
Country_73,1914,56.17
Country_73,1915,59.8
Country_73,1916,44.53
Country_73,1917,55.4
Country_73,1918,57.55
Country_73,1919,52.38
Country_73,1920,57.52
Country_73,1921,51.99
Country_73,1922,58.49
Country_73,1923,45.92
Country_73,1924,53.05
Country_73,1925,61.34
Country_73,1926,57.88
Country_73,1927,48.11
Country_73,1928,59.19
Country_73,1929,61.55
Country_73,1930,62.31
Country_73,1931,52.03
Country_73,1932,71.8
Country_73,1933,64.56
Country_73,1934,51.48
Country_73,1935,61.48
Country_73,1936,52.0
Country_73,1937,55.25
Country_73,1938,59.24
Country_73,1939,49.34
Country_73,1940,52.53
Country_73,1941,51.79
Country_73,1942,53.67
Country_73,1943,63.91
Country_73,1944,56.36
Country_73,1945,51.94
Country_73,1946,58.84
Country_73,1947,50.47
Country_73,1948,55.05
Country_73,1949,53.76
Country_73,1950,58.61
Country_73,1951,56.69
Country_73,1952,60.32
Country_73,1953,68.22
Country_73,1954,67.18
Country_73,1955,72.03
Country_73,1956,68.23
Country_73,1957,72.6
Country_73,1958,79.7
Country_73,1959,71.39
Country_73,1960,80.98
Country_73,1961,78.3
Country_73,1962,79.13
Country_73,1963,83.21
Country_73,1964,89.45
Country_73,1965,96.23
Country_73,1966,83.53
Country_73,1967,90.56
Country_73,1968,99.22
Country_73,1969,94.31
Country_73,1970,97.97
Country_73,1971,101.42
Country_73,1972,97.35
Country_73,1973,113.43
Country_73,1974,101.63
Country_73,1975,115.97
Country_73,1976,113.78
Country_73,1977,119.06
Country_73,1978,121.74
Country_73,1979,130.84
Country_73,1980,130.38
Country_73,1981,138.7
Country_73,1982,153.5
Country_73,1983,143.67
Country_73,1984,140.76
Country_73,1985,161.23
Country_73,1986,154.93
Country_73,1987,169.73
Country_73,1988,164.91
Country_73,1989,163.51
Country_73,1990,179.48
Country_73,1991,180.32
Country_73,1992,192.16
Country_73,1993,196.1
Country_73,1994,203.2
Country_73,1995,202.1
Country_73,1996,211.95
Country_73,1997,220.11
Country_73,1998,234.66
Country_73,1999,232.18
Country_73,2000,226.59
Country_73,2001,253.04
Country_73,2002,252.83
Country_73,2003,265.78
Country_73,2004,275.5
Country_73,2005,283.26
Country_73,2006,302.98
Country_73,2007,309.42
Country_73,2008,321.78
Country_73,2009,323.81
Country_73,2010,339.9
Country_73,2011,358.85
Country_73,2012,371.85
Country_73,2013,385.99
Country_73,2014,385.91
Country_73,2015,390.87
Country_73,2016,403.97
Country_73,2017,408.46
Country_73,2018,422.71
Country_73,2019,444.69
Country_73,2020,439.33
Country_73,2021,467.59
Country_73,2022,473.71
Country_73,2023,485.72
Country_74,1900,292.29
Country_74,1901,299.37
Country_74,1902,301.18
Country_74,1903,290.12
Country_74,1904,298.59
Country_74,1905,299.26
Country_74,1906,297.96
Country_74,1907,296.16
Country_74,1908,297.48
Country_74,1909,305.59
Country_74,1910,306.07
Country_74,1911,306.99
Country_74,1912,295.61
Country_74,1913,294.14
Country_74,1914,297.98
Country_74,1915,296.15
Country_74,1916,296.1
Country_74,1917,301.84
Country_74,1918,302.25
Country_74,1919,293.5
Country_74,1920,300.22
Country_74,1921,294.22
Country_74,1922,298.37
Country_74,1923,289.94
Country_74,1924,290.86
Country_74,1925,303.48
Country_74,1926,303.77
Country_74,1927,293.48
Country_74,1928,303.44
Country_74,1929,298.46
Country_74,1930,302.39
Country_74,1931,298.08
Country_74,1932,297.56
Country_74,1933,299.03
Country_74,1934,300.33
Country_74,1935,299.92
Country_74,1936,299.6
Country_74,1937,305.56
Country_74,1938,291.16
Country_74,1939,299.5
Country_74,1940,303.05
Country_74,1941,299.14
Country_74,1942,297.61
Country_74,1943,298.64
Country_74,1944,301.08
Country_74,1945,300.12
Country_74,1946,305.47
Country_74,1947,303.8
Country_74,1948,304.19
Country_74,1949,300.64
Country_74,1950,317.5
Country_74,1951,316.84
Country_74,1952,325.22
Country_74,1953,340.57
Country_74,1954,359.1
Country_74,1955,351.16
Country_74,1956,387.54
Country_74,1957,375.61
Country_74,1958,395.17
Country_74,1959,419.53
Country_74,1960,426.56
Country_74,1961,436.06
Country_74,1962,452.48
Country_74,1963,449.48
Country_74,1964,470.45
Country_74,1965,494.84
Country_74,1966,509.02
Country_74,1967,526.9
Country_74,1968,550.13
Country_74,1969,564.05
Country_74,1970,590.61
Country_74,1971,599.07
Country_74,1972,611.39
Country_74,1973,624.28
Country_74,1974,626.38
Country_74,1975,655.87
Country_74,1976,669.89
Country_74,1977,716.45
Country_74,1978,732.84
Country_74,1979,764.3
Country_74,1980,775.72
Country_74,1981,792.05
Country_74,1982,828.97
Country_74,1983,860.57
Country_74,1984,903.06
Country_74,1985,922.87
Country_74,1986,936.91
Country_74,1987,970.87
Country_74,1988,993.06
Country_74,1989,1039.75
Country_74,1990,1064.84
Country_74,1991,1101.21
Country_74,1992,1144.43
Country_74,1993,1191.59
Country_74,1994,1239.37
Country_74,1995,1296.13
Country_74,1996,1304.03
Country_74,1997,1319.33
Country_74,1998,1344.03
Country_74,1999,1379.41
Country_74,2000,1437.44
Country_74,2001,1455.23
Country_74,2002,1481.43
Country_74,2003,1536.64
Country_74,2004,1580.85
Country_74,2005,1648.69
Country_74,2006,1681.0
Country_74,2007,1723.18
Country_74,2008,1745.75
Country_74,2009,1818.05
Country_74,2010,1856.75
Country_74,2011,1905.28
Country_74,2012,1940.83
Country_74,2013,1986.83
Country_74,2014,2039.67
Country_74,2015,2097.76
Country_74,2016,2126.6
Country_74,2017,2223.64
Country_74,2018,2309.52
Country_74,2019,2328.49
Country_74,2020,2429.03
Country_74,2021,2464.36
Country_74,2022,2498.51
Country_74,2023,2555.89
Country_75,1900,540.02
Country_75,1901,533.26
Country_75,1902,539.62
Country_75,1903,533.44
Country_75,1904,541.36
Country_75,1905,537.93
Country_75,1906,537.15
Country_75,1907,535.71
Country_75,1908,536.02
Country_75,1909,542.96
Country_75,1910,553.2
Country_75,1911,535.85
Country_75,1912,547.04
Country_75,1913,537.9
Country_75,1914,539.32
Country_75,1915,540.88
Country_75,1916,543.61
Country_75,1917,544.25
Country_75,1918,538.78
Country_75,1919,537.01
Country_75,1920,544.21
Country_75,1921,542.06
Country_75,1922,539.72
Country_75,1923,538.04
Country_75,1924,545.15
Country_75,1925,540.89
Country_75,1926,533.2
Country_75,1927,545.63
Country_75,1928,532.61
Country_75,1929,537.75
Country_75,1930,536.97
Country_75,1931,541.35
Country_75,1932,557.49
Country_75,1933,541.55
Country_75,1934,540.96
Country_75,1935,547.12
Country_75,1936,535.93
Country_75,1937,537.46
Country_75,1938,527.79
Country_75,1939,537.78
Country_75,1940,552.2
Country_75,1941,546.9
Country_75,1942,542.87
Country_75,1943,531.27
Country_75,1944,539.35
Country_75,1945,543.23
Country_75,1946,536.89
Country_75,1947,545.83
Country_75,1948,554.04
Country_75,1949,537.45
Country_75,1950,556.44
Country_75,1951,573.58
Country_75,1952,578.81
Country_75,1953,589.21
Country_75,1954,595.64
Country_75,1955,612.41
Country_75,1956,635.35
Country_75,1957,643.0
Country_75,1958,664.01
Country_75,1959,699.66
Country_75,1960,708.05
Country_75,1961,721.94
Country_75,1962,733.55
Country_75,1963,767.58
Country_75,1964,781.63
Country_75,1965,808.45
Country_75,1966,820.3
Country_75,1967,851.09
Country_75,1968,862.53
Country_75,1969,900.7
Country_75,1970,939.7
Country_75,1971,994.28
Country_75,1972,1012.07
Country_75,1973,1059.8
Country_75,1974,1085.92
Country_75,1975,1135.04
Country_75,1976,1171.16
Country_75,1977,1208.98
Country_75,1978,1231.21
Country_75,1979,1285.9
Country_75,1980,1328.53
Country_75,1981,1360.56
Country_75,1982,1384.91
Country_75,1983,1449.99
Country_75,1984,1467.8
Country_75,1985,1517.87
Country_75,1986,1526.59
Country_75,1987,1605.34
Country_75,1988,1632.52
Country_75,1989,1659.71
Country_75,1990,1749.53
Country_75,1991,1824.98
Country_75,1992,1899.96
Country_75,1993,1961.72
Country_75,1994,1983.05
Country_75,1995,2065.7
Country_75,1996,2121.82
Country_75,1997,2171.09
Country_75,1998,2229.64
Country_75,1999,2314.87
Country_75,2000,2423.04
Country_75,2001,2470.28
Country_75,2002,2611.59
Country_75,2003,2646.2
Country_75,2004,2671.48
Country_75,2005,2761.63
Country_75,2006,2849.05
Country_75,2007,2950.71
Country_75,2008,3046.97
Country_75,2009,3193.76
Country_75,2010,3343.95
Country_75,2011,3415.73
Country_75,2012,3540.66
Country_75,2013,3643.72
Country_75,2014,3776.22
Country_75,2015,3893.24
Country_75,2016,4050.59
Country_75,2017,4168.01
Country_75,2018,4353.87
Country_75,2019,4475.95
Country_75,2020,4573.02
Country_75,2021,4726.48
Country_75,2022,4868.92
Country_75,2023,4973.01
Country_76,1900,861.46
Country_76,1901,864.03
Country_76,1902,863.58
Country_76,1903,867.47
Country_76,1904,864.35
Country_76,1905,854.38
Country_76,1906,860.2
Country_76,1907,873.26
Country_76,1908,862.44
Country_76,1909,866.93
Country_76,1910,858.83
Country_76,1911,858.29
Country_76,1912,874.74
Country_76,1913,869.88
Country_76,1914,864.46
Country_76,1915,862.65
Country_76,1916,865.98
Country_76,1917,866.79
Country_76,1918,862.51
Country_76,1919,859.27
Country_76,1920,865.83
Country_76,1921,872.35
Country_76,1922,857.22
Country_76,1923,853.87
Country_76,1924,859.55
Country_76,1925,869.47
Country_76,1926,864.73
Country_76,1927,850.31
Country_76,1928,862.08
Country_76,1929,865.52
Country_76,1930,869.25
Country_76,1931,865.56
Country_76,1932,863.21
Country_76,1933,873.54
Country_76,1934,869.4
Country_76,1935,841.56
Country_76,1936,859.39
Country_76,1937,871.02
Country_76,1938,861.42
Country_76,1939,864.19
Country_76,1940,867.65
Country_76,1941,865.95
Country_76,1942,867.03
Country_76,1943,859.52
Country_76,1944,858.69
Country_76,1945,858.15
Country_76,1946,855.14
Country_76,1947,854.73
Country_76,1948,861.91
Country_76,1949,863.56
Country_76,1950,879.4
Country_76,1951,890.97
Country_76,1952,911.02
Country_76,1953,953.12
Country_76,1954,960.3
Country_76,1955,986.23
Country_76,1956,1032.2
Country_76,1957,1080.12
Country_76,1958,1075.49
Country_76,1959,1108.25
Country_76,1960,1128.8
Country_76,1961,1165.06
Country_76,1962,1190.1
Country_76,1963,1236.17
Country_76,1964,1284.54
Country_76,1965,1343.41
Country_76,1966,1365.56
Country_76,1967,1384.21
Country_76,1968,1436.82
Country_76,1969,1472.63
Country_76,1970,1522.47
Country_76,1971,1553.67
Country_76,1972,1603.71
Country_76,1973,1639.91
Country_76,1974,1688.57
Country_76,1975,1731.17
Country_76,1976,1799.15
Country_76,1977,1827.66
Country_76,1978,1851.1
Country_76,1979,1908.6
Country_76,1980,1959.45
Country_76,1981,2041.25
Country_76,1982,2131.13
Country_76,1983,2195.38
Country_76,1984,2265.68
Country_76,1985,2370.46
Country_76,1986,2482.71
Country_76,1987,2586.69
Country_76,1988,2617.21
Country_76,1989,2664.63
Country_76,1990,2733.23
Country_76,1991,2782.57
Country_76,1992,2856.46
Country_76,1993,2935.71
Country_76,1994,3069.84
Country_76,1995,3152.14
Country_76,1996,3209.2
Country_76,1997,3260.46
Country_76,1998,3368.35
Country_76,1999,3436.84
Country_76,2000,3556.85
Country_76,2001,3627.93
Country_76,2002,3749.39
Country_76,2003,3925.8
Country_76,2004,3977.35
Country_76,2005,4119.6
Country_76,2006,4267.57
Country_76,2007,4449.71
Country_76,2008,4593.44
Country_76,2009,4799.79
Country_76,2010,4950.29
Country_76,2011,5009.26
Country_76,2012,5110.44
Country_76,2013,5245.61
Country_76,2014,5331.15
Country_76,2015,5448.55
Country_76,2016,5522.49
Country_76,2017,5684.71
Country_76,2018,5770.95
Country_76,2019,6026.8
Country_76,2020,6188.61
Country_76,2021,6324.37
Country_76,2022,6626.53
Country_76,2023,6782.84
Country_77,1900,942.07
Country_77,1901,943.44
Country_77,1902,942.51
Country_77,1903,943.76
Country_77,1904,939.87
Country_77,1905,946.41
Country_77,1906,943.35
Country_77,1907,933.88
Country_77,1908,943.79
Country_77,1909,938.11
Country_77,1910,948.59
Country_77,1911,950.32
Country_77,1912,943.34
Country_77,1913,943.97
Country_77,1914,949.23
Country_77,1915,940.74
Country_77,1916,939.67
Country_77,1917,943.25
Country_77,1918,944.73
Country_77,1919,950.1
Country_77,1920,949.14
Country_77,1921,947.94
Country_77,1922,937.15
Country_77,1923,944.22
Country_77,1924,944.55
Country_77,1925,952.92
Country_77,1926,938.77
Country_77,1927,942.93
Country_77,1928,950.88
Country_77,1929,941.91
Country_77,1930,940.98
Country_77,1931,943.75
Country_77,1932,941.55
Country_77,1933,945.23
Country_77,1934,939.86
Country_77,1935,945.52
Country_77,1936,948.24
Country_77,1937,939.66
Country_77,1938,949.68
Country_77,1939,933.95
Country_77,1940,930.16
Country_77,1941,942.72
Country_77,1942,947.78
Country_77,1943,940.82
Country_77,1944,946.99
Country_77,1945,945.98
Country_77,1946,940.32
Country_77,1947,946.69
Country_77,1948,954.36
Country_77,1949,947.38
Country_77,1950,978.14
Country_77,1951,1002.36
Country_77,1952,1044.07
Country_77,1953,1048.98
Country_77,1954,1099.83
Country_77,1955,1121.14
Country_77,1956,1172.05
Country_77,1957,1191.17
Country_77,1958,1246.18
Country_77,1959,1269.82
Country_77,1960,1320.95
Country_77,1961,1369.96
Country_77,1962,1420.67
Country_77,1963,1443.71
Country_77,1964,1498.06
Country_77,1965,1537.64
Country_77,1966,1558.05
Country_77,1967,1594.34
Country_77,1968,1635.25
Country_77,1969,1677.16
Country_77,1970,1709.36
Country_77,1971,1779.15
Country_77,1972,1804.39
Country_77,1973,1889.4
Country_77,1974,1936.23
Country_77,1975,2000.75
Country_77,1976,2047.82
Country_77,1977,2134.82
Country_77,1978,2218.65
Country_77,1979,2278.53
Country_77,1980,2323.57
Country_77,1981,2383.15
Country_77,1982,2422.81
Country_77,1983,2472.34
Country_77,1984,2503.67
Country_77,1985,2634.64
Country_77,1986,2722.0
Country_77,1987,2755.95
Country_77,1988,2786.24
Country_77,1989,2930.15
Country_77,1990,3063.12
Country_77,1991,3162.79
Country_77,1992,3274.4
Country_77,1993,3418.23
Country_77,1994,3487.46
Country_77,1995,3553.64
Country_77,1996,3707.53
Country_77,1997,3847.8
Country_77,1998,4010.5
Country_77,1999,4133.02
Country_77,2000,4170.52
Country_77,2001,4254.45
Country_77,2002,4341.85
Country_77,2003,4479.28
Country_77,2004,4693.09
Country_77,2005,4835.26
Country_77,2006,4988.42
Country_77,2007,5122.46
Country_77,2008,5219.63
Country_77,2009,5325.09
Country_77,2010,5414.93
Country_77,2011,5593.21
Country_77,2012,5818.65
Country_77,2013,5915.69
Country_77,2014,6191.07
Country_77,2015,6454.66
Country_77,2016,6749.29
Country_77,2017,7065.4
Country_77,2018,7367.28
Country_77,2019,7618.39
Country_77,2020,7725.02
Country_77,2021,7992.72
Country_77,2022,8226.34
Country_77,2023,8430.61
Country_78,1900,437.06
Country_78,1901,431.13
Country_78,1902,429.27
Country_78,1903,440.93
Country_78,1904,426.92
Country_78,1905,427.91
Country_78,1906,435.49
Country_78,1907,426.07
Country_78,1908,449.75
Country_78,1909,434.48
Country_78,1910,435.89
Country_78,1911,430.72
Country_78,1912,428.25
Country_78,1913,425.41
Country_78,1914,423.43
Country_78,1915,434.85
Country_78,1916,425.28
Country_78,1917,433.25
Country_78,1918,430.62
Country_78,1919,421.46
Country_78,1920,435.7
Country_78,1921,436.76
Country_78,1922,427.14
Country_78,1923,427.42
Country_78,1924,424.88
Country_78,1925,438.1
Country_78,1926,427.39
Country_78,1927,432.88
Country_78,1928,430.38
Country_78,1929,425.22
Country_78,1930,432.12
Country_78,1931,427.8
Country_78,1932,437.07
Country_78,1933,431.05
Country_78,1934,428.27
Country_78,1935,430.6
Country_78,1936,433.59
Country_78,1937,427.39
Country_78,1938,439.16
Country_78,1939,434.08
Country_78,1940,439.99
Country_78,1941,428.46
Country_78,1942,424.18
Country_78,1943,426.95
Country_78,1944,429.62
Country_78,1945,425.6
Country_78,1946,432.22
Country_78,1947,418.13
Country_78,1948,435.08
Country_78,1949,430.91
Country_78,1950,447.15
Country_78,1951,463.12
Country_78,1952,478.64
Country_78,1953,501.34
Country_78,1954,518.01
Country_78,1955,532.76
Country_78,1956,545.23
Country_78,1957,564.51
Country_78,1958,572.1
Country_78,1959,586.52
Country_78,1960,604.63
Country_78,1961,620.88
Country_78,1962,632.44
Country_78,1963,663.29
Country_78,1964,688.82
Country_78,1965,696.89
Country_78,1966,729.3
Country_78,1967,741.58
Country_78,1968,762.57
Country_78,1969,784.37
Country_78,1970,827.74
Country_78,1971,869.49
Country_78,1972,902.02
Country_78,1973,947.32
Country_78,1974,973.53
Country_78,1975,993.09
Country_78,1976,1026.52
Country_78,1977,1074.04
Country_78,1978,1100.42
Country_78,1979,1151.18
Country_78,1980,1181.51
Country_78,1981,1230.26
Country_78,1982,1254.75
Country_78,1983,1320.7
Country_78,1984,1346.41
Country_78,1985,1376.41
Country_78,1986,1428.55
Country_78,1987,1490.51
Country_78,1988,1553.02
Country_78,1989,1616.9
Country_78,1990,1656.11
Country_78,1991,1685.15
Country_78,1992,1740.87
Country_78,1993,1790.18
Country_78,1994,1857.35
Country_78,1995,1887.42
Country_78,1996,1935.02
Country_78,1997,1983.69
Country_78,1998,2064.87
Country_78,1999,2109.7
Country_78,2000,2152.33
Country_78,2001,2229.22
Country_78,2002,2289.19
Country_78,2003,2351.24
Country_78,2004,2399.63
Country_78,2005,2518.9
Country_78,2006,2629.97
Country_78,2007,2702.47
Country_78,2008,2788.66
Country_78,2009,2847.15
Country_78,2010,2906.43
Country_78,2011,2997.86
Country_78,2012,3124.64
Country_78,2013,3177.44
Country_78,2014,3295.71
Country_78,2015,3407.66
Country_78,2016,3550.58
Country_78,2017,3673.47
Country_78,2018,3833.88
Country_78,2019,3900.29
Country_78,2020,3964.97
Country_78,2021,4080.95
Country_78,2022,4253.8
Country_78,2023,4326.64
Country_79,1900,713.12
Country_79,1901,713.94
Country_79,1902,714.17
Country_79,1903,720.38
Country_79,1904,713.22
Country_79,1905,722.77
Country_79,1906,717.25
Country_79,1907,719.1
Country_79,1908,716.55
Country_79,1909,724.82
Country_79,1910,723.36
Country_79,1911,718.83
Country_79,1912,716.99
Country_79,1913,710.93
Country_79,1914,710.8
Country_79,1915,717.23
Country_79,1916,715.37
Country_79,1917,718.27
Country_79,1918,724.99
Country_79,1919,717.94
Country_79,1920,714.26
Country_79,1921,714.49
Country_79,1922,712.53
Country_79,1923,720.55
Country_79,1924,721.84
Country_79,1925,711.75
Country_79,1926,714.48
Country_79,1927,714.75
Country_79,1928,720.6
Country_79,1929,719.17
Country_79,1930,713.19
Country_79,1931,716.43
Country_79,1932,709.22
Country_79,1933,715.63
Country_79,1934,715.53
Country_79,1935,722.62
Country_79,1936,726.04
Country_79,1937,730.86
Country_79,1938,721.87
Country_79,1939,717.83
Country_79,1940,718.97
Country_79,1941,711.33
Country_79,1942,719.21
Country_79,1943,716.99
Country_79,1944,711.26
Country_79,1945,718.18
Country_79,1946,717.6
Country_79,1947,713.78
Country_79,1948,720.81
Country_79,1949,721.5
Country_79,1950,727.36
Country_79,1951,752.35
Country_79,1952,770.23
Country_79,1953,789.26
Country_79,1954,809.25
Country_79,1955,836.24
Country_79,1956,862.3
Country_79,1957,881.53
Country_79,1958,921.59
Country_79,1959,960.27
Country_79,1960,992.43
Country_79,1961,1017.09
Country_79,1962,1033.35
Country_79,1963,1074.3
Country_79,1964,1090.82
Country_79,1965,1120.31
Country_79,1966,1158.56
Country_79,1967,1192.03
Country_79,1968,1228.45
Country_79,1969,1274.28
Country_79,1970,1298.7
Country_79,1971,1323.94
Country_79,1972,1383.23
Country_79,1973,1406.43
Country_79,1974,1424.79
Country_79,1975,1480.93
Country_79,1976,1565.76
Country_79,1977,1591.58
Country_79,1978,1663.88
Country_79,1979,1694.7
Country_79,1980,1769.8
Country_79,1981,1796.81
Country_79,1982,1850.9
Country_79,1983,1941.94
Country_79,1984,1984.11
Country_79,1985,2030.08
Country_79,1986,2112.26
Country_79,1987,2154.97
Country_79,1988,2216.18
Country_79,1989,2262.68
Country_79,1990,2312.46
Country_79,1991,2388.9
Country_79,1992,2489.34
Country_79,1993,2598.36
Country_79,1994,2673.56
Country_79,1995,2772.55
Country_79,1996,2892.11
Country_79,1997,3005.23
Country_79,1998,3057.49
Country_79,1999,3196.93
Country_79,2000,3307.7
Country_79,2001,3343.22
Country_79,2002,3390.06
Country_79,2003,3480.34
Country_79,2004,3543.91
Country_79,2005,3696.72
Country_79,2006,3733.77
Country_79,2007,3843.41
Country_79,2008,3919.85
Country_79,2009,4085.92
Country_79,2010,4135.82
Country_79,2011,4180.11
Country_79,2012,4248.02
Country_79,2013,4374.95
Country_79,2014,4421.7
Country_79,2015,4527.74
Country_79,2016,4642.95
Country_79,2017,4748.43
Country_79,2018,4888.4
Country_79,2019,5042.04
Country_79,2020,5241.34
Country_79,2021,5472.71
Country_79,2022,5612.53
Country_79,2023,5879.53
Country_80,1900,900.62
Country_80,1901,914.25
Country_80,1902,911.13
Country_80,1903,906.57
Country_80,1904,902.95
Country_80,1905,907.06
Country_80,1906,901.94
Country_80,1907,895.58
Country_80,1908,896.0
Country_80,1909,904.93
Country_80,1910,905.11
Country_80,1911,900.01
Country_80,1912,901.79
Country_80,1913,901.37
Country_80,1914,900.7
Country_80,1915,904.87
Country_80,1916,902.21
Country_80,1917,902.75
Country_80,1918,893.09
Country_80,1919,891.04
Country_80,1920,904.47
Country_80,1921,910.36
Country_80,1922,907.13
Country_80,1923,909.11
Country_80,1924,901.49
Country_80,1925,903.59
Country_80,1926,902.22
Country_80,1927,895.56
Country_80,1928,898.61
Country_80,1929,904.62
Country_80,1930,904.81
Country_80,1931,907.23
Country_80,1932,895.56
Country_80,1933,906.47
Country_80,1934,901.78
Country_80,1935,895.84
Country_80,1936,897.17
Country_80,1937,906.14
Country_80,1938,903.84
Country_80,1939,908.09
Country_80,1940,896.12
Country_80,1941,900.81
Country_80,1942,893.16
Country_80,1943,900.86
Country_80,1944,900.02
Country_80,1945,910.87
Country_80,1946,905.51
Country_80,1947,899.02
Country_80,1948,903.32
Country_80,1949,909.8
Country_80,1950,909.49
Country_80,1951,939.91
Country_80,1952,968.94
Country_80,1953,973.82
Country_80,1954,1012.74
Country_80,1955,1038.75
Country_80,1956,1062.31
Country_80,1957,1121.29
Country_80,1958,1138.83
Country_80,1959,1168.79
Country_80,1960,1204.82
Country_80,1961,1267.52
Country_80,1962,1297.36
Country_80,1963,1336.37
Country_80,1964,1345.79
Country_80,1965,1362.85
Country_80,1966,1396.7
Country_80,1967,1450.11
Country_80,1968,1515.74
Country_80,1969,1571.63
Country_80,1970,1644.53
Country_80,1971,1663.81
Country_80,1972,1705.39
Country_80,1973,1728.26
Country_80,1974,1771.18
Country_80,1975,1803.02
Country_80,1976,1886.97
Country_80,1977,1956.21
Country_80,1978,1994.25
Country_80,1979,2032.17
Country_80,1980,2091.5
Country_80,1981,2120.01
Country_80,1982,2159.05
Country_80,1983,2258.1
Country_80,1984,2375.62
Country_80,1985,2390.22
Country_80,1986,2491.46
Country_80,1987,2588.01
Country_80,1988,2714.0
Country_80,1989,2807.33
Country_80,1990,2936.42
Country_80,1991,3010.23
Country_80,1992,3096.88
Country_80,1993,3225.06
Country_80,1994,3271.05
Country_80,1995,3341.95
Country_80,1996,3386.13
Country_80,1997,3473.87
Country_80,1998,3541.01
Country_80,1999,3607.83
Country_80,2000,3688.05
Country_80,2001,3737.38
Country_80,2002,3827.65
Country_80,2003,3945.43
Country_80,2004,4024.5
Country_80,2005,4153.82
Country_80,2006,4271.18
Country_80,2007,4389.31
Country_80,2008,4549.14
Country_80,2009,4745.63
Country_80,2010,4969.36
Country_80,2011,5114.99
Country_80,2012,5366.0
Country_80,2013,5599.43
Country_80,2014,5796.57
Country_80,2015,5977.77
Country_80,2016,6218.52
Country_80,2017,6408.15
Country_80,2018,6503.18
Country_80,2019,6660.93
Country_80,2020,6844.59
Country_80,2021,7164.38
Country_80,2022,7238.22
Country_80,2023,7551.7
Country_81,1900,287.32
Country_81,1901,289.96
Country_81,1902,291.08
Country_81,1903,285.61
Country_81,1904,287.41
Country_81,1905,286.64
Country_81,1906,288.66
Country_81,1907,285.76
Country_81,1908,290.37
Country_81,1909,285.91
Country_81,1910,287.65
Country_81,1911,294.32
Country_81,1912,285.37
Country_81,1913,280.43
Country_81,1914,294.07
Country_81,1915,293.4
Country_81,1916,295.08
Country_81,1917,296.7
Country_81,1918,280.96
Country_81,1919,297.75
Country_81,1920,299.86
Country_81,1921,290.84
Country_81,1922,287.08
Country_81,1923,286.85
Country_81,1924,292.24
Country_81,1925,289.21
Country_81,1926,286.86
Country_81,1927,281.57
Country_81,1928,285.48
Country_81,1929,292.74
Country_81,1930,295.43
Country_81,1931,295.82
Country_81,1932,284.08
Country_81,1933,291.59
Country_81,1934,290.15
Country_81,1935,288.55
Country_81,1936,283.74
Country_81,1937,282.99
Country_81,1938,291.85
Country_81,1939,296.39
Country_81,1940,293.47
Country_81,1941,289.43
Country_81,1942,280.09
Country_81,1943,291.11
Country_81,1944,295.84
Country_81,1945,291.8
Country_81,1946,286.25
Country_81,1947,293.05
Country_81,1948,291.21
Country_81,1949,294.87
Country_81,1950,304.07
Country_81,1951,304.03
Country_81,1952,325.43
Country_81,1953,332.26
Country_81,1954,338.91
Country_81,1955,348.29
Country_81,1956,365.82
Country_81,1957,377.37
Country_81,1958,388.67
Country_81,1959,402.51
Country_81,1960,412.36
Country_81,1961,428.4
Country_81,1962,460.1
Country_81,1963,475.81
Country_81,1964,492.23
Country_81,1965,494.74
Country_81,1966,513.09
Country_81,1967,524.27
Country_81,1968,538.37
Country_81,1969,567.04
Country_81,1970,577.65
Country_81,1971,605.36
Country_81,1972,614.88
Country_81,1973,628.99
Country_81,1974,673.88
Country_81,1975,675.52
Country_81,1976,708.13
Country_81,1977,713.89
Country_81,1978,736.48
Country_81,1979,768.96
Country_81,1980,799.04
Country_81,1981,818.01
Country_81,1982,822.45
Country_81,1983,861.18
Country_81,1984,871.23
Country_81,1985,910.02
Country_81,1986,928.08
Country_81,1987,958.22
Country_81,1988,963.86
Country_81,1989,1007.78
Country_81,1990,1029.9
Country_81,1991,1067.83
Country_81,1992,1094.27
Country_81,1993,1139.84
Country_81,1994,1197.67
Country_81,1995,1239.7
Country_81,1996,1291.62
Country_81,1997,1349.6
Country_81,1998,1414.7
Country_81,1999,1439.61
Country_81,2000,1460.52
Country_81,2001,1497.1
Country_81,2002,1507.84
Country_81,2003,1539.65
Country_81,2004,1595.12
Country_81,2005,1661.56
Country_81,2006,1687.1
Country_81,2007,1731.37
Country_81,2008,1815.18
Country_81,2009,1877.36
Country_81,2010,1916.0
Country_81,2011,1966.81
Country_81,2012,2060.44
Country_81,2013,2092.21
Country_81,2014,2126.84
Country_81,2015,2226.4
Country_81,2016,2247.25
Country_81,2017,2325.05
Country_81,2018,2411.01
Country_81,2019,2512.49
Country_81,2020,2599.49
Country_81,2021,2713.86
Country_81,2022,2750.57
Country_81,2023,2816.74
Country_82,1900,131.66
Country_82,1901,127.0
Country_82,1902,125.33
Country_82,1903,121.53
Country_82,1904,133.92
Country_82,1905,124.32
Country_82,1906,129.58
Country_82,1907,124.99
Country_82,1908,117.39
Country_82,1909,128.95
Country_82,1910,124.6
Country_82,1911,130.49
Country_82,1912,125.56
Country_82,1913,119.59
Country_82,1914,130.31
Country_82,1915,128.23
Country_82,1916,137.46
Country_82,1917,121.33
Country_82,1918,132.6
Country_82,1919,126.21
Country_82,1920,133.39
Country_82,1921,137.2
Country_82,1922,127.0
Country_82,1923,118.47
Country_82,1924,130.92
Country_82,1925,133.84
Country_82,1926,128.49
Country_82,1927,119.56
Country_82,1928,118.54
Country_82,1929,130.76
Country_82,1930,121.19
Country_82,1931,122.56
Country_82,1932,128.4
Country_82,1933,126.94
Country_82,1934,130.56
Country_82,1935,128.83
Country_82,1936,130.48
Country_82,1937,122.23
Country_82,1938,125.49
Country_82,1939,134.01
Country_82,1940,131.02
Country_82,1941,128.55
Country_82,1942,120.99
Country_82,1943,132.82
Country_82,1944,132.19
Country_82,1945,122.74
Country_82,1946,120.66
Country_82,1947,130.1
Country_82,1948,120.21
Country_82,1949,122.91
Country_82,1950,129.03
Country_82,1951,136.11
Country_82,1952,125.88
Country_82,1953,136.43
Country_82,1954,133.92
Country_82,1955,150.49
Country_82,1956,156.95
Country_82,1957,151.36
Country_82,1958,163.11
Country_82,1959,154.73
Country_82,1960,173.37
Country_82,1961,179.28
Country_82,1962,182.87
Country_82,1963,187.15
Country_82,1964,197.82
Country_82,1965,200.98
Country_82,1966,200.82
Country_82,1967,224.54
Country_82,1968,227.52
Country_82,1969,233.47
Country_82,1970,238.63
Country_82,1971,244.35
Country_82,1972,244.96
Country_82,1973,263.01
Country_82,1974,271.36
Country_82,1975,282.99
Country_82,1976,282.24
Country_82,1977,294.97
Country_82,1978,312.94
Country_82,1979,316.26
Country_82,1980,327.6
Country_82,1981,343.27
Country_82,1982,353.55
Country_82,1983,361.99
Country_82,1984,368.68
Country_82,1985,382.98
Country_82,1986,395.31
Country_82,1987,396.04
Country_82,1988,410.68
Country_82,1989,424.54
Country_82,1990,439.85
Country_82,1991,466.84
Country_82,1992,478.38
Country_82,1993,497.22
Country_82,1994,503.81
Country_82,1995,531.0
Country_82,1996,545.86
Country_82,1997,562.58
Country_82,1998,572.63
Country_82,1999,580.51
Country_82,2000,612.9
Country_82,2001,631.76
Country_82,2002,659.55
Country_82,2003,688.88
Country_82,2004,701.37
Country_82,2005,730.81
Country_82,2006,769.8
Country_82,2007,813.12
Country_82,2008,836.09
Country_82,2009,854.49
Country_82,2010,895.58
Country_82,2011,941.0
Country_82,2012,947.66
Country_82,2013,992.21
Country_82,2014,1008.83
Country_82,2015,1060.73
Country_82,2016,1064.19
Country_82,2017,1090.87
Country_82,2018,1105.71
Country_82,2019,1124.07
Country_82,2020,1143.1
Country_82,2021,1152.07
Country_82,2022,1192.15
Country_82,2023,1245.26
Country_83,1900,769.68
Country_83,1901,772.18
Country_83,1902,774.67
Country_83,1903,778.61
Country_83,1904,772.99
Country_83,1905,773.9
Country_83,1906,766.94
Country_83,1907,770.3
Country_83,1908,770.96
Country_83,1909,768.67
Country_83,1910,777.9
Country_83,1911,770.83
Country_83,1912,766.99
Country_83,1913,780.85
Country_83,1914,776.92
Country_83,1915,775.34
Country_83,1916,762.75
Country_83,1917,780.64
Country_83,1918,769.88
Country_83,1919,767.72
Country_83,1920,777.96
Country_83,1921,781.33
Country_83,1922,773.93
Country_83,1923,773.67
Country_83,1924,767.15
Country_83,1925,776.2
Country_83,1926,768.34
Country_83,1927,774.99
Country_83,1928,765.64
Country_83,1929,776.22
Country_83,1930,777.39
Country_83,1931,776.14
Country_83,1932,770.09
Country_83,1933,790.01
Country_83,1934,772.47
Country_83,1935,784.3
Country_83,1936,773.71
Country_83,1937,775.78
Country_83,1938,775.89
Country_83,1939,772.24
Country_83,1940,768.43
Country_83,1941,772.49
Country_83,1942,764.23
Country_83,1943,772.15
Country_83,1944,774.61
Country_83,1945,771.11
Country_83,1946,772.59
Country_83,1947,769.54
Country_83,1948,776.9
Country_83,1949,775.91
Country_83,1950,803.13
Country_83,1951,844.1
Country_83,1952,878.84
Country_83,1953,907.86
Country_83,1954,925.53
Country_83,1955,948.42
Country_83,1956,987.25
Country_83,1957,1009.98
Country_83,1958,1056.91
Country_83,1959,1092.2
Country_83,1960,1121.87
Country_83,1961,1147.8
Country_83,1962,1215.36
Country_83,1963,1236.29
Country_83,1964,1280.16
Country_83,1965,1314.61
Country_83,1966,1354.71
Country_83,1967,1409.66
Country_83,1968,1452.01
Country_83,1969,1472.07
Country_83,1970,1476.68
Country_83,1971,1539.65
Country_83,1972,1593.61
Country_83,1973,1645.97
Country_83,1974,1696.71
Country_83,1975,1717.27
Country_83,1976,1755.52
Country_83,1977,1775.84
Country_83,1978,1850.09
Country_83,1979,1893.74
Country_83,1980,1990.58
Country_83,1981,2041.18
Country_83,1982,2086.67
Country_83,1983,2123.19
Country_83,1984,2232.98
Country_83,1985,2265.96
Country_83,1986,2326.89
Country_83,1987,2423.93
Country_83,1988,2550.07
Country_83,1989,2631.52
Country_83,1990,2740.94
Country_83,1991,2836.41
Country_83,1992,2874.1
Country_83,1993,2989.34
Country_83,1994,3030.31
Country_83,1995,3154.13
Country_83,1996,3222.49
Country_83,1997,3258.72
Country_83,1998,3321.0
Country_83,1999,3353.8
Country_83,2000,3405.34
Country_83,2001,3466.79
Country_83,2002,3565.55
Country_83,2003,3610.99
Country_83,2004,3781.59
Country_83,2005,3825.7
Country_83,2006,4019.41
Country_83,2007,4153.66
Country_83,2008,4207.93
Country_83,2009,4399.88
Country_83,2010,4618.21
Country_83,2011,4751.23
Country_83,2012,4811.05
Country_83,2013,4951.18
Country_83,2014,5146.14
Country_83,2015,5348.61
Country_83,2016,5451.64
Country_83,2017,5570.27
Country_83,2018,5766.85
Country_83,2019,5884.0
Country_83,2020,6089.65
Country_83,2021,6310.77
Country_83,2022,6442.23
Country_83,2023,6557.26
Country_84,1900,229.9
Country_84,1901,222.17
Country_84,1902,234.31
Country_84,1903,226.99
Country_84,1904,230.44
Country_84,1905,232.72
Country_84,1906,229.73
Country_84,1907,217.77
Country_84,1908,233.01
Country_84,1909,227.15
Country_84,1910,226.87
Country_84,1911,228.17
Country_84,1912,219.94
Country_84,1913,232.65
Country_84,1914,223.09
Country_84,1915,234.22
Country_84,1916,231.06
Country_84,1917,223.18
Country_84,1918,224.32
Country_84,1919,238.24
Country_84,1920,226.09
Country_84,1921,228.18
Country_84,1922,228.24
Country_84,1923,233.85
Country_84,1924,222.79
Country_84,1925,220.36
Country_84,1926,229.31
Country_84,1927,232.26
Country_84,1928,227.14
Country_84,1929,233.25
Country_84,1930,223.28
Country_84,1931,221.26
Country_84,1932,223.12
Country_84,1933,217.91
Country_84,1934,233.47
Country_84,1935,234.2
Country_84,1936,233.55
Country_84,1937,218.11
Country_84,1938,242.5
Country_84,1939,225.39
Country_84,1940,221.0
Country_84,1941,225.28
Country_84,1942,234.78
Country_84,1943,228.57
Country_84,1944,223.44
Country_84,1945,222.94
Country_84,1946,222.74
Country_84,1947,222.15
Country_84,1948,231.74
Country_84,1949,226.6
Country_84,1950,240.08
Country_84,1951,250.5
Country_84,1952,257.37
Country_84,1953,266.17
Country_84,1954,274.38
Country_84,1955,290.43
Country_84,1956,297.67
Country_84,1957,318.11
Country_84,1958,324.26
Country_84,1959,328.77
Country_84,1960,339.14
Country_84,1961,355.17
Country_84,1962,350.77
Country_84,1963,361.91
Country_84,1964,370.98
Country_84,1965,390.84
Country_84,1966,397.01
Country_84,1967,410.97
Country_84,1968,429.88
Country_84,1969,434.34
Country_84,1970,438.09
Country_84,1971,454.38
Country_84,1972,463.29
Country_84,1973,472.88
Country_84,1974,481.7
Country_84,1975,501.19
Country_84,1976,510.09
Country_84,1977,529.73
Country_84,1978,552.38
Country_84,1979,567.38
Country_84,1980,592.06
Country_84,1981,609.76
Country_84,1982,621.86
Country_84,1983,659.83
Country_84,1984,670.71
Country_84,1985,710.2
Country_84,1986,721.94
Country_84,1987,750.33
Country_84,1988,778.02
Country_84,1989,788.65
Country_84,1990,812.58
Country_84,1991,828.58
Country_84,1992,859.98
Country_84,1993,892.43
Country_84,1994,927.19
Country_84,1995,935.91
Country_84,1996,991.62
Country_84,1997,1033.63
Country_84,1998,1076.96
Country_84,1999,1102.8
Country_84,2000,1122.43
Country_84,2001,1137.44
Country_84,2002,1184.97
Country_84,2003,1208.37
Country_84,2004,1216.23
Country_84,2005,1255.04
Country_84,2006,1279.18
Country_84,2007,1332.21
Country_84,2008,1372.19
Country_84,2009,1418.17
Country_84,2010,1453.89
Country_84,2011,1493.16
Country_84,2012,1502.06
Country_84,2013,1573.29
Country_84,2014,1597.4
Country_84,2015,1640.46
Country_84,2016,1696.17
Country_84,2017,1760.39
Country_84,2018,1800.99
Country_84,2019,1872.57
Country_84,2020,1928.26
Country_84,2021,2029.53
Country_84,2022,2080.11
Country_84,2023,2137.46
Country_85,1900,744.63
Country_85,1901,743.13
Country_85,1902,739.17
Country_85,1903,738.71
Country_85,1904,741.84
Country_85,1905,737.7
Country_85,1906,737.37
Country_85,1907,742.89
Country_85,1908,740.61
Country_85,1909,743.92
Country_85,1910,729.37
Country_85,1911,735.78
Country_85,1912,729.62
Country_85,1913,744.98
Country_85,1914,739.99
Country_85,1915,738.26
Country_85,1916,735.23
Country_85,1917,742.4
Country_85,1918,737.51
Country_85,1919,746.62
Country_85,1920,740.34
Country_85,1921,741.22
Country_85,1922,743.67
Country_85,1923,744.79
Country_85,1924,734.18
Country_85,1925,730.36
Country_85,1926,736.93
Country_85,1927,735.73
Country_85,1928,736.14
Country_85,1929,738.33
Country_85,1930,732.27
Country_85,1931,733.08
Country_85,1932,732.6
Country_85,1933,740.28
Country_85,1934,731.16
Country_85,1935,732.71
Country_85,1936,729.89
Country_85,1937,737.03
Country_85,1938,727.18
Country_85,1939,728.68
Country_85,1940,739.7
Country_85,1941,740.66
Country_85,1942,732.1
Country_85,1943,740.66
Country_85,1944,749.55
Country_85,1945,740.41
Country_85,1946,738.57
Country_85,1947,737.79
Country_85,1948,734.47
Country_85,1949,737.43
Country_85,1950,747.68
Country_85,1951,770.75
Country_85,1952,815.79
Country_85,1953,840.94
Country_85,1954,878.14
Country_85,1955,891.84
Country_85,1956,922.8
Country_85,1957,963.7
Country_85,1958,994.95
Country_85,1959,1017.83
Country_85,1960,1046.33
Country_85,1961,1065.04
Country_85,1962,1112.92
Country_85,1963,1150.82
Country_85,1964,1175.21
Country_85,1965,1186.23
Country_85,1966,1222.54
Country_85,1967,1276.33
Country_85,1968,1299.03
Country_85,1969,1339.22
Country_85,1970,1403.04
Country_85,1971,1427.55
Country_85,1972,1501.39
Country_85,1973,1543.43
Country_85,1974,1581.16
Country_85,1975,1614.78
Country_85,1976,1648.41
Country_85,1977,1698.09
Country_85,1978,1760.02
Country_85,1979,1822.17
Country_85,1980,1910.17
Country_85,1981,1951.07
Country_85,1982,2035.44
Country_85,1983,2060.22
Country_85,1984,2169.05
Country_85,1985,2245.27
Country_85,1986,2273.5
Country_85,1987,2302.9
Country_85,1988,2337.76
Country_85,1989,2463.06
Country_85,1990,2536.96
Country_85,1991,2644.98
Country_85,1992,2775.41
Country_85,1993,2863.93
Country_85,1994,2966.8
Country_85,1995,3083.31
Country_85,1996,3219.85
Country_85,1997,3338.18
Country_85,1998,3461.52
Country_85,1999,3496.64
Country_85,2000,3572.67
Country_85,2001,3643.78
Country_85,2002,3774.94
Country_85,2003,3910.89
Country_85,2004,3945.85
Country_85,2005,4005.56
Country_85,2006,4146.46
Country_85,2007,4221.75
Country_85,2008,4346.14
Country_85,2009,4396.7
Country_85,2010,4488.29
Country_85,2011,4620.8
Country_85,2012,4683.84
Country_85,2013,4811.15
Country_85,2014,5039.33
Country_85,2015,5271.51
Country_85,2016,5368.02
Country_85,2017,5599.32
Country_85,2018,5858.95
Country_85,2019,5991.48
Country_85,2020,6201.95
Country_85,2021,6501.49
Country_85,2022,6573.83
Country_85,2023,6662.81
Country_86,1900,742.07
Country_86,1901,747.4
Country_86,1902,746.22
Country_86,1903,744.71
Country_86,1904,741.01
Country_86,1905,741.33
Country_86,1906,745.1
Country_86,1907,746.79
Country_86,1908,738.26
Country_86,1909,744.48
Country_86,1910,747.83
Country_86,1911,737.06
Country_86,1912,740.41
Country_86,1913,739.3
Country_86,1914,748.25
Country_86,1915,741.46
Country_86,1916,753.01
Country_86,1917,743.61
Country_86,1918,734.08
Country_86,1919,757.0
Country_86,1920,742.71
Country_86,1921,746.67
Country_86,1922,746.78
Country_86,1923,736.3
Country_86,1924,741.23
Country_86,1925,736.59
Country_86,1926,744.34
Country_86,1927,742.18
Country_86,1928,746.13
Country_86,1929,750.2
Country_86,1930,745.31
Country_86,1931,742.18
Country_86,1932,744.7
Country_86,1933,745.37
Country_86,1934,737.91
Country_86,1935,743.75
Country_86,1936,750.55
Country_86,1937,738.34
Country_86,1938,748.54
Country_86,1939,744.23
Country_86,1940,740.58
Country_86,1941,737.56
Country_86,1942,741.35
Country_86,1943,749.39
Country_86,1944,738.37
Country_86,1945,737.75
Country_86,1946,745.97
Country_86,1947,742.98
Country_86,1948,751.8
Country_86,1949,740.73
Country_86,1950,752.65
Country_86,1951,759.91
Country_86,1952,774.48
Country_86,1953,794.44
Country_86,1954,820.11
Country_86,1955,819.82
Country_86,1956,846.44
Country_86,1957,868.62
Country_86,1958,884.88
Country_86,1959,921.64
Country_86,1960,951.14
Country_86,1961,972.03
Country_86,1962,1000.85
Country_86,1963,1054.52
Country_86,1964,1069.41
Country_86,1965,1079.99
Country_86,1966,1134.3
Country_86,1967,1134.81
Country_86,1968,1175.03
Country_86,1969,1191.0
Country_86,1970,1207.82
Country_86,1971,1260.69
Country_86,1972,1275.31
Country_86,1973,1319.35
Country_86,1974,1348.13
Country_86,1975,1394.99
Country_86,1976,1462.05
Country_86,1977,1527.47
Country_86,1978,1551.94
Country_86,1979,1592.21
Country_86,1980,1678.19
Country_86,1981,1712.52
Country_86,1982,1765.04
Country_86,1983,1815.9
Country_86,1984,1853.71
Country_86,1985,1910.17
Country_86,1986,1946.84
Country_86,1987,1990.81
Country_86,1988,2008.1
Country_86,1989,2089.53
Country_86,1990,2146.19
Country_86,1991,2225.98
Country_86,1992,2258.09
Country_86,1993,2342.61
Country_86,1994,2394.46
Country_86,1995,2492.07
Country_86,1996,2525.09
Country_86,1997,2569.96
Country_86,1998,2663.13
Country_86,1999,2703.55
Country_86,2000,2801.32
Country_86,2001,2869.5
Country_86,2002,2945.46
Country_86,2003,3061.62
Country_86,2004,3100.05
Country_86,2005,3200.57
Country_86,2006,3242.22
Country_86,2007,3337.29
Country_86,2008,3367.41
Country_86,2009,3521.04
Country_86,2010,3604.11
Country_86,2011,3770.37
Country_86,2012,3894.08
Country_86,2013,3950.66
Country_86,2014,4027.67
Country_86,2015,4130.64
Country_86,2016,4168.86
Country_86,2017,4364.49
Country_86,2018,4429.29
Country_86,2019,4636.9
Country_86,2020,4853.62
Country_86,2021,4995.05
Country_86,2022,5163.24
Country_86,2023,5414.52
Country_87,1900,389.71
Country_87,1901,380.4
Country_87,1902,380.39
Country_87,1903,386.61
Country_87,1904,386.43
Country_87,1905,385.09
Country_87,1906,384.49
Country_87,1907,379.84
Country_87,1908,380.6
Country_87,1909,396.08
Country_87,1910,384.45
Country_87,1911,384.92
Country_87,1912,381.71
Country_87,1913,388.66
Country_87,1914,382.87
Country_87,1915,390.12
Country_87,1916,383.78
Country_87,1917,384.11
Country_87,1918,395.87
Country_87,1919,388.81
Country_87,1920,384.4
Country_87,1921,376.82
Country_87,1922,387.69
Country_87,1923,378.82
Country_87,1924,384.19
Country_87,1925,381.93
Country_87,1926,392.59
Country_87,1927,393.93
Country_87,1928,377.21
Country_87,1929,385.6
Country_87,1930,383.29
Country_87,1931,390.47
Country_87,1932,391.43
Country_87,1933,380.77
Country_87,1934,382.39
Country_87,1935,393.0
Country_87,1936,386.27
Country_87,1937,386.56
Country_87,1938,396.4
Country_87,1939,386.12
Country_87,1940,384.28
Country_87,1941,395.39
Country_87,1942,378.43
Country_87,1943,383.8
Country_87,1944,384.71
Country_87,1945,387.22
Country_87,1946,389.34
Country_87,1947,389.09
Country_87,1948,386.06
Country_87,1949,383.5
Country_87,1950,395.61
Country_87,1951,399.62
Country_87,1952,407.87
Country_87,1953,418.79
Country_87,1954,426.48
Country_87,1955,437.88
Country_87,1956,459.29
Country_87,1957,467.61
Country_87,1958,479.08
Country_87,1959,485.82
Country_87,1960,518.77
Country_87,1961,536.99
Country_87,1962,555.56
Country_87,1963,570.76
Country_87,1964,596.37
Country_87,1965,619.38
Country_87,1966,638.33
Country_87,1967,658.38
Country_87,1968,670.59
Country_87,1969,705.05
Country_87,1970,731.84
Country_87,1971,733.93
Country_87,1972,751.68
Country_87,1973,786.13
Country_87,1974,815.47
Country_87,1975,839.94
Country_87,1976,860.06
Country_87,1977,895.04
Country_87,1978,915.27
Country_87,1979,920.78
Country_87,1980,952.49
Country_87,1981,993.79
Country_87,1982,1012.37
Country_87,1983,1037.42
Country_87,1984,1057.14
Country_87,1985,1080.55
Country_87,1986,1097.85
Country_87,1987,1123.13
Country_87,1988,1162.46
Country_87,1989,1191.11
Country_87,1990,1236.11
Country_87,1991,1263.41
Country_87,1992,1275.18
Country_87,1993,1345.53
Country_87,1994,1367.79
Country_87,1995,1435.67
Country_87,1996,1452.87
Country_87,1997,1489.65
Country_87,1998,1567.93
Country_87,1999,1617.38
Country_87,2000,1633.88
Country_87,2001,1684.27
Country_87,2002,1728.46
Country_87,2003,1821.07
Country_87,2004,1866.66
Country_87,2005,1919.37
Country_87,2006,1979.62
Country_87,2007,2046.05
Country_87,2008,2086.7
Country_87,2009,2152.17
Country_87,2010,2244.65
Country_87,2011,2336.84
Country_87,2012,2355.75
Country_87,2013,2398.3
Country_87,2014,2460.63
Country_87,2015,2494.87
Country_87,2016,2586.65
Country_87,2017,2644.32
Country_87,2018,2782.05
Country_87,2019,2886.2
Country_87,2020,2972.46
Country_87,2021,3005.19
Country_87,2022,3076.99
Country_87,2023,3130.47
Country_88,1900,31.63
Country_88,1901,39.61
Country_88,1902,40.43
Country_88,1903,42.76
Country_88,1904,44.22
Country_88,1905,45.81
Country_88,1906,45.97
Country_88,1907,39.6
Country_88,1908,39.78
Country_88,1909,42.89
Country_88,1910,41.83
Country_88,1911,35.13
Country_88,1912,36.32
Country_88,1913,45.86
Country_88,1914,33.46
Country_88,1915,38.38
Country_88,1916,36.09
Country_88,1917,39.32
Country_88,1918,36.48
Country_88,1919,33.98
Country_88,1920,35.63
Country_88,1921,37.0
Country_88,1922,36.49
Country_88,1923,42.14
Country_88,1924,36.32
Country_88,1925,39.03
Country_88,1926,43.66
Country_88,1927,47.58
Country_88,1928,26.33
Country_88,1929,44.38
Country_88,1930,43.75
Country_88,1931,39.16
Country_88,1932,33.67
Country_88,1933,33.24
Country_88,1934,43.18
Country_88,1935,31.2
Country_88,1936,36.48
Country_88,1937,31.61
Country_88,1938,37.97
Country_88,1939,47.77
Country_88,1940,34.87
Country_88,1941,32.32
Country_88,1942,29.54
Country_88,1943,39.49
Country_88,1944,36.13
Country_88,1945,38.58
Country_88,1946,43.6
Country_88,1947,34.22
Country_88,1948,42.9
Country_88,1949,38.37
Country_88,1950,45.14
Country_88,1951,48.96
Country_88,1952,51.17
Country_88,1953,41.87
Country_88,1954,44.37
Country_88,1955,34.72
Country_88,1956,49.17
Country_88,1957,45.89
Country_88,1958,46.39
Country_88,1959,59.41
Country_88,1960,60.87
Country_88,1961,60.02
Country_88,1962,58.95
Country_88,1963,64.75
Country_88,1964,56.92
Country_88,1965,60.05
Country_88,1966,66.4
Country_88,1967,67.14
Country_88,1968,66.5
Country_88,1969,68.43
Country_88,1970,82.93
Country_88,1971,65.1
Country_88,1972,73.04
Country_88,1973,62.0
Country_88,1974,74.22
Country_88,1975,77.41
Country_88,1976,84.35
Country_88,1977,83.17
Country_88,1978,89.23
Country_88,1979,90.69
Country_88,1980,101.81
Country_88,1981,94.91
Country_88,1982,104.32
Country_88,1983,100.69
Country_88,1984,108.05
Country_88,1985,107.55
Country_88,1986,108.82
Country_88,1987,120.19
Country_88,1988,121.44
Country_88,1989,127.59
Country_88,1990,139.06
Country_88,1991,133.79
Country_88,1992,146.09
Country_88,1993,140.94
Country_88,1994,144.09
Country_88,1995,153.26
Country_88,1996,153.84
Country_88,1997,151.64
Country_88,1998,149.17
Country_88,1999,168.41
Country_88,2000,159.64
Country_88,2001,181.52
Country_88,2002,179.98
Country_88,2003,185.76
Country_88,2004,201.45
Country_88,2005,205.72
Country_88,2006,207.75
Country_88,2007,208.9
Country_88,2008,230.32
Country_88,2009,225.21
Country_88,2010,232.26
Country_88,2011,241.59
Country_88,2012,248.92
Country_88,2013,254.15
Country_88,2014,261.71
Country_88,2015,271.65
Country_88,2016,271.26
Country_88,2017,289.17
Country_88,2018,307.32
Country_88,2019,292.6
Country_88,2020,317.08
Country_88,2021,321.13
Country_88,2022,342.4
Country_88,2023,336.65
Country_89,1900,232.76
Country_89,1901,236.0
Country_89,1902,244.69
Country_89,1903,238.88
Country_89,1904,231.4
Country_89,1905,232.97
Country_89,1906,231.74
Country_89,1907,238.66
Country_89,1908,231.99
Country_89,1909,229.12
Country_89,1910,233.34
Country_89,1911,237.43
Country_89,1912,236.55
Country_89,1913,231.54
Country_89,1914,233.1
Country_89,1915,231.15
Country_89,1916,240.49
Country_89,1917,238.34
Country_89,1918,232.49
Country_89,1919,252.3
Country_89,1920,234.94
Country_89,1921,230.26
Country_89,1922,243.49
Country_89,1923,240.37
Country_89,1924,232.16
Country_89,1925,237.7
Country_89,1926,232.56
Country_89,1927,234.12
Country_89,1928,232.63
Country_89,1929,237.09
Country_89,1930,232.36
Country_89,1931,235.23
Country_89,1932,237.22
Country_89,1933,245.95
Country_89,1934,237.45
Country_89,1935,242.96
Country_89,1936,237.79
Country_89,1937,242.45
Country_89,1938,234.89
Country_89,1939,234.95
Country_89,1940,240.82
Country_89,1941,232.22
Country_89,1942,232.34
Country_89,1943,245.56
Country_89,1944,230.87
Country_89,1945,242.36
Country_89,1946,242.54
Country_89,1947,233.81
Country_89,1948,233.06
Country_89,1949,231.88
Country_89,1950,243.2
Country_89,1951,257.97
Country_89,1952,267.67
Country_89,1953,269.86
Country_89,1954,276.01
Country_89,1955,283.47
Country_89,1956,294.18
Country_89,1957,301.34
Country_89,1958,305.02
Country_89,1959,318.6
Country_89,1960,320.42
Country_89,1961,337.31
Country_89,1962,338.27
Country_89,1963,354.55
Country_89,1964,370.09
Country_89,1965,390.23
Country_89,1966,389.58
Country_89,1967,408.49
Country_89,1968,430.21
Country_89,1969,439.55
Country_89,1970,440.25
Country_89,1971,467.86
Country_89,1972,477.77
Country_89,1973,499.24
Country_89,1974,512.59
Country_89,1975,522.75
Country_89,1976,531.85
Country_89,1977,545.97
Country_89,1978,567.13
Country_89,1979,571.14
Country_89,1980,597.04
Country_89,1981,629.89
Country_89,1982,644.73
Country_89,1983,644.7
Country_89,1984,685.47
Country_89,1985,713.58
Country_89,1986,730.88
Country_89,1987,745.98
Country_89,1988,764.63
Country_89,1989,767.13
Country_89,1990,779.82
Country_89,1991,806.26
Country_89,1992,822.02
Country_89,1993,855.31
Country_89,1994,872.55
Country_89,1995,881.96
Country_89,1996,899.59
Country_89,1997,927.95
Country_89,1998,952.18
Country_89,1999,984.39
Country_89,2000,1009.31
Country_89,2001,1048.74
Country_89,2002,1092.09
Country_89,2003,1148.53
Country_89,2004,1175.61
Country_89,2005,1210.26
Country_89,2006,1222.26
Country_89,2007,1260.84
Country_89,2008,1300.24
Country_89,2009,1320.42
Country_89,2010,1341.46
Country_89,2011,1367.86
Country_89,2012,1387.62
Country_89,2013,1434.2
Country_89,2014,1449.22
Country_89,2015,1474.38
Country_89,2016,1532.96
Country_89,2017,1602.96
Country_89,2018,1650.81
Country_89,2019,1685.72
Country_89,2020,1739.37
Country_89,2021,1800.59
Country_89,2022,1820.76
Country_89,2023,1890.29
Country_90,1900,460.8
Country_90,1901,460.07
Country_90,1902,465.97
Country_90,1903,466.43
Country_90,1904,470.61
Country_90,1905,468.54
Country_90,1906,464.54
Country_90,1907,467.16
Country_90,1908,466.65
Country_90,1909,466.75
Country_90,1910,466.66
Country_90,1911,465.33
Country_90,1912,470.25
Country_90,1913,463.45
Country_90,1914,465.39
Country_90,1915,464.44
Country_90,1916,461.68
Country_90,1917,471.99
Country_90,1918,470.9
Country_90,1919,470.45
Country_90,1920,451.81
Country_90,1921,468.67
Country_90,1922,467.35
Country_90,1923,470.41
Country_90,1924,463.57
Country_90,1925,473.33
Country_90,1926,459.77
Country_90,1927,461.9
Country_90,1928,448.89
Country_90,1929,460.6
Country_90,1930,463.47
Country_90,1931,473.98
Country_90,1932,474.62
Country_90,1933,463.62
Country_90,1934,464.11
Country_90,1935,453.48
Country_90,1936,451.98
Country_90,1937,468.35
Country_90,1938,461.93
Country_90,1939,471.71
Country_90,1940,464.67
Country_90,1941,457.66
Country_90,1942,457.19
Country_90,1943,463.23
Country_90,1944,467.68
Country_90,1945,464.91
Country_90,1946,461.52
Country_90,1947,465.99
Country_90,1948,463.11
Country_90,1949,474.63
Country_90,1950,475.53
Country_90,1951,482.37
Country_90,1952,505.31
Country_90,1953,516.86
Country_90,1954,521.79
Country_90,1955,542.56
Country_90,1956,579.27
Country_90,1957,588.1
Country_90,1958,611.05
Country_90,1959,607.25
Country_90,1960,635.42
Country_90,1961,675.2
Country_90,1962,692.65
Country_90,1963,724.14
Country_90,1964,754.71
Country_90,1965,766.75
Country_90,1966,776.34
Country_90,1967,788.42
Country_90,1968,827.07
Country_90,1969,856.9
Country_90,1970,894.52
Country_90,1971,919.07
Country_90,1972,959.76
Country_90,1973,975.62
Country_90,1974,1005.74
Country_90,1975,1022.0
Country_90,1976,1045.11
Country_90,1977,1077.87
Country_90,1978,1127.53
Country_90,1979,1145.93
Country_90,1980,1176.09
Country_90,1981,1206.17
Country_90,1982,1249.93
Country_90,1983,1303.87
Country_90,1984,1313.62
Country_90,1985,1362.13
Country_90,1986,1396.52
Country_90,1987,1424.59
Country_90,1988,1473.95
Country_90,1989,1512.53
Country_90,1990,1551.55
Country_90,1991,1565.38
Country_90,1992,1623.34
Country_90,1993,1652.49
Country_90,1994,1688.77
Country_90,1995,1739.7
Country_90,1996,1812.78
Country_90,1997,1843.49
Country_90,1998,1932.91
Country_90,1999,2006.71
Country_90,2000,2036.11
Country_90,2001,2083.97
Country_90,2002,2138.86
Country_90,2003,2198.38
Country_90,2004,2242.19
Country_90,2005,2309.43
Country_90,2006,2399.05
Country_90,2007,2469.65
Country_90,2008,2517.24
Country_90,2009,2638.13
Country_90,2010,2730.62
Country_90,2011,2840.96
Country_90,2012,2944.54
Country_90,2013,2985.63
Country_90,2014,3051.47
Country_90,2015,3169.09
Country_90,2016,3220.72
Country_90,2017,3282.74
Country_90,2018,3417.91
Country_90,2019,3525.54
Country_90,2020,3694.49
Country_90,2021,3853.1
Country_90,2022,3943.67
Country_90,2023,4129.69
Country_91,1900,414.34
Country_91,1901,424.79
Country_91,1902,416.84
Country_91,1903,421.58
Country_91,1904,414.44
Country_91,1905,416.28
Country_91,1906,421.93
Country_91,1907,417.35
Country_91,1908,425.85
Country_91,1909,410.55
Country_91,1910,419.94
Country_91,1911,413.91
Country_91,1912,413.34
Country_91,1913,420.31
Country_91,1914,414.36
Country_91,1915,414.01
Country_91,1916,421.52
Country_91,1917,418.92
Country_91,1918,408.28
Country_91,1919,423.32
Country_91,1920,414.83
Country_91,1921,422.12
Country_91,1922,423.22
Country_91,1923,409.4
Country_91,1924,414.23
Country_91,1925,413.47
Country_91,1926,416.78
Country_91,1927,416.15
Country_91,1928,418.1
Country_91,1929,411.03
Country_91,1930,416.26
Country_91,1931,418.23
Country_91,1932,414.69
Country_91,1933,416.57
Country_91,1934,421.88
Country_91,1935,420.43
Country_91,1936,419.12
Country_91,1937,416.73
Country_91,1938,407.54
Country_91,1939,414.3
Country_91,1940,420.57
Country_91,1941,422.0
Country_91,1942,413.72
Country_91,1943,407.92
Country_91,1944,409.05
Country_91,1945,415.11
Country_91,1946,412.75
Country_91,1947,416.33
Country_91,1948,424.03
Country_91,1949,410.06
Country_91,1950,429.19
Country_91,1951,428.96
Country_91,1952,440.49
Country_91,1953,460.36
Country_91,1954,470.27
Country_91,1955,491.66
Country_91,1956,506.21
Country_91,1957,523.66
Country_91,1958,530.31
Country_91,1959,540.59
Country_91,1960,559.99
Country_91,1961,558.53
Country_91,1962,593.69
Country_91,1963,619.81
Country_91,1964,663.14
Country_91,1965,678.69
Country_91,1966,698.33
Country_91,1967,736.6
Country_91,1968,758.83
Country_91,1969,778.55
Country_91,1970,810.37
Country_91,1971,843.47
Country_91,1972,852.9
Country_91,1973,886.86
Country_91,1974,911.29
Country_91,1975,918.71
Country_91,1976,931.02
Country_91,1977,954.34
Country_91,1978,992.68
Country_91,1979,1041.75
Country_91,1980,1079.67
Country_91,1981,1128.15
Country_91,1982,1164.33
Country_91,1983,1186.66
Country_91,1984,1214.22
Country_91,1985,1254.97
Country_91,1986,1302.61
Country_91,1987,1315.22
Country_91,1988,1334.51
Country_91,1989,1407.88
Country_91,1990,1419.75
Country_91,1991,1454.41
Country_91,1992,1538.87
Country_91,1993,1562.24
Country_91,1994,1623.63
Country_91,1995,1683.2
Country_91,1996,1726.93
Country_91,1997,1763.29
Country_91,1998,1777.8
Country_91,1999,1817.66
Country_91,2000,1898.4
Country_91,2001,1955.86
Country_91,2002,2041.28
Country_91,2003,2098.09
Country_91,2004,2146.85
Country_91,2005,2219.84
Country_91,2006,2254.93
Country_91,2007,2360.68
Country_91,2008,2424.06
Country_91,2009,2498.42
Country_91,2010,2595.44
Country_91,2011,2685.18
Country_91,2012,2763.06
Country_91,2013,2854.22
Country_91,2014,2953.5
Country_91,2015,3079.6
Country_91,2016,3209.74
Country_91,2017,3276.52
Country_91,2018,3397.2
Country_91,2019,3509.24
Country_91,2020,3660.01
Country_91,2021,3730.9
Country_91,2022,3812.28
Country_91,2023,3993.97
Country_92,1900,581.96
Country_92,1901,574.47
Country_92,1902,580.94
Country_92,1903,571.56
Country_92,1904,582.86
Country_92,1905,575.48
Country_92,1906,570.63
Country_92,1907,576.96
Country_92,1908,577.8
Country_92,1909,583.31
Country_92,1910,578.15
Country_92,1911,580.37
Country_92,1912,578.35
Country_92,1913,574.37
Country_92,1914,577.69
Country_92,1915,576.57
Country_92,1916,567.89
Country_92,1917,576.93
Country_92,1918,574.05
Country_92,1919,581.76
Country_92,1920,581.1
Country_92,1921,579.41
Country_92,1922,579.38
Country_92,1923,573.83
Country_92,1924,575.45
Country_92,1925,569.03
Country_92,1926,578.71
Country_92,1927,576.0
Country_92,1928,570.25
Country_92,1929,577.24
Country_92,1930,578.68
Country_92,1931,573.94
Country_92,1932,568.47
Country_92,1933,583.87
Country_92,1934,580.93
Country_92,1935,574.19
Country_92,1936,569.54
Country_92,1937,575.38
Country_92,1938,575.81
Country_92,1939,580.53
Country_92,1940,572.02
Country_92,1941,580.46
Country_92,1942,578.31
Country_92,1943,578.59
Country_92,1944,574.83
Country_92,1945,582.87
Country_92,1946,572.21
Country_92,1947,574.25
Country_92,1948,575.52
Country_92,1949,574.8
Country_92,1950,607.36
Country_92,1951,616.25
Country_92,1952,625.95
Country_92,1953,646.09
Country_92,1954,661.71
Country_92,1955,672.46
Country_92,1956,689.35
Country_92,1957,714.74
Country_92,1958,747.94
Country_92,1959,764.43
Country_92,1960,785.87
Country_92,1961,824.06
Country_92,1962,827.02
Country_92,1963,873.51
Country_92,1964,900.5
Country_92,1965,912.34
Country_92,1966,926.77
Country_92,1967,958.46
Country_92,1968,977.54
Country_92,1969,1007.44
Country_92,1970,1050.16
Country_92,1971,1069.87
Country_92,1972,1088.2
Country_92,1973,1135.92
Country_92,1974,1151.61
Country_92,1975,1194.67
Country_92,1976,1211.66
Country_92,1977,1267.56
Country_92,1978,1319.51
Country_92,1979,1370.65
Country_92,1980,1397.83
Country_92,1981,1441.78
Country_92,1982,1473.99
Country_92,1983,1521.92
Country_92,1984,1550.84
Country_92,1985,1602.48
Country_92,1986,1638.14
Country_92,1987,1685.44
Country_92,1988,1752.56
Country_92,1989,1768.64
Country_92,1990,1809.41
Country_92,1991,1835.75
Country_92,1992,1859.35
Country_92,1993,1923.39
Country_92,1994,1975.21
Country_92,1995,2042.29
Country_92,1996,2068.11
Country_92,1997,2133.96
Country_92,1998,2203.36
Country_92,1999,2287.72
Country_92,2000,2380.1
Country_92,2001,2424.96
Country_92,2002,2504.26
Country_92,2003,2629.19
Country_92,2004,2698.43
Country_92,2005,2794.63
Country_92,2006,2910.19
Country_92,2007,2998.91
Country_92,2008,3116.75
Country_92,2009,3257.16
Country_92,2010,3341.63
Country_92,2011,3432.0
Country_92,2012,3509.17
Country_92,2013,3618.21
Country_92,2014,3685.24
Country_92,2015,3806.57
Country_92,2016,3954.15
Country_92,2017,4132.01
Country_92,2018,4182.04
Country_92,2019,4247.18
Country_92,2020,4425.54
Country_92,2021,4561.65
Country_92,2022,4701.39
Country_92,2023,4800.43
Country_93,1900,594.7
Country_93,1901,593.45
Country_93,1902,604.54
Country_93,1903,585.3
Country_93,1904,595.19
Country_93,1905,604.18
Country_93,1906,591.37
Country_93,1907,596.22
Country_93,1908,591.2
Country_93,1909,595.85
Country_93,1910,596.87
Country_93,1911,603.78
Country_93,1912,593.78
Country_93,1913,592.95
Country_93,1914,600.25
Country_93,1915,589.84
Country_93,1916,593.94
Country_93,1917,597.06
Country_93,1918,595.6
Country_93,1919,591.43
Country_93,1920,598.88
Country_93,1921,586.57
Country_93,1922,597.69
Country_93,1923,588.17
Country_93,1924,593.18
Country_93,1925,598.7
Country_93,1926,590.43
Country_93,1927,597.64
Country_93,1928,598.28
Country_93,1929,579.42
Country_93,1930,589.24
Country_93,1931,584.92
Country_93,1932,601.99
Country_93,1933,598.46
Country_93,1934,593.41
Country_93,1935,602.23
Country_93,1936,595.07
Country_93,1937,591.94
Country_93,1938,581.89
Country_93,1939,595.32
Country_93,1940,591.41
Country_93,1941,599.37
Country_93,1942,592.64
Country_93,1943,593.17
Country_93,1944,595.04
Country_93,1945,589.25
Country_93,1946,590.14
Country_93,1947,590.26
Country_93,1948,591.17
Country_93,1949,592.7
Country_93,1950,597.15
Country_93,1951,607.64
Country_93,1952,637.58
Country_93,1953,664.89
Country_93,1954,690.78
Country_93,1955,695.08
Country_93,1956,716.47
Country_93,1957,766.0
Country_93,1958,761.74
Country_93,1959,775.7
Country_93,1960,808.73
Country_93,1961,840.98
Country_93,1962,874.15
Country_93,1963,882.67
Country_93,1964,899.27
Country_93,1965,930.29
Country_93,1966,955.5
Country_93,1967,998.27
Country_93,1968,1015.46
Country_93,1969,1040.84
Country_93,1970,1061.14
Country_93,1971,1091.84
Country_93,1972,1120.8
Country_93,1973,1169.94
Country_93,1974,1184.47
Country_93,1975,1215.83
Country_93,1976,1245.07
Country_93,1977,1295.14
Country_93,1978,1347.52
Country_93,1979,1366.38
Country_93,1980,1390.21
Country_93,1981,1417.36
Country_93,1982,1457.82
Country_93,1983,1477.66
Country_93,1984,1527.03
Country_93,1985,1564.89
Country_93,1986,1585.12
Country_93,1987,1649.79
Country_93,1988,1677.4
Country_93,1989,1722.1
Country_93,1990,1768.32
Country_93,1991,1851.97
Country_93,1992,1904.08
Country_93,1993,1924.62
Country_93,1994,1990.18
Country_93,1995,2048.46
Country_93,1996,2160.9
Country_93,1997,2255.91
Country_93,1998,2315.86
Country_93,1999,2371.62
Country_93,2000,2445.03
Country_93,2001,2485.72
Country_93,2002,2563.95
Country_93,2003,2676.83
Country_93,2004,2798.19
Country_93,2005,2854.93
Country_93,2006,2964.74
Country_93,2007,3058.83
Country_93,2008,3178.32
Country_93,2009,3320.35
Country_93,2010,3493.75
Country_93,2011,3565.64
Country_93,2012,3655.22
Country_93,2013,3768.74
Country_93,2014,3864.91
Country_93,2015,3995.9
Country_93,2016,4052.49
Country_93,2017,4141.3
Country_93,2018,4295.48
Country_93,2019,4342.39
Country_93,2020,4478.24
Country_93,2021,4676.23
Country_93,2022,4744.49
Country_93,2023,4888.54
Country_94,1900,664.31
Country_94,1901,656.94
Country_94,1902,651.05
Country_94,1903,659.62
Country_94,1904,656.59
Country_94,1905,645.33
Country_94,1906,654.53
Country_94,1907,654.8
Country_94,1908,653.96
Country_94,1909,658.32
Country_94,1910,655.96
Country_94,1911,659.43
Country_94,1912,653.24
Country_94,1913,651.78
Country_94,1914,640.11
Country_94,1915,656.13
Country_94,1916,658.7
Country_94,1917,658.0
Country_94,1918,647.37
Country_94,1919,652.78
Country_94,1920,654.09
Country_94,1921,652.92
Country_94,1922,661.35
Country_94,1923,658.08
Country_94,1924,656.61
Country_94,1925,654.99
Country_94,1926,651.86
Country_94,1927,655.26
Country_94,1928,645.09
Country_94,1929,656.12
Country_94,1930,652.55
Country_94,1931,659.43
Country_94,1932,653.84
Country_94,1933,653.07
Country_94,1934,660.36
Country_94,1935,657.28
Country_94,1936,656.82
Country_94,1937,668.28
Country_94,1938,655.28
Country_94,1939,655.8
Country_94,1940,653.72
Country_94,1941,656.27
Country_94,1942,655.92
Country_94,1943,653.22
Country_94,1944,653.44
Country_94,1945,663.26
Country_94,1946,646.78
Country_94,1947,664.33
Country_94,1948,650.74
Country_94,1949,654.27
Country_94,1950,663.84
Country_94,1951,699.16
Country_94,1952,708.71
Country_94,1953,734.43
Country_94,1954,743.54
Country_94,1955,764.94
Country_94,1956,785.46
Country_94,1957,809.74
Country_94,1958,845.1
Country_94,1959,861.3
Country_94,1960,899.64
Country_94,1961,934.27
Country_94,1962,974.8
Country_94,1963,986.03
Country_94,1964,1030.68
Country_94,1965,1066.9
Country_94,1966,1117.75
Country_94,1967,1157.3
Country_94,1968,1194.97
Country_94,1969,1229.35
Country_94,1970,1259.26
Country_94,1971,1302.03
Country_94,1972,1323.98
Country_94,1973,1342.85
Country_94,1974,1358.14
Country_94,1975,1409.39
Country_94,1976,1477.04
Country_94,1977,1537.2
Country_94,1978,1597.52
Country_94,1979,1640.14
Country_94,1980,1649.09
Country_94,1981,1723.4
Country_94,1982,1791.77
Country_94,1983,1824.76
Country_94,1984,1909.61
Country_94,1985,1988.71
Country_94,1986,2059.0
Country_94,1987,2100.62
Country_94,1988,2139.75
Country_94,1989,2203.04
Country_94,1990,2239.19
Country_94,1991,2352.3
Country_94,1992,2371.34
Country_94,1993,2428.25
Country_94,1994,2522.35
Country_94,1995,2652.96
Country_94,1996,2757.57
Country_94,1997,2864.19
Country_94,1998,2945.3
Country_94,1999,2985.16
Country_94,2000,3104.89
Country_94,2001,3229.67
Country_94,2002,3293.41
Country_94,2003,3336.22
Country_94,2004,3382.28
Country_94,2005,3421.36
Country_94,2006,3575.32
Country_94,2007,3651.19
Country_94,2008,3701.3
Country_94,2009,3748.58
Country_94,2010,3858.55
Country_94,2011,3942.65
Country_94,2012,4067.24
Country_94,2013,4256.21
Country_94,2014,4408.62
Country_94,2015,4612.55
Country_94,2016,4725.33
Country_94,2017,4902.77
Country_94,2018,5075.94
Country_94,2019,5314.57
Country_94,2020,5470.82
Country_94,2021,5752.91
Country_94,2022,6014.73
Country_94,2023,6112.65
Country_95,1900,422.35
Country_95,1901,420.95
Country_95,1902,423.82
Country_95,1903,416.22
Country_95,1904,421.16
Country_95,1905,422.83
Country_95,1906,428.3
Country_95,1907,417.96
Country_95,1908,420.31
Country_95,1909,418.8
Country_95,1910,417.31
Country_95,1911,426.34
Country_95,1912,408.56
Country_95,1913,418.15
Country_95,1914,427.84
Country_95,1915,422.31
Country_95,1916,426.11
Country_95,1917,425.19
Country_95,1918,417.95
Country_95,1919,419.28
Country_95,1920,424.77
Country_95,1921,417.41
Country_95,1922,413.81
Country_95,1923,423.74
Country_95,1924,424.34
Country_95,1925,421.65
Country_95,1926,419.45
Country_95,1927,422.97
Country_95,1928,420.45
Country_95,1929,417.93
Country_95,1930,422.22
Country_95,1931,424.38
Country_95,1932,419.41
Country_95,1933,424.14
Country_95,1934,427.45
Country_95,1935,426.0
Country_95,1936,420.6
Country_95,1937,411.57
Country_95,1938,423.03
Country_95,1939,416.07
Country_95,1940,429.73
Country_95,1941,419.38
Country_95,1942,420.08
Country_95,1943,423.92
Country_95,1944,415.33
Country_95,1945,429.17
Country_95,1946,417.7
Country_95,1947,418.47
Country_95,1948,411.9
Country_95,1949,421.01
Country_95,1950,440.35
Country_95,1951,447.52
Country_95,1952,462.88
Country_95,1953,467.39
Country_95,1954,492.36
Country_95,1955,516.25
Country_95,1956,548.16
Country_95,1957,562.74
Country_95,1958,576.26
Country_95,1959,595.94
Country_95,1960,623.13
Country_95,1961,652.49
Country_95,1962,682.88
Country_95,1963,699.53
Country_95,1964,726.0
Country_95,1965,742.08
Country_95,1966,780.11
Country_95,1967,789.18
Country_95,1968,817.45
Country_95,1969,826.98
Country_95,1970,854.54
Country_95,1971,878.36
Country_95,1972,899.65
Country_95,1973,936.27
Country_95,1974,976.33
Country_95,1975,1003.87
Country_95,1976,1010.67
Country_95,1977,1043.72
Country_95,1978,1075.77
Country_95,1979,1114.07
Country_95,1980,1152.37
Country_95,1981,1172.49
Country_95,1982,1217.26
Country_95,1983,1252.27
Country_95,1984,1291.34
Country_95,1985,1345.23
Country_95,1986,1378.43
Country_95,1987,1407.06
Country_95,1988,1425.41
Country_95,1989,1490.82
Country_95,1990,1552.26
Country_95,1991,1578.21
Country_95,1992,1605.0
Country_95,1993,1679.24
Country_95,1994,1757.14
Country_95,1995,1793.69
Country_95,1996,1858.11
Country_95,1997,1924.02
Country_95,1998,1970.63
Country_95,1999,2068.55
Country_95,2000,2161.2
Country_95,2001,2250.33
Country_95,2002,2314.82
Country_95,2003,2381.52
Country_95,2004,2416.18
Country_95,2005,2445.31
Country_95,2006,2498.9
Country_95,2007,2520.56
Country_95,2008,2643.02
Country_95,2009,2705.32
Country_95,2010,2811.63
Country_95,2011,2929.43
Country_95,2012,3042.39
Country_95,2013,3092.94
Country_95,2014,3166.79
Country_95,2015,3254.18
Country_95,2016,3347.32
Country_95,2017,3428.1
Country_95,2018,3496.79
Country_95,2019,3591.98
Country_95,2020,3737.04
Country_95,2021,3879.74
Country_95,2022,3952.0
Country_95,2023,4038.16
Country_96,1900,557.85
Country_96,1901,556.76
Country_96,1902,551.79
Country_96,1903,554.82
Country_96,1904,560.07
Country_96,1905,551.83
Country_96,1906,548.6
Country_96,1907,554.65
Country_96,1908,548.2
Country_96,1909,559.72
Country_96,1910,557.16
Country_96,1911,560.32
Country_96,1912,555.26
Country_96,1913,546.18
Country_96,1914,561.11
Country_96,1915,552.36
Country_96,1916,556.67
Country_96,1917,559.38
Country_96,1918,559.15
Country_96,1919,553.98
Country_96,1920,563.47
Country_96,1921,556.3
Country_96,1922,558.68
Country_96,1923,562.1
Country_96,1924,556.61
Country_96,1925,559.06
Country_96,1926,554.6
Country_96,1927,559.97
Country_96,1928,565.25
Country_96,1929,555.09
Country_96,1930,553.43
Country_96,1931,561.07
Country_96,1932,558.62
Country_96,1933,562.91
Country_96,1934,556.22
Country_96,1935,555.63
Country_96,1936,563.22
Country_96,1937,553.73
Country_96,1938,555.94
Country_96,1939,558.56
Country_96,1940,552.59
Country_96,1941,561.7
Country_96,1942,559.93
Country_96,1943,565.33
Country_96,1944,562.17
Country_96,1945,559.68
Country_96,1946,553.67
Country_96,1947,563.84
Country_96,1948,562.83
Country_96,1949,553.33
Country_96,1950,586.44
Country_96,1951,594.95
Country_96,1952,611.34
Country_96,1953,624.38
Country_96,1954,651.5
Country_96,1955,673.24
Country_96,1956,689.7
Country_96,1957,697.4
Country_96,1958,725.2
Country_96,1959,759.03
Country_96,1960,785.92
Country_96,1961,822.37
Country_96,1962,852.29
Country_96,1963,872.23
Country_96,1964,907.89
Country_96,1965,929.98
Country_96,1966,923.06
Country_96,1967,961.82
Country_96,1968,995.03
Country_96,1969,1008.29
Country_96,1970,1048.96
Country_96,1971,1097.15
Country_96,1972,1129.45
Country_96,1973,1169.65
Country_96,1974,1226.01
Country_96,1975,1268.43
Country_96,1976,1303.26
Country_96,1977,1329.05
Country_96,1978,1349.79
Country_96,1979,1407.27
Country_96,1980,1451.66
Country_96,1981,1482.16
Country_96,1982,1528.54
Country_96,1983,1548.53
Country_96,1984,1620.36
Country_96,1985,1694.06
Country_96,1986,1767.2
Country_96,1987,1803.19
Country_96,1988,1819.7
Country_96,1989,1855.67
Country_96,1990,1893.16
Country_96,1991,1927.78
Country_96,1992,2000.25
Country_96,1993,2073.29
Country_96,1994,2150.15
Country_96,1995,2239.05
Country_96,1996,2266.42
Country_96,1997,2373.61
Country_96,1998,2383.22
Country_96,1999,2489.23
Country_96,2000,2540.58
Country_96,2001,2642.48
Country_96,2002,2717.22
Country_96,2003,2809.68
Country_96,2004,2895.13
Country_96,2005,2923.75
Country_96,2006,2988.39
Country_96,2007,3059.97
Country_96,2008,3156.66
Country_96,2009,3258.5
Country_96,2010,3384.68
Country_96,2011,3441.89
Country_96,2012,3532.51
Country_96,2013,3646.04
Country_96,2014,3822.93
Country_96,2015,3991.61
Country_96,2016,4058.54
Country_96,2017,4162.47
Country_96,2018,4213.35
Country_96,2019,4372.11
Country_96,2020,4513.46
Country_96,2021,4631.6
Country_96,2022,4787.99
Country_96,2023,5005.89
Country_97,1900,294.06
Country_97,1901,288.07
Country_97,1902,295.59
Country_97,1903,283.58
Country_97,1904,282.62
Country_97,1905,286.15
Country_97,1906,284.03
Country_97,1907,293.35
Country_97,1908,288.32
Country_97,1909,294.91
Country_97,1910,291.64
Country_97,1911,285.69
Country_97,1912,291.63
Country_97,1913,282.09
Country_97,1914,289.24
Country_97,1915,293.27
Country_97,1916,279.81
Country_97,1917,280.44
Country_97,1918,277.98
Country_97,1919,279.56
Country_97,1920,285.11
Country_97,1921,289.49
Country_97,1922,289.27
Country_97,1923,287.77
Country_97,1924,292.51
Country_97,1925,286.0
Country_97,1926,282.78
Country_97,1927,290.61
Country_97,1928,280.76
Country_97,1929,283.35
Country_97,1930,282.84
Country_97,1931,287.54
Country_97,1932,292.56
Country_97,1933,284.6
Country_97,1934,292.14
Country_97,1935,289.57
Country_97,1936,289.48
Country_97,1937,292.72
Country_97,1938,279.31
Country_97,1939,295.88
Country_97,1940,283.95
Country_97,1941,281.92
Country_97,1942,293.01
Country_97,1943,288.47
Country_97,1944,286.74
Country_97,1945,279.9
Country_97,1946,292.29
Country_97,1947,281.34
Country_97,1948,285.22
Country_97,1949,285.81
Country_97,1950,290.02
Country_97,1951,302.22
Country_97,1952,316.43
Country_97,1953,328.76
Country_97,1954,332.58
Country_97,1955,327.9
Country_97,1956,351.39
Country_97,1957,346.13
Country_97,1958,358.22
Country_97,1959,377.27
Country_97,1960,376.41
Country_97,1961,379.17
Country_97,1962,385.08
Country_97,1963,409.58
Country_97,1964,424.13
Country_97,1965,420.06
Country_97,1966,442.12
Country_97,1967,451.95
Country_97,1968,473.25
Country_97,1969,497.36
Country_97,1970,510.37
Country_97,1971,514.6
Country_97,1972,525.42
Country_97,1973,554.32
Country_97,1974,554.48
Country_97,1975,562.93
Country_97,1976,569.22
Country_97,1977,594.77
Country_97,1978,601.81
Country_97,1979,620.65
Country_97,1980,652.15
Country_97,1981,684.27
Country_97,1982,698.14
Country_97,1983,711.05
Country_97,1984,735.23
Country_97,1985,746.06
Country_97,1986,765.39
Country_97,1987,806.23
Country_97,1988,817.25
Country_97,1989,851.06
Country_97,1990,898.88
Country_97,1991,916.38
Country_97,1992,942.6
Country_97,1993,990.0
Country_97,1994,1024.75
Country_97,1995,1067.64
Country_97,1996,1106.44
Country_97,1997,1155.48
Country_97,1998,1170.13
Country_97,1999,1206.2
Country_97,2000,1268.6
Country_97,2001,1302.25
Country_97,2002,1354.19
Country_97,2003,1401.96
Country_97,2004,1458.28
Country_97,2005,1515.81
Country_97,2006,1535.68
Country_97,2007,1596.94
Country_97,2008,1635.2
Country_97,2009,1700.91
Country_97,2010,1714.6
Country_97,2011,1758.49
Country_97,2012,1809.25
Country_97,2013,1861.31
Country_97,2014,1924.8
Country_97,2015,2018.31
Country_97,2016,2075.22
Country_97,2017,2148.21
Country_97,2018,2174.44
Country_97,2019,2218.51
Country_97,2020,2258.52
Country_97,2021,2307.61
Country_97,2022,2358.88
Country_97,2023,2446.9
Country_98,1900,468.64
Country_98,1901,470.78
Country_98,1902,470.26
Country_98,1903,465.29
Country_98,1904,472.83
Country_98,1905,458.92
Country_98,1906,467.87
Country_98,1907,461.78
Country_98,1908,468.81
Country_98,1909,461.65
Country_98,1910,465.37
Country_98,1911,463.48
Country_98,1912,466.63
Country_98,1913,459.05
Country_98,1914,472.15
Country_98,1915,464.54
Country_98,1916,470.33
Country_98,1917,459.89
Country_98,1918,471.11
Country_98,1919,472.36
Country_98,1920,466.19
Country_98,1921,463.26
Country_98,1922,472.75
Country_98,1923,465.31
Country_98,1924,469.85
Country_98,1925,471.03
Country_98,1926,466.67
Country_98,1927,474.01
Country_98,1928,465.67
Country_98,1929,474.3
Country_98,1930,469.48
Country_98,1931,469.41
Country_98,1932,463.82
Country_98,1933,466.26
Country_98,1934,465.28
Country_98,1935,460.84
Country_98,1936,471.74
Country_98,1937,467.6
Country_98,1938,456.75
Country_98,1939,462.64
Country_98,1940,466.22
Country_98,1941,472.73
Country_98,1942,468.48
Country_98,1943,465.31
Country_98,1944,460.99
Country_98,1945,457.03
Country_98,1946,467.86
Country_98,1947,472.04
Country_98,1948,468.32
Country_98,1949,460.09
Country_98,1950,480.51
Country_98,1951,500.7
Country_98,1952,506.56
Country_98,1953,525.63
Country_98,1954,540.39
Country_98,1955,546.92
Country_98,1956,577.68
Country_98,1957,592.31
Country_98,1958,595.32
Country_98,1959,619.97
Country_98,1960,625.26
Country_98,1961,656.58
Country_98,1962,688.19
Country_98,1963,704.77
Country_98,1964,709.34
Country_98,1965,720.44
Country_98,1966,732.02
Country_98,1967,769.27
Country_98,1968,801.68
Country_98,1969,809.41
Country_98,1970,810.38
Country_98,1971,844.2
Country_98,1972,848.75
Country_98,1973,860.13
Country_98,1974,885.64
Country_98,1975,895.64
Country_98,1976,924.02
Country_98,1977,976.67
Country_98,1978,982.75
Country_98,1979,1022.88
Country_98,1980,1058.83
Country_98,1981,1089.11
Country_98,1982,1129.17
Country_98,1983,1162.77
Country_98,1984,1215.09
Country_98,1985,1245.84
Country_98,1986,1262.89
Country_98,1987,1299.38
Country_98,1988,1338.37
Country_98,1989,1366.43
Country_98,1990,1391.08
Country_98,1991,1444.29
Country_98,1992,1484.78
Country_98,1993,1538.03
Country_98,1994,1615.03
Country_98,1995,1678.23
Country_98,1996,1763.69
Country_98,1997,1782.1
Country_98,1998,1832.11
Country_98,1999,1859.89
Country_98,2000,1896.47
Country_98,2001,1960.34
Country_98,2002,2043.17
Country_98,2003,2095.42
Country_98,2004,2161.06
Country_98,2005,2268.17
Country_98,2006,2384.17
Country_98,2007,2436.09
Country_98,2008,2496.62
Country_98,2009,2524.72
Country_98,2010,2619.38
Country_98,2011,2746.35
Country_98,2012,2831.33
Country_98,2013,2906.22
Country_98,2014,2990.25
Country_98,2015,3087.81
Country_98,2016,3235.48
Country_98,2017,3303.4
Country_98,2018,3381.45
Country_98,2019,3498.71
Country_98,2020,3628.96
Country_98,2021,3744.48
Country_98,2022,3892.15
Country_98,2023,3946.94
Country_99,1900,390.31
Country_99,1901,396.94
Country_99,1902,397.12
Country_99,1903,392.72
Country_99,1904,393.77
Country_99,1905,400.24
Country_99,1906,389.35
Country_99,1907,394.35
Country_99,1908,396.6
Country_99,1909,398.92
Country_99,1910,395.2
Country_99,1911,385.02
Country_99,1912,405.51
Country_99,1913,392.96
Country_99,1914,393.23
Country_99,1915,385.81
Country_99,1916,389.39
Country_99,1917,395.74
Country_99,1918,395.39
Country_99,1919,393.3
Country_99,1920,400.79
Country_99,1921,395.0
Country_99,1922,396.32
Country_99,1923,396.56
Country_99,1924,397.77
Country_99,1925,396.52
Country_99,1926,399.36
Country_99,1927,395.43
Country_99,1928,394.48
Country_99,1929,391.37
Country_99,1930,382.19
Country_99,1931,397.54
Country_99,1932,388.29
Country_99,1933,400.59
Country_99,1934,401.65
Country_99,1935,398.91
Country_99,1936,397.78
Country_99,1937,392.92
Country_99,1938,392.31
Country_99,1939,400.76
Country_99,1940,388.54
Country_99,1941,386.91
Country_99,1942,401.43
Country_99,1943,395.31
Country_99,1944,396.14
Country_99,1945,391.36
Country_99,1946,399.35
Country_99,1947,401.78
Country_99,1948,395.39
Country_99,1949,400.73
Country_99,1950,402.23
Country_99,1951,407.7
Country_99,1952,419.79
Country_99,1953,432.11
Country_99,1954,456.44
Country_99,1955,477.56
Country_99,1956,495.14
Country_99,1957,497.64
Country_99,1958,523.31
Country_99,1959,548.2
Country_99,1960,563.73
Country_99,1961,571.75
Country_99,1962,618.87
Country_99,1963,623.46
Country_99,1964,647.09
Country_99,1965,659.71
Country_99,1966,682.6
Country_99,1967,694.2
Country_99,1968,703.92
Country_99,1969,728.8
Country_99,1970,761.74
Country_99,1971,781.45
Country_99,1972,784.32
Country_99,1973,800.53
Country_99,1974,820.41
Country_99,1975,819.43
Country_99,1976,846.5
Country_99,1977,881.85
Country_99,1978,887.85
Country_99,1979,943.78
Country_99,1980,946.68
Country_99,1981,964.44
Country_99,1982,992.22
Country_99,1983,1020.14
Country_99,1984,1067.56
Country_99,1985,1071.21
Country_99,1986,1126.3
Country_99,1987,1150.48
Country_99,1988,1184.84
Country_99,1989,1219.09
Country_99,1990,1278.14
Country_99,1991,1292.98
Country_99,1992,1345.13
Country_99,1993,1403.55
Country_99,1994,1438.67
Country_99,1995,1465.81
Country_99,1996,1501.31
Country_99,1997,1578.86
Country_99,1998,1642.11
Country_99,1999,1662.83
Country_99,2000,1729.41
Country_99,2001,1764.0
Country_99,2002,1832.92
Country_99,2003,1871.83
Country_99,2004,1902.94
Country_99,2005,1922.55
Country_99,2006,2010.85
Country_99,2007,2075.19
Country_99,2008,2173.44
Country_99,2009,2237.52
Country_99,2010,2333.51
Country_99,2011,2377.97
Country_99,2012,2440.02
Country_99,2013,2530.06
Country_99,2014,2594.4
Country_99,2015,2681.75
Country_99,2016,2796.98
Country_99,2017,2906.98
Country_99,2018,3025.29
Country_99,2019,3095.45
Country_99,2020,3167.05
Country_99,2021,3312.88
Country_99,2022,3458.96
Country_99,2023,3628.9
Country_100,1900,424.23
Country_100,1901,410.83
Country_100,1902,417.19
Country_100,1903,425.72
Country_100,1904,424.43
Country_100,1905,422.95
Country_100,1906,426.52
Country_100,1907,432.84
Country_100,1908,422.22
Country_100,1909,425.84
Country_100,1910,428.84
Country_100,1911,420.9
Country_100,1912,433.03
Country_100,1913,422.55
Country_100,1914,422.8
Country_100,1915,422.13
Country_100,1916,428.0
Country_100,1917,423.52
Country_100,1918,429.35
Country_100,1919,422.17
Country_100,1920,428.58
Country_100,1921,424.2
Country_100,1922,426.63
Country_100,1923,424.26
Country_100,1924,431.9
Country_100,1925,420.42
Country_100,1926,422.97
Country_100,1927,421.78
Country_100,1928,430.22
Country_100,1929,423.36
Country_100,1930,427.91
Country_100,1931,422.13
Country_100,1932,428.31
Country_100,1933,427.68
Country_100,1934,421.85
Country_100,1935,430.36
Country_100,1936,431.38
Country_100,1937,432.41
Country_100,1938,424.0
Country_100,1939,418.95
Country_100,1940,435.94
Country_100,1941,424.67
Country_100,1942,421.3
Country_100,1943,422.4
Country_100,1944,419.81
Country_100,1945,420.37
Country_100,1946,426.01
Country_100,1947,426.47
Country_100,1948,426.53
Country_100,1949,425.09
Country_100,1950,445.33
Country_100,1951,461.21
Country_100,1952,475.31
Country_100,1953,487.06
Country_100,1954,497.12
Country_100,1955,516.6
Country_100,1956,525.83
Country_100,1957,531.23
Country_100,1958,545.47
Country_100,1959,553.83
Country_100,1960,550.94
Country_100,1961,582.15
Country_100,1962,596.64
Country_100,1963,607.03
Country_100,1964,641.75
Country_100,1965,671.12
Country_100,1966,689.95
Country_100,1967,700.1
Country_100,1968,735.9
Country_100,1969,742.97
Country_100,1970,761.57
Country_100,1971,781.25
Country_100,1972,795.04
Country_100,1973,797.31
Country_100,1974,821.29
Country_100,1975,834.7
Country_100,1976,861.95
Country_100,1977,871.0
Country_100,1978,906.46
Country_100,1979,928.42
Country_100,1980,947.77
Country_100,1981,960.11
Country_100,1982,989.54
Country_100,1983,1033.42
Country_100,1984,1036.67
Country_100,1985,1082.72
Country_100,1986,1132.1
Country_100,1987,1137.79
Country_100,1988,1172.44
Country_100,1989,1228.84
Country_100,1990,1262.24
Country_100,1991,1285.45
Country_100,1992,1328.02
Country_100,1993,1368.86
Country_100,1994,1423.37
Country_100,1995,1431.27
Country_100,1996,1461.96
Country_100,1997,1504.74
Country_100,1998,1526.64
Country_100,1999,1566.05
Country_100,2000,1585.24
Country_100,2001,1668.81
Country_100,2002,1721.2
Country_100,2003,1741.49
Country_100,2004,1796.45
Country_100,2005,1873.94
Country_100,2006,1947.74
Country_100,2007,2002.09
Country_100,2008,2078.77
Country_100,2009,2159.01
Country_100,2010,2240.42
Country_100,2011,2320.66
Country_100,2012,2369.7
Country_100,2013,2404.39
Country_100,2014,2470.37
Country_100,2015,2565.23
Country_100,2016,2608.7
Country_100,2017,2651.33
Country_100,2018,2778.18
Country_100,2019,2862.59
Country_100,2020,2908.59
Country_100,2021,2948.06
Country_100,2022,3089.68
Country_100,2023,3175.1
Country_101,1900,971.29
Country_101,1901,974.53
Country_101,1902,974.66
Country_101,1903,966.41
Country_101,1904,971.36
Country_101,1905,973.53
Country_101,1906,970.48
Country_101,1907,974.19
Country_101,1908,980.35
Country_101,1909,976.99
Country_101,1910,963.6
Country_101,1911,975.92
Country_101,1912,975.68
Country_101,1913,975.36
Country_101,1914,976.63
Country_101,1915,974.1
Country_101,1916,963.29
Country_101,1917,977.05
Country_101,1918,971.52
Country_101,1919,973.87
Country_101,1920,968.84
Country_101,1921,979.43
Country_101,1922,966.17
Country_101,1923,972.13
Country_101,1924,961.46
Country_101,1925,959.72
Country_101,1926,979.3
Country_101,1927,962.45
Country_101,1928,966.24
Country_101,1929,968.9
Country_101,1930,979.37
Country_101,1931,978.53
Country_101,1932,983.65
Country_101,1933,973.55
Country_101,1934,966.52
Country_101,1935,967.05
Country_101,1936,972.5
Country_101,1937,973.86
Country_101,1938,974.08
Country_101,1939,962.11
Country_101,1940,966.33
Country_101,1941,978.37
Country_101,1942,967.09
Country_101,1943,978.3
Country_101,1944,965.33
Country_101,1945,966.09
Country_101,1946,963.56
Country_101,1947,964.82
Country_101,1948,965.09
Country_101,1949,971.32
Country_101,1950,1012.5
Country_101,1951,1031.94
Country_101,1952,1076.32
Country_101,1953,1118.42
Country_101,1954,1157.97
Country_101,1955,1195.99
Country_101,1956,1247.18
Country_101,1957,1316.9
Country_101,1958,1349.82
Country_101,1959,1381.07
Country_101,1960,1433.11
Country_101,1961,1468.98
Country_101,1962,1492.1
Country_101,1963,1554.24
Country_101,1964,1578.68
Country_101,1965,1644.54
Country_101,1966,1677.32
Country_101,1967,1749.97
Country_101,1968,1828.28
Country_101,1969,1906.91
Country_101,1970,1974.39
Country_101,1971,2072.44
Country_101,1972,2158.5
Country_101,1973,2229.98
Country_101,1974,2286.03
Country_101,1975,2307.54
Country_101,1976,2391.78
Country_101,1977,2408.79
Country_101,1978,2490.2
Country_101,1979,2587.74
Country_101,1980,2703.7
Country_101,1981,2755.55
Country_101,1982,2855.26
Country_101,1983,2955.62
Country_101,1984,3071.7
Country_101,1985,3160.11
Country_101,1986,3224.82
Country_101,1987,3366.92
Country_101,1988,3423.09
Country_101,1989,3558.8
Country_101,1990,3635.94
Country_101,1991,3797.09
Country_101,1992,3899.7
Country_101,1993,4075.41
Country_101,1994,4289.41
Country_101,1995,4367.15
Country_101,1996,4552.21
Country_101,1997,4644.82
Country_101,1998,4821.67
Country_101,1999,5042.4
Country_101,2000,5149.53
Country_101,2001,5306.31
Country_101,2002,5399.82
Country_101,2003,5582.79
Country_101,2004,5642.14
Country_101,2005,5792.23
Country_101,2006,6052.97
Country_101,2007,6275.29
Country_101,2008,6450.54
Country_101,2009,6640.79
Country_101,2010,6856.81
Country_101,2011,7119.98
Country_101,2012,7195.26
Country_101,2013,7461.16
Country_101,2014,7730.1
Country_101,2015,7979.3
Country_101,2016,8053.36
Country_101,2017,8401.45
Country_101,2018,8596.62
Country_101,2019,8739.73
Country_101,2020,8850.56
Country_101,2021,8971.44
Country_101,2022,9239.73
Country_101,2023,9683.17
Country_102,1900,746.63
Country_102,1901,738.5
Country_102,1902,744.26
Country_102,1903,751.39
Country_102,1904,750.97
Country_102,1905,758.08
Country_102,1906,748.45
Country_102,1907,756.05
Country_102,1908,747.12
Country_102,1909,741.11
Country_102,1910,744.59
Country_102,1911,740.99
Country_102,1912,736.61
Country_102,1913,754.48
Country_102,1914,724.59
Country_102,1915,749.98
Country_102,1916,745.85
Country_102,1917,750.15
Country_102,1918,740.1
Country_102,1919,747.85
Country_102,1920,747.88
Country_102,1921,746.09
Country_102,1922,745.2
Country_102,1923,745.62
Country_102,1924,748.18
Country_102,1925,746.96
Country_102,1926,740.92
Country_102,1927,748.35
Country_102,1928,744.15
Country_102,1929,748.2
Country_102,1930,741.23
Country_102,1931,745.99
Country_102,1932,747.59
Country_102,1933,743.04
Country_102,1934,758.39
Country_102,1935,744.81
Country_102,1936,744.22
Country_102,1937,746.75
Country_102,1938,748.97
Country_102,1939,738.83
Country_102,1940,745.99
Country_102,1941,743.81
Country_102,1942,747.82
Country_102,1943,746.76
Country_102,1944,745.66
Country_102,1945,741.26
Country_102,1946,746.1
Country_102,1947,750.49
Country_102,1948,743.05
Country_102,1949,752.05
Country_102,1950,772.51
Country_102,1951,777.1
Country_102,1952,790.59
Country_102,1953,819.43
Country_102,1954,845.8
Country_102,1955,875.34
Country_102,1956,911.61
Country_102,1957,947.98
Country_102,1958,986.97
Country_102,1959,1029.57
Country_102,1960,1082.54
Country_102,1961,1124.88
Country_102,1962,1171.26
Country_102,1963,1185.44
Country_102,1964,1209.07
Country_102,1965,1235.11
Country_102,1966,1295.98
Country_102,1967,1366.63
Country_102,1968,1407.09
Country_102,1969,1415.7
Country_102,1970,1460.45
Country_102,1971,1495.79
Country_102,1972,1568.76
Country_102,1973,1612.52
Country_102,1974,1646.8
Country_102,1975,1664.26
Country_102,1976,1707.26
Country_102,1977,1777.28
Country_102,1978,1824.19
Country_102,1979,1879.06
Country_102,1980,1950.08
Country_102,1981,1984.96
Country_102,1982,2068.63
Country_102,1983,2112.47
Country_102,1984,2125.66
Country_102,1985,2215.7
Country_102,1986,2247.72
Country_102,1987,2335.68
Country_102,1988,2446.43
Country_102,1989,2484.52
Country_102,1990,2574.21
Country_102,1991,2662.39
Country_102,1992,2702.92
Country_102,1993,2800.72
Country_102,1994,2835.04
Country_102,1995,2868.33
Country_102,1996,2937.27
Country_102,1997,3057.21
Country_102,1998,3183.24
Country_102,1999,3251.55
Country_102,2000,3363.73
Country_102,2001,3394.29
Country_102,2002,3441.49
Country_102,2003,3617.14
Country_102,2004,3718.61
Country_102,2005,3781.82
Country_102,2006,3827.94
Country_102,2007,3877.07
Country_102,2008,3997.95
Country_102,2009,4099.87
Country_102,2010,4244.62
Country_102,2011,4343.16
Country_102,2012,4503.11
Country_102,2013,4613.2
Country_102,2014,4792.39
Country_102,2015,5022.77
Country_102,2016,5076.78
Country_102,2017,5167.3
Country_102,2018,5351.85
Country_102,2019,5642.59
Country_102,2020,5733.47
Country_102,2021,6016.02
Country_102,2022,6213.2
Country_102,2023,6444.51
Country_103,1900,536.93
Country_103,1901,548.9
Country_103,1902,538.42
Country_103,1903,525.51
Country_103,1904,541.94
Country_103,1905,536.25
Country_103,1906,539.15
Country_103,1907,545.95
Country_103,1908,529.49
Country_103,1909,533.64
Country_103,1910,542.51
Country_103,1911,542.35
Country_103,1912,540.68
Country_103,1913,548.36
Country_103,1914,537.04
Country_103,1915,538.17
Country_103,1916,536.74
Country_103,1917,538.7
Country_103,1918,533.79
Country_103,1919,541.14
Country_103,1920,541.6
Country_103,1921,551.1
Country_103,1922,542.14
Country_103,1923,531.69
Country_103,1924,543.45
Country_103,1925,535.66
Country_103,1926,536.24
Country_103,1927,534.85
Country_103,1928,537.58
Country_103,1929,540.47
Country_103,1930,544.37
Country_103,1931,536.67
Country_103,1932,535.67
Country_103,1933,536.87
Country_103,1934,545.27
Country_103,1935,544.77
Country_103,1936,534.55
Country_103,1937,541.84
Country_103,1938,540.91
Country_103,1939,536.09
Country_103,1940,537.81
Country_103,1941,541.5
Country_103,1942,536.36
Country_103,1943,540.63
Country_103,1944,536.97
Country_103,1945,538.86
Country_103,1946,528.36
Country_103,1947,532.75
Country_103,1948,536.47
Country_103,1949,544.57
Country_103,1950,549.82
Country_103,1951,557.69
Country_103,1952,571.65
Country_103,1953,589.89
Country_103,1954,623.16
Country_103,1955,641.38
Country_103,1956,671.33
Country_103,1957,700.99
Country_103,1958,732.93
Country_103,1959,770.12
Country_103,1960,800.9
Country_103,1961,828.52
Country_103,1962,848.41
Country_103,1963,882.24
Country_103,1964,908.31
Country_103,1965,949.3
Country_103,1966,959.33
Country_103,1967,1003.42
Country_103,1968,1046.29
Country_103,1969,1069.76
Country_103,1970,1080.84
Country_103,1971,1101.43
Country_103,1972,1156.57
Country_103,1973,1187.3
Country_103,1974,1250.43
Country_103,1975,1266.93
Country_103,1976,1301.09
Country_103,1977,1356.44
Country_103,1978,1387.67
Country_103,1979,1447.2
Country_103,1980,1480.83
Country_103,1981,1550.42
Country_103,1982,1622.27
Country_103,1983,1654.53
Country_103,1984,1671.69
Country_103,1985,1695.02
Country_103,1986,1774.13
Country_103,1987,1815.12
Country_103,1988,1900.99
Country_103,1989,1973.19
Country_103,1990,2015.28
Country_103,1991,2071.2
Country_103,1992,2150.53
Country_103,1993,2256.4
Country_103,1994,2275.67
Country_103,1995,2348.46
Country_103,1996,2440.88
Country_103,1997,2531.24
Country_103,1998,2593.9
Country_103,1999,2644.7
Country_103,2000,2731.97
Country_103,2001,2851.36
Country_103,2002,2932.97
Country_103,2003,2969.19
Country_103,2004,3065.85
Country_103,2005,3106.17
Country_103,2006,3217.86
Country_103,2007,3356.69
Country_103,2008,3441.81
Country_103,2009,3474.36
Country_103,2010,3610.58
Country_103,2011,3679.65
Country_103,2012,3818.04
Country_103,2013,3920.18
Country_103,2014,4038.18
Country_103,2015,4199.4
Country_103,2016,4405.88
Country_103,2017,4533.24
Country_103,2018,4645.6
Country_103,2019,4816.44
Country_103,2020,5026.42
Country_103,2021,5077.39
Country_103,2022,5252.94
Country_103,2023,5314.28
Country_104,1900,622.36
Country_104,1901,622.06
Country_104,1902,623.27
Country_104,1903,621.01
Country_104,1904,625.74
Country_104,1905,620.15
Country_104,1906,613.05
Country_104,1907,617.21
Country_104,1908,622.96
Country_104,1909,624.05
Country_104,1910,625.64
Country_104,1911,622.75
Country_104,1912,617.42
Country_104,1913,618.55
Country_104,1914,615.14
Country_104,1915,617.82
Country_104,1916,622.63
Country_104,1917,621.31
Country_104,1918,622.0
Country_104,1919,625.2
Country_104,1920,622.36
Country_104,1921,617.66
Country_104,1922,617.32
Country_104,1923,611.79
Country_104,1924,618.65
Country_104,1925,623.63
Country_104,1926,629.95
Country_104,1927,620.04
Country_104,1928,623.92
Country_104,1929,620.4
Country_104,1930,616.46
Country_104,1931,619.15
Country_104,1932,623.72
Country_104,1933,626.22
Country_104,1934,624.17
Country_104,1935,617.46
Country_104,1936,623.45
Country_104,1937,627.51
Country_104,1938,618.54
Country_104,1939,617.39
Country_104,1940,626.79
Country_104,1941,623.58
Country_104,1942,621.27
Country_104,1943,622.34
Country_104,1944,623.99
Country_104,1945,621.03
Country_104,1946,629.79
Country_104,1947,618.98
Country_104,1948,622.3
Country_104,1949,631.24
Country_104,1950,623.45
Country_104,1951,654.04
Country_104,1952,684.31
Country_104,1953,696.98
Country_104,1954,724.47
Country_104,1955,752.46
Country_104,1956,769.36
Country_104,1957,803.94
Country_104,1958,811.95
Country_104,1959,835.03
Country_104,1960,884.96
Country_104,1961,913.76
Country_104,1962,958.85
Country_104,1963,990.9
Country_104,1964,1045.25
Country_104,1965,1093.01
Country_104,1966,1125.12
Country_104,1967,1136.19
Country_104,1968,1172.11
Country_104,1969,1220.31
Country_104,1970,1216.44
Country_104,1971,1254.24
Country_104,1972,1304.65
Country_104,1973,1371.34
Country_104,1974,1394.95
Country_104,1975,1417.62
Country_104,1976,1482.23
Country_104,1977,1511.13
Country_104,1978,1545.31
Country_104,1979,1598.49
Country_104,1980,1640.41
Country_104,1981,1700.7
Country_104,1982,1753.32
Country_104,1983,1844.87
Country_104,1984,1874.67
Country_104,1985,1942.3
Country_104,1986,1979.66
Country_104,1987,2030.13
Country_104,1988,2082.92
Country_104,1989,2098.37
Country_104,1990,2145.82
Country_104,1991,2234.18
Country_104,1992,2326.59
Country_104,1993,2401.85
Country_104,1994,2472.96
Country_104,1995,2538.77
Country_104,1996,2585.69
Country_104,1997,2678.14
Country_104,1998,2740.51
Country_104,1999,2802.57
Country_104,2000,2912.12
Country_104,2001,3021.16
Country_104,2002,3062.88
Country_104,2003,3138.73
Country_104,2004,3214.05
Country_104,2005,3289.35
Country_104,2006,3446.96
Country_104,2007,3581.97
Country_104,2008,3631.53
Country_104,2009,3732.89
Country_104,2010,3852.15
Country_104,2011,3941.08
Country_104,2012,4006.82
Country_104,2013,4065.57
Country_104,2014,4257.25
Country_104,2015,4334.6
Country_104,2016,4454.11
Country_104,2017,4530.32
Country_104,2018,4639.47
Country_104,2019,4835.73
Country_104,2020,4880.54
Country_104,2021,5032.73
Country_104,2022,5232.68
Country_104,2023,5424.68
Country_105,1900,317.23
Country_105,1901,318.55
Country_105,1902,314.91
Country_105,1903,318.4
Country_105,1904,319.8
Country_105,1905,317.85
Country_105,1906,319.02
Country_105,1907,327.6
Country_105,1908,317.64
Country_105,1909,315.73
Country_105,1910,321.34
Country_105,1911,311.6
Country_105,1912,325.94
Country_105,1913,319.08
Country_105,1914,316.76
Country_105,1915,317.2
Country_105,1916,310.95
Country_105,1917,310.53
Country_105,1918,316.34
Country_105,1919,312.84
Country_105,1920,317.89
Country_105,1921,315.46
Country_105,1922,315.22
Country_105,1923,317.5
Country_105,1924,316.53
Country_105,1925,324.62
Country_105,1926,316.71
Country_105,1927,317.8
Country_105,1928,319.93
Country_105,1929,318.78
Country_105,1930,326.13
Country_105,1931,313.05
Country_105,1932,317.22
Country_105,1933,319.26
Country_105,1934,320.71
Country_105,1935,313.16
Country_105,1936,311.41
Country_105,1937,320.31
Country_105,1938,315.9
Country_105,1939,313.69
Country_105,1940,314.95
Country_105,1941,320.99
Country_105,1942,313.22
Country_105,1943,318.7
Country_105,1944,311.52
Country_105,1945,324.8
Country_105,1946,313.61
Country_105,1947,313.14
Country_105,1948,323.62
Country_105,1949,315.15
Country_105,1950,333.44
Country_105,1951,350.72
Country_105,1952,353.55
Country_105,1953,363.3
Country_105,1954,372.33
Country_105,1955,384.97
Country_105,1956,396.59
Country_105,1957,424.26
Country_105,1958,435.96
Country_105,1959,446.23
Country_105,1960,460.16
Country_105,1961,474.82
Country_105,1962,493.93
Country_105,1963,511.08
Country_105,1964,530.75
Country_105,1965,549.44
Country_105,1966,570.64
Country_105,1967,580.89
Country_105,1968,600.32
Country_105,1969,626.51
Country_105,1970,643.58
Country_105,1971,681.08
Country_105,1972,700.09
Country_105,1973,715.0
Country_105,1974,735.55
Country_105,1975,771.6
Country_105,1976,792.26
Country_105,1977,817.3
Country_105,1978,822.84
Country_105,1979,857.52
Country_105,1980,869.54
Country_105,1981,906.36
Country_105,1982,928.07
Country_105,1983,964.16
Country_105,1984,986.07
Country_105,1985,999.26
Country_105,1986,1029.98
Country_105,1987,1065.95
Country_105,1988,1121.66
Country_105,1989,1137.93
Country_105,1990,1169.1
Country_105,1991,1185.54
Country_105,1992,1212.29
Country_105,1993,1252.23
Country_105,1994,1271.91
Country_105,1995,1299.05
Country_105,1996,1335.67
Country_105,1997,1398.3
Country_105,1998,1430.98
Country_105,1999,1479.04
Country_105,2000,1531.04
Country_105,2001,1597.33
Country_105,2002,1638.08
Country_105,2003,1669.27
Country_105,2004,1695.75
Country_105,2005,1725.33
Country_105,2006,1785.18
Country_105,2007,1829.79
Country_105,2008,1872.22
Country_105,2009,1915.16
Country_105,2010,1998.55
Country_105,2011,2029.16
Country_105,2012,2125.71
Country_105,2013,2215.65
Country_105,2014,2261.13
Country_105,2015,2307.26
Country_105,2016,2398.24
Country_105,2017,2506.51
Country_105,2018,2525.55
Country_105,2019,2651.31
Country_105,2020,2764.46
Country_105,2021,2847.62
Country_105,2022,2994.83
Country_105,2023,3062.26
Country_106,1900,224.33
Country_106,1901,219.16
Country_106,1902,214.14
Country_106,1903,216.32
Country_106,1904,216.2
Country_106,1905,230.31
Country_106,1906,218.34
Country_106,1907,218.67
Country_106,1908,214.38
Country_106,1909,220.74
Country_106,1910,220.02
Country_106,1911,216.88
Country_106,1912,222.37
Country_106,1913,218.66
Country_106,1914,223.79
Country_106,1915,222.05
Country_106,1916,221.95
Country_106,1917,222.29
Country_106,1918,217.41
Country_106,1919,221.39
Country_106,1920,220.38
Country_106,1921,223.78
Country_106,1922,223.38
Country_106,1923,207.57
Country_106,1924,222.72
Country_106,1925,222.16
Country_106,1926,220.36
Country_106,1927,218.42
Country_106,1928,224.23
Country_106,1929,221.96
Country_106,1930,227.04
Country_106,1931,214.94
Country_106,1932,205.96
Country_106,1933,218.25
Country_106,1934,220.28
Country_106,1935,220.68
Country_106,1936,215.33
Country_106,1937,223.32
Country_106,1938,220.74
Country_106,1939,224.97
Country_106,1940,218.21
Country_106,1941,219.35
Country_106,1942,226.04
Country_106,1943,226.99
Country_106,1944,211.97
Country_106,1945,224.75
Country_106,1946,215.5
Country_106,1947,221.86
Country_106,1948,219.12
Country_106,1949,214.08
Country_106,1950,226.86
Country_106,1951,237.51
Country_106,1952,237.67
Country_106,1953,250.56
Country_106,1954,261.55
Country_106,1955,272.34
Country_106,1956,268.21
Country_106,1957,283.69
Country_106,1958,291.56
Country_106,1959,286.74
Country_106,1960,293.09
Country_106,1961,314.82
Country_106,1962,310.58
Country_106,1963,333.23
Country_106,1964,333.35
Country_106,1965,355.51
Country_106,1966,362.54
Country_106,1967,375.12
Country_106,1968,388.63
Country_106,1969,396.24
Country_106,1970,417.31
Country_106,1971,425.07
Country_106,1972,445.96
Country_106,1973,457.77
Country_106,1974,471.17
Country_106,1975,492.01
Country_106,1976,506.3
Country_106,1977,516.86
Country_106,1978,523.08
Country_106,1979,557.66
Country_106,1980,557.35
Country_106,1981,576.19
Country_106,1982,597.66
Country_106,1983,634.75
Country_106,1984,643.43
Country_106,1985,674.64
Country_106,1986,685.43
Country_106,1987,732.33
Country_106,1988,743.27
Country_106,1989,752.76
Country_106,1990,776.99
Country_106,1991,815.37
Country_106,1992,822.76
Country_106,1993,852.3
Country_106,1994,866.32
Country_106,1995,903.29
Country_106,1996,954.6
Country_106,1997,986.9
Country_106,1998,1035.02
Country_106,1999,1094.5
Country_106,2000,1121.03
Country_106,2001,1163.9
Country_106,2002,1194.84
Country_106,2003,1234.14
Country_106,2004,1261.63
Country_106,2005,1298.23
Country_106,2006,1328.56
Country_106,2007,1354.6
Country_106,2008,1402.64
Country_106,2009,1434.91
Country_106,2010,1452.68
Country_106,2011,1500.94
Country_106,2012,1538.59
Country_106,2013,1596.95
Country_106,2014,1632.14
Country_106,2015,1646.93
Country_106,2016,1714.55
Country_106,2017,1732.13
Country_106,2018,1758.63
Country_106,2019,1849.66
Country_106,2020,1925.1
Country_106,2021,1929.17
Country_106,2022,2010.9
Country_106,2023,2042.22
Country_107,1900,352.11
Country_107,1901,348.79
Country_107,1902,353.44
Country_107,1903,353.7
Country_107,1904,353.27
Country_107,1905,354.6
Country_107,1906,357.87
Country_107,1907,351.37
Country_107,1908,352.79
Country_107,1909,355.24
Country_107,1910,345.67
Country_107,1911,351.44
Country_107,1912,343.83
Country_107,1913,359.56
Country_107,1914,345.43
Country_107,1915,355.44
Country_107,1916,360.13
Country_107,1917,361.06
Country_107,1918,347.38
Country_107,1919,348.27
Country_107,1920,357.98
Country_107,1921,355.68
Country_107,1922,355.33
Country_107,1923,348.76
Country_107,1924,352.9
Country_107,1925,346.94
Country_107,1926,358.28
Country_107,1927,356.55
Country_107,1928,357.6
Country_107,1929,350.76
Country_107,1930,344.76
Country_107,1931,342.27
Country_107,1932,345.24
Country_107,1933,353.1
Country_107,1934,351.02
Country_107,1935,347.81
Country_107,1936,353.75
Country_107,1937,356.21
Country_107,1938,357.17
Country_107,1939,356.69
Country_107,1940,349.5
Country_107,1941,350.09
Country_107,1942,348.59
Country_107,1943,346.0
Country_107,1944,346.1
Country_107,1945,344.16
Country_107,1946,348.16
Country_107,1947,357.47
Country_107,1948,354.32
Country_107,1949,347.59
Country_107,1950,364.76
Country_107,1951,390.87
Country_107,1952,384.79
Country_107,1953,413.88
Country_107,1954,429.46
Country_107,1955,437.42
Country_107,1956,458.0
Country_107,1957,470.89
Country_107,1958,503.04
Country_107,1959,514.8
Country_107,1960,518.96
Country_107,1961,551.7
Country_107,1962,563.21
Country_107,1963,583.21
Country_107,1964,607.26
Country_107,1965,631.2
Country_107,1966,659.39
Country_107,1967,657.47
Country_107,1968,666.3
Country_107,1969,701.75
Country_107,1970,699.73
Country_107,1971,723.9
Country_107,1972,744.48
Country_107,1973,782.62
Country_107,1974,807.89
Country_107,1975,821.9
Country_107,1976,857.62
Country_107,1977,894.16
Country_107,1978,931.65
Country_107,1979,963.4
Country_107,1980,1002.21
Country_107,1981,1047.79
Country_107,1982,1081.3
Country_107,1983,1117.22
Country_107,1984,1159.27
Country_107,1985,1181.11
Country_107,1986,1196.39
Country_107,1987,1250.74
Country_107,1988,1302.74
Country_107,1989,1357.11
Country_107,1990,1412.43
Country_107,1991,1444.4
Country_107,1992,1507.51
Country_107,1993,1529.62
Country_107,1994,1555.99
Country_107,1995,1591.46
Country_107,1996,1665.6
Country_107,1997,1739.28
Country_107,1998,1788.68
Country_107,1999,1849.5
Country_107,2000,1926.86
Country_107,2001,2014.72
Country_107,2002,2117.1
Country_107,2003,2200.68
Country_107,2004,2269.93
Country_107,2005,2301.63
Country_107,2006,2379.69
Country_107,2007,2475.93
Country_107,2008,2545.51
Country_107,2009,2605.53
Country_107,2010,2660.09
Country_107,2011,2765.97
Country_107,2012,2818.14
Country_107,2013,2886.14
Country_107,2014,2949.28
Country_107,2015,2979.31
Country_107,2016,3061.81
Country_107,2017,3218.28
Country_107,2018,3353.9
Country_107,2019,3382.71
Country_107,2020,3431.4
Country_107,2021,3572.68
Country_107,2022,3733.49
Country_107,2023,3918.46
Country_108,1900,965.73
Country_108,1901,965.22
Country_108,1902,957.29
Country_108,1903,956.36
Country_108,1904,963.0
Country_108,1905,961.84
Country_108,1906,962.4
Country_108,1907,967.47
Country_108,1908,957.27
Country_108,1909,962.37
Country_108,1910,963.51
Country_108,1911,952.7
Country_108,1912,955.75
Country_108,1913,967.82
Country_108,1914,961.12
Country_108,1915,958.41
Country_108,1916,965.96
Country_108,1917,957.99
Country_108,1918,959.26
Country_108,1919,965.51
Country_108,1920,960.7
Country_108,1921,971.57
Country_108,1922,972.72
Country_108,1923,965.92
Country_108,1924,958.02
Country_108,1925,967.66
Country_108,1926,961.83
Country_108,1927,965.26
Country_108,1928,961.45
Country_108,1929,963.6
Country_108,1930,963.54
Country_108,1931,967.88
Country_108,1932,952.53
Country_108,1933,959.57
Country_108,1934,958.31
Country_108,1935,966.65
Country_108,1936,966.1
Country_108,1937,954.29
Country_108,1938,948.87
Country_108,1939,962.91
Country_108,1940,962.39
Country_108,1941,969.7
Country_108,1942,961.63
Country_108,1943,969.6
Country_108,1944,956.87
Country_108,1945,965.26
Country_108,1946,959.09
Country_108,1947,965.37
Country_108,1948,965.23
Country_108,1949,964.23
Country_108,1950,1007.33
Country_108,1951,1019.49
Country_108,1952,1052.01
Country_108,1953,1091.43
Country_108,1954,1107.77
Country_108,1955,1159.63
Country_108,1956,1221.59
Country_108,1957,1254.09
Country_108,1958,1304.85
Country_108,1959,1349.08
Country_108,1960,1395.97
Country_108,1961,1425.47
Country_108,1962,1459.62
Country_108,1963,1525.28
Country_108,1964,1598.65
Country_108,1965,1667.32
Country_108,1966,1688.29
Country_108,1967,1767.81
Country_108,1968,1851.12
Country_108,1969,1930.62
Country_108,1970,1961.97
Country_108,1971,2021.15
Country_108,1972,2102.31
Country_108,1973,2200.42
Country_108,1974,2253.05
Country_108,1975,2301.43
Country_108,1976,2336.82
Country_108,1977,2420.94
Country_108,1978,2515.38
Country_108,1979,2537.82
Country_108,1980,2606.84
Country_108,1981,2722.22
Country_108,1982,2859.27
Country_108,1983,2902.78
Country_108,1984,3021.22
Country_108,1985,3132.23
Country_108,1986,3204.17
Country_108,1987,3317.56
Country_108,1988,3478.6
Country_108,1989,3563.94
Country_108,1990,3724.06
Country_108,1991,3848.95
Country_108,1992,3979.96
Country_108,1993,4138.99
Country_108,1994,4305.34
Country_108,1995,4423.9
Country_108,1996,4623.09
Country_108,1997,4753.12
Country_108,1998,4983.49
Country_108,1999,5168.72
Country_108,2000,5370.45
Country_108,2001,5610.59
Country_108,2002,5749.03
Country_108,2003,5952.98
Country_108,2004,6237.54
Country_108,2005,6491.16
Country_108,2006,6662.43
Country_108,2007,6929.96
Country_108,2008,7254.48
Country_108,2009,7508.36
Country_108,2010,7891.61
Country_108,2011,8141.92
Country_108,2012,8284.66
Country_108,2013,8646.54
Country_108,2014,8996.28
Country_108,2015,9357.07
Country_108,2016,9569.43
Country_108,2017,9790.45
Country_108,2018,10131.01
Country_108,2019,10430.99
Country_108,2020,10601.87
Country_108,2021,10911.36
Country_108,2022,11321.82
Country_108,2023,11445.87
Country_109,1900,716.34
Country_109,1901,718.95
Country_109,1902,723.81
Country_109,1903,717.95
Country_109,1904,717.65
Country_109,1905,722.23
Country_109,1906,714.96
Country_109,1907,712.02
Country_109,1908,712.77
Country_109,1909,717.71
Country_109,1910,713.02
Country_109,1911,714.38
Country_109,1912,714.27
Country_109,1913,717.51
Country_109,1914,724.26
Country_109,1915,710.06
Country_109,1916,722.0
Country_109,1917,716.44
Country_109,1918,722.77
Country_109,1919,715.74
Country_109,1920,714.22
Country_109,1921,722.56
Country_109,1922,717.1
Country_109,1923,722.24
Country_109,1924,717.15
Country_109,1925,719.78
Country_109,1926,722.22
Country_109,1927,726.79
Country_109,1928,718.26
Country_109,1929,717.06
Country_109,1930,722.57
Country_109,1931,717.29
Country_109,1932,712.93
Country_109,1933,715.1
Country_109,1934,720.97
Country_109,1935,712.21
Country_109,1936,723.78
Country_109,1937,716.33
Country_109,1938,722.68
Country_109,1939,721.64
Country_109,1940,707.92
Country_109,1941,718.08
Country_109,1942,712.74
Country_109,1943,719.84
Country_109,1944,710.26
Country_109,1945,715.0
Country_109,1946,711.99
Country_109,1947,712.43
Country_109,1948,720.9
Country_109,1949,712.89
Country_109,1950,744.9
Country_109,1951,746.29
Country_109,1952,798.32
Country_109,1953,826.44
Country_109,1954,858.06
Country_109,1955,900.24
Country_109,1956,953.07
Country_109,1957,957.83
Country_109,1958,978.53
Country_109,1959,1021.54
Country_109,1960,1051.37
Country_109,1961,1089.88
Country_109,1962,1135.5
Country_109,1963,1175.85
Country_109,1964,1192.91
Country_109,1965,1247.37
Country_109,1966,1307.16
Country_109,1967,1320.07
Country_109,1968,1350.33
Country_109,1969,1400.35
Country_109,1970,1464.57
Country_109,1971,1541.15
Country_109,1972,1559.06
Country_109,1973,1631.5
Country_109,1974,1693.6
Country_109,1975,1734.08
Country_109,1976,1771.56
Country_109,1977,1806.73
Country_109,1978,1836.46
Country_109,1979,1933.62
Country_109,1980,2016.56
Country_109,1981,2068.29
Country_109,1982,2153.48
Country_109,1983,2217.09
Country_109,1984,2255.23
Country_109,1985,2350.92
Country_109,1986,2419.95
Country_109,1987,2503.96
Country_109,1988,2603.77
Country_109,1989,2669.23
Country_109,1990,2777.53
Country_109,1991,2845.5
Country_109,1992,2940.11
Country_109,1993,3038.67
Country_109,1994,3081.07
Country_109,1995,3131.76
Country_109,1996,3262.19
Country_109,1997,3356.15
Country_109,1998,3389.62
Country_109,1999,3512.92
Country_109,2000,3664.79
Country_109,2001,3832.89
Country_109,2002,3906.0
Country_109,2003,4045.75
Country_109,2004,4153.83
Country_109,2005,4329.95
Country_109,2006,4464.34
Country_109,2007,4576.59
Country_109,2008,4700.03
Country_109,2009,4897.9
Country_109,2010,5082.73
Country_109,2011,5229.56
Country_109,2012,5460.81
Country_109,2013,5713.41
Country_109,2014,5859.89
Country_109,2015,6128.36
Country_109,2016,6390.39
Country_109,2017,6558.63
Country_109,2018,6748.71
Country_109,2019,6860.72
Country_109,2020,6980.17
Country_109,2021,7152.12
Country_109,2022,7432.23
Country_109,2023,7534.63
Country_110,1900,769.32
Country_110,1901,758.78
Country_110,1902,770.42
Country_110,1903,759.92
Country_110,1904,762.85
Country_110,1905,775.07
Country_110,1906,760.22
Country_110,1907,768.57
Country_110,1908,761.74
Country_110,1909,767.72
Country_110,1910,761.12
Country_110,1911,771.35
Country_110,1912,772.9
Country_110,1913,771.28
Country_110,1914,762.78
Country_110,1915,762.17
Country_110,1916,761.85
Country_110,1917,772.2
Country_110,1918,766.66
Country_110,1919,764.96
Country_110,1920,766.83
Country_110,1921,767.04
Country_110,1922,770.84
Country_110,1923,754.7
Country_110,1924,760.0
Country_110,1925,761.28
Country_110,1926,763.57
Country_110,1927,769.98
Country_110,1928,760.47
Country_110,1929,768.33
Country_110,1930,770.24
Country_110,1931,764.83
Country_110,1932,769.12
Country_110,1933,761.11
Country_110,1934,772.09
Country_110,1935,761.07
Country_110,1936,756.18
Country_110,1937,773.13
Country_110,1938,758.8
Country_110,1939,764.31
Country_110,1940,758.67
Country_110,1941,753.5
Country_110,1942,756.93
Country_110,1943,760.65
Country_110,1944,767.63
Country_110,1945,767.87
Country_110,1946,754.83
Country_110,1947,766.38
Country_110,1948,765.64
Country_110,1949,762.37
Country_110,1950,790.71
Country_110,1951,806.17
Country_110,1952,839.17
Country_110,1953,876.63
Country_110,1954,888.1
Country_110,1955,904.96
Country_110,1956,948.16
Country_110,1957,984.81
Country_110,1958,1018.46
Country_110,1959,1031.58
Country_110,1960,1058.45
Country_110,1961,1083.09
Country_110,1962,1114.36
Country_110,1963,1147.79
Country_110,1964,1189.54
Country_110,1965,1229.21
Country_110,1966,1262.48
Country_110,1967,1313.28
Country_110,1968,1349.07
Country_110,1969,1378.26
Country_110,1970,1404.76
Country_110,1971,1433.89
Country_110,1972,1488.51
Country_110,1973,1505.37
Country_110,1974,1551.15
Country_110,1975,1586.23
Country_110,1976,1625.39
Country_110,1977,1691.19
Country_110,1978,1738.93
Country_110,1979,1762.81
Country_110,1980,1834.33
Country_110,1981,1901.01
Country_110,1982,1990.73
Country_110,1983,2079.41
Country_110,1984,2131.65
Country_110,1985,2219.59
Country_110,1986,2246.95
Country_110,1987,2287.45
Country_110,1988,2346.3
Country_110,1989,2372.9
Country_110,1990,2437.07
Country_110,1991,2463.18
Country_110,1992,2574.36
Country_110,1993,2637.53
Country_110,1994,2719.54
Country_110,1995,2754.37
Country_110,1996,2862.26
Country_110,1997,2894.53
Country_110,1998,2941.87
Country_110,1999,3024.69
Country_110,2000,3144.9
Country_110,2001,3221.76
Country_110,2002,3291.41
Country_110,2003,3416.36
Country_110,2004,3486.29
Country_110,2005,3605.99
Country_110,2006,3650.26
Country_110,2007,3785.72
Country_110,2008,3846.98
Country_110,2009,4011.55
Country_110,2010,4188.54
Country_110,2011,4250.21
Country_110,2012,4369.04
Country_110,2013,4491.79
Country_110,2014,4630.36
Country_110,2015,4830.98
Country_110,2016,4963.45
Country_110,2017,5076.7
Country_110,2018,5294.61
Country_110,2019,5532.77
Country_110,2020,5699.66
Country_110,2021,5942.17
Country_110,2022,6178.45
Country_110,2023,6373.54
Country_111,1900,184.07
Country_111,1901,175.55
Country_111,1902,185.0
Country_111,1903,176.94
Country_111,1904,182.66
Country_111,1905,175.28
Country_111,1906,178.24
Country_111,1907,175.31
Country_111,1908,181.18
Country_111,1909,176.29
Country_111,1910,184.92
Country_111,1911,183.84
Country_111,1912,175.61
Country_111,1913,192.81
Country_111,1914,181.46
Country_111,1915,167.66
Country_111,1916,182.34
Country_111,1917,181.69
Country_111,1918,182.64
Country_111,1919,176.85
Country_111,1920,182.31
Country_111,1921,178.85
Country_111,1922,178.52
Country_111,1923,180.06
Country_111,1924,178.96
Country_111,1925,180.25
Country_111,1926,183.96
Country_111,1927,173.36
Country_111,1928,182.31
Country_111,1929,184.83
Country_111,1930,176.88
Country_111,1931,193.32
Country_111,1932,184.9
Country_111,1933,173.64
Country_111,1934,183.03
Country_111,1935,174.95
Country_111,1936,178.56
Country_111,1937,184.43
Country_111,1938,183.1
Country_111,1939,187.92
Country_111,1940,176.12
Country_111,1941,181.17
Country_111,1942,189.94
Country_111,1943,188.64
Country_111,1944,173.21
Country_111,1945,179.03
Country_111,1946,179.0
Country_111,1947,186.68
Country_111,1948,172.68
Country_111,1949,178.33
Country_111,1950,177.51
Country_111,1951,183.36
Country_111,1952,198.86
Country_111,1953,198.53
Country_111,1954,210.02
Country_111,1955,208.67
Country_111,1956,220.59
Country_111,1957,227.3
Country_111,1958,244.43
Country_111,1959,245.65
Country_111,1960,244.68
Country_111,1961,250.95
Country_111,1962,261.95
Country_111,1963,268.29
Country_111,1964,275.34
Country_111,1965,286.87
Country_111,1966,301.48
Country_111,1967,295.87
Country_111,1968,297.54
Country_111,1969,307.95
Country_111,1970,321.67
Country_111,1971,334.84
Country_111,1972,335.6
Country_111,1973,341.87
Country_111,1974,352.37
Country_111,1975,375.2
Country_111,1976,369.89
Country_111,1977,379.76
Country_111,1978,399.11
Country_111,1979,392.84
Country_111,1980,418.83
Country_111,1981,434.32
Country_111,1982,445.06
Country_111,1983,441.71
Country_111,1984,456.98
Country_111,1985,473.46
Country_111,1986,478.7
Country_111,1987,510.82
Country_111,1988,520.12
Country_111,1989,551.73
Country_111,1990,558.3
Country_111,1991,582.62
Country_111,1992,585.19
Country_111,1993,612.18
Country_111,1994,626.66
Country_111,1995,625.61
Country_111,1996,643.19
Country_111,1997,653.1
Country_111,1998,673.14
Country_111,1999,672.81
Country_111,2000,691.23
Country_111,2001,720.33
Country_111,2002,754.17
Country_111,2003,769.94
Country_111,2004,793.47
Country_111,2005,821.79
Country_111,2006,852.28
Country_111,2007,892.66
Country_111,2008,922.32
Country_111,2009,957.11
Country_111,2010,992.37
Country_111,2011,1026.1
Country_111,2012,1044.92
Country_111,2013,1087.39
Country_111,2014,1132.35
Country_111,2015,1167.38
Country_111,2016,1226.1
Country_111,2017,1240.89
Country_111,2018,1256.27
Country_111,2019,1289.11
Country_111,2020,1307.93
Country_111,2021,1382.54
Country_111,2022,1412.16
Country_111,2023,1447.14
Country_112,1900,176.58
Country_112,1901,162.07
Country_112,1902,171.52
Country_112,1903,163.57
Country_112,1904,166.61
Country_112,1905,167.07
Country_112,1906,177.74
Country_112,1907,168.11
Country_112,1908,176.35
Country_112,1909,182.83
Country_112,1910,160.84
Country_112,1911,168.0
Country_112,1912,172.66
Country_112,1913,171.42
Country_112,1914,175.35
Country_112,1915,171.21
Country_112,1916,165.79
Country_112,1917,177.73
Country_112,1918,167.62
Country_112,1919,175.76
Country_112,1920,166.87
Country_112,1921,164.95
Country_112,1922,165.18
Country_112,1923,165.71
Country_112,1924,175.6
Country_112,1925,173.06
Country_112,1926,171.19
Country_112,1927,171.58
Country_112,1928,172.41
Country_112,1929,173.78
Country_112,1930,173.53
Country_112,1931,178.34
Country_112,1932,173.95
Country_112,1933,168.61
Country_112,1934,171.75
Country_112,1935,171.88
Country_112,1936,183.26
Country_112,1937,167.37
Country_112,1938,170.44
Country_112,1939,178.28
Country_112,1940,166.23
Country_112,1941,170.37
Country_112,1942,171.61
Country_112,1943,165.24
Country_112,1944,171.7
Country_112,1945,172.34
Country_112,1946,177.03
Country_112,1947,175.89
Country_112,1948,181.05
Country_112,1949,165.41
Country_112,1950,170.41
Country_112,1951,185.5
Country_112,1952,185.76
Country_112,1953,189.74
Country_112,1954,196.15
Country_112,1955,203.13
Country_112,1956,212.57
Country_112,1957,223.76
Country_112,1958,224.78
Country_112,1959,227.05
Country_112,1960,231.81
Country_112,1961,250.33
Country_112,1962,244.92
Country_112,1963,268.18
Country_112,1964,271.52
Country_112,1965,274.34
Country_112,1966,282.74
Country_112,1967,291.79
Country_112,1968,290.1
Country_112,1969,307.55
Country_112,1970,308.66
Country_112,1971,301.6
Country_112,1972,320.12
Country_112,1973,351.66
Country_112,1974,354.31
Country_112,1975,359.31
Country_112,1976,386.05
Country_112,1977,387.33
Country_112,1978,407.08
Country_112,1979,425.13
Country_112,1980,437.59
Country_112,1981,448.54
Country_112,1982,466.56
Country_112,1983,472.34
Country_112,1984,489.95
Country_112,1985,512.44
Country_112,1986,521.64
Country_112,1987,548.67
Country_112,1988,553.13
Country_112,1989,579.22
Country_112,1990,609.68
Country_112,1991,626.17
Country_112,1992,642.09
Country_112,1993,660.76
Country_112,1994,678.16
Country_112,1995,693.75
Country_112,1996,698.3
Country_112,1997,728.52
Country_112,1998,743.46
Country_112,1999,772.69
Country_112,2000,788.74
Country_112,2001,808.16
Country_112,2002,814.24
Country_112,2003,863.33
Country_112,2004,870.35
Country_112,2005,916.03
Country_112,2006,932.73
Country_112,2007,973.23
Country_112,2008,1007.14
Country_112,2009,1037.8
Country_112,2010,1073.5
Country_112,2011,1101.95
Country_112,2012,1109.71
Country_112,2013,1125.14
Country_112,2014,1143.39
Country_112,2015,1178.91
Country_112,2016,1194.03
Country_112,2017,1249.57
Country_112,2018,1291.33
Country_112,2019,1339.48
Country_112,2020,1376.91
Country_112,2021,1452.71
Country_112,2022,1494.95
Country_112,2023,1515.53
Country_113,1900,365.77
Country_113,1901,357.16
Country_113,1902,365.22
Country_113,1903,359.58
Country_113,1904,359.15
Country_113,1905,359.07
Country_113,1906,368.52
Country_113,1907,366.24
Country_113,1908,372.71
Country_113,1909,365.63
Country_113,1910,367.36
Country_113,1911,360.68
Country_113,1912,359.13
Country_113,1913,355.15
Country_113,1914,357.36
Country_113,1915,354.54
Country_113,1916,369.87
Country_113,1917,360.09
Country_113,1918,355.35
Country_113,1919,362.98
Country_113,1920,356.83
Country_113,1921,361.53
Country_113,1922,365.17
Country_113,1923,371.57
Country_113,1924,356.02
Country_113,1925,364.76
Country_113,1926,366.51
Country_113,1927,362.23
Country_113,1928,366.32
Country_113,1929,368.59
Country_113,1930,357.41
Country_113,1931,364.49
Country_113,1932,361.17
Country_113,1933,359.14
Country_113,1934,367.69
Country_113,1935,367.09
Country_113,1936,370.89
Country_113,1937,359.34
Country_113,1938,352.43
Country_113,1939,364.32
Country_113,1940,363.32
Country_113,1941,370.21
Country_113,1942,367.07
Country_113,1943,353.29
Country_113,1944,372.71
Country_113,1945,360.29
Country_113,1946,357.65
Country_113,1947,366.34
Country_113,1948,360.51
Country_113,1949,361.42
Country_113,1950,368.34
Country_113,1951,383.43
Country_113,1952,401.3
Country_113,1953,400.54
Country_113,1954,431.01
Country_113,1955,437.21
Country_113,1956,465.72
Country_113,1957,478.38
Country_113,1958,506.41
Country_113,1959,528.44
Country_113,1960,544.71
Country_113,1961,552.33
Country_113,1962,582.87
Country_113,1963,600.98
Country_113,1964,612.22
Country_113,1965,641.56
Country_113,1966,676.45
Country_113,1967,685.29
Country_113,1968,701.16
Country_113,1969,718.17
Country_113,1970,736.58
Country_113,1971,784.59
Country_113,1972,828.22
Country_113,1973,835.34
Country_113,1974,864.21
Country_113,1975,888.28
Country_113,1976,900.55
Country_113,1977,929.08
Country_113,1978,964.58
Country_113,1979,990.13
Country_113,1980,1018.21
Country_113,1981,1071.03
Country_113,1982,1079.26
Country_113,1983,1116.45
Country_113,1984,1177.5
Country_113,1985,1204.99
Country_113,1986,1241.73
Country_113,1987,1264.37
Country_113,1988,1296.06
Country_113,1989,1331.58
Country_113,1990,1354.06
Country_113,1991,1372.9
Country_113,1992,1404.22
Country_113,1993,1442.78
Country_113,1994,1490.77
Country_113,1995,1555.06
Country_113,1996,1617.27
Country_113,1997,1636.25
Country_113,1998,1683.6
Country_113,1999,1757.26
Country_113,2000,1790.72
Country_113,2001,1834.02
Country_113,2002,1863.63
Country_113,2003,1917.43
Country_113,2004,1972.06
Country_113,2005,1991.23
Country_113,2006,2057.9
Country_113,2007,2150.54
Country_113,2008,2201.7
Country_113,2009,2263.29
Country_113,2010,2351.64
Country_113,2011,2445.91
Country_113,2012,2497.09
Country_113,2013,2537.93
Country_113,2014,2571.61
Country_113,2015,2593.88
Country_113,2016,2673.34
Country_113,2017,2711.43
Country_113,2018,2777.91
Country_113,2019,2913.1
Country_113,2020,3027.08
Country_113,2021,3084.4
Country_113,2022,3150.64
Country_113,2023,3207.94
Country_114,1900,24.0
Country_114,1901,29.59
Country_114,1902,19.43
Country_114,1903,16.3
Country_114,1904,22.97
Country_114,1905,18.18
Country_114,1906,24.74
Country_114,1907,18.6
Country_114,1908,26.36
Country_114,1909,25.08
Country_114,1910,17.37
Country_114,1911,22.69
Country_114,1912,5.91
Country_114,1913,29.27
Country_114,1914,18.03
Country_114,1915,25.79
Country_114,1916,17.7
Country_114,1917,21.85
Country_114,1918,14.16
Country_114,1919,20.29
Country_114,1920,17.41
Country_114,1921,24.7
Country_114,1922,17.83
Country_114,1923,15.49
Country_114,1924,20.18
Country_114,1925,23.45
Country_114,1926,19.93
Country_114,1927,22.2
Country_114,1928,20.45
Country_114,1929,17.27
Country_114,1930,25.1
Country_114,1931,21.69
Country_114,1932,15.22
Country_114,1933,18.97
Country_114,1934,20.86
Country_114,1935,20.96
Country_114,1936,9.73
Country_114,1937,12.02
Country_114,1938,26.62
Country_114,1939,14.82
Country_114,1940,6.59
Country_114,1941,14.31
Country_114,1942,30.05
Country_114,1943,14.84
Country_114,1944,21.65
Country_114,1945,12.25
Country_114,1946,14.65
Country_114,1947,18.24
Country_114,1948,14.22
Country_114,1949,17.04
Country_114,1950,15.5
Country_114,1951,8.7
Country_114,1952,20.76
Country_114,1953,24.46
Country_114,1954,22.43
Country_114,1955,24.12
Country_114,1956,25.41
Country_114,1957,31.09
Country_114,1958,22.02
Country_114,1959,22.6
Country_114,1960,28.89
Country_114,1961,37.43
Country_114,1962,26.9
Country_114,1963,30.08
Country_114,1964,33.04
Country_114,1965,34.89
Country_114,1966,24.15
Country_114,1967,34.69
Country_114,1968,33.14
Country_114,1969,28.81
Country_114,1970,38.6
Country_114,1971,38.49
Country_114,1972,32.46
Country_114,1973,34.41
Country_114,1974,41.94
Country_114,1975,30.37
Country_114,1976,39.98
Country_114,1977,42.96
Country_114,1978,37.56
Country_114,1979,40.45
Country_114,1980,47.62
Country_114,1981,41.06
Country_114,1982,56.77
Country_114,1983,42.39
Country_114,1984,52.43
Country_114,1985,53.26
Country_114,1986,54.1
Country_114,1987,67.13
Country_114,1988,64.52
Country_114,1989,65.17
Country_114,1990,69.19
Country_114,1991,68.29
Country_114,1992,59.11
Country_114,1993,74.41
Country_114,1994,72.29
Country_114,1995,82.24
Country_114,1996,74.34
Country_114,1997,81.03
Country_114,1998,87.12
Country_114,1999,85.08
Country_114,2000,79.32
Country_114,2001,87.36
Country_114,2002,91.71
Country_114,2003,90.89
Country_114,2004,92.37
Country_114,2005,95.11
Country_114,2006,102.26
Country_114,2007,103.04
Country_114,2008,112.67
Country_114,2009,101.49
Country_114,2010,105.07
Country_114,2011,120.96
Country_114,2012,119.35
Country_114,2013,124.02
Country_114,2014,127.95
Country_114,2015,131.77
Country_114,2016,130.41
Country_114,2017,129.24
Country_114,2018,141.18
Country_114,2019,152.97
Country_114,2020,151.8
Country_114,2021,159.17
Country_114,2022,157.18
Country_114,2023,163.03
Country_115,1900,471.24
Country_115,1901,465.59
Country_115,1902,463.17
Country_115,1903,465.48
Country_115,1904,465.96
Country_115,1905,465.63
Country_115,1906,468.86
Country_115,1907,467.16
Country_115,1908,459.09
Country_115,1909,472.43
Country_115,1910,455.09
Country_115,1911,462.03
Country_115,1912,462.05
Country_115,1913,467.22
Country_115,1914,465.04
Country_115,1915,469.75
Country_115,1916,470.26
Country_115,1917,470.94
Country_115,1918,468.8
Country_115,1919,464.36
Country_115,1920,467.76
Country_115,1921,470.72
Country_115,1922,470.76
Country_115,1923,463.22
Country_115,1924,469.16
Country_115,1925,469.33
Country_115,1926,471.07
Country_115,1927,467.13
Country_115,1928,464.55
Country_115,1929,466.6
Country_115,1930,473.68
Country_115,1931,465.11
Country_115,1932,470.05
Country_115,1933,469.14
Country_115,1934,464.98
Country_115,1935,468.25
Country_115,1936,459.22
Country_115,1937,463.22
Country_115,1938,467.86
Country_115,1939,468.7
Country_115,1940,462.41
Country_115,1941,465.98
Country_115,1942,471.21
Country_115,1943,469.47
Country_115,1944,457.69
Country_115,1945,467.33
Country_115,1946,460.93
Country_115,1947,462.21
Country_115,1948,472.53
Country_115,1949,473.0
Country_115,1950,481.76
Country_115,1951,494.8
Country_115,1952,503.51
Country_115,1953,507.93
Country_115,1954,521.09
Country_115,1955,544.66
Country_115,1956,570.29
Country_115,1957,583.4
Country_115,1958,618.3
Country_115,1959,623.01
Country_115,1960,646.62
Country_115,1961,671.1
Country_115,1962,709.55
Country_115,1963,724.65
Country_115,1964,733.43
Country_115,1965,744.61
Country_115,1966,754.59
Country_115,1967,758.19
Country_115,1968,789.61
Country_115,1969,813.52
Country_115,1970,857.1
Country_115,1971,882.83
Country_115,1972,897.29
Country_115,1973,932.61
Country_115,1974,973.9
Country_115,1975,1006.28
Country_115,1976,1016.93
Country_115,1977,1075.24
Country_115,1978,1123.82
Country_115,1979,1165.39
Country_115,1980,1177.82
Country_115,1981,1197.38
Country_115,1982,1253.03
Country_115,1983,1326.71
Country_115,1984,1368.19
Country_115,1985,1382.58
Country_115,1986,1413.85
Country_115,1987,1428.64
Country_115,1988,1492.36
Country_115,1989,1543.41
Country_115,1990,1571.8
Country_115,1991,1580.68
Country_115,1992,1638.01
Country_115,1993,1706.14
Country_115,1994,1734.82
Country_115,1995,1783.86
Country_115,1996,1835.4
Country_115,1997,1856.1
Country_115,1998,1913.46
Country_115,1999,1996.88
Country_115,2000,2024.29
Country_115,2001,2101.28
Country_115,2002,2186.33
Country_115,2003,2285.07
Country_115,2004,2377.05
Country_115,2005,2439.16
Country_115,2006,2499.92
Country_115,2007,2535.23
Country_115,2008,2645.54
Country_115,2009,2670.51
Country_115,2010,2707.82
Country_115,2011,2840.69
Country_115,2012,2958.93
Country_115,2013,3014.78
Country_115,2014,3151.43
Country_115,2015,3275.14
Country_115,2016,3404.05
Country_115,2017,3445.87
Country_115,2018,3552.08
Country_115,2019,3716.78
Country_115,2020,3812.06
Country_115,2021,3891.21
Country_115,2022,4014.56
Country_115,2023,4103.93
Country_116,1900,643.15
Country_116,1901,637.04
Country_116,1902,638.22
Country_116,1903,640.58
Country_116,1904,638.11
Country_116,1905,631.34
Country_116,1906,639.16
Country_116,1907,642.82
Country_116,1908,646.54
Country_116,1909,637.21
Country_116,1910,628.11
Country_116,1911,638.37
Country_116,1912,644.18
Country_116,1913,635.39
Country_116,1914,639.08
Country_116,1915,645.8
Country_116,1916,644.07
Country_116,1917,641.64
Country_116,1918,646.78
Country_116,1919,637.54
Country_116,1920,640.35
Country_116,1921,631.0
Country_116,1922,640.04
Country_116,1923,634.55
Country_116,1924,637.07
Country_116,1925,634.89
Country_116,1926,642.38
Country_116,1927,632.4
Country_116,1928,649.59
Country_116,1929,640.49
Country_116,1930,644.68
Country_116,1931,647.41
Country_116,1932,642.31
Country_116,1933,632.94
Country_116,1934,643.56
Country_116,1935,640.12
Country_116,1936,645.23
Country_116,1937,641.72
Country_116,1938,641.17
Country_116,1939,637.32
Country_116,1940,632.5
Country_116,1941,630.18
Country_116,1942,639.76
Country_116,1943,639.39
Country_116,1944,639.2
Country_116,1945,643.14
Country_116,1946,640.65
Country_116,1947,639.52
Country_116,1948,645.6
Country_116,1949,646.84
Country_116,1950,635.63
Country_116,1951,669.04
Country_116,1952,689.08
Country_116,1953,706.13
Country_116,1954,744.13
Country_116,1955,752.62
Country_116,1956,784.71
Country_116,1957,814.93
Country_116,1958,842.83
Country_116,1959,876.7
Country_116,1960,917.43
Country_116,1961,938.22
Country_116,1962,964.68
Country_116,1963,1000.81
Country_116,1964,1007.22
Country_116,1965,1054.6
Country_116,1966,1072.74
Country_116,1967,1089.01
Country_116,1968,1149.16
Country_116,1969,1181.44
Country_116,1970,1219.39
Country_116,1971,1213.92
Country_116,1972,1258.99
Country_116,1973,1297.36
Country_116,1974,1358.52
Country_116,1975,1406.92
Country_116,1976,1442.65
Country_116,1977,1501.16
Country_116,1978,1561.58
Country_116,1979,1627.21
Country_116,1980,1703.28
Country_116,1981,1724.26
Country_116,1982,1763.72
Country_116,1983,1779.59
Country_116,1984,1813.52
Country_116,1985,1881.16
Country_116,1986,1979.24
Country_116,1987,2046.33
Country_116,1988,2151.32
Country_116,1989,2223.24
Country_116,1990,2246.96
Country_116,1991,2358.49
Country_116,1992,2411.97
Country_116,1993,2530.32
Country_116,1994,2596.28
Country_116,1995,2686.73
Country_116,1996,2768.33
Country_116,1997,2796.93
Country_116,1998,2829.27
Country_116,1999,2955.71
Country_116,2000,3085.26
Country_116,2001,3199.83
Country_116,2002,3267.98
Country_116,2003,3391.29
Country_116,2004,3438.38
Country_116,2005,3507.86
Country_116,2006,3608.17
Country_116,2007,3648.61
Country_116,2008,3771.0
Country_116,2009,3896.76
Country_116,2010,3944.8
Country_116,2011,4064.1
Country_116,2012,4151.18
Country_116,2013,4333.86
Country_116,2014,4403.03
Country_116,2015,4485.73
Country_116,2016,4580.08
Country_116,2017,4687.52
Country_116,2018,4776.61
Country_116,2019,5001.21
Country_116,2020,5148.79
Country_116,2021,5290.52
Country_116,2022,5468.83
Country_116,2023,5589.37
Country_117,1900,685.44
Country_117,1901,679.06
Country_117,1902,677.14
Country_117,1903,682.41
Country_117,1904,680.65
Country_117,1905,677.22
Country_117,1906,679.77
Country_117,1907,691.25
Country_117,1908,684.12
Country_117,1909,675.55
Country_117,1910,686.22
Country_117,1911,674.67
Country_117,1912,676.85
Country_117,1913,689.59
Country_117,1914,680.87
Country_117,1915,683.9
Country_117,1916,683.83
Country_117,1917,684.66
Country_117,1918,668.92
Country_117,1919,671.98
Country_117,1920,681.61
Country_117,1921,669.79
Country_117,1922,686.8
Country_117,1923,674.61
Country_117,1924,678.48
Country_117,1925,673.09
Country_117,1926,675.96
Country_117,1927,688.43
Country_117,1928,683.49
Country_117,1929,688.99
Country_117,1930,681.76
Country_117,1931,676.3
Country_117,1932,679.34
Country_117,1933,682.68
Country_117,1934,677.93
Country_117,1935,666.17
Country_117,1936,668.88
Country_117,1937,687.82
Country_117,1938,674.26
Country_117,1939,677.19
Country_117,1940,668.95
Country_117,1941,683.83
Country_117,1942,687.74
Country_117,1943,687.39
Country_117,1944,675.48
Country_117,1945,683.38
Country_117,1946,680.9
Country_117,1947,688.4
Country_117,1948,684.03
Country_117,1949,684.2
Country_117,1950,704.72
Country_117,1951,721.59
Country_117,1952,737.91
Country_117,1953,752.46
Country_117,1954,774.15
Country_117,1955,801.41
Country_117,1956,810.21
Country_117,1957,852.55
Country_117,1958,880.87
Country_117,1959,906.21
Country_117,1960,915.3
Country_117,1961,944.09
Country_117,1962,1002.18
Country_117,1963,1031.18
Country_117,1964,1058.36
Country_117,1965,1115.54
Country_117,1966,1126.58
Country_117,1967,1166.71
Country_117,1968,1197.86
Country_117,1969,1242.92
Country_117,1970,1257.22
Country_117,1971,1272.2
Country_117,1972,1310.73
Country_117,1973,1331.92
Country_117,1974,1340.67
Country_117,1975,1358.51
Country_117,1976,1415.84
Country_117,1977,1427.18
Country_117,1978,1454.35
Country_117,1979,1512.41
Country_117,1980,1553.74
Country_117,1981,1638.84
Country_117,1982,1711.96
Country_117,1983,1774.43
Country_117,1984,1843.34
Country_117,1985,1884.35
Country_117,1986,1937.86
Country_117,1987,2000.7
Country_117,1988,2078.25
Country_117,1989,2158.96
Country_117,1990,2220.08
Country_117,1991,2316.45
Country_117,1992,2384.95
Country_117,1993,2457.67
Country_117,1994,2481.42
Country_117,1995,2585.64
Country_117,1996,2644.73
Country_117,1997,2668.39
Country_117,1998,2802.09
Country_117,1999,2879.62
Country_117,2000,2929.48
Country_117,2001,2998.18
Country_117,2002,3063.8
Country_117,2003,3138.87
Country_117,2004,3184.6
Country_117,2005,3334.7
Country_117,2006,3489.35
Country_117,2007,3615.74
Country_117,2008,3770.94
Country_117,2009,3889.07
Country_117,2010,4047.67
Country_117,2011,4087.42
Country_117,2012,4271.42
Country_117,2013,4417.32
Country_117,2014,4499.99
Country_117,2015,4578.8
Country_117,2016,4790.56
Country_117,2017,4856.39
Country_117,2018,4978.79
Country_117,2019,5095.8
Country_117,2020,5186.08
Country_117,2021,5248.95
Country_117,2022,5375.4
Country_117,2023,5596.51
Country_118,1900,424.67
Country_118,1901,421.13
Country_118,1902,429.93
Country_118,1903,425.26
Country_118,1904,422.97
Country_118,1905,431.02
Country_118,1906,423.29
Country_118,1907,418.18
Country_118,1908,428.3
Country_118,1909,423.3
Country_118,1910,424.52
Country_118,1911,426.36
Country_118,1912,416.09
Country_118,1913,427.57
Country_118,1914,420.58
Country_118,1915,421.44
Country_118,1916,425.61
Country_118,1917,422.28
Country_118,1918,427.5
Country_118,1919,426.13
Country_118,1920,418.48
Country_118,1921,422.69
Country_118,1922,420.26
Country_118,1923,431.09
Country_118,1924,420.89
Country_118,1925,420.91
Country_118,1926,419.09
Country_118,1927,424.63
Country_118,1928,422.64
Country_118,1929,433.06
Country_118,1930,417.13
Country_118,1931,426.19
Country_118,1932,420.63
Country_118,1933,422.88
Country_118,1934,424.46
Country_118,1935,421.34
Country_118,1936,426.11
Country_118,1937,426.96
Country_118,1938,425.13
Country_118,1939,420.34
Country_118,1940,424.57
Country_118,1941,425.81
Country_118,1942,432.79
Country_118,1943,416.63
Country_118,1944,425.11
Country_118,1945,425.73
Country_118,1946,435.39
Country_118,1947,414.41
Country_118,1948,423.58
Country_118,1949,416.84
Country_118,1950,443.5
Country_118,1951,455.05
Country_118,1952,471.48
Country_118,1953,480.09
Country_118,1954,488.69
Country_118,1955,498.21
Country_118,1956,521.01
Country_118,1957,511.57
Country_118,1958,539.73
Country_118,1959,562.1
Country_118,1960,600.29
Country_118,1961,611.13
Country_118,1962,634.77
Country_118,1963,652.63
Country_118,1964,668.35
Country_118,1965,695.49
Country_118,1966,712.31
Country_118,1967,724.63
Country_118,1968,762.22
Country_118,1969,783.91
Country_118,1970,815.98
Country_118,1971,829.26
Country_118,1972,839.14
Country_118,1973,850.56
Country_118,1974,900.9
Country_118,1975,931.27
Country_118,1976,953.97
Country_118,1977,980.84
Country_118,1978,1009.51
Country_118,1979,1053.49
Country_118,1980,1074.09
Country_118,1981,1124.14
Country_118,1982,1165.93
Country_118,1983,1218.8
Country_118,1984,1267.02
Country_118,1985,1322.9
Country_118,1986,1339.77
Country_118,1987,1393.5
Country_118,1988,1420.49
Country_118,1989,1487.37
Country_118,1990,1538.17
Country_118,1991,1603.07
Country_118,1992,1622.48
Country_118,1993,1696.54
Country_118,1994,1758.62
Country_118,1995,1834.39
Country_118,1996,1895.86
Country_118,1997,1977.78
Country_118,1998,2056.13
Country_118,1999,2086.89
Country_118,2000,2161.43
Country_118,2001,2246.43
Country_118,2002,2288.47
Country_118,2003,2337.92
Country_118,2004,2393.42
Country_118,2005,2422.11
Country_118,2006,2524.72
Country_118,2007,2631.86
Country_118,2008,2709.54
Country_118,2009,2757.84
Country_118,2010,2842.93
Country_118,2011,2947.64
Country_118,2012,3068.66
Country_118,2013,3201.72
Country_118,2014,3334.71
Country_118,2015,3407.31
Country_118,2016,3569.4
Country_118,2017,3659.25
Country_118,2018,3710.42
Country_118,2019,3824.66
Country_118,2020,3875.56
Country_118,2021,3962.83
Country_118,2022,4052.59
Country_118,2023,4245.22
Country_119,1900,26.78
Country_119,1901,20.87
Country_119,1902,24.6
Country_119,1903,30.99
Country_119,1904,15.8
Country_119,1905,26.09
Country_119,1906,31.19
Country_119,1907,26.23
Country_119,1908,28.0
Country_119,1909,30.52
Country_119,1910,30.39
Country_119,1911,37.06
Country_119,1912,22.73
Country_119,1913,34.47
Country_119,1914,28.1
Country_119,1915,21.48
Country_119,1916,25.35
Country_119,1917,24.13
Country_119,1918,24.59
Country_119,1919,19.19
Country_119,1920,22.29
Country_119,1921,27.55
Country_119,1922,24.97
Country_119,1923,18.1
Country_119,1924,32.58
Country_119,1925,28.31
Country_119,1926,27.05
Country_119,1927,28.92
Country_119,1928,26.26
Country_119,1929,20.78
Country_119,1930,25.21
Country_119,1931,19.17
Country_119,1932,27.28
Country_119,1933,21.57
Country_119,1934,31.65
Country_119,1935,18.69
Country_119,1936,28.43
Country_119,1937,21.23
Country_119,1938,24.91
Country_119,1939,32.24
Country_119,1940,32.63
Country_119,1941,21.48
Country_119,1942,34.42
Country_119,1943,18.55
Country_119,1944,25.08
Country_119,1945,20.06
Country_119,1946,26.99
Country_119,1947,18.6
Country_119,1948,24.84
Country_119,1949,22.04
Country_119,1950,21.37
Country_119,1951,28.33
Country_119,1952,34.68
Country_119,1953,30.55
Country_119,1954,35.6
Country_119,1955,25.09
Country_119,1956,22.45
Country_119,1957,37.89
Country_119,1958,37.04
Country_119,1959,33.98
Country_119,1960,31.63
Country_119,1961,35.58
Country_119,1962,38.55
Country_119,1963,39.99
Country_119,1964,43.25
Country_119,1965,39.52
Country_119,1966,37.87
Country_119,1967,53.83
Country_119,1968,45.33
Country_119,1969,57.3
Country_119,1970,37.74
Country_119,1971,47.05
Country_119,1972,45.68
Country_119,1973,54.97
Country_119,1974,53.55
Country_119,1975,45.15
Country_119,1976,50.37
Country_119,1977,59.61
Country_119,1978,52.83
Country_119,1979,54.22
Country_119,1980,60.42
Country_119,1981,50.78
Country_119,1982,68.03
Country_119,1983,62.5
Country_119,1984,61.93
Country_119,1985,64.35
Country_119,1986,64.34
Country_119,1987,70.89
Country_119,1988,70.31
Country_119,1989,68.3
Country_119,1990,82.88
Country_119,1991,85.58
Country_119,1992,91.22
Country_119,1993,80.67
Country_119,1994,90.18
Country_119,1995,96.64
Country_119,1996,92.95
Country_119,1997,87.44
Country_119,1998,95.66
Country_119,1999,99.14
Country_119,2000,100.68
Country_119,2001,113.58
Country_119,2002,116.21
Country_119,2003,112.6
Country_119,2004,110.73
Country_119,2005,118.13
Country_119,2006,121.49
Country_119,2007,132.14
Country_119,2008,128.46
Country_119,2009,144.31
Country_119,2010,135.41
Country_119,2011,148.04
Country_119,2012,151.06
Country_119,2013,150.82
Country_119,2014,159.82
Country_119,2015,167.45
Country_119,2016,169.11
Country_119,2017,169.72
Country_119,2018,181.67
Country_119,2019,184.59
Country_119,2020,193.22
Country_119,2021,193.99
Country_119,2022,207.87
Country_119,2023,218.71
Country_120,1900,522.34
Country_120,1901,519.64
Country_120,1902,523.55
Country_120,1903,515.42
Country_120,1904,522.15
Country_120,1905,518.23
Country_120,1906,529.27
Country_120,1907,533.89
Country_120,1908,527.39
Country_120,1909,525.1
Country_120,1910,523.05
Country_120,1911,523.88
Country_120,1912,530.76
Country_120,1913,525.88
Country_120,1914,525.47
Country_120,1915,529.29
Country_120,1916,524.99
Country_120,1917,530.87
Country_120,1918,523.68
Country_120,1919,522.86
Country_120,1920,521.96
Country_120,1921,526.21
Country_120,1922,528.2
Country_120,1923,535.37
Country_120,1924,520.47
Country_120,1925,536.08
Country_120,1926,534.89
Country_120,1927,532.62
Country_120,1928,525.64
Country_120,1929,532.08
Country_120,1930,520.76
Country_120,1931,533.61
Country_120,1932,522.65
Country_120,1933,537.02
Country_120,1934,523.92
Country_120,1935,521.06
Country_120,1936,528.91
Country_120,1937,530.15
Country_120,1938,530.83
Country_120,1939,528.27
Country_120,1940,526.6
Country_120,1941,533.01
Country_120,1942,526.58
Country_120,1943,520.64
Country_120,1944,525.06
Country_120,1945,531.39
Country_120,1946,522.37
Country_120,1947,518.2
Country_120,1948,517.35
Country_120,1949,522.88
Country_120,1950,550.67
Country_120,1951,566.22
Country_120,1952,603.75
Country_120,1953,605.75
Country_120,1954,642.31
Country_120,1955,649.25
Country_120,1956,664.27
Country_120,1957,693.73
Country_120,1958,717.12
Country_120,1959,747.92
Country_120,1960,758.08
Country_120,1961,769.31
Country_120,1962,797.6
Country_120,1963,828.76
Country_120,1964,843.11
Country_120,1965,864.77
Country_120,1966,905.35
Country_120,1967,944.92
Country_120,1968,974.38
Country_120,1969,1004.99
Country_120,1970,1043.77
Country_120,1971,1100.64
Country_120,1972,1122.25
Country_120,1973,1146.28
Country_120,1974,1173.4
Country_120,1975,1189.83
Country_120,1976,1214.61
Country_120,1977,1264.08
Country_120,1978,1279.94
Country_120,1979,1330.22
Country_120,1980,1372.73
Country_120,1981,1423.93
Country_120,1982,1490.85
Country_120,1983,1545.19
Country_120,1984,1600.53
Country_120,1985,1657.68
Country_120,1986,1691.74
Country_120,1987,1771.81
Country_120,1988,1796.73
Country_120,1989,1863.07
Country_120,1990,1920.87
Country_120,1991,1973.28
Country_120,1992,2007.76
Country_120,1993,2036.11
Country_120,1994,2143.47
Country_120,1995,2197.16
Country_120,1996,2242.53
Country_120,1997,2320.08
Country_120,1998,2418.25
Country_120,1999,2479.49
Country_120,2000,2580.81
Country_120,2001,2630.58
Country_120,2002,2702.21
Country_120,2003,2789.98
Country_120,2004,2859.51
Country_120,2005,2962.27
Country_120,2006,3013.57
Country_120,2007,3110.93
Country_120,2008,3166.26
Country_120,2009,3299.86
Country_120,2010,3456.87
Country_120,2011,3567.88
Country_120,2012,3733.38
Country_120,2013,3776.6
Country_120,2014,3845.38
Country_120,2015,3892.36
Country_120,2016,4022.65
Country_120,2017,4093.16
Country_120,2018,4191.65
Country_120,2019,4369.65
Country_120,2020,4478.33
Country_120,2021,4640.8
Country_120,2022,4791.6
Country_120,2023,4881.81
Country_121,1900,872.81
Country_121,1901,874.35
Country_121,1902,863.9
Country_121,1903,873.7
Country_121,1904,873.68
Country_121,1905,872.12
Country_121,1906,867.92
Country_121,1907,868.9
Country_121,1908,870.67
Country_121,1909,871.92
Country_121,1910,862.9
Country_121,1911,867.55
Country_121,1912,878.74
Country_121,1913,875.36
Country_121,1914,873.8
Country_121,1915,870.14
Country_121,1916,862.36
Country_121,1917,864.56
Country_121,1918,871.5
Country_121,1919,875.19
Country_121,1920,873.57
Country_121,1921,869.48
Country_121,1922,872.19
Country_121,1923,871.18
Country_121,1924,864.08
Country_121,1925,881.24
Country_121,1926,880.91
Country_121,1927,871.68
Country_121,1928,874.5
Country_121,1929,871.81
Country_121,1930,879.52
Country_121,1931,880.37
Country_121,1932,875.75
Country_121,1933,866.77
Country_121,1934,874.75
Country_121,1935,869.23
Country_121,1936,869.02
Country_121,1937,873.82
Country_121,1938,872.23
Country_121,1939,868.47
Country_121,1940,865.43
Country_121,1941,865.25
Country_121,1942,882.01
Country_121,1943,874.23
Country_121,1944,870.7
Country_121,1945,865.76
Country_121,1946,877.84
Country_121,1947,866.19
Country_121,1948,866.84
Country_121,1949,876.94
Country_121,1950,901.5
Country_121,1951,936.4
Country_121,1952,966.43
Country_121,1953,977.29
Country_121,1954,1021.85
Country_121,1955,1068.75
Country_121,1956,1093.01
Country_121,1957,1102.83
Country_121,1958,1124.39
Country_121,1959,1162.06
Country_121,1960,1196.22
Country_121,1961,1216.81
Country_121,1962,1270.47
Country_121,1963,1289.06
Country_121,1964,1337.86
Country_121,1965,1389.74
Country_121,1966,1453.54
Country_121,1967,1514.55
Country_121,1968,1570.5
Country_121,1969,1593.69
Country_121,1970,1661.8
Country_121,1971,1709.49
Country_121,1972,1766.94
Country_121,1973,1833.77
Country_121,1974,1881.06
Country_121,1975,1959.78
Country_121,1976,2035.38
Country_121,1977,2049.87
Country_121,1978,2152.13
Country_121,1979,2244.88
Country_121,1980,2273.1
Country_121,1981,2378.64
Country_121,1982,2490.52
Country_121,1983,2566.34
Country_121,1984,2620.68
Country_121,1985,2682.47
Country_121,1986,2718.22
Country_121,1987,2765.93
Country_121,1988,2888.29
Country_121,1989,3009.63
Country_121,1990,3047.18
Country_121,1991,3170.06
Country_121,1992,3306.19
Country_121,1993,3420.81
Country_121,1994,3579.27
Country_121,1995,3670.35
Country_121,1996,3780.7
Country_121,1997,3845.28
Country_121,1998,3903.17
Country_121,1999,4080.62
Country_121,2000,4190.46
Country_121,2001,4285.9
Country_121,2002,4440.12
Country_121,2003,4640.25
Country_121,2004,4843.49
Country_121,2005,4946.76
Country_121,2006,5054.43
Country_121,2007,5307.0
Country_121,2008,5383.54
Country_121,2009,5447.73
Country_121,2010,5519.43
Country_121,2011,5634.51
Country_121,2012,5900.65
Country_121,2013,6168.04
Country_121,2014,6247.78
Country_121,2015,6354.99
Country_121,2016,6624.48
Country_121,2017,6843.1
Country_121,2018,7126.15
Country_121,2019,7223.08
Country_121,2020,7332.46
Country_121,2021,7548.11
Country_121,2022,7851.93
Country_121,2023,7942.98
Country_122,1900,728.0
Country_122,1901,730.25
Country_122,1902,746.04
Country_122,1903,738.53
Country_122,1904,737.26
Country_122,1905,745.86
Country_122,1906,735.84
Country_122,1907,731.55
Country_122,1908,731.08
Country_122,1909,741.92
Country_122,1910,739.93
Country_122,1911,741.99
Country_122,1912,738.85
Country_122,1913,739.52
Country_122,1914,734.36
Country_122,1915,735.59
Country_122,1916,740.08
Country_122,1917,735.55
Country_122,1918,742.7
Country_122,1919,738.52
Country_122,1920,733.29
Country_122,1921,735.28
Country_122,1922,734.7
Country_122,1923,742.29
Country_122,1924,739.17
Country_122,1925,735.48
Country_122,1926,740.59
Country_122,1927,741.43
Country_122,1928,736.35
Country_122,1929,737.5
Country_122,1930,738.98
Country_122,1931,741.43
Country_122,1932,740.41
Country_122,1933,744.04
Country_122,1934,728.43
Country_122,1935,744.16
Country_122,1936,739.11
Country_122,1937,746.39
Country_122,1938,726.76
Country_122,1939,732.35
Country_122,1940,728.83
Country_122,1941,737.26
Country_122,1942,730.6
Country_122,1943,742.22
Country_122,1944,738.09
Country_122,1945,736.32
Country_122,1946,731.54
Country_122,1947,738.61
Country_122,1948,740.93
Country_122,1949,742.7
Country_122,1950,755.52
Country_122,1951,760.69
Country_122,1952,798.33
Country_122,1953,818.06
Country_122,1954,855.71
Country_122,1955,891.63
Country_122,1956,945.08
Country_122,1957,944.43
Country_122,1958,966.77
Country_122,1959,996.55
Country_122,1960,1008.2
Country_122,1961,1046.15
Country_122,1962,1083.95
Country_122,1963,1110.22
Country_122,1964,1172.51
Country_122,1965,1226.44
Country_122,1966,1258.25
Country_122,1967,1301.56
Country_122,1968,1328.52
Country_122,1969,1372.64
Country_122,1970,1450.96
Country_122,1971,1500.2
Country_122,1972,1550.51
Country_122,1973,1598.88
Country_122,1974,1650.17
Country_122,1975,1679.2
Country_122,1976,1720.92
Country_122,1977,1761.91
Country_122,1978,1808.09
Country_122,1979,1877.68
Country_122,1980,1920.4
Country_122,1981,1983.56
Country_122,1982,2031.4
Country_122,1983,2075.89
Country_122,1984,2098.46
Country_122,1985,2121.42
Country_122,1986,2165.5
Country_122,1987,2234.76
Country_122,1988,2279.56
Country_122,1989,2375.65
Country_122,1990,2455.07
Country_122,1991,2522.73
Country_122,1992,2624.59
Country_122,1993,2698.83
Country_122,1994,2762.87
Country_122,1995,2809.06
Country_122,1996,2902.68
Country_122,1997,2982.69
Country_122,1998,3027.51
Country_122,1999,3109.4
Country_122,2000,3178.86
Country_122,2001,3231.62
Country_122,2002,3277.4
Country_122,2003,3361.79
Country_122,2004,3392.29
Country_122,2005,3488.02
Country_122,2006,3635.47
Country_122,2007,3707.78
Country_122,2008,3894.78
Country_122,2009,4020.68
Country_122,2010,4125.34
Country_122,2011,4242.31
Country_122,2012,4406.76
Country_122,2013,4593.39
Country_122,2014,4794.57
Country_122,2015,4987.06
Country_122,2016,5147.44
Country_122,2017,5250.22
Country_122,2018,5349.86
Country_122,2019,5417.31
Country_122,2020,5533.44
Country_122,2021,5784.8
Country_122,2022,5853.09
Country_122,2023,6109.02
Country_123,1900,861.34
Country_123,1901,872.84
Country_123,1902,868.49
Country_123,1903,868.62
Country_123,1904,873.06
Country_123,1905,876.0
Country_123,1906,869.61
Country_123,1907,877.08
Country_123,1908,877.48
Country_123,1909,866.44
Country_123,1910,867.75
Country_123,1911,866.6
Country_123,1912,877.55
Country_123,1913,858.83
Country_123,1914,882.34
Country_123,1915,866.76
Country_123,1916,862.54
Country_123,1917,865.27
Country_123,1918,870.42
Country_123,1919,876.16
Country_123,1920,870.52
Country_123,1921,865.95
Country_123,1922,865.45
Country_123,1923,860.52
Country_123,1924,867.23
Country_123,1925,870.33
Country_123,1926,864.57
Country_123,1927,867.11
Country_123,1928,877.23
Country_123,1929,864.06
Country_123,1930,873.57
Country_123,1931,860.69
Country_123,1932,869.05
Country_123,1933,868.41
Country_123,1934,871.26
Country_123,1935,873.53
Country_123,1936,864.67
Country_123,1937,877.28
Country_123,1938,878.44
Country_123,1939,864.43
Country_123,1940,859.15
Country_123,1941,886.3
Country_123,1942,870.86
Country_123,1943,871.4
Country_123,1944,869.65
Country_123,1945,872.09
Country_123,1946,874.41
Country_123,1947,871.18
Country_123,1948,877.27
Country_123,1949,871.94
Country_123,1950,898.91
Country_123,1951,923.34
Country_123,1952,922.56
Country_123,1953,939.26
Country_123,1954,968.34
Country_123,1955,1017.72
Country_123,1956,1027.36
Country_123,1957,1053.3
Country_123,1958,1116.37
Country_123,1959,1142.12
Country_123,1960,1162.12
Country_123,1961,1185.46
Country_123,1962,1226.5
Country_123,1963,1253.8
Country_123,1964,1287.26
Country_123,1965,1297.61
Country_123,1966,1311.91
Country_123,1967,1382.88
Country_123,1968,1395.51
Country_123,1969,1443.91
Country_123,1970,1491.31
Country_123,1971,1532.1
Country_123,1972,1566.92
Country_123,1973,1643.41
Country_123,1974,1656.87
Country_123,1975,1688.74
Country_123,1976,1771.81
Country_123,1977,1810.46
Country_123,1978,1832.41
Country_123,1979,1932.44
Country_123,1980,1993.48
Country_123,1981,2031.27
Country_123,1982,2127.37
Country_123,1983,2177.95
Country_123,1984,2224.3
Country_123,1985,2267.1
Country_123,1986,2345.99
Country_123,1987,2415.21
Country_123,1988,2486.76
Country_123,1989,2507.16
Country_123,1990,2596.09
Country_123,1991,2695.26
Country_123,1992,2802.3
Country_123,1993,2881.37
Country_123,1994,2956.91
Country_123,1995,3088.78
Country_123,1996,3126.81
Country_123,1997,3258.3
Country_123,1998,3340.54
Country_123,1999,3411.9
Country_123,2000,3581.0
Country_123,2001,3653.77
Country_123,2002,3783.05
Country_123,2003,3845.59
Country_123,2004,4015.74
Country_123,2005,4065.64
Country_123,2006,4219.99
Country_123,2007,4301.88
Country_123,2008,4450.35
Country_123,2009,4547.71
Country_123,2010,4764.38
Country_123,2011,4953.69
Country_123,2012,5009.17
Country_123,2013,5210.22
Country_123,2014,5314.3
Country_123,2015,5487.42
Country_123,2016,5757.38
Country_123,2017,5942.87
Country_123,2018,6178.89
Country_123,2019,6320.22
Country_123,2020,6500.28
Country_123,2021,6598.39
Country_123,2022,6890.5
Country_123,2023,7185.68
Country_124,1900,634.89
Country_124,1901,635.74
Country_124,1902,644.76
Country_124,1903,631.75
Country_124,1904,635.46
Country_124,1905,637.42
Country_124,1906,632.38
Country_124,1907,634.96
Country_124,1908,640.64
Country_124,1909,640.51
Country_124,1910,635.96
Country_124,1911,640.71
Country_124,1912,638.66
Country_124,1913,638.0
Country_124,1914,633.17
Country_124,1915,630.99
Country_124,1916,630.09
Country_124,1917,649.97
Country_124,1918,641.56
Country_124,1919,639.42
Country_124,1920,629.87
Country_124,1921,636.13
Country_124,1922,644.38
Country_124,1923,632.35
Country_124,1924,632.46
Country_124,1925,633.42
Country_124,1926,636.25
Country_124,1927,646.72
Country_124,1928,632.45
Country_124,1929,643.64
Country_124,1930,646.13
Country_124,1931,632.11
Country_124,1932,635.38
Country_124,1933,630.83
Country_124,1934,630.83
Country_124,1935,641.44
Country_124,1936,634.67
Country_124,1937,631.94
Country_124,1938,641.42
Country_124,1939,640.6
Country_124,1940,638.73
Country_124,1941,641.96
Country_124,1942,639.24
Country_124,1943,639.76
Country_124,1944,634.94
Country_124,1945,640.78
Country_124,1946,644.91
Country_124,1947,636.06
Country_124,1948,640.67
Country_124,1949,632.15
Country_124,1950,674.92
Country_124,1951,696.07
Country_124,1952,723.02
Country_124,1953,749.42
Country_124,1954,769.46
Country_124,1955,794.98
Country_124,1956,807.64
Country_124,1957,842.55
Country_124,1958,860.53
Country_124,1959,888.61
Country_124,1960,930.95
Country_124,1961,928.6
Country_124,1962,968.72
Country_124,1963,999.75
Country_124,1964,1025.01
Country_124,1965,1081.87
Country_124,1966,1093.34
Country_124,1967,1108.63
Country_124,1968,1141.97
Country_124,1969,1176.9
Country_124,1970,1230.16
Country_124,1971,1248.02
Country_124,1972,1290.13
Country_124,1973,1353.37
Country_124,1974,1380.61
Country_124,1975,1413.91
Country_124,1976,1436.04
Country_124,1977,1450.18
Country_124,1978,1492.67
Country_124,1979,1553.15
Country_124,1980,1574.82
Country_124,1981,1586.54
Country_124,1982,1602.43
Country_124,1983,1640.83
Country_124,1984,1723.63
Country_124,1985,1810.64
Country_124,1986,1897.07
Country_124,1987,1943.97
Country_124,1988,2023.92
Country_124,1989,2113.31
Country_124,1990,2208.53
Country_124,1991,2295.79
Country_124,1992,2376.79
Country_124,1993,2417.55
Country_124,1994,2526.77
Country_124,1995,2558.52
Country_124,1996,2676.84
Country_124,1997,2738.06
Country_124,1998,2788.53
Country_124,1999,2851.57
Country_124,2000,2971.85
Country_124,2001,3103.63
Country_124,2002,3139.13
Country_124,2003,3211.63
Country_124,2004,3253.71
Country_124,2005,3292.41
Country_124,2006,3358.65
Country_124,2007,3444.78
Country_124,2008,3512.22
Country_124,2009,3599.33
Country_124,2010,3714.24
Country_124,2011,3786.35
Country_124,2012,3848.57
Country_124,2013,3908.16
Country_124,2014,4081.0
Country_124,2015,4119.46
Country_124,2016,4195.64
Country_124,2017,4318.52
Country_124,2018,4441.51
Country_124,2019,4501.23
Country_124,2020,4607.37
Country_124,2021,4806.17
Country_124,2022,4975.92
Country_124,2023,5118.5
Country_125,1900,318.26
Country_125,1901,329.46
Country_125,1902,311.34
Country_125,1903,322.53
Country_125,1904,327.17
Country_125,1905,319.28
Country_125,1906,321.6
Country_125,1907,321.19
Country_125,1908,322.07
Country_125,1909,325.6
Country_125,1910,333.06
Country_125,1911,327.25
Country_125,1912,318.9
Country_125,1913,314.67
Country_125,1914,313.54
Country_125,1915,320.88
Country_125,1916,329.52
Country_125,1917,313.65
Country_125,1918,326.43
Country_125,1919,333.87
Country_125,1920,325.99
Country_125,1921,320.01
Country_125,1922,323.52
Country_125,1923,323.9
Country_125,1924,323.48
Country_125,1925,326.72
Country_125,1926,332.39
Country_125,1927,333.84
Country_125,1928,327.79
Country_125,1929,325.04
Country_125,1930,331.05
Country_125,1931,323.85
Country_125,1932,330.89
Country_125,1933,325.85
Country_125,1934,326.43
Country_125,1935,320.44
Country_125,1936,314.4
Country_125,1937,331.1
Country_125,1938,325.44
Country_125,1939,324.22
Country_125,1940,322.15
Country_125,1941,327.92
Country_125,1942,327.06
Country_125,1943,328.9
Country_125,1944,329.01
Country_125,1945,320.88
Country_125,1946,317.41
Country_125,1947,318.41
Country_125,1948,324.2
Country_125,1949,321.56
Country_125,1950,331.91
Country_125,1951,352.94
Country_125,1952,358.87
Country_125,1953,362.57
Country_125,1954,374.13
Country_125,1955,402.46
Country_125,1956,402.7
Country_125,1957,416.92
Country_125,1958,432.22
Country_125,1959,446.39
Country_125,1960,469.73
Country_125,1961,469.72
Country_125,1962,497.84
Country_125,1963,514.89
Country_125,1964,532.77
Country_125,1965,545.66
Country_125,1966,556.21
Country_125,1967,564.11
Country_125,1968,580.09
Country_125,1969,589.65
Country_125,1970,616.02
Country_125,1971,636.9
Country_125,1972,639.37
Country_125,1973,650.07
Country_125,1974,676.63
Country_125,1975,692.3
Country_125,1976,728.25
Country_125,1977,740.79
Country_125,1978,767.43
Country_125,1979,780.34
Country_125,1980,790.56
Country_125,1981,809.4
Country_125,1982,833.69
Country_125,1983,848.17
Country_125,1984,881.47
Country_125,1985,921.31
Country_125,1986,953.1
Country_125,1987,978.12
Country_125,1988,1003.26
Country_125,1989,1031.92
Country_125,1990,1051.74
Country_125,1991,1080.87
Country_125,1992,1114.6
Country_125,1993,1132.85
Country_125,1994,1158.48
Country_125,1995,1204.0
Country_125,1996,1217.17
Country_125,1997,1256.95
Country_125,1998,1279.46
Country_125,1999,1317.58
Country_125,2000,1385.54
Country_125,2001,1429.82
Country_125,2002,1466.0
Country_125,2003,1496.88
Country_125,2004,1555.72
Country_125,2005,1605.51
Country_125,2006,1661.32
Country_125,2007,1740.85
Country_125,2008,1781.42
Country_125,2009,1811.5
Country_125,2010,1880.33
Country_125,2011,1951.76
Country_125,2012,2020.58
Country_125,2013,2058.66
Country_125,2014,2126.07
Country_125,2015,2170.26
Country_125,2016,2215.75
Country_125,2017,2323.86
Country_125,2018,2403.14
Country_125,2019,2470.38
Country_125,2020,2580.22
Country_125,2021,2642.47
Country_125,2022,2731.18
Country_125,2023,2837.38
Country_126,1900,824.85
Country_126,1901,829.99
Country_126,1902,831.99
Country_126,1903,818.25
Country_126,1904,818.33
Country_126,1905,828.78
Country_126,1906,816.39
Country_126,1907,817.03
Country_126,1908,823.56
Country_126,1909,828.46
Country_126,1910,828.68
Country_126,1911,821.72
Country_126,1912,812.89
Country_126,1913,830.17
Country_126,1914,832.95
Country_126,1915,820.91
Country_126,1916,824.52
Country_126,1917,824.39
Country_126,1918,824.97
Country_126,1919,824.62
Country_126,1920,826.19
Country_126,1921,828.22
Country_126,1922,825.63
Country_126,1923,825.28
Country_126,1924,828.74
Country_126,1925,825.5
Country_126,1926,815.78
Country_126,1927,825.3
Country_126,1928,814.23
Country_126,1929,829.64
Country_126,1930,826.51
Country_126,1931,833.64
Country_126,1932,821.66
Country_126,1933,835.04
Country_126,1934,832.88
Country_126,1935,826.59
Country_126,1936,834.62
Country_126,1937,818.8
Country_126,1938,825.57
Country_126,1939,826.18
Country_126,1940,822.22
Country_126,1941,829.29
Country_126,1942,820.19
Country_126,1943,824.33
Country_126,1944,824.49
Country_126,1945,830.54
Country_126,1946,831.43
Country_126,1947,826.97
Country_126,1948,823.42
Country_126,1949,830.96
Country_126,1950,859.91
Country_126,1951,882.97
Country_126,1952,928.3
Country_126,1953,956.44
Country_126,1954,992.25
Country_126,1955,1009.45
Country_126,1956,1031.29
Country_126,1957,1061.91
Country_126,1958,1105.92
Country_126,1959,1129.02
Country_126,1960,1160.83
Country_126,1961,1175.85
Country_126,1962,1215.46
Country_126,1963,1247.96
Country_126,1964,1269.63
Country_126,1965,1288.06
Country_126,1966,1306.95
Country_126,1967,1340.08
Country_126,1968,1406.9
Country_126,1969,1472.78
Country_126,1970,1530.46
Country_126,1971,1574.52
Country_126,1972,1628.66
Country_126,1973,1683.76
Country_126,1974,1745.13
Country_126,1975,1838.76
Country_126,1976,1888.15
Country_126,1977,1905.83
Country_126,1978,1944.92
Country_126,1979,1986.26
Country_126,1980,2063.22
Country_126,1981,2114.99
Country_126,1982,2139.17
Country_126,1983,2183.62
Country_126,1984,2254.44
Country_126,1985,2352.41
Country_126,1986,2386.75
Country_126,1987,2430.9
Country_126,1988,2465.52
Country_126,1989,2484.14
Country_126,1990,2543.54
Country_126,1991,2603.06
Country_126,1992,2680.93
Country_126,1993,2701.68
Country_126,1994,2765.98
Country_126,1995,2820.85
Country_126,1996,2961.89
Country_126,1997,3033.05
Country_126,1998,3131.13
Country_126,1999,3215.03
Country_126,2000,3306.05
Country_126,2001,3471.1
Country_126,2002,3505.71
Country_126,2003,3640.86
Country_126,2004,3688.81
Country_126,2005,3789.86
Country_126,2006,3909.03
Country_126,2007,4041.33
Country_126,2008,4081.02
Country_126,2009,4216.83
Country_126,2010,4399.02
Country_126,2011,4579.29
Country_126,2012,4632.55
Country_126,2013,4746.47
Country_126,2014,4827.06
Country_126,2015,5045.5
Country_126,2016,5183.63
Country_126,2017,5378.09
Country_126,2018,5636.28
Country_126,2019,5799.68
Country_126,2020,5978.44
Country_126,2021,6072.96
Country_126,2022,6378.28
Country_126,2023,6604.24
Country_127,1900,969.44
Country_127,1901,977.63
Country_127,1902,975.89
Country_127,1903,967.09
Country_127,1904,971.5
Country_127,1905,962.25
Country_127,1906,979.69
Country_127,1907,969.52
Country_127,1908,977.32
Country_127,1909,973.28
Country_127,1910,975.76
Country_127,1911,974.85
Country_127,1912,970.59
Country_127,1913,980.85
Country_127,1914,979.19
Country_127,1915,967.88
Country_127,1916,984.19
Country_127,1917,966.0
Country_127,1918,974.99
Country_127,1919,973.78
Country_127,1920,980.53
Country_127,1921,979.01
Country_127,1922,972.51
Country_127,1923,964.78
Country_127,1924,974.46
Country_127,1925,972.12
Country_127,1926,973.38
Country_127,1927,982.52
Country_127,1928,973.8
Country_127,1929,977.27
Country_127,1930,985.21
Country_127,1931,980.57
Country_127,1932,980.1
Country_127,1933,971.5
Country_127,1934,979.9
Country_127,1935,970.09
Country_127,1936,968.79
Country_127,1937,981.16
Country_127,1938,973.37
Country_127,1939,968.67
Country_127,1940,973.8
Country_127,1941,988.27
Country_127,1942,972.02
Country_127,1943,973.61
Country_127,1944,979.04
Country_127,1945,973.52
Country_127,1946,976.89
Country_127,1947,972.19
Country_127,1948,972.34
Country_127,1949,975.45
Country_127,1950,1015.1
Country_127,1951,1059.18
Country_127,1952,1066.28
Country_127,1953,1089.36
Country_127,1954,1149.32
Country_127,1955,1176.01
Country_127,1956,1230.29
Country_127,1957,1253.69
Country_127,1958,1318.57
Country_127,1959,1372.29
Country_127,1960,1401.38
Country_127,1961,1462.57
Country_127,1962,1524.93
Country_127,1963,1591.08
Country_127,1964,1613.56
Country_127,1965,1684.4
Country_127,1966,1751.78
Country_127,1967,1833.47
Country_127,1968,1882.44
Country_127,1969,1951.18
Country_127,1970,1994.09
Country_127,1971,2047.67
Country_127,1972,2128.72
Country_127,1973,2161.54
Country_127,1974,2212.09
Country_127,1975,2265.61
Country_127,1976,2360.43
Country_127,1977,2475.19
Country_127,1978,2586.37
Country_127,1979,2643.42
Country_127,1980,2712.92
Country_127,1981,2814.73
Country_127,1982,2925.04
Country_127,1983,3055.62
Country_127,1984,3176.07
Country_127,1985,3322.98
Country_127,1986,3475.35
Country_127,1987,3538.19
Country_127,1988,3605.32
Country_127,1989,3758.96
Country_127,1990,3837.13
Country_127,1991,3999.0
Country_127,1992,4197.96
Country_127,1993,4401.61
Country_127,1994,4553.66
Country_127,1995,4605.38
Country_127,1996,4786.08
Country_127,1997,4991.08
Country_127,1998,5177.67
Country_127,1999,5425.32
Country_127,2000,5521.37
Country_127,2001,5600.34
Country_127,2002,5693.95
Country_127,2003,5842.92
Country_127,2004,6023.58
Country_127,2005,6149.66
Country_127,2006,6207.59
Country_127,2007,6310.55
Country_127,2008,6472.39
Country_127,2009,6574.42
Country_127,2010,6701.69
Country_127,2011,7029.48
Country_127,2012,7285.74
Country_127,2013,7592.29
Country_127,2014,7713.51
Country_127,2015,8025.56
Country_127,2016,8165.73
Country_127,2017,8266.92
Country_127,2018,8537.48
Country_127,2019,8702.26
Country_127,2020,8971.29
Country_127,2021,9375.59
Country_127,2022,9729.14
Country_127,2023,10160.33
Country_128,1900,578.64
Country_128,1901,575.57
Country_128,1902,581.13
Country_128,1903,589.17
Country_128,1904,582.97
Country_128,1905,576.4
Country_128,1906,571.3
Country_128,1907,582.26
Country_128,1908,584.52
Country_128,1909,585.43
Country_128,1910,586.65
Country_128,1911,590.71
Country_128,1912,586.1
Country_128,1913,582.44
Country_128,1914,579.84
Country_128,1915,581.85
Country_128,1916,583.35
Country_128,1917,577.77
Country_128,1918,580.47
Country_128,1919,595.28
Country_128,1920,591.77
Country_128,1921,579.5
Country_128,1922,584.46
Country_128,1923,581.98
Country_128,1924,569.52
Country_128,1925,590.87
Country_128,1926,579.85
Country_128,1927,582.58
Country_128,1928,581.03
Country_128,1929,579.73
Country_128,1930,572.52
Country_128,1931,576.19
Country_128,1932,581.93
Country_128,1933,582.72
Country_128,1934,583.52
Country_128,1935,584.35
Country_128,1936,577.03
Country_128,1937,581.7
Country_128,1938,579.26
Country_128,1939,582.08
Country_128,1940,584.02
Country_128,1941,579.06
Country_128,1942,584.04
Country_128,1943,584.54
Country_128,1944,576.76
Country_128,1945,587.31
Country_128,1946,582.97
Country_128,1947,574.63
Country_128,1948,591.67
Country_128,1949,573.84
Country_128,1950,590.68
Country_128,1951,624.61
Country_128,1952,626.81
Country_128,1953,646.1
Country_128,1954,670.71
Country_128,1955,689.55
Country_128,1956,712.7
Country_128,1957,730.97
Country_128,1958,743.64
Country_128,1959,774.8
Country_128,1960,787.29
Country_128,1961,825.02
Country_128,1962,830.14
Country_128,1963,860.98
Country_128,1964,861.91
Country_128,1965,899.58
Country_128,1966,917.43
Country_128,1967,960.99
Country_128,1968,979.5
Country_128,1969,1005.13
Country_128,1970,1006.13
Country_128,1971,1030.7
Country_128,1972,1083.05
Country_128,1973,1113.41
Country_128,1974,1135.6
Country_128,1975,1158.07
Country_128,1976,1191.19
Country_128,1977,1250.88
Country_128,1978,1303.11
Country_128,1979,1372.58
Country_128,1980,1443.15
Country_128,1981,1452.89
Country_128,1982,1477.99
Country_128,1983,1516.69
Country_128,1984,1558.49
Country_128,1985,1600.6
Country_128,1986,1615.7
Country_128,1987,1682.87
Country_128,1988,1704.84
Country_128,1989,1774.32
Country_128,1990,1816.4
Country_128,1991,1828.46
Country_128,1992,1911.44
Country_128,1993,1972.71
Country_128,1994,2014.42
Country_128,1995,2066.77
Country_128,1996,2152.91
Country_128,1997,2192.05
Country_128,1998,2233.29
Country_128,1999,2275.54
Country_128,2000,2386.53
Country_128,2001,2455.08
Country_128,2002,2510.69
Country_128,2003,2612.0
Country_128,2004,2685.66
Country_128,2005,2824.51
Country_128,2006,2958.93
Country_128,2007,3068.92
Country_128,2008,3184.45
Country_128,2009,3234.91
Country_128,2010,3283.03
Country_128,2011,3364.01
Country_128,2012,3415.48
Country_128,2013,3477.38
Country_128,2014,3640.56
Country_128,2015,3729.38
Country_128,2016,3823.19
Country_128,2017,3903.84
Country_128,2018,4068.13
Country_128,2019,4164.55
Country_128,2020,4287.03
Country_128,2021,4421.02
Country_128,2022,4576.34
Country_128,2023,4702.06
Country_129,1900,412.97
Country_129,1901,416.22
Country_129,1902,414.21
Country_129,1903,415.68
Country_129,1904,415.81
Country_129,1905,413.86
Country_129,1906,416.37
Country_129,1907,414.14
Country_129,1908,417.46
Country_129,1909,411.16
Country_129,1910,417.28
Country_129,1911,410.27
Country_129,1912,417.52
Country_129,1913,421.0
Country_129,1914,415.24
Country_129,1915,415.64
Country_129,1916,408.99
Country_129,1917,418.12
Country_129,1918,405.48
Country_129,1919,420.67
Country_129,1920,416.32
Country_129,1921,412.3
Country_129,1922,416.59
Country_129,1923,417.48
Country_129,1924,421.08
Country_129,1925,408.47
Country_129,1926,423.07
Country_129,1927,412.51
Country_129,1928,416.7
Country_129,1929,406.54
Country_129,1930,410.13
Country_129,1931,413.46
Country_129,1932,415.19
Country_129,1933,423.96
Country_129,1934,419.05
Country_129,1935,420.17
Country_129,1936,414.6
Country_129,1937,413.07
Country_129,1938,412.55
Country_129,1939,418.59
Country_129,1940,417.27
Country_129,1941,407.91
Country_129,1942,411.87
Country_129,1943,419.81
Country_129,1944,419.01
Country_129,1945,418.4
Country_129,1946,408.97
Country_129,1947,418.33
Country_129,1948,424.56
Country_129,1949,414.31
Country_129,1950,419.7
Country_129,1951,438.55
Country_129,1952,445.62
Country_129,1953,466.07
Country_129,1954,485.19
Country_129,1955,501.69
Country_129,1956,499.45
Country_129,1957,516.49
Country_129,1958,531.93
Country_129,1959,544.7
Country_129,1960,568.72
Country_129,1961,590.82
Country_129,1962,592.95
Country_129,1963,604.38
Country_129,1964,636.1
Country_129,1965,646.21
Country_129,1966,674.67
Country_129,1967,684.89
Country_129,1968,716.31
Country_129,1969,726.98
Country_129,1970,748.77
Country_129,1971,765.3
Country_129,1972,778.13
Country_129,1973,805.26
Country_129,1974,818.16
Country_129,1975,846.72
Country_129,1976,872.11
Country_129,1977,905.16
Country_129,1978,944.33
Country_129,1979,981.83
Country_129,1980,1023.38
Country_129,1981,1072.06
Country_129,1982,1093.78
Country_129,1983,1135.86
Country_129,1984,1178.33
Country_129,1985,1220.66
Country_129,1986,1279.01
Country_129,1987,1314.11
Country_129,1988,1371.48
Country_129,1989,1404.11
Country_129,1990,1462.55
Country_129,1991,1478.06
Country_129,1992,1494.07
Country_129,1993,1567.93
Country_129,1994,1606.98
Country_129,1995,1629.52
Country_129,1996,1710.8
Country_129,1997,1745.86
Country_129,1998,1820.85
Country_129,1999,1848.78
Country_129,2000,1938.32
Country_129,2001,2017.62
Country_129,2002,2054.25
Country_129,2003,2103.41
Country_129,2004,2183.38
Country_129,2005,2277.93
Country_129,2006,2326.65
Country_129,2007,2435.19
Country_129,2008,2541.12
Country_129,2009,2639.33
Country_129,2010,2721.83
Country_129,2011,2838.33
Country_129,2012,2889.57
Country_129,2013,2933.22
Country_129,2014,2991.78
Country_129,2015,3038.69
Country_129,2016,3117.08
Country_129,2017,3213.18
Country_129,2018,3341.52
Country_129,2019,3499.65
Country_129,2020,3588.71
Country_129,2021,3717.91
Country_129,2022,3828.67
Country_129,2023,3932.44
Country_130,1900,437.84
Country_130,1901,440.08
Country_130,1902,431.89
Country_130,1903,431.58
Country_130,1904,426.12
Country_130,1905,430.62
Country_130,1906,422.13
Country_130,1907,426.26
Country_130,1908,429.19
Country_130,1909,435.9
Country_130,1910,436.08
Country_130,1911,429.85
Country_130,1912,431.56
Country_130,1913,435.84
Country_130,1914,432.29
Country_130,1915,422.45
Country_130,1916,428.72
Country_130,1917,419.13
Country_130,1918,427.92
Country_130,1919,434.79
Country_130,1920,431.35
Country_130,1921,429.0
Country_130,1922,432.87
Country_130,1923,430.43
Country_130,1924,423.43
Country_130,1925,432.97
Country_130,1926,429.02
Country_130,1927,421.3
Country_130,1928,427.33
Country_130,1929,422.08
Country_130,1930,433.82
Country_130,1931,440.16
Country_130,1932,434.3
Country_130,1933,439.64
Country_130,1934,437.45
Country_130,1935,422.42
Country_130,1936,444.64
Country_130,1937,434.8
Country_130,1938,420.57
Country_130,1939,419.61
Country_130,1940,434.64
Country_130,1941,431.66
Country_130,1942,443.45
Country_130,1943,429.12
Country_130,1944,435.58
Country_130,1945,419.12
Country_130,1946,432.38
Country_130,1947,436.18
Country_130,1948,431.4
Country_130,1949,440.72
Country_130,1950,444.88
Country_130,1951,450.08
Country_130,1952,465.84
Country_130,1953,485.76
Country_130,1954,500.6
Country_130,1955,515.93
Country_130,1956,529.22
Country_130,1957,538.78
Country_130,1958,562.29
Country_130,1959,572.4
Country_130,1960,601.58
Country_130,1961,617.44
Country_130,1962,631.97
Country_130,1963,654.57
Country_130,1964,692.23
Country_130,1965,701.03
Country_130,1966,717.98
Country_130,1967,754.16
Country_130,1968,779.27
Country_130,1969,801.59
Country_130,1970,840.34
Country_130,1971,864.82
Country_130,1972,917.32
Country_130,1973,932.04
Country_130,1974,978.9
Country_130,1975,1007.22
Country_130,1976,1025.27
Country_130,1977,1033.74
Country_130,1978,1076.71
Country_130,1979,1102.29
Country_130,1980,1155.54
Country_130,1981,1178.51
Country_130,1982,1206.72
Country_130,1983,1248.91
Country_130,1984,1306.13
Country_130,1985,1327.82
Country_130,1986,1367.53
Country_130,1987,1412.49
Country_130,1988,1418.61
Country_130,1989,1465.4
Country_130,1990,1511.89
Country_130,1991,1546.69
Country_130,1992,1595.81
Country_130,1993,1629.5
Country_130,1994,1639.97
Country_130,1995,1678.08
Country_130,1996,1729.64
Country_130,1997,1791.77
Country_130,1998,1824.7
Country_130,1999,1895.95
Country_130,2000,1949.61
Country_130,2001,2007.56
Country_130,2002,2076.09
Country_130,2003,2168.16
Country_130,2004,2215.93
Country_130,2005,2282.34
Country_130,2006,2377.27
Country_130,2007,2397.13
Country_130,2008,2474.84
Country_130,2009,2582.22
Country_130,2010,2687.51
Country_130,2011,2735.22
Country_130,2012,2853.43
Country_130,2013,2942.77
Country_130,2014,3058.47
Country_130,2015,3113.45
Country_130,2016,3189.23
Country_130,2017,3271.2
Country_130,2018,3409.4
Country_130,2019,3563.37
Country_130,2020,3598.48
Country_130,2021,3673.85
Country_130,2022,3792.88
Country_130,2023,3927.18
Country_131,1900,427.36
Country_131,1901,441.91
Country_131,1902,427.62
Country_131,1903,431.91
Country_131,1904,431.49
Country_131,1905,427.29
Country_131,1906,433.0
Country_131,1907,432.08
Country_131,1908,426.35
Country_131,1909,429.15
Country_131,1910,418.61
Country_131,1911,431.31
Country_131,1912,430.15
Country_131,1913,430.74
Country_131,1914,427.97
Country_131,1915,445.24
Country_131,1916,442.9
Country_131,1917,437.9
Country_131,1918,437.87
Country_131,1919,438.06
Country_131,1920,434.9
Country_131,1921,434.18
Country_131,1922,428.46
Country_131,1923,434.11
Country_131,1924,436.43
Country_131,1925,430.32
Country_131,1926,440.92
Country_131,1927,429.9
Country_131,1928,426.6
Country_131,1929,430.52
Country_131,1930,432.49
Country_131,1931,437.49
Country_131,1932,416.99
Country_131,1933,437.71
Country_131,1934,433.73
Country_131,1935,438.63
Country_131,1936,427.5
Country_131,1937,440.9
Country_131,1938,442.15
Country_131,1939,433.59
Country_131,1940,431.19
Country_131,1941,438.29
Country_131,1942,431.19
Country_131,1943,428.38
Country_131,1944,429.62
Country_131,1945,429.69
Country_131,1946,437.34
Country_131,1947,439.45
Country_131,1948,423.77
Country_131,1949,433.66
Country_131,1950,449.63
Country_131,1951,470.33
Country_131,1952,487.41
Country_131,1953,500.31
Country_131,1954,505.91
Country_131,1955,509.88
Country_131,1956,530.84
Country_131,1957,552.72
Country_131,1958,571.79
Country_131,1959,594.91
Country_131,1960,617.19
Country_131,1961,641.64
Country_131,1962,663.53
Country_131,1963,672.66
Country_131,1964,708.1
Country_131,1965,704.32
Country_131,1966,720.54
Country_131,1967,753.82
Country_131,1968,779.96
Country_131,1969,791.95
Country_131,1970,833.85
Country_131,1971,857.61
Country_131,1972,876.55
Country_131,1973,906.77
Country_131,1974,943.98
Country_131,1975,949.29
Country_131,1976,977.66
Country_131,1977,990.25
Country_131,1978,1031.65
Country_131,1979,1056.64
Country_131,1980,1070.66
Country_131,1981,1131.56
Country_131,1982,1150.76
Country_131,1983,1169.26
Country_131,1984,1209.56
Country_131,1985,1217.19
Country_131,1986,1275.32
Country_131,1987,1333.97
Country_131,1988,1338.31
Country_131,1989,1379.78
Country_131,1990,1408.72
Country_131,1991,1437.38
Country_131,1992,1474.88
Country_131,1993,1546.48
Country_131,1994,1584.54
Country_131,1995,1638.79
Country_131,1996,1729.1
Country_131,1997,1742.84
Country_131,1998,1782.45
Country_131,1999,1842.12
Country_131,2000,1862.15
Country_131,2001,1924.25
Country_131,2002,2008.06
Country_131,2003,2057.72
Country_131,2004,2109.24
Country_131,2005,2146.42
Country_131,2006,2237.77
Country_131,2007,2269.92
Country_131,2008,2326.26
Country_131,2009,2404.72
Country_131,2010,2515.92
Country_131,2011,2569.53
Country_131,2012,2708.94
Country_131,2013,2809.22
Country_131,2014,2940.76
Country_131,2015,2985.88
Country_131,2016,3026.8
Country_131,2017,3179.85
Country_131,2018,3219.38
Country_131,2019,3319.63
Country_131,2020,3367.52
Country_131,2021,3466.59
Country_131,2022,3539.86
Country_131,2023,3619.22
Country_132,1900,196.81
Country_132,1901,190.95
Country_132,1902,185.28
Country_132,1903,190.53
Country_132,1904,194.8
Country_132,1905,190.09
Country_132,1906,190.75
Country_132,1907,190.4
Country_132,1908,196.25
Country_132,1909,193.62
Country_132,1910,201.02
Country_132,1911,188.69
Country_132,1912,197.84
Country_132,1913,193.96
Country_132,1914,201.12
Country_132,1915,188.3
Country_132,1916,189.24
Country_132,1917,202.11
Country_132,1918,185.88
Country_132,1919,194.71
Country_132,1920,190.28
Country_132,1921,190.03
Country_132,1922,190.72
Country_132,1923,185.93
Country_132,1924,185.14
Country_132,1925,186.81
Country_132,1926,198.64
Country_132,1927,198.84
Country_132,1928,195.91
Country_132,1929,205.14
Country_132,1930,184.57
Country_132,1931,187.6
Country_132,1932,191.88
Country_132,1933,194.87
Country_132,1934,195.17
Country_132,1935,192.62
Country_132,1936,196.62
Country_132,1937,190.98
Country_132,1938,190.32
Country_132,1939,203.46
Country_132,1940,195.38
Country_132,1941,196.19
Country_132,1942,186.15
Country_132,1943,191.42
Country_132,1944,191.3
Country_132,1945,194.02
Country_132,1946,207.3
Country_132,1947,193.2
Country_132,1948,197.72
Country_132,1949,188.64
Country_132,1950,197.41
Country_132,1951,206.98
Country_132,1952,208.55
Country_132,1953,222.53
Country_132,1954,221.65
Country_132,1955,231.36
Country_132,1956,238.37
Country_132,1957,241.52
Country_132,1958,250.59
Country_132,1959,264.86
Country_132,1960,266.41
Country_132,1961,271.9
Country_132,1962,287.12
Country_132,1963,284.28
Country_132,1964,311.58
Country_132,1965,324.22
Country_132,1966,345.53
Country_132,1967,351.35
Country_132,1968,365.27
Country_132,1969,370.63
Country_132,1970,375.64
Country_132,1971,389.71
Country_132,1972,401.0
Country_132,1973,408.43
Country_132,1974,415.55
Country_132,1975,429.74
Country_132,1976,440.21
Country_132,1977,448.13
Country_132,1978,470.23
Country_132,1979,486.63
Country_132,1980,496.93
Country_132,1981,503.96
Country_132,1982,530.73
Country_132,1983,536.45
Country_132,1984,547.75
Country_132,1985,561.07
Country_132,1986,567.68
Country_132,1987,591.88
Country_132,1988,601.44
Country_132,1989,639.8
Country_132,1990,650.25
Country_132,1991,666.45
Country_132,1992,676.79
Country_132,1993,709.34
Country_132,1994,714.72
Country_132,1995,758.14
Country_132,1996,775.61
Country_132,1997,788.68
Country_132,1998,808.77
Country_132,1999,846.9
Country_132,2000,874.64
Country_132,2001,881.7
Country_132,2002,907.11
Country_132,2003,952.36
Country_132,2004,974.97
Country_132,2005,1001.08
Country_132,2006,1034.52
Country_132,2007,1058.97
Country_132,2008,1099.48
Country_132,2009,1143.8
Country_132,2010,1148.66
Country_132,2011,1168.23
Country_132,2012,1212.25
Country_132,2013,1245.15
Country_132,2014,1293.03
Country_132,2015,1348.12
Country_132,2016,1353.48
Country_132,2017,1375.31
Country_132,2018,1410.37
Country_132,2019,1477.03
Country_132,2020,1517.09
Country_132,2021,1573.66
Country_132,2022,1593.12
Country_132,2023,1662.5
Country_133,1900,415.67
Country_133,1901,407.91
Country_133,1902,421.56
Country_133,1903,414.3
Country_133,1904,412.35
Country_133,1905,412.37
Country_133,1906,415.06
Country_133,1907,418.34
Country_133,1908,416.02
Country_133,1909,421.89
Country_133,1910,416.96
Country_133,1911,418.51
Country_133,1912,416.98
Country_133,1913,417.75
Country_133,1914,426.2
Country_133,1915,416.38
Country_133,1916,422.18
Country_133,1917,418.58
Country_133,1918,417.45
Country_133,1919,423.07
Country_133,1920,420.76
Country_133,1921,408.47
Country_133,1922,418.6
Country_133,1923,412.47
Country_133,1924,413.53
Country_133,1925,414.41
Country_133,1926,414.43
Country_133,1927,406.46
Country_133,1928,418.74
Country_133,1929,415.69
Country_133,1930,415.04
Country_133,1931,408.94
Country_133,1932,422.22
Country_133,1933,409.7
Country_133,1934,415.38
Country_133,1935,415.99
Country_133,1936,414.45
Country_133,1937,417.25
Country_133,1938,417.0
Country_133,1939,419.35
Country_133,1940,410.41
Country_133,1941,411.25
Country_133,1942,421.46
Country_133,1943,418.25
Country_133,1944,419.55
Country_133,1945,411.64
Country_133,1946,415.49
Country_133,1947,419.32
Country_133,1948,408.24
Country_133,1949,419.55
Country_133,1950,422.52
Country_133,1951,445.26
Country_133,1952,445.23
Country_133,1953,477.78
Country_133,1954,479.01
Country_133,1955,515.26
Country_133,1956,526.33
Country_133,1957,550.86
Country_133,1958,563.03
Country_133,1959,565.37
Country_133,1960,574.29
Country_133,1961,603.21
Country_133,1962,616.7
Country_133,1963,643.93
Country_133,1964,668.29
Country_133,1965,681.85
Country_133,1966,708.22
Country_133,1967,727.23
Country_133,1968,759.08
Country_133,1969,793.05
Country_133,1970,816.27
Country_133,1971,828.24
Country_133,1972,860.05
Country_133,1973,875.57
Country_133,1974,925.07
Country_133,1975,940.62
Country_133,1976,961.26
Country_133,1977,1003.64
Country_133,1978,1040.29
Country_133,1979,1074.0
Country_133,1980,1098.3
Country_133,1981,1137.24
Country_133,1982,1152.59
Country_133,1983,1168.43
Country_133,1984,1204.51
Country_133,1985,1219.97
Country_133,1986,1264.81
Country_133,1987,1328.13
Country_133,1988,1356.68
Country_133,1989,1416.94
Country_133,1990,1483.84
Country_133,1991,1517.41
Country_133,1992,1576.25
Country_133,1993,1633.56
Country_133,1994,1700.72
Country_133,1995,1786.56
Country_133,1996,1882.2
Country_133,1997,1927.39
Country_133,1998,1959.48
Country_133,1999,1999.13
Country_133,2000,2092.62
Country_133,2001,2125.8
Country_133,2002,2182.66
Country_133,2003,2203.05
Country_133,2004,2299.85
Country_133,2005,2362.41
Country_133,2006,2477.85
Country_133,2007,2542.39
Country_133,2008,2664.84
Country_133,2009,2730.45
Country_133,2010,2756.95
Country_133,2011,2840.39
Country_133,2012,2966.27
Country_133,2013,3013.5
Country_133,2014,3052.61
Country_133,2015,3163.78
Country_133,2016,3277.96
Country_133,2017,3331.93
Country_133,2018,3392.18
Country_133,2019,3542.94
Country_133,2020,3643.85
Country_133,2021,3681.3
Country_133,2022,3757.67
Country_133,2023,3851.22
Country_134,1900,144.38
Country_134,1901,134.28
Country_134,1902,133.07
Country_134,1903,128.87
Country_134,1904,146.83
Country_134,1905,138.04
Country_134,1906,136.79
Country_134,1907,142.03
Country_134,1908,140.35
Country_134,1909,132.32
Country_134,1910,141.53
Country_134,1911,145.45
Country_134,1912,138.66
Country_134,1913,145.96
Country_134,1914,139.94
Country_134,1915,139.5
Country_134,1916,140.67
Country_134,1917,135.09
Country_134,1918,137.08
Country_134,1919,135.59
Country_134,1920,139.47
Country_134,1921,135.76
Country_134,1922,143.3
Country_134,1923,139.4
Country_134,1924,145.74
Country_134,1925,136.42
Country_134,1926,136.05
Country_134,1927,142.51
Country_134,1928,143.35
Country_134,1929,134.13
Country_134,1930,143.31
Country_134,1931,131.74
Country_134,1932,144.47
Country_134,1933,135.83
Country_134,1934,143.51
Country_134,1935,142.35
Country_134,1936,146.08
Country_134,1937,146.85
Country_134,1938,138.59
Country_134,1939,140.16
Country_134,1940,135.58
Country_134,1941,142.18
Country_134,1942,135.87
Country_134,1943,150.49
Country_134,1944,139.55
Country_134,1945,135.53
Country_134,1946,145.44
Country_134,1947,139.97
Country_134,1948,127.72
Country_134,1949,141.43
Country_134,1950,148.63
Country_134,1951,145.54
Country_134,1952,165.19
Country_134,1953,159.07
Country_134,1954,163.21
Country_134,1955,162.58
Country_134,1956,177.33
Country_134,1957,176.68
Country_134,1958,185.95
Country_134,1959,190.48
Country_134,1960,193.04
Country_134,1961,205.39
Country_134,1962,209.72
Country_134,1963,224.09
Country_134,1964,225.75
Country_134,1965,234.8
Country_134,1966,233.9
Country_134,1967,242.7
Country_134,1968,241.47
Country_134,1969,251.26
Country_134,1970,254.35
Country_134,1971,278.87
Country_134,1972,292.43
Country_134,1973,288.78
Country_134,1974,302.13
Country_134,1975,307.09
Country_134,1976,326.37
Country_134,1977,328.74
Country_134,1978,346.24
Country_134,1979,358.95
Country_134,1980,375.86
Country_134,1981,375.1
Country_134,1982,408.28
Country_134,1983,419.28
Country_134,1984,437.47
Country_134,1985,448.02
Country_134,1986,462.45
Country_134,1987,474.6
Country_134,1988,481.03
Country_134,1989,495.14
Country_134,1990,519.37
Country_134,1991,517.78
Country_134,1992,533.57
Country_134,1993,539.46
Country_134,1994,573.38
Country_134,1995,582.65
Country_134,1996,588.44
Country_134,1997,593.5
Country_134,1998,644.6
Country_134,1999,660.0
Country_134,2000,680.81
Country_134,2001,691.66
Country_134,2002,707.49
Country_134,2003,739.89
Country_134,2004,753.52
Country_134,2005,772.89
Country_134,2006,787.89
Country_134,2007,814.81
Country_134,2008,838.65
Country_134,2009,865.05
Country_134,2010,899.15
Country_134,2011,944.78
Country_134,2012,981.04
Country_134,2013,1010.89
Country_134,2014,1055.84
Country_134,2015,1103.33
Country_134,2016,1127.13
Country_134,2017,1174.49
Country_134,2018,1217.8
Country_134,2019,1256.48
Country_134,2020,1278.84
Country_134,2021,1331.89
Country_134,2022,1372.15
Country_134,2023,1425.56
Country_135,1900,164.87
Country_135,1901,146.96
Country_135,1902,166.37
Country_135,1903,167.03
Country_135,1904,158.13
Country_135,1905,159.87
Country_135,1906,156.4
Country_135,1907,155.65
Country_135,1908,151.6
Country_135,1909,157.48
Country_135,1910,158.89
Country_135,1911,155.14
Country_135,1912,163.68
Country_135,1913,148.18
Country_135,1914,154.83
Country_135,1915,164.92
Country_135,1916,160.44
Country_135,1917,161.4
Country_135,1918,148.43
Country_135,1919,156.23
Country_135,1920,149.8
Country_135,1921,149.8
Country_135,1922,154.05
Country_135,1923,147.87
Country_135,1924,156.47
Country_135,1925,154.08
Country_135,1926,146.05
Country_135,1927,157.7
Country_135,1928,165.19
Country_135,1929,161.28
Country_135,1930,144.91
Country_135,1931,158.92
Country_135,1932,156.55
Country_135,1933,165.19
Country_135,1934,149.37
Country_135,1935,158.91
Country_135,1936,147.45
Country_135,1937,152.59
Country_135,1938,158.61
Country_135,1939,159.27
Country_135,1940,162.39
Country_135,1941,153.99
Country_135,1942,156.52
Country_135,1943,148.66
Country_135,1944,165.99
Country_135,1945,151.94
Country_135,1946,150.85
Country_135,1947,159.97
Country_135,1948,162.29
Country_135,1949,160.77
Country_135,1950,164.11
Country_135,1951,166.03
Country_135,1952,172.66
Country_135,1953,176.91
Country_135,1954,183.9
Country_135,1955,189.69
Country_135,1956,199.62
Country_135,1957,204.96
Country_135,1958,205.85
Country_135,1959,220.93
Country_135,1960,232.97
Country_135,1961,231.18
Country_135,1962,235.66
Country_135,1963,238.73
Country_135,1964,245.3
Country_135,1965,253.83
Country_135,1966,260.87
Country_135,1967,271.26
Country_135,1968,264.01
Country_135,1969,273.97
Country_135,1970,291.22
Country_135,1971,303.01
Country_135,1972,304.89
Country_135,1973,325.37
Country_135,1974,334.69
Country_135,1975,345.52
Country_135,1976,351.95
Country_135,1977,371.38
Country_135,1978,375.83
Country_135,1979,399.3
Country_135,1980,408.21
Country_135,1981,420.43
Country_135,1982,421.13
Country_135,1983,440.23
Country_135,1984,446.88
Country_135,1985,463.46
Country_135,1986,471.29
Country_135,1987,482.91
Country_135,1988,499.19
Country_135,1989,502.75
Country_135,1990,525.49
Country_135,1991,547.49
Country_135,1992,552.63
Country_135,1993,595.71
Country_135,1994,594.56
Country_135,1995,611.76
Country_135,1996,623.01
Country_135,1997,645.2
Country_135,1998,668.21
Country_135,1999,694.79
Country_135,2000,722.36
Country_135,2001,731.68
Country_135,2002,735.22
Country_135,2003,764.07
Country_135,2004,794.69
Country_135,2005,818.6
Country_135,2006,840.55
Country_135,2007,884.32
Country_135,2008,899.85
Country_135,2009,911.14
Country_135,2010,948.26
Country_135,2011,969.5
Country_135,2012,1005.84
Country_135,2013,1058.53
Country_135,2014,1091.97
Country_135,2015,1129.26
Country_135,2016,1139.01
Country_135,2017,1203.52
Country_135,2018,1240.37
Country_135,2019,1254.97
Country_135,2020,1304.07
Country_135,2021,1368.83
Country_135,2022,1428.67
Country_135,2023,1501.09
Country_136,1900,28.68
Country_136,1901,29.79
Country_136,1902,18.19
Country_136,1903,28.05
Country_136,1904,25.77
Country_136,1905,17.86
Country_136,1906,18.34
Country_136,1907,28.57
Country_136,1908,19.6
Country_136,1909,24.29
Country_136,1910,24.89
Country_136,1911,25.56
Country_136,1912,28.22
Country_136,1913,28.54
Country_136,1914,29.48
Country_136,1915,28.48
Country_136,1916,31.34
Country_136,1917,22.37
Country_136,1918,29.04
Country_136,1919,29.93
Country_136,1920,26.92
Country_136,1921,30.84
Country_136,1922,25.14
Country_136,1923,24.56
Country_136,1924,30.69
Country_136,1925,23.26
Country_136,1926,33.05
Country_136,1927,23.93
Country_136,1928,28.49
Country_136,1929,29.4
Country_136,1930,22.3
Country_136,1931,21.1
Country_136,1932,25.69
Country_136,1933,32.27
Country_136,1934,22.87
Country_136,1935,24.15
Country_136,1936,22.42
Country_136,1937,22.03
Country_136,1938,33.17
Country_136,1939,24.47
Country_136,1940,24.83
Country_136,1941,19.09
Country_136,1942,28.72
Country_136,1943,24.18
Country_136,1944,22.95
Country_136,1945,27.4
Country_136,1946,18.42
Country_136,1947,21.43
Country_136,1948,30.92
Country_136,1949,20.02
Country_136,1950,19.44
Country_136,1951,33.88
Country_136,1952,24.21
Country_136,1953,25.88
Country_136,1954,19.94
Country_136,1955,15.99
Country_136,1956,31.06
Country_136,1957,15.72
Country_136,1958,32.78
Country_136,1959,26.06
Country_136,1960,44.15
Country_136,1961,38.5
Country_136,1962,42.17
Country_136,1963,35.62
Country_136,1964,41.33
Country_136,1965,47.01
Country_136,1966,44.93
Country_136,1967,45.15
Country_136,1968,51.07
Country_136,1969,48.05
Country_136,1970,44.53
Country_136,1971,47.45
Country_136,1972,45.93
Country_136,1973,51.97
Country_136,1974,48.86
Country_136,1975,47.56
Country_136,1976,42.72
Country_136,1977,55.99
Country_136,1978,57.91
Country_136,1979,65.21
Country_136,1980,69.04
Country_136,1981,65.37
Country_136,1982,68.99
Country_136,1983,73.28
Country_136,1984,65.23
Country_136,1985,71.02
Country_136,1986,78.97
Country_136,1987,74.75
Country_136,1988,68.65
Country_136,1989,83.14
Country_136,1990,77.78
Country_136,1991,78.23
Country_136,1992,87.77
Country_136,1993,92.26
Country_136,1994,86.48
Country_136,1995,98.48
Country_136,1996,97.3
Country_136,1997,102.94
Country_136,1998,98.72
Country_136,1999,101.22
Country_136,2000,111.96
Country_136,2001,119.65
Country_136,2002,114.74
Country_136,2003,121.13
Country_136,2004,125.43
Country_136,2005,137.25
Country_136,2006,123.55
Country_136,2007,125.41
Country_136,2008,133.59
Country_136,2009,135.82
Country_136,2010,141.77
Country_136,2011,153.69
Country_136,2012,153.51
Country_136,2013,160.07
Country_136,2014,169.1
Country_136,2015,163.12
Country_136,2016,169.13
Country_136,2017,176.28
Country_136,2018,171.34
Country_136,2019,186.28
Country_136,2020,189.46
Country_136,2021,201.59
Country_136,2022,202.06
Country_136,2023,201.16
Country_137,1900,591.88
Country_137,1901,585.13
Country_137,1902,593.84
Country_137,1903,584.77
Country_137,1904,593.05
Country_137,1905,588.03
Country_137,1906,584.81
Country_137,1907,585.69
Country_137,1908,592.92
Country_137,1909,582.54
Country_137,1910,581.53
Country_137,1911,598.8
Country_137,1912,592.08
Country_137,1913,590.22
Country_137,1914,596.51
Country_137,1915,592.58
Country_137,1916,596.17
Country_137,1917,588.87
Country_137,1918,590.54
Country_137,1919,589.1
Country_137,1920,594.35
Country_137,1921,593.23
Country_137,1922,585.43
Country_137,1923,579.52
Country_137,1924,589.64
Country_137,1925,590.32
Country_137,1926,589.56
Country_137,1927,591.23
Country_137,1928,592.07
Country_137,1929,605.48
Country_137,1930,587.19
Country_137,1931,581.49
Country_137,1932,583.99
Country_137,1933,589.2
Country_137,1934,589.12
Country_137,1935,584.49
Country_137,1936,585.45
Country_137,1937,594.72
Country_137,1938,587.17
Country_137,1939,586.56
Country_137,1940,587.88
Country_137,1941,598.48
Country_137,1942,587.82
Country_137,1943,588.44
Country_137,1944,587.87
Country_137,1945,587.27
Country_137,1946,591.46
Country_137,1947,590.24
Country_137,1948,591.99
Country_137,1949,595.37
Country_137,1950,617.17
Country_137,1951,632.83
Country_137,1952,638.45
Country_137,1953,657.38
Country_137,1954,668.72
Country_137,1955,688.18
Country_137,1956,699.33
Country_137,1957,713.57
Country_137,1958,738.38
Country_137,1959,770.23
Country_137,1960,804.58
Country_137,1961,814.99
Country_137,1962,861.5
Country_137,1963,888.8
Country_137,1964,911.63
Country_137,1965,951.57
Country_137,1966,991.12
Country_137,1967,1038.85
Country_137,1968,1090.29
Country_137,1969,1115.76
Country_137,1970,1133.11
Country_137,1971,1152.91
Country_137,1972,1183.85
Country_137,1973,1226.84
Country_137,1974,1281.64
Country_137,1975,1334.07
Country_137,1976,1373.46
Country_137,1977,1436.67
Country_137,1978,1460.27
Country_137,1979,1486.25
Country_137,1980,1548.06
Country_137,1981,1587.53
Country_137,1982,1668.29
Country_137,1983,1736.63
Country_137,1984,1774.53
Country_137,1985,1842.21
Country_137,1986,1949.82
Country_137,1987,2038.37
Country_137,1988,2093.19
Country_137,1989,2145.62
Country_137,1990,2237.06
Country_137,1991,2312.13
Country_137,1992,2354.36
Country_137,1993,2408.17
Country_137,1994,2470.77
Country_137,1995,2524.42
Country_137,1996,2605.79
Country_137,1997,2692.84
Country_137,1998,2816.42
Country_137,1999,2909.21
Country_137,2000,3044.59
Country_137,2001,3140.17
Country_137,2002,3270.93
Country_137,2003,3345.77
Country_137,2004,3417.39
Country_137,2005,3523.53
Country_137,2006,3568.16
Country_137,2007,3663.95
Country_137,2008,3686.84
Country_137,2009,3860.31
Country_137,2010,3946.26
Country_137,2011,3994.89
Country_137,2012,4114.27
Country_137,2013,4233.77
Country_137,2014,4417.11
Country_137,2015,4551.33
Country_137,2016,4592.03
Country_137,2017,4655.37
Country_137,2018,4744.45
Country_137,2019,4946.9
Country_137,2020,5015.45
Country_137,2021,5209.47
Country_137,2022,5360.65
Country_137,2023,5484.01
Country_138,1900,517.54
Country_138,1901,513.28
Country_138,1902,526.09
Country_138,1903,515.16
Country_138,1904,506.69
Country_138,1905,516.22
Country_138,1906,515.5
Country_138,1907,514.46
Country_138,1908,519.5
Country_138,1909,518.42
Country_138,1910,506.66
Country_138,1911,522.74
Country_138,1912,515.27
Country_138,1913,521.0
Country_138,1914,519.96
Country_138,1915,520.03
Country_138,1916,510.21
Country_138,1917,511.66
Country_138,1918,519.15
Country_138,1919,513.64
Country_138,1920,511.15
Country_138,1921,514.05
Country_138,1922,505.53
Country_138,1923,509.6
Country_138,1924,524.16
Country_138,1925,511.84
Country_138,1926,519.61
Country_138,1927,516.67
Country_138,1928,518.82
Country_138,1929,518.93
Country_138,1930,517.62
Country_138,1931,518.22
Country_138,1932,508.57
Country_138,1933,518.72
Country_138,1934,509.39
Country_138,1935,525.5
Country_138,1936,519.0
Country_138,1937,511.09
Country_138,1938,517.39
Country_138,1939,515.13
Country_138,1940,513.33
Country_138,1941,511.16
Country_138,1942,508.96
Country_138,1943,514.75
Country_138,1944,513.81
Country_138,1945,519.01
Country_138,1946,515.11
Country_138,1947,517.51
Country_138,1948,507.7
Country_138,1949,518.88
Country_138,1950,533.09
Country_138,1951,542.44
Country_138,1952,566.48
Country_138,1953,587.85
Country_138,1954,605.57
Country_138,1955,628.76
Country_138,1956,657.33
Country_138,1957,663.97
Country_138,1958,688.25
Country_138,1959,704.39
Country_138,1960,745.44
Country_138,1961,743.26
Country_138,1962,771.62
Country_138,1963,812.85
Country_138,1964,839.85
Country_138,1965,860.1
Country_138,1966,889.76
Country_138,1967,931.07
Country_138,1968,952.67
Country_138,1969,956.9
Country_138,1970,986.99
Country_138,1971,1004.4
Country_138,1972,1058.51
Country_138,1973,1083.25
Country_138,1974,1137.59
Country_138,1975,1190.55
Country_138,1976,1222.09
Country_138,1977,1253.14
Country_138,1978,1294.15
Country_138,1979,1330.47
Country_138,1980,1366.22
Country_138,1981,1385.38
Country_138,1982,1422.81
Country_138,1983,1455.03
Country_138,1984,1472.08
Country_138,1985,1505.24
Country_138,1986,1552.57
Country_138,1987,1620.45
Country_138,1988,1683.97
Country_138,1989,1700.62
Country_138,1990,1791.75
Country_138,1991,1820.64
Country_138,1992,1838.37
Country_138,1993,1885.45
Country_138,1994,1936.78
Country_138,1995,2029.9
Country_138,1996,2086.8
Country_138,1997,2183.12
Country_138,1998,2200.11
Country_138,1999,2304.78
Country_138,2000,2362.21
Country_138,2001,2390.43
Country_138,2002,2491.0
Country_138,2003,2545.41
Country_138,2004,2593.05
Country_138,2005,2721.21
Country_138,2006,2757.25
Country_138,2007,2806.02
Country_138,2008,2842.97
Country_138,2009,2953.38
Country_138,2010,3099.89
Country_138,2011,3180.34
Country_138,2012,3268.65
Country_138,2013,3341.96
Country_138,2014,3457.83
Country_138,2015,3503.12
Country_138,2016,3617.78
Country_138,2017,3679.86
Country_138,2018,3861.46
Country_138,2019,4037.88
Country_138,2020,4206.34
Country_138,2021,4365.33
Country_138,2022,4566.0
Country_138,2023,4737.75
Country_139,1900,68.9
Country_139,1901,67.03
Country_139,1902,70.73
Country_139,1903,62.33
Country_139,1904,74.79
Country_139,1905,65.42
Country_139,1906,61.65
Country_139,1907,69.62
Country_139,1908,63.96
Country_139,1909,68.46
Country_139,1910,71.25
Country_139,1911,65.27
Country_139,1912,65.4
Country_139,1913,52.42
Country_139,1914,61.19
Country_139,1915,68.75
Country_139,1916,68.2
Country_139,1917,75.67
Country_139,1918,70.54
Country_139,1919,73.98
Country_139,1920,72.6
Country_139,1921,77.67
Country_139,1922,67.06
Country_139,1923,67.35
Country_139,1924,75.25
Country_139,1925,61.54
Country_139,1926,66.08
Country_139,1927,57.58
Country_139,1928,72.79
Country_139,1929,66.97
Country_139,1930,73.05
Country_139,1931,67.21
Country_139,1932,75.7
Country_139,1933,72.04
Country_139,1934,67.17
Country_139,1935,72.49
Country_139,1936,73.9
Country_139,1937,65.48
Country_139,1938,70.55
Country_139,1939,67.63
Country_139,1940,65.46
Country_139,1941,74.99
Country_139,1942,64.48
Country_139,1943,71.07
Country_139,1944,62.19
Country_139,1945,71.78
Country_139,1946,63.35
Country_139,1947,73.0
Country_139,1948,76.67
Country_139,1949,70.91
Country_139,1950,60.79
Country_139,1951,76.72
Country_139,1952,76.48
Country_139,1953,84.3
Country_139,1954,79.81
Country_139,1955,82.85
Country_139,1956,88.47
Country_139,1957,88.4
Country_139,1958,91.75
Country_139,1959,83.84
Country_139,1960,93.66
Country_139,1961,102.18
Country_139,1962,108.97
Country_139,1963,109.23
Country_139,1964,118.31
Country_139,1965,111.09
Country_139,1966,112.72
Country_139,1967,115.09
Country_139,1968,122.52
Country_139,1969,123.21
Country_139,1970,129.63
Country_139,1971,137.36
Country_139,1972,134.48
Country_139,1973,141.6
Country_139,1974,145.62
Country_139,1975,144.45
Country_139,1976,158.1
Country_139,1977,162.01
Country_139,1978,165.07
Country_139,1979,179.02
Country_139,1980,181.37
Country_139,1981,190.23
Country_139,1982,186.4
Country_139,1983,194.4
Country_139,1984,212.4
Country_139,1985,211.52
Country_139,1986,210.11
Country_139,1987,229.41
Country_139,1988,223.62
Country_139,1989,227.42
Country_139,1990,233.13
Country_139,1991,242.91
Country_139,1992,250.11
Country_139,1993,256.23
Country_139,1994,257.89
Country_139,1995,268.79
Country_139,1996,280.7
Country_139,1997,278.44
Country_139,1998,279.52
Country_139,1999,305.6
Country_139,2000,302.37
Country_139,2001,307.15
Country_139,2002,323.9
Country_139,2003,328.35
Country_139,2004,355.76
Country_139,2005,355.81
Country_139,2006,369.24
Country_139,2007,372.34
Country_139,2008,384.94
Country_139,2009,397.06
Country_139,2010,400.49
Country_139,2011,414.71
Country_139,2012,420.21
Country_139,2013,443.13
Country_139,2014,456.96
Country_139,2015,464.91
Country_139,2016,482.69
Country_139,2017,498.61
Country_139,2018,514.09
Country_139,2019,521.95
Country_139,2020,531.38
Country_139,2021,540.48
Country_139,2022,561.58
Country_139,2023,584.75
Country_140,1900,946.96
Country_140,1901,954.65
Country_140,1902,944.48
Country_140,1903,946.01
Country_140,1904,952.28
Country_140,1905,957.9
Country_140,1906,948.06
Country_140,1907,954.13
Country_140,1908,956.81
Country_140,1909,943.19
Country_140,1910,951.01
Country_140,1911,952.24
Country_140,1912,951.74
Country_140,1913,954.61
Country_140,1914,945.67
Country_140,1915,960.36
Country_140,1916,949.89
Country_140,1917,954.69
Country_140,1918,945.19
Country_140,1919,943.03
Country_140,1920,953.85
Country_140,1921,950.58
Country_140,1922,949.79
Country_140,1923,947.55
Country_140,1924,947.06
Country_140,1925,951.57
Country_140,1926,946.52
Country_140,1927,945.66
Country_140,1928,940.82
Country_140,1929,952.71
Country_140,1930,947.58
Country_140,1931,961.57
Country_140,1932,947.48
Country_140,1933,950.83
Country_140,1934,961.6
Country_140,1935,948.12
Country_140,1936,948.88
Country_140,1937,943.49
Country_140,1938,945.24
Country_140,1939,945.7
Country_140,1940,948.55
Country_140,1941,959.84
Country_140,1942,944.19
Country_140,1943,949.36
Country_140,1944,949.31
Country_140,1945,937.61
Country_140,1946,945.86
Country_140,1947,951.88
Country_140,1948,952.32
Country_140,1949,953.14
Country_140,1950,967.26
Country_140,1951,971.46
Country_140,1952,1014.27
Country_140,1953,1037.62
Country_140,1954,1073.16
Country_140,1955,1100.62
Country_140,1956,1126.91
Country_140,1957,1169.15
Country_140,1958,1195.17
Country_140,1959,1253.73
Country_140,1960,1322.81
Country_140,1961,1345.15
Country_140,1962,1365.21
Country_140,1963,1417.39
Country_140,1964,1479.32
Country_140,1965,1522.29
Country_140,1966,1568.85
Country_140,1967,1633.87
Country_140,1968,1700.28
Country_140,1969,1740.84
Country_140,1970,1763.31
Country_140,1971,1830.12
Country_140,1972,1877.36
Country_140,1973,1897.14
Country_140,1974,2004.29
Country_140,1975,2056.23
Country_140,1976,2135.44
Country_140,1977,2231.07
Country_140,1978,2255.73
Country_140,1979,2335.21
Country_140,1980,2425.41
Country_140,1981,2459.51
Country_140,1982,2566.29
Country_140,1983,2634.32
Country_140,1984,2722.89
Country_140,1985,2768.36
Country_140,1986,2904.45
Country_140,1987,2956.02
Country_140,1988,3050.73
Country_140,1989,3113.15
Country_140,1990,3252.31
Country_140,1991,3361.63
Country_140,1992,3506.2
Country_140,1993,3644.39
Country_140,1994,3738.27
Country_140,1995,3906.18
Country_140,1996,3972.12
Country_140,1997,4090.48
Country_140,1998,4289.97
Country_140,1999,4340.01
Country_140,2000,4400.03
Country_140,2001,4456.48
Country_140,2002,4534.07
Country_140,2003,4748.89
Country_140,2004,4987.32
Country_140,2005,5124.77
Country_140,2006,5225.15
Country_140,2007,5316.16
Country_140,2008,5409.24
Country_140,2009,5517.0
Country_140,2010,5775.22
Country_140,2011,5931.3
Country_140,2012,6130.93
Country_140,2013,6407.06
Country_140,2014,6512.04
Country_140,2015,6778.03
Country_140,2016,6922.73
Country_140,2017,7152.96
Country_140,2018,7386.54
Country_140,2019,7739.95
Country_140,2020,8045.6
Country_140,2021,8311.55
Country_140,2022,8615.05
Country_140,2023,8930.38
Country_141,1900,692.08
Country_141,1901,695.24
Country_141,1902,691.61
Country_141,1903,691.78
Country_141,1904,702.32
Country_141,1905,680.96
Country_141,1906,696.5
Country_141,1907,701.93
Country_141,1908,696.09
Country_141,1909,691.18
Country_141,1910,684.6
Country_141,1911,695.65
Country_141,1912,698.33
Country_141,1913,694.43
Country_141,1914,692.75
Country_141,1915,696.28
Country_141,1916,698.04
Country_141,1917,685.46
Country_141,1918,702.22
Country_141,1919,696.24
Country_141,1920,690.32
Country_141,1921,684.97
Country_141,1922,687.89
Country_141,1923,692.23
Country_141,1924,696.36
Country_141,1925,695.08
Country_141,1926,692.86
Country_141,1927,689.67
Country_141,1928,693.1
Country_141,1929,691.83
Country_141,1930,696.1
Country_141,1931,692.74
Country_141,1932,687.74
Country_141,1933,693.3
Country_141,1934,693.12
Country_141,1935,695.39
Country_141,1936,697.9
Country_141,1937,697.15
Country_141,1938,702.85
Country_141,1939,690.98
Country_141,1940,697.35
Country_141,1941,700.1
Country_141,1942,694.16
Country_141,1943,689.75
Country_141,1944,699.77
Country_141,1945,695.35
Country_141,1946,696.54
Country_141,1947,690.74
Country_141,1948,687.13
Country_141,1949,691.46
Country_141,1950,716.73
Country_141,1951,755.66
Country_141,1952,762.87
Country_141,1953,788.96
Country_141,1954,802.99
Country_141,1955,809.73
Country_141,1956,846.14
Country_141,1957,868.24
Country_141,1958,889.68
Country_141,1959,910.88
Country_141,1960,924.34
Country_141,1961,949.8
Country_141,1962,990.54
Country_141,1963,1028.19
Country_141,1964,1070.28
Country_141,1965,1104.68
Country_141,1966,1127.28
Country_141,1967,1178.22
Country_141,1968,1229.91
Country_141,1969,1275.15
Country_141,1970,1308.0
Country_141,1971,1341.34
Country_141,1972,1382.6
Country_141,1973,1428.73
Country_141,1974,1493.59
Country_141,1975,1507.76
Country_141,1976,1556.74
Country_141,1977,1590.07
Country_141,1978,1628.3
Country_141,1979,1650.09
Country_141,1980,1717.24
Country_141,1981,1778.35
Country_141,1982,1819.27
Country_141,1983,1856.51
Country_141,1984,1930.7
Country_141,1985,1995.13
Country_141,1986,2071.76
Country_141,1987,2137.68
Country_141,1988,2219.76
Country_141,1989,2243.72
Country_141,1990,2328.44
Country_141,1991,2378.32
Country_141,1992,2493.82
Country_141,1993,2572.82
Country_141,1994,2640.46
Country_141,1995,2758.89
Country_141,1996,2886.45
Country_141,1997,2914.18
Country_141,1998,3051.18
Country_141,1999,3151.12
Country_141,2000,3263.02
Country_141,2001,3398.79
Country_141,2002,3431.38
Country_141,2003,3566.33
Country_141,2004,3701.78
Country_141,2005,3833.32
Country_141,2006,3994.69
Country_141,2007,4116.35
Country_141,2008,4200.58
Country_141,2009,4385.49
Country_141,2010,4583.36
Country_141,2011,4683.26
Country_141,2012,4847.9
Country_141,2013,4964.07
Country_141,2014,5068.09
Country_141,2015,5296.76
Country_141,2016,5385.98
Country_141,2017,5481.26
Country_141,2018,5546.18
Country_141,2019,5794.6
Country_141,2020,5951.05
Country_141,2021,6028.77
Country_141,2022,6285.51
Country_141,2023,6577.01
Country_142,1900,504.25
Country_142,1901,488.22
Country_142,1902,491.34
Country_142,1903,489.06
Country_142,1904,485.09
Country_142,1905,488.02
Country_142,1906,492.95
Country_142,1907,492.35
Country_142,1908,491.55
Country_142,1909,484.02
Country_142,1910,490.63
Country_142,1911,485.0
Country_142,1912,490.17
Country_142,1913,497.28
Country_142,1914,496.17
Country_142,1915,499.57
Country_142,1916,486.81
Country_142,1917,494.39
Country_142,1918,496.14
Country_142,1919,488.51
Country_142,1920,479.76
Country_142,1921,486.79
Country_142,1922,493.92
Country_142,1923,484.68
Country_142,1924,489.48
Country_142,1925,489.44
Country_142,1926,487.07
Country_142,1927,503.02
Country_142,1928,484.33
Country_142,1929,488.25
Country_142,1930,493.93
Country_142,1931,482.47
Country_142,1932,491.07
Country_142,1933,497.15
Country_142,1934,490.16
Country_142,1935,491.14
Country_142,1936,488.52
Country_142,1937,490.97
Country_142,1938,494.32
Country_142,1939,499.04
Country_142,1940,495.15
Country_142,1941,486.83
Country_142,1942,486.23
Country_142,1943,484.96
Country_142,1944,492.98
Country_142,1945,483.47
Country_142,1946,486.29
Country_142,1947,480.5
Country_142,1948,484.78
Country_142,1949,489.13
Country_142,1950,509.95
Country_142,1951,512.07
Country_142,1952,532.58
Country_142,1953,553.4
Country_142,1954,568.75
Country_142,1955,585.97
Country_142,1956,595.35
Country_142,1957,605.55
Country_142,1958,616.08
Country_142,1959,627.6
Country_142,1960,652.92
Country_142,1961,677.95
Country_142,1962,685.22
Country_142,1963,710.76
Country_142,1964,722.65
Country_142,1965,750.88
Country_142,1966,786.22
Country_142,1967,815.43
Country_142,1968,837.31
Country_142,1969,836.18
Country_142,1970,881.32
Country_142,1971,921.02
Country_142,1972,945.88
Country_142,1973,974.45
Country_142,1974,998.31
Country_142,1975,1006.47
Country_142,1976,1053.39
Country_142,1977,1092.57
Country_142,1978,1122.94
Country_142,1979,1156.22
Country_142,1980,1203.97
Country_142,1981,1257.27
Country_142,1982,1275.79
Country_142,1983,1341.26
Country_142,1984,1395.19
Country_142,1985,1410.64
Country_142,1986,1445.46
Country_142,1987,1505.99
Country_142,1988,1532.15
Country_142,1989,1595.01
Country_142,1990,1667.92
Country_142,1991,1749.14
Country_142,1992,1820.87
Country_142,1993,1848.43
Country_142,1994,1878.24
Country_142,1995,1904.68
Country_142,1996,1923.19
Country_142,1997,1994.54
Country_142,1998,2045.59
Country_142,1999,2125.35
Country_142,2000,2162.85
Country_142,2001,2235.15
Country_142,2002,2297.86
Country_142,2003,2391.44
Country_142,2004,2449.31
Country_142,2005,2504.47
Country_142,2006,2548.03
Country_142,2007,2596.63
Country_142,2008,2633.84
Country_142,2009,2677.57
Country_142,2010,2799.85
Country_142,2011,2882.32
Country_142,2012,2945.66
Country_142,2013,3047.75
Country_142,2014,3142.23
Country_142,2015,3238.56
Country_142,2016,3338.6
Country_142,2017,3470.07
Country_142,2018,3546.16
Country_142,2019,3585.01
Country_142,2020,3655.0
Country_142,2021,3763.96
Country_142,2022,3875.19
Country_142,2023,3931.79
Country_143,1900,330.94
Country_143,1901,326.73
Country_143,1902,320.16
Country_143,1903,318.93
Country_143,1904,331.95
Country_143,1905,326.05
Country_143,1906,331.1
Country_143,1907,328.55
Country_143,1908,334.34
Country_143,1909,324.58
Country_143,1910,317.46
Country_143,1911,321.23
Country_143,1912,317.85
Country_143,1913,327.33
Country_143,1914,324.7
Country_143,1915,332.8
Country_143,1916,323.36
Country_143,1917,330.6
Country_143,1918,327.46
Country_143,1919,324.31
Country_143,1920,331.52
Country_143,1921,324.41
Country_143,1922,330.59
Country_143,1923,331.21
Country_143,1924,325.25
Country_143,1925,323.44
Country_143,1926,327.25
Country_143,1927,322.96
Country_143,1928,332.54
Country_143,1929,329.14
Country_143,1930,324.68
Country_143,1931,331.0
Country_143,1932,320.17
Country_143,1933,320.56
Country_143,1934,326.19
Country_143,1935,322.92
Country_143,1936,328.15
Country_143,1937,330.93
Country_143,1938,325.22
Country_143,1939,322.23
Country_143,1940,329.96
Country_143,1941,328.91
Country_143,1942,329.79
Country_143,1943,328.42
Country_143,1944,328.04
Country_143,1945,327.2
Country_143,1946,324.71
Country_143,1947,318.47
Country_143,1948,323.93
Country_143,1949,333.26
Country_143,1950,345.19
Country_143,1951,346.39
Country_143,1952,371.41
Country_143,1953,378.76
Country_143,1954,404.36
Country_143,1955,420.11
Country_143,1956,421.43
Country_143,1957,443.16
Country_143,1958,445.25
Country_143,1959,445.84
Country_143,1960,465.72
Country_143,1961,484.37
Country_143,1962,502.6
Country_143,1963,513.77
Country_143,1964,530.58
Country_143,1965,542.79
Country_143,1966,558.97
Country_143,1967,589.48
Country_143,1968,612.55
Country_143,1969,614.22
Country_143,1970,637.29
Country_143,1971,674.48
Country_143,1972,674.99
Country_143,1973,690.59
Country_143,1974,698.5
Country_143,1975,705.17
Country_143,1976,742.53
Country_143,1977,777.25
Country_143,1978,801.62
Country_143,1979,838.01
Country_143,1980,869.65
Country_143,1981,889.66
Country_143,1982,909.79
Country_143,1983,936.77
Country_143,1984,948.53
Country_143,1985,987.55
Country_143,1986,1035.97
Country_143,1987,1048.2
Country_143,1988,1086.11
Country_143,1989,1114.21
Country_143,1990,1131.96
Country_143,1991,1183.46
Country_143,1992,1223.48
Country_143,1993,1243.62
Country_143,1994,1256.28
Country_143,1995,1307.2
Country_143,1996,1364.18
Country_143,1997,1418.02
Country_143,1998,1466.72
Country_143,1999,1500.35
Country_143,2000,1525.85
Country_143,2001,1560.42
Country_143,2002,1587.03
Country_143,2003,1653.72
Country_143,2004,1693.06
Country_143,2005,1792.71
Country_143,2006,1831.16
Country_143,2007,1924.25
Country_143,2008,1954.32
Country_143,2009,1991.52
Country_143,2010,2036.15
Country_143,2011,2125.64
Country_143,2012,2232.12
Country_143,2013,2255.52
Country_143,2014,2334.71
Country_143,2015,2408.57
Country_143,2016,2451.44
Country_143,2017,2541.97
Country_143,2018,2654.09
Country_143,2019,2763.38
Country_143,2020,2789.67
Country_143,2021,2909.57
Country_143,2022,3020.58
Country_143,2023,3152.34
Country_144,1900,939.66
Country_144,1901,946.08
Country_144,1902,940.7
Country_144,1903,958.77
Country_144,1904,945.6
Country_144,1905,951.94
Country_144,1906,943.81
Country_144,1907,941.74
Country_144,1908,944.05
Country_144,1909,941.4
Country_144,1910,951.47
Country_144,1911,945.56
Country_144,1912,948.55
Country_144,1913,939.13
Country_144,1914,937.75
Country_144,1915,943.39
Country_144,1916,947.45
Country_144,1917,944.94
Country_144,1918,949.2
Country_144,1919,939.78
Country_144,1920,947.88
Country_144,1921,942.4
Country_144,1922,938.3
Country_144,1923,944.24
Country_144,1924,946.55
Country_144,1925,953.67
Country_144,1926,942.86
Country_144,1927,951.42
Country_144,1928,938.25
Country_144,1929,952.23
Country_144,1930,962.2
Country_144,1931,953.13
Country_144,1932,946.1
Country_144,1933,941.0
Country_144,1934,948.33
Country_144,1935,934.39
Country_144,1936,947.49
Country_144,1937,951.39
Country_144,1938,940.94
Country_144,1939,938.82
Country_144,1940,944.53
Country_144,1941,939.14
Country_144,1942,950.37
Country_144,1943,944.5
Country_144,1944,946.67
Country_144,1945,948.41
Country_144,1946,942.55
Country_144,1947,945.54
Country_144,1948,950.76
Country_144,1949,943.81
Country_144,1950,968.76
Country_144,1951,978.38
Country_144,1952,1011.44
Country_144,1953,1047.18
Country_144,1954,1071.87
Country_144,1955,1114.78
Country_144,1956,1145.05
Country_144,1957,1172.99
Country_144,1958,1206.63
Country_144,1959,1224.76
Country_144,1960,1254.2
Country_144,1961,1279.77
Country_144,1962,1320.45
Country_144,1963,1366.04
Country_144,1964,1412.59
Country_144,1965,1453.51
Country_144,1966,1466.88
Country_144,1967,1533.87
Country_144,1968,1567.69
Country_144,1969,1594.4
Country_144,1970,1653.03
Country_144,1971,1673.94
Country_144,1972,1700.46
Country_144,1973,1778.4
Country_144,1974,1830.93
Country_144,1975,1864.11
Country_144,1976,1919.82
Country_144,1977,1975.71
Country_144,1978,2037.81
Country_144,1979,2117.67
Country_144,1980,2200.1
Country_144,1981,2294.1
Country_144,1982,2379.11
Country_144,1983,2426.84
Country_144,1984,2520.66
Country_144,1985,2591.82
Country_144,1986,2712.97
Country_144,1987,2815.67
Country_144,1988,2862.69
Country_144,1989,2952.18
Country_144,1990,3064.19
Country_144,1991,3101.33
Country_144,1992,3135.38
Country_144,1993,3191.38
Country_144,1994,3323.29
Country_144,1995,3386.59
Country_144,1996,3405.1
Country_144,1997,3541.56
Country_144,1998,3710.35
Country_144,1999,3890.28
Country_144,2000,4046.22
Country_144,2001,4087.17
Country_144,2002,4180.83
Country_144,2003,4287.37
Country_144,2004,4441.68
Country_144,2005,4640.14
Country_144,2006,4806.28
Country_144,2007,4911.26
Country_144,2008,5092.46
Country_144,2009,5293.34
Country_144,2010,5474.96
Country_144,2011,5557.37
Country_144,2012,5621.84
Country_144,2013,5820.27
Country_144,2014,5950.67
Country_144,2015,6248.98
Country_144,2016,6434.34
Country_144,2017,6547.43
Country_144,2018,6746.93
Country_144,2019,6959.35
Country_144,2020,7167.73
Country_144,2021,7470.28
Country_144,2022,7614.26
Country_144,2023,7899.24
Country_145,1900,269.68
Country_145,1901,271.78
Country_145,1902,263.56
Country_145,1903,278.39
Country_145,1904,267.67
Country_145,1905,269.59
Country_145,1906,265.88
Country_145,1907,259.32
Country_145,1908,269.26
Country_145,1909,265.9
Country_145,1910,267.99
Country_145,1911,260.67
Country_145,1912,264.11
Country_145,1913,265.73
Country_145,1914,269.23
Country_145,1915,268.72
Country_145,1916,277.13
Country_145,1917,270.56
Country_145,1918,269.23
Country_145,1919,271.68
Country_145,1920,272.14
Country_145,1921,271.55
Country_145,1922,262.55
Country_145,1923,264.33
Country_145,1924,258.77
Country_145,1925,269.82
Country_145,1926,272.71
Country_145,1927,276.29
Country_145,1928,273.84
Country_145,1929,273.61
Country_145,1930,263.73
Country_145,1931,265.38
Country_145,1932,271.81
Country_145,1933,268.5
Country_145,1934,262.2
Country_145,1935,268.93
Country_145,1936,265.84
Country_145,1937,260.5
Country_145,1938,268.49
Country_145,1939,277.33
Country_145,1940,275.03
Country_145,1941,270.19
Country_145,1942,263.02
Country_145,1943,272.31
Country_145,1944,265.52
Country_145,1945,265.71
Country_145,1946,264.22
Country_145,1947,264.22
Country_145,1948,257.0
Country_145,1949,267.01
Country_145,1950,274.14
Country_145,1951,297.13
Country_145,1952,292.56
Country_145,1953,303.04
Country_145,1954,307.47
Country_145,1955,328.37
Country_145,1956,321.12
Country_145,1957,332.38
Country_145,1958,344.18
Country_145,1959,361.69
Country_145,1960,363.96
Country_145,1961,360.32
Country_145,1962,368.44
Country_145,1963,380.75
Country_145,1964,376.78
Country_145,1965,383.8
Country_145,1966,395.32
Country_145,1967,408.46
Country_145,1968,413.26
Country_145,1969,421.38
Country_145,1970,421.88
Country_145,1971,448.72
Country_145,1972,448.68
Country_145,1973,454.09
Country_145,1974,468.8
Country_145,1975,468.45
Country_145,1976,499.42
Country_145,1977,511.76
Country_145,1978,531.52
Country_145,1979,541.41
Country_145,1980,560.58
Country_145,1981,580.14
Country_145,1982,597.27
Country_145,1983,615.4
Country_145,1984,633.51
Country_145,1985,663.85
Country_145,1986,664.91
Country_145,1987,703.17
Country_145,1988,734.15
Country_145,1989,746.34
Country_145,1990,772.55
Country_145,1991,814.93
Country_145,1992,849.88
Country_145,1993,857.69
Country_145,1994,890.81
Country_145,1995,914.45
Country_145,1996,943.01
Country_145,1997,960.59
Country_145,1998,1006.06
Country_145,1999,1035.02
Country_145,2000,1055.11
Country_145,2001,1106.84
Country_145,2002,1156.4
Country_145,2003,1203.47
Country_145,2004,1246.85
Country_145,2005,1276.23
Country_145,2006,1305.13
Country_145,2007,1344.19
Country_145,2008,1401.84
Country_145,2009,1462.54
Country_145,2010,1504.44
Country_145,2011,1519.85
Country_145,2012,1566.3
Country_145,2013,1643.48
Country_145,2014,1692.38
Country_145,2015,1717.28
Country_145,2016,1805.76
Country_145,2017,1823.94
Country_145,2018,1898.6
Country_145,2019,1964.18
Country_145,2020,1993.35
Country_145,2021,2062.73
Country_145,2022,2129.69
Country_145,2023,2227.52
Country_146,1900,778.07
Country_146,1901,773.36
Country_146,1902,775.5
Country_146,1903,774.64
Country_146,1904,775.43
Country_146,1905,781.28
Country_146,1906,768.58
Country_146,1907,777.75
Country_146,1908,770.21
Country_146,1909,783.78
Country_146,1910,781.28
Country_146,1911,774.15
Country_146,1912,776.68
Country_146,1913,771.3
Country_146,1914,773.16
Country_146,1915,777.35
Country_146,1916,780.11
Country_146,1917,777.06
Country_146,1918,779.35
Country_146,1919,768.33
Country_146,1920,776.13
Country_146,1921,780.76
Country_146,1922,778.36
Country_146,1923,780.44
Country_146,1924,778.78
Country_146,1925,775.34
Country_146,1926,771.81
Country_146,1927,780.3
Country_146,1928,775.16
Country_146,1929,766.35
Country_146,1930,777.36
Country_146,1931,782.54
Country_146,1932,783.41
Country_146,1933,774.97
Country_146,1934,772.94
Country_146,1935,776.24
Country_146,1936,779.73
Country_146,1937,764.64
Country_146,1938,766.88
Country_146,1939,778.73
Country_146,1940,778.51
Country_146,1941,775.55
Country_146,1942,772.98
Country_146,1943,771.82
Country_146,1944,775.51
Country_146,1945,775.58
Country_146,1946,774.04
Country_146,1947,781.67
Country_146,1948,772.11
Country_146,1949,777.55
Country_146,1950,812.13
Country_146,1951,837.68
Country_146,1952,866.43
Country_146,1953,879.15
Country_146,1954,902.98
Country_146,1955,913.78
Country_146,1956,932.69
Country_146,1957,957.33
Country_146,1958,974.62
Country_146,1959,1020.34
Country_146,1960,1047.1
Country_146,1961,1085.0
Country_146,1962,1096.58
Country_146,1963,1147.31
Country_146,1964,1200.55
Country_146,1965,1235.96
Country_146,1966,1270.93
Country_146,1967,1322.66
Country_146,1968,1366.82
Country_146,1969,1396.11
Country_146,1970,1421.73
Country_146,1971,1486.88
Country_146,1972,1513.01
Country_146,1973,1575.64
Country_146,1974,1630.52
Country_146,1975,1648.73
Country_146,1976,1730.75
Country_146,1977,1781.59
Country_146,1978,1855.8
Country_146,1979,1931.64
Country_146,1980,1969.89
Country_146,1981,2038.18
Country_146,1982,2087.35
Country_146,1983,2144.83
Country_146,1984,2227.12
Country_146,1985,2307.89
Country_146,1986,2387.19
Country_146,1987,2442.99
Country_146,1988,2494.95
Country_146,1989,2529.85
Country_146,1990,2617.55
Country_146,1991,2692.81
Country_146,1992,2737.27
Country_146,1993,2799.54
Country_146,1994,2899.94
Country_146,1995,2944.57
Country_146,1996,3016.1
Country_146,1997,3154.51
Country_146,1998,3227.04
Country_146,1999,3318.66
Country_146,2000,3363.28
Country_146,2001,3477.4
Country_146,2002,3518.14
Country_146,2003,3593.99
Country_146,2004,3698.49
Country_146,2005,3885.26
Country_146,2006,3983.28
Country_146,2007,4149.71
Country_146,2008,4336.0
Country_146,2009,4538.01
Country_146,2010,4723.62
Country_146,2011,4786.13
Country_146,2012,4894.39
Country_146,2013,5013.95
Country_146,2014,5070.97
Country_146,2015,5292.46
Country_146,2016,5503.28
Country_146,2017,5571.57
Country_146,2018,5824.37
Country_146,2019,5974.88
Country_146,2020,6233.72
Country_146,2021,6466.15
Country_146,2022,6694.92
Country_146,2023,6961.02
Country_147,1900,347.03
Country_147,1901,352.91
Country_147,1902,353.2
Country_147,1903,350.98
Country_147,1904,352.05
Country_147,1905,348.23
Country_147,1906,352.7
Country_147,1907,358.41
Country_147,1908,357.56
Country_147,1909,350.38
Country_147,1910,350.99
Country_147,1911,353.97
Country_147,1912,355.37
Country_147,1913,350.6
Country_147,1914,349.97
Country_147,1915,346.63
Country_147,1916,348.96
Country_147,1917,351.85
Country_147,1918,351.6
Country_147,1919,351.34
Country_147,1920,352.0
Country_147,1921,347.74
Country_147,1922,344.52
Country_147,1923,352.91
Country_147,1924,355.94
Country_147,1925,341.79
Country_147,1926,355.25
Country_147,1927,348.68
Country_147,1928,352.22
Country_147,1929,356.09
Country_147,1930,347.3
Country_147,1931,349.56
Country_147,1932,357.29
Country_147,1933,351.72
Country_147,1934,345.66
Country_147,1935,356.25
Country_147,1936,346.86
Country_147,1937,346.86
Country_147,1938,349.59
Country_147,1939,351.42
Country_147,1940,347.96
Country_147,1941,356.37
Country_147,1942,348.94
Country_147,1943,345.04
Country_147,1944,348.44
Country_147,1945,354.25
Country_147,1946,346.12
Country_147,1947,354.21
Country_147,1948,363.12
Country_147,1949,347.39
Country_147,1950,364.75
Country_147,1951,365.51
Country_147,1952,379.62
Country_147,1953,383.12
Country_147,1954,397.94
Country_147,1955,410.54
Country_147,1956,420.79
Country_147,1957,409.15
Country_147,1958,445.58
Country_147,1959,445.64
Country_147,1960,453.39
Country_147,1961,474.66
Country_147,1962,480.2
Country_147,1963,489.18
Country_147,1964,509.62
Country_147,1965,531.69
Country_147,1966,553.67
Country_147,1967,555.59
Country_147,1968,587.99
Country_147,1969,614.85
Country_147,1970,629.35
Country_147,1971,644.26
Country_147,1972,665.37
Country_147,1973,668.05
Country_147,1974,674.78
Country_147,1975,707.11
Country_147,1976,731.8
Country_147,1977,745.82
Country_147,1978,761.14
Country_147,1979,778.97
Country_147,1980,789.42
Country_147,1981,809.11
Country_147,1982,818.27
Country_147,1983,851.75
Country_147,1984,872.19
Country_147,1985,913.26
Country_147,1986,940.17
Country_147,1987,992.57
Country_147,1988,1005.32
Country_147,1989,1023.68
Country_147,1990,1056.3
Country_147,1991,1100.4
Country_147,1992,1130.67
Country_147,1993,1148.79
Country_147,1994,1185.12
Country_147,1995,1229.93
Country_147,1996,1282.51
Country_147,1997,1323.4
Country_147,1998,1380.13
Country_147,1999,1437.74
Country_147,2000,1462.68
Country_147,2001,1533.3
Country_147,2002,1575.22
Country_147,2003,1599.77
Country_147,2004,1621.94
Country_147,2005,1643.12
Country_147,2006,1666.77
Country_147,2007,1726.9
Country_147,2008,1811.79
Country_147,2009,1870.34
Country_147,2010,1942.47
Country_147,2011,2017.76
Country_147,2012,2128.12
Country_147,2013,2202.09
Country_147,2014,2247.42
Country_147,2015,2272.46
Country_147,2016,2395.36
Country_147,2017,2480.85
Country_147,2018,2586.63
Country_147,2019,2618.93
Country_147,2020,2715.25
Country_147,2021,2783.62
Country_147,2022,2869.7
Country_147,2023,2927.5
Country_148,1900,66.36
Country_148,1901,68.12
Country_148,1902,69.83
Country_148,1903,58.72
Country_148,1904,63.45
Country_148,1905,62.53
Country_148,1906,59.93
Country_148,1907,72.6
Country_148,1908,65.61
Country_148,1909,53.98
Country_148,1910,69.09
Country_148,1911,72.22
Country_148,1912,59.13
Country_148,1913,73.06
Country_148,1914,70.98
Country_148,1915,65.89
Country_148,1916,65.7
Country_148,1917,67.85
Country_148,1918,72.15
Country_148,1919,53.73
Country_148,1920,69.6
Country_148,1921,62.86
Country_148,1922,59.86
Country_148,1923,76.81
Country_148,1924,67.4
Country_148,1925,59.13
Country_148,1926,65.39
Country_148,1927,64.88
Country_148,1928,70.43
Country_148,1929,75.34
Country_148,1930,66.39
Country_148,1931,68.18
Country_148,1932,67.89
Country_148,1933,69.1
Country_148,1934,70.29
Country_148,1935,69.88
Country_148,1936,77.79
Country_148,1937,62.29
Country_148,1938,81.71
Country_148,1939,71.91
Country_148,1940,62.9
Country_148,1941,75.49
Country_148,1942,72.0
Country_148,1943,70.96
Country_148,1944,64.14
Country_148,1945,72.72
Country_148,1946,65.74
Country_148,1947,72.51
Country_148,1948,62.39
Country_148,1949,64.13
Country_148,1950,68.98
Country_148,1951,76.46
Country_148,1952,74.49
Country_148,1953,78.03
Country_148,1954,77.33
Country_148,1955,84.66
Country_148,1956,89.52
Country_148,1957,89.28
Country_148,1958,92.94
Country_148,1959,100.94
Country_148,1960,94.05
Country_148,1961,101.95
Country_148,1962,102.7
Country_148,1963,110.12
Country_148,1964,106.0
Country_148,1965,109.91
Country_148,1966,109.01
Country_148,1967,109.89
Country_148,1968,120.16
Country_148,1969,122.77
Country_148,1970,127.74
Country_148,1971,139.13
Country_148,1972,134.64
Country_148,1973,129.47
Country_148,1974,141.34
Country_148,1975,142.37
Country_148,1976,148.49
Country_148,1977,149.1
Country_148,1978,159.34
Country_148,1979,155.21
Country_148,1980,171.99
Country_148,1981,182.89
Country_148,1982,180.06
Country_148,1983,185.9
Country_148,1984,190.62
Country_148,1985,196.22
Country_148,1986,203.84
Country_148,1987,217.09
Country_148,1988,217.07
Country_148,1989,228.41
Country_148,1990,240.55
Country_148,1991,246.68
Country_148,1992,247.43
Country_148,1993,262.1
Country_148,1994,262.37
Country_148,1995,266.55
Country_148,1996,268.61
Country_148,1997,287.14
Country_148,1998,296.78
Country_148,1999,318.58
Country_148,2000,327.09
Country_148,2001,323.41
Country_148,2002,331.43
Country_148,2003,350.93
Country_148,2004,363.44
Country_148,2005,369.67
Country_148,2006,384.47
Country_148,2007,387.21
Country_148,2008,390.33
Country_148,2009,398.68
Country_148,2010,408.81
Country_148,2011,419.8
Country_148,2012,421.98
Country_148,2013,438.54
Country_148,2014,466.29
Country_148,2015,472.26
Country_148,2016,495.51
Country_148,2017,518.81
Country_148,2018,530.34
Country_148,2019,536.37
Country_148,2020,560.2
Country_148,2021,589.12
Country_148,2022,603.36
Country_148,2023,631.83
Country_149,1900,377.98
Country_149,1901,389.79
Country_149,1902,374.19
Country_149,1903,373.37
Country_149,1904,382.48
Country_149,1905,375.77
Country_149,1906,371.73
Country_149,1907,380.56
Country_149,1908,387.34
Country_149,1909,379.32
Country_149,1910,382.93
Country_149,1911,389.82
Country_149,1912,381.64
Country_149,1913,372.6
Country_149,1914,378.83
Country_149,1915,371.44
Country_149,1916,380.38
Country_149,1917,372.13
Country_149,1918,379.8
Country_149,1919,376.24
Country_149,1920,377.11
Country_149,1921,378.71
Country_149,1922,377.36
Country_149,1923,385.71
Country_149,1924,377.42
Country_149,1925,375.21
Country_149,1926,377.19
Country_149,1927,373.9
Country_149,1928,376.21
Country_149,1929,379.41
Country_149,1930,384.16
Country_149,1931,389.96
Country_149,1932,375.98
Country_149,1933,381.58
Country_149,1934,372.03
Country_149,1935,384.09
Country_149,1936,382.63
Country_149,1937,375.03
Country_149,1938,380.1
Country_149,1939,373.57
Country_149,1940,382.77
Country_149,1941,384.05
Country_149,1942,371.07
Country_149,1943,371.34
Country_149,1944,374.66
Country_149,1945,383.68
Country_149,1946,385.52
Country_149,1947,375.43
Country_149,1948,375.24
Country_149,1949,377.9
Country_149,1950,381.49
Country_149,1951,410.78
Country_149,1952,408.94
Country_149,1953,414.0
Country_149,1954,431.1
Country_149,1955,436.61
Country_149,1956,448.64
Country_149,1957,459.34
Country_149,1958,475.23
Country_149,1959,487.45
Country_149,1960,485.33
Country_149,1961,509.57
Country_149,1962,528.7
Country_149,1963,555.57
Country_149,1964,584.46
Country_149,1965,602.34
Country_149,1966,620.34
Country_149,1967,630.36
Country_149,1968,657.04
Country_149,1969,681.05
Country_149,1970,715.9
Country_149,1971,737.74
Country_149,1972,779.17
Country_149,1973,808.98
Country_149,1974,843.96
Country_149,1975,844.85
Country_149,1976,869.68
Country_149,1977,893.51
Country_149,1978,903.07
Country_149,1979,927.09
Country_149,1980,940.79
Country_149,1981,972.14
Country_149,1982,969.66
Country_149,1983,1016.73
Country_149,1984,1031.14
Country_149,1985,1074.74
Country_149,1986,1103.81
Country_149,1987,1128.04
Country_149,1988,1165.05
Country_149,1989,1221.71
Country_149,1990,1274.59
Country_149,1991,1328.65
Country_149,1992,1387.74
Country_149,1993,1444.5
Country_149,1994,1470.51
Country_149,1995,1539.83
Country_149,1996,1592.97
Country_149,1997,1621.21
Country_149,1998,1689.38
Country_149,1999,1731.45
Country_149,2000,1809.81
Country_149,2001,1894.24
Country_149,2002,1926.76
Country_149,2003,1986.93
Country_149,2004,2008.19
Country_149,2005,2104.83
Country_149,2006,2177.03
Country_149,2007,2254.17
Country_149,2008,2301.37
Country_149,2009,2373.48
Country_149,2010,2474.49
Country_149,2011,2560.79
Country_149,2012,2674.32
Country_149,2013,2805.19
Country_149,2014,2897.56
Country_149,2015,2963.97
Country_149,2016,3041.14
Country_149,2017,3121.57
Country_149,2018,3276.78
Country_149,2019,3342.85
Country_149,2020,3506.95
Country_149,2021,3548.14
Country_149,2022,3632.0
Country_149,2023,3711.14
Country_150,1900,747.06
Country_150,1901,744.96
Country_150,1902,742.07
Country_150,1903,741.39
Country_150,1904,750.51
Country_150,1905,756.38
Country_150,1906,752.59
Country_150,1907,746.92
Country_150,1908,745.91
Country_150,1909,749.18
Country_150,1910,748.47
Country_150,1911,746.73
Country_150,1912,754.42
Country_150,1913,758.13
Country_150,1914,755.47
Country_150,1915,748.44
Country_150,1916,753.82
Country_150,1917,753.71
Country_150,1918,760.68
Country_150,1919,748.79
Country_150,1920,745.35
Country_150,1921,745.9
Country_150,1922,754.79
Country_150,1923,749.16
Country_150,1924,749.08
Country_150,1925,752.21
Country_150,1926,750.53
Country_150,1927,753.25
Country_150,1928,750.89
Country_150,1929,753.97
Country_150,1930,745.55
Country_150,1931,741.01
Country_150,1932,765.42
Country_150,1933,757.6
Country_150,1934,752.23
Country_150,1935,755.95
Country_150,1936,744.22
Country_150,1937,766.61
Country_150,1938,755.42
Country_150,1939,746.44
Country_150,1940,755.13
Country_150,1941,751.17
Country_150,1942,756.02
Country_150,1943,757.36
Country_150,1944,747.14
Country_150,1945,746.34
Country_150,1946,743.85
Country_150,1947,761.17
Country_150,1948,756.42
Country_150,1949,748.04
Country_150,1950,766.61
Country_150,1951,804.22
Country_150,1952,825.61
Country_150,1953,856.31
Country_150,1954,884.38
Country_150,1955,914.62
Country_150,1956,944.23
Country_150,1957,985.65
Country_150,1958,1015.77
Country_150,1959,1040.36
Country_150,1960,1079.28
Country_150,1961,1124.27
Country_150,1962,1159.35
Country_150,1963,1207.1
Country_150,1964,1257.6
Country_150,1965,1304.85
Country_150,1966,1354.37
Country_150,1967,1414.95
Country_150,1968,1472.7
Country_150,1969,1508.63
Country_150,1970,1572.65
Country_150,1971,1627.83
Country_150,1972,1647.19
Country_150,1973,1704.1
Country_150,1974,1730.81
Country_150,1975,1808.77
Country_150,1976,1875.75
Country_150,1977,1936.55
Country_150,1978,2013.35
Country_150,1979,2090.69
Country_150,1980,2200.55
Country_150,1981,2262.03
Country_150,1982,2331.51
Country_150,1983,2413.8
Country_150,1984,2514.92
Country_150,1985,2593.31
Country_150,1986,2713.74
Country_150,1987,2768.9
Country_150,1988,2826.68
Country_150,1989,2887.55
Country_150,1990,3017.67
Country_150,1991,3082.76
Country_150,1992,3162.67
Country_150,1993,3257.58
Country_150,1994,3316.44
Country_150,1995,3416.39
Country_150,1996,3466.63
Country_150,1997,3507.72
Country_150,1998,3667.17
Country_150,1999,3764.29
Country_150,2000,3921.62
Country_150,2001,4053.95
Country_150,2002,4228.12
Country_150,2003,4331.12
Country_150,2004,4387.13
Country_150,2005,4597.2
Country_150,2006,4764.97
Country_150,2007,4844.15
Country_150,2008,4919.09
Country_150,2009,5055.13
Country_150,2010,5252.94
Country_150,2011,5411.68
Country_150,2012,5608.48
Country_150,2013,5714.94
Country_150,2014,5932.94
Country_150,2015,6014.74
Country_150,2016,6153.24
Country_150,2017,6281.63
Country_150,2018,6579.36
Country_150,2019,6793.39
Country_150,2020,6988.92
Country_150,2021,7302.37
Country_150,2022,7574.26
Country_150,2023,7861.29
Country_151,1900,561.56
Country_151,1901,555.81
Country_151,1902,554.48
Country_151,1903,549.88
Country_151,1904,553.33
Country_151,1905,562.09
Country_151,1906,552.88
Country_151,1907,554.95
Country_151,1908,553.88
Country_151,1909,553.72
Country_151,1910,559.95
Country_151,1911,547.03
Country_151,1912,556.41
Country_151,1913,545.22
Country_151,1914,554.4
Country_151,1915,553.58
Country_151,1916,554.99
Country_151,1917,558.52
Country_151,1918,559.12
Country_151,1919,564.55
Country_151,1920,552.51
Country_151,1921,567.82
Country_151,1922,551.72
Country_151,1923,554.67
Country_151,1924,558.26
Country_151,1925,558.49
Country_151,1926,557.58
Country_151,1927,543.71
Country_151,1928,552.03
Country_151,1929,557.84
Country_151,1930,552.6
Country_151,1931,549.63
Country_151,1932,556.81
Country_151,1933,543.68
Country_151,1934,553.69
Country_151,1935,558.31
Country_151,1936,560.43
Country_151,1937,554.97
Country_151,1938,552.27
Country_151,1939,549.59
Country_151,1940,552.77
Country_151,1941,550.82
Country_151,1942,558.76
Country_151,1943,556.38
Country_151,1944,548.75
Country_151,1945,548.85
Country_151,1946,555.28
Country_151,1947,555.64
Country_151,1948,557.39
Country_151,1949,557.7
Country_151,1950,575.21
Country_151,1951,608.64
Country_151,1952,611.58
Country_151,1953,627.4
Country_151,1954,650.66
Country_151,1955,679.01
Country_151,1956,698.33
Country_151,1957,722.75
Country_151,1958,760.47
Country_151,1959,783.36
Country_151,1960,793.57
Country_151,1961,823.77
Country_151,1962,847.74
Country_151,1963,882.27
Country_151,1964,919.45
Country_151,1965,938.13
Country_151,1966,976.05
Country_151,1967,1010.47
Country_151,1968,1021.87
Country_151,1969,1047.31
Country_151,1970,1073.19
Country_151,1971,1112.64
Country_151,1972,1164.57
Country_151,1973,1199.44
Country_151,1974,1217.65
Country_151,1975,1242.7
Country_151,1976,1271.89
Country_151,1977,1310.93
Country_151,1978,1332.73
Country_151,1979,1357.77
Country_151,1980,1398.81
Country_151,1981,1468.87
Country_151,1982,1510.73
Country_151,1983,1549.32
Country_151,1984,1573.0
Country_151,1985,1632.24
Country_151,1986,1676.81
Country_151,1987,1755.41
Country_151,1988,1840.07
Country_151,1989,1925.59
Country_151,1990,1954.54
Country_151,1991,2048.73
Country_151,1992,2087.84
Country_151,1993,2141.44
Country_151,1994,2215.52
Country_151,1995,2307.21
Country_151,1996,2404.17
Country_151,1997,2475.92
Country_151,1998,2565.69
Country_151,1999,2609.77
Country_151,2000,2684.66
Country_151,2001,2816.81
Country_151,2002,2904.22
Country_151,2003,2953.33
Country_151,2004,3019.41
Country_151,2005,3156.37
Country_151,2006,3230.88
Country_151,2007,3307.57
Country_151,2008,3441.11
Country_151,2009,3482.47
Country_151,2010,3541.42
Country_151,2011,3651.24
Country_151,2012,3752.87
Country_151,2013,3880.97
Country_151,2014,4053.27
Country_151,2015,4158.05
Country_151,2016,4335.42
Country_151,2017,4553.86
Country_151,2018,4619.28
Country_151,2019,4805.8
Country_151,2020,4957.17
Country_151,2021,5132.16
Country_151,2022,5284.29
Country_151,2023,5411.81
Country_152,1900,25.31
Country_152,1901,30.38
Country_152,1902,33.28
Country_152,1903,34.8
Country_152,1904,32.04
Country_152,1905,30.7
Country_152,1906,32.03
Country_152,1907,34.03
Country_152,1908,28.51
Country_152,1909,23.34
Country_152,1910,27.34
Country_152,1911,30.6
Country_152,1912,30.78
Country_152,1913,33.77
Country_152,1914,29.54
Country_152,1915,36.27
Country_152,1916,29.71
Country_152,1917,30.15
Country_152,1918,42.13
Country_152,1919,27.8
Country_152,1920,35.95
Country_152,1921,27.84
Country_152,1922,33.5
Country_152,1923,25.02
Country_152,1924,41.51
Country_152,1925,33.79
Country_152,1926,37.91
Country_152,1927,34.43
Country_152,1928,33.43
Country_152,1929,35.25
Country_152,1930,25.06
Country_152,1931,32.36
Country_152,1932,39.49
Country_152,1933,21.06
Country_152,1934,39.56
Country_152,1935,27.2
Country_152,1936,26.75
Country_152,1937,41.93
Country_152,1938,29.1
Country_152,1939,39.16
Country_152,1940,28.44
Country_152,1941,33.79
Country_152,1942,29.96
Country_152,1943,28.28
Country_152,1944,33.24
Country_152,1945,28.34
Country_152,1946,27.26
Country_152,1947,37.29
Country_152,1948,26.32
Country_152,1949,30.56
Country_152,1950,30.01
Country_152,1951,34.8
Country_152,1952,43.23
Country_152,1953,40.46
Country_152,1954,30.66
Country_152,1955,37.6
Country_152,1956,29.89
Country_152,1957,40.69
Country_152,1958,43.78
Country_152,1959,47.53
Country_152,1960,46.02
Country_152,1961,50.22
Country_152,1962,45.51
Country_152,1963,46.15
Country_152,1964,54.25
Country_152,1965,63.53
Country_152,1966,48.41
Country_152,1967,46.15
Country_152,1968,53.67
Country_152,1969,59.12
Country_152,1970,61.3
Country_152,1971,58.59
Country_152,1972,71.65
Country_152,1973,65.49
Country_152,1974,65.66
Country_152,1975,66.56
Country_152,1976,81.13
Country_152,1977,77.41
Country_152,1978,82.25
Country_152,1979,71.46
Country_152,1980,81.32
Country_152,1981,77.98
Country_152,1982,76.81
Country_152,1983,77.98
Country_152,1984,87.1
Country_152,1985,86.86
Country_152,1986,97.62
Country_152,1987,104.18
Country_152,1988,97.71
Country_152,1989,96.4
Country_152,1990,97.35
Country_152,1991,96.65
Country_152,1992,105.25
Country_152,1993,102.74
Country_152,1994,113.21
Country_152,1995,112.34
Country_152,1996,120.31
Country_152,1997,120.28
Country_152,1998,121.23
Country_152,1999,126.19
Country_152,2000,140.99
Country_152,2001,144.12
Country_152,2002,142.46
Country_152,2003,146.21
Country_152,2004,159.51
Country_152,2005,165.07
Country_152,2006,168.73
Country_152,2007,165.66
Country_152,2008,167.76
Country_152,2009,188.24
Country_152,2010,182.34
Country_152,2011,207.6
Country_152,2012,199.61
Country_152,2013,209.28
Country_152,2014,212.01
Country_152,2015,211.25
Country_152,2016,206.69
Country_152,2017,211.49
Country_152,2018,218.64
Country_152,2019,228.31
Country_152,2020,241.76
Country_152,2021,243.54
Country_152,2022,250.77
Country_152,2023,260.74
Country_153,1900,550.76
Country_153,1901,542.66
Country_153,1902,537.85
Country_153,1903,545.91
Country_153,1904,538.86
Country_153,1905,547.85
Country_153,1906,543.94
Country_153,1907,531.9
Country_153,1908,547.39
Country_153,1909,540.83
Country_153,1910,546.95
Country_153,1911,546.99
Country_153,1912,548.33
Country_153,1913,548.73
Country_153,1914,534.84
Country_153,1915,537.46
Country_153,1916,548.98
Country_153,1917,549.72
Country_153,1918,546.17
Country_153,1919,542.1
Country_153,1920,543.85
Country_153,1921,541.99
Country_153,1922,537.21
Country_153,1923,540.26
Country_153,1924,536.23
Country_153,1925,542.92
Country_153,1926,536.27
Country_153,1927,536.29
Country_153,1928,543.09
Country_153,1929,550.07
Country_153,1930,546.11
Country_153,1931,536.58
Country_153,1932,537.21
Country_153,1933,543.49
Country_153,1934,545.27
Country_153,1935,538.73
Country_153,1936,546.44
Country_153,1937,536.66
Country_153,1938,535.0
Country_153,1939,540.07
Country_153,1940,547.18
Country_153,1941,547.7
Country_153,1942,540.05
Country_153,1943,543.22
Country_153,1944,545.36
Country_153,1945,541.88
Country_153,1946,541.39
Country_153,1947,553.99
Country_153,1948,547.44
Country_153,1949,542.76
Country_153,1950,556.89
Country_153,1951,572.48
Country_153,1952,596.43
Country_153,1953,609.32
Country_153,1954,627.83
Country_153,1955,634.98
Country_153,1956,662.2
Country_153,1957,664.9
Country_153,1958,688.96
Country_153,1959,710.68
Country_153,1960,742.43
Country_153,1961,752.77
Country_153,1962,756.44
Country_153,1963,777.89
Country_153,1964,778.59
Country_153,1965,802.57
Country_153,1966,854.8
Country_153,1967,876.1
Country_153,1968,907.94
Country_153,1969,915.34
Country_153,1970,957.46
Country_153,1971,996.06
Country_153,1972,1044.56
Country_153,1973,1072.47
Country_153,1974,1123.36
Country_153,1975,1164.88
Country_153,1976,1207.4
Country_153,1977,1266.63
Country_153,1978,1291.99
Country_153,1979,1334.99
Country_153,1980,1368.5
Country_153,1981,1416.85
Country_153,1982,1440.33
Country_153,1983,1486.86
Country_153,1984,1541.28
Country_153,1985,1614.0
Country_153,1986,1637.6
Country_153,1987,1669.82
Country_153,1988,1731.31
Country_153,1989,1781.63
Country_153,1990,1854.71
Country_153,1991,1939.46
Country_153,1992,1961.71
Country_153,1993,1994.35
Country_153,1994,2020.74
Country_153,1995,2057.81
Country_153,1996,2140.62
Country_153,1997,2237.2
Country_153,1998,2331.76
Country_153,1999,2365.95
Country_153,2000,2435.89
Country_153,2001,2465.12
Country_153,2002,2550.6
Country_153,2003,2590.02
Country_153,2004,2676.96
Country_153,2005,2810.92
Country_153,2006,2923.5
Country_153,2007,3015.63
Country_153,2008,3074.92
Country_153,2009,3215.36
Country_153,2010,3263.41
Country_153,2011,3368.92
Country_153,2012,3461.7
Country_153,2013,3519.82
Country_153,2014,3593.34
Country_153,2015,3746.18
Country_153,2016,3917.03
Country_153,2017,4112.36
Country_153,2018,4216.74
Country_153,2019,4386.37
Country_153,2020,4596.97
Country_153,2021,4739.8
Country_153,2022,4861.32
Country_153,2023,5084.04
Country_154,1900,913.01
Country_154,1901,916.68
Country_154,1902,926.03
Country_154,1903,913.87
Country_154,1904,910.33
Country_154,1905,913.5
Country_154,1906,918.76
Country_154,1907,913.83
Country_154,1908,911.27
Country_154,1909,913.8
Country_154,1910,915.64
Country_154,1911,912.52
Country_154,1912,912.21
Country_154,1913,913.05
Country_154,1914,907.16
Country_154,1915,912.6
Country_154,1916,917.14
Country_154,1917,909.23
Country_154,1918,908.56
Country_154,1919,916.58
Country_154,1920,902.05
Country_154,1921,915.02
Country_154,1922,906.13
Country_154,1923,912.3
Country_154,1924,906.83
Country_154,1925,907.6
Country_154,1926,902.15
Country_154,1927,917.73
Country_154,1928,907.89
Country_154,1929,912.65
Country_154,1930,919.45
Country_154,1931,919.97
Country_154,1932,913.0
Country_154,1933,912.65
Country_154,1934,913.67
Country_154,1935,908.51
Country_154,1936,905.71
Country_154,1937,905.87
Country_154,1938,910.09
Country_154,1939,910.19
Country_154,1940,907.95
Country_154,1941,920.33
Country_154,1942,906.35
Country_154,1943,916.66
Country_154,1944,911.81
Country_154,1945,899.22
Country_154,1946,910.14
Country_154,1947,916.99
Country_154,1948,912.26
Country_154,1949,908.58
Country_154,1950,921.55
Country_154,1951,941.78
Country_154,1952,968.43
Country_154,1953,1009.68
Country_154,1954,1013.55
Country_154,1955,1063.71
Country_154,1956,1099.37
Country_154,1957,1128.55
Country_154,1958,1159.13
Country_154,1959,1200.88
Country_154,1960,1257.98
Country_154,1961,1253.5
Country_154,1962,1283.1
Country_154,1963,1348.46
Country_154,1964,1387.19
Country_154,1965,1461.59
Country_154,1966,1503.61
Country_154,1967,1572.48
Country_154,1968,1639.93
Country_154,1969,1684.91
Country_154,1970,1715.95
Country_154,1971,1769.04
Country_154,1972,1829.12
Country_154,1973,1885.5
Country_154,1974,1963.44
Country_154,1975,2009.27
Country_154,1976,2083.26
Country_154,1977,2172.48
Country_154,1978,2198.66
Country_154,1979,2323.74
Country_154,1980,2399.37
Country_154,1981,2444.5
Country_154,1982,2561.94
Country_154,1983,2662.8
Country_154,1984,2766.21
Country_154,1985,2862.21
Country_154,1986,2937.59
Country_154,1987,2977.92
Country_154,1988,3101.02
Country_154,1989,3227.27
Country_154,1990,3262.8
Country_154,1991,3298.86
Country_154,1992,3432.88
Country_154,1993,3591.55
Country_154,1994,3720.04
Country_154,1995,3834.06
Country_154,1996,3997.31
Country_154,1997,4096.64
Country_154,1998,4160.68
Country_154,1999,4345.99
Country_154,2000,4539.34
Country_154,2001,4678.22
Country_154,2002,4753.72
Country_154,2003,4873.5
Country_154,2004,4942.23
Country_154,2005,5110.74
Country_154,2006,5237.54
Country_154,2007,5448.39
Country_154,2008,5593.92
Country_154,2009,5803.37
Country_154,2010,5989.01
Country_154,2011,6179.7
Country_154,2012,6298.27
Country_154,2013,6485.28
Country_154,2014,6754.51
Country_154,2015,7086.12
Country_154,2016,7258.73
Country_154,2017,7509.99
Country_154,2018,7605.64
Country_154,2019,7704.7
Country_154,2020,7912.59
Country_154,2021,8034.33
Country_154,2022,8219.6
Country_154,2023,8568.16
Country_155,1900,755.49
Country_155,1901,766.25
Country_155,1902,763.76
Country_155,1903,766.51
Country_155,1904,759.6
Country_155,1905,755.34
Country_155,1906,759.23
Country_155,1907,757.9
Country_155,1908,767.04
Country_155,1909,757.84
Country_155,1910,771.56
Country_155,1911,765.62
Country_155,1912,760.96
Country_155,1913,757.79
Country_155,1914,753.76
Country_155,1915,754.27
Country_155,1916,752.06
Country_155,1917,752.84
Country_155,1918,768.72
Country_155,1919,765.04
Country_155,1920,765.72
Country_155,1921,757.62
Country_155,1922,758.5
Country_155,1923,763.7
Country_155,1924,762.34
Country_155,1925,764.23
Country_155,1926,760.77
Country_155,1927,753.11
Country_155,1928,755.3
Country_155,1929,757.55
Country_155,1930,763.07
Country_155,1931,754.78
Country_155,1932,747.22
Country_155,1933,750.04
Country_155,1934,755.72
Country_155,1935,761.55
Country_155,1936,756.12
Country_155,1937,755.67
Country_155,1938,759.35
Country_155,1939,760.41
Country_155,1940,764.31
Country_155,1941,759.77
Country_155,1942,756.29
Country_155,1943,763.39
Country_155,1944,760.43
Country_155,1945,757.77
Country_155,1946,760.83
Country_155,1947,757.23
Country_155,1948,762.67
Country_155,1949,768.01
Country_155,1950,777.48
Country_155,1951,806.91
Country_155,1952,850.85
Country_155,1953,875.41
Country_155,1954,884.58
Country_155,1955,913.0
Country_155,1956,941.85
Country_155,1957,974.93
Country_155,1958,1010.41
Country_155,1959,1043.45
Country_155,1960,1087.03
Country_155,1961,1128.87
Country_155,1962,1187.52
Country_155,1963,1231.69
Country_155,1964,1276.4
Country_155,1965,1332.61
Country_155,1966,1376.33
Country_155,1967,1429.58
Country_155,1968,1505.18
Country_155,1969,1562.47
Country_155,1970,1621.74
Country_155,1971,1666.66
Country_155,1972,1726.43
Country_155,1973,1760.84
Country_155,1974,1841.78
Country_155,1975,1883.33
Country_155,1976,1925.75
Country_155,1977,1959.08
Country_155,1978,2001.62
Country_155,1979,2029.95
Country_155,1980,2059.02
Country_155,1981,2151.14
Country_155,1982,2171.72
Country_155,1983,2253.16
Country_155,1984,2318.89
Country_155,1985,2376.91
Country_155,1986,2494.84
Country_155,1987,2577.95
Country_155,1988,2647.68
Country_155,1989,2756.96
Country_155,1990,2861.18
Country_155,1991,2999.73
Country_155,1992,3064.82
Country_155,1993,3166.42
Country_155,1994,3273.73
Country_155,1995,3410.55
Country_155,1996,3459.36
Country_155,1997,3546.51
Country_155,1998,3689.67
Country_155,1999,3841.32
Country_155,2000,3906.03
Country_155,2001,3971.15
Country_155,2002,4062.49
Country_155,2003,4221.25
Country_155,2004,4319.52
Country_155,2005,4366.82
Country_155,2006,4580.74
Country_155,2007,4668.55
Country_155,2008,4810.02
Country_155,2009,4928.57
Country_155,2010,5116.83
Country_155,2011,5231.24
Country_155,2012,5478.02
Country_155,2013,5711.31
Country_155,2014,5899.7
Country_155,2015,5988.49
Country_155,2016,6060.98
Country_155,2017,6243.96
Country_155,2018,6462.58
Country_155,2019,6767.24
Country_155,2020,7005.1
Country_155,2021,7335.17
Country_155,2022,7583.37
Country_155,2023,7833.19
Country_156,1900,889.81
Country_156,1901,897.35
Country_156,1902,898.81
Country_156,1903,895.49
Country_156,1904,894.86
Country_156,1905,891.2
Country_156,1906,895.52
Country_156,1907,896.85
Country_156,1908,899.31
Country_156,1909,900.11
Country_156,1910,901.77
Country_156,1911,906.18
Country_156,1912,897.96
Country_156,1913,893.9
Country_156,1914,894.66
Country_156,1915,894.75
Country_156,1916,906.5
Country_156,1917,897.13
Country_156,1918,899.99
Country_156,1919,899.89
Country_156,1920,898.17
Country_156,1921,896.88
Country_156,1922,899.94
Country_156,1923,897.91
Country_156,1924,903.32
Country_156,1925,900.95
Country_156,1926,907.61
Country_156,1927,898.7
Country_156,1928,894.77
Country_156,1929,900.31
Country_156,1930,890.81
Country_156,1931,901.04
Country_156,1932,893.3
Country_156,1933,895.13
Country_156,1934,891.1
Country_156,1935,895.04
Country_156,1936,899.72
Country_156,1937,904.66
Country_156,1938,895.86
Country_156,1939,889.08
Country_156,1940,888.11
Country_156,1941,897.65
Country_156,1942,903.77
Country_156,1943,896.28
Country_156,1944,902.26
Country_156,1945,888.17
Country_156,1946,894.12
Country_156,1947,897.97
Country_156,1948,889.31
Country_156,1949,900.92
Country_156,1950,919.74
Country_156,1951,958.03
Country_156,1952,979.9
Country_156,1953,1015.14
Country_156,1954,1056.71
Country_156,1955,1090.19
Country_156,1956,1111.39
Country_156,1957,1160.02
Country_156,1958,1204.84
Country_156,1959,1254.15
Country_156,1960,1274.3
Country_156,1961,1302.25
Country_156,1962,1350.36
Country_156,1963,1402.34
Country_156,1964,1424.39
Country_156,1965,1462.2
Country_156,1966,1522.78
Country_156,1967,1571.48
Country_156,1968,1643.07
Country_156,1969,1664.55
Country_156,1970,1719.49
Country_156,1971,1808.2
Country_156,1972,1884.72
Country_156,1973,1935.05
Country_156,1974,1989.34
Country_156,1975,2055.71
Country_156,1976,2104.85
Country_156,1977,2174.68
Country_156,1978,2255.36
Country_156,1979,2291.5
Country_156,1980,2373.2
Country_156,1981,2491.7
Country_156,1982,2537.81
Country_156,1983,2607.16
Country_156,1984,2676.31
Country_156,1985,2781.14
Country_156,1986,2893.58
Country_156,1987,2998.53
Country_156,1988,3114.86
Country_156,1989,3167.46
Country_156,1990,3245.63
Country_156,1991,3367.34
Country_156,1992,3452.04
Country_156,1993,3519.39
Country_156,1994,3605.24
Country_156,1995,3691.69
Country_156,1996,3856.11
Country_156,1997,3959.77
Country_156,1998,4127.29
Country_156,1999,4274.87
Country_156,2000,4462.59
Country_156,2001,4679.07
Country_156,2002,4824.67
Country_156,2003,4910.09
Country_156,2004,4999.46
Country_156,2005,5095.18
Country_156,2006,5218.99
Country_156,2007,5295.12
Country_156,2008,5417.42
Country_156,2009,5493.68
Country_156,2010,5644.65
Country_156,2011,5855.38
Country_156,2012,6128.12
Country_156,2013,6250.96
Country_156,2014,6414.99
Country_156,2015,6506.66
Country_156,2016,6813.65
Country_156,2017,6892.58
Country_156,2018,7094.09
Country_156,2019,7174.42
Country_156,2020,7433.36
Country_156,2021,7689.22
Country_156,2022,7794.99
Country_156,2023,7912.93
Country_157,1900,129.43
Country_157,1901,129.93
Country_157,1902,128.31
Country_157,1903,139.91
Country_157,1904,124.05
Country_157,1905,125.56
Country_157,1906,123.83
Country_157,1907,128.05
Country_157,1908,129.52
Country_157,1909,131.16
Country_157,1910,129.14
Country_157,1911,128.05
Country_157,1912,126.44
Country_157,1913,128.38
Country_157,1914,131.44
Country_157,1915,128.76
Country_157,1916,140.14
Country_157,1917,135.21
Country_157,1918,131.49
Country_157,1919,133.06
Country_157,1920,128.12
Country_157,1921,132.06
Country_157,1922,133.94
Country_157,1923,123.35
Country_157,1924,131.67
Country_157,1925,132.49
Country_157,1926,127.99
Country_157,1927,132.85
Country_157,1928,130.77
Country_157,1929,130.03
Country_157,1930,129.51
Country_157,1931,134.46
Country_157,1932,120.62
Country_157,1933,129.47
Country_157,1934,143.74
Country_157,1935,134.1
Country_157,1936,124.96
Country_157,1937,130.11
Country_157,1938,132.27
Country_157,1939,128.89
Country_157,1940,133.49
Country_157,1941,129.81
Country_157,1942,134.08
Country_157,1943,131.35
Country_157,1944,127.65
Country_157,1945,128.41
Country_157,1946,128.05
Country_157,1947,134.94
Country_157,1948,129.69
Country_157,1949,129.6
Country_157,1950,136.34
Country_157,1951,133.1
Country_157,1952,136.53
Country_157,1953,142.2
Country_157,1954,145.45
Country_157,1955,149.8
Country_157,1956,155.41
Country_157,1957,164.22
Country_157,1958,173.02
Country_157,1959,174.25
Country_157,1960,194.83
Country_157,1961,186.25
Country_157,1962,194.99
Country_157,1963,210.63
Country_157,1964,214.91
Country_157,1965,226.82
Country_157,1966,228.58
Country_157,1967,234.52
Country_157,1968,248.17
Country_157,1969,266.21
Country_157,1970,268.76
Country_157,1971,281.43
Country_157,1972,287.04
Country_157,1973,306.83
Country_157,1974,316.72
Country_157,1975,328.19
Country_157,1976,340.29
Country_157,1977,346.12
Country_157,1978,374.71
Country_157,1979,381.88
Country_157,1980,393.62
Country_157,1981,399.31
Country_157,1982,410.74
Country_157,1983,420.17
Country_157,1984,445.64
Country_157,1985,460.17
Country_157,1986,482.5
Country_157,1987,489.55
Country_157,1988,505.17
Country_157,1989,525.51
Country_157,1990,548.22
Country_157,1991,565.31
Country_157,1992,583.51
Country_157,1993,606.78
Country_157,1994,634.97
Country_157,1995,628.49
Country_157,1996,649.29
Country_157,1997,677.69
Country_157,1998,688.89
Country_157,1999,710.8
Country_157,2000,731.08
Country_157,2001,774.26
Country_157,2002,788.53
Country_157,2003,828.09
Country_157,2004,849.07
Country_157,2005,891.45
Country_157,2006,927.9
Country_157,2007,951.26
Country_157,2008,1007.47
Country_157,2009,1047.64
Country_157,2010,1065.06
Country_157,2011,1093.37
Country_157,2012,1108.14
Country_157,2013,1148.46
Country_157,2014,1197.1
Country_157,2015,1260.92
Country_157,2016,1301.35
Country_157,2017,1338.8
Country_157,2018,1378.57
Country_157,2019,1404.47
Country_157,2020,1429.47
Country_157,2021,1444.28
Country_157,2022,1500.35
Country_157,2023,1547.12
Country_158,1900,909.07
Country_158,1901,909.14
Country_158,1902,901.96
Country_158,1903,913.68
Country_158,1904,905.32
Country_158,1905,914.01
Country_158,1906,907.3
Country_158,1907,900.63
Country_158,1908,907.31
Country_158,1909,910.98
Country_158,1910,906.39
Country_158,1911,907.52
Country_158,1912,909.93
Country_158,1913,907.11
Country_158,1914,898.94
Country_158,1915,911.11
Country_158,1916,908.63
Country_158,1917,904.4
Country_158,1918,904.21
Country_158,1919,911.31
Country_158,1920,912.6
Country_158,1921,906.63
Country_158,1922,913.29
Country_158,1923,909.94
Country_158,1924,909.59
Country_158,1925,910.07
Country_158,1926,907.53
Country_158,1927,910.13
Country_158,1928,903.16
Country_158,1929,907.48
Country_158,1930,906.87
Country_158,1931,910.28
Country_158,1932,904.41
Country_158,1933,897.21
Country_158,1934,904.42
Country_158,1935,906.32
Country_158,1936,904.58
Country_158,1937,918.63
Country_158,1938,917.66
Country_158,1939,908.98
Country_158,1940,895.01
Country_158,1941,906.25
Country_158,1942,907.38
Country_158,1943,909.28
Country_158,1944,907.99
Country_158,1945,906.09
Country_158,1946,908.95
Country_158,1947,910.28
Country_158,1948,909.7
Country_158,1949,906.08
Country_158,1950,933.53
Country_158,1951,942.51
Country_158,1952,957.76
Country_158,1953,981.73
Country_158,1954,1023.27
Country_158,1955,1030.41
Country_158,1956,1078.66
Country_158,1957,1120.1
Country_158,1958,1144.91
Country_158,1959,1186.57
Country_158,1960,1235.19
Country_158,1961,1264.52
Country_158,1962,1320.58
Country_158,1963,1360.44
Country_158,1964,1403.04
Country_158,1965,1442.36
Country_158,1966,1492.63
Country_158,1967,1512.24
Country_158,1968,1540.35
Country_158,1969,1612.93
Country_158,1970,1674.8
Country_158,1971,1701.92
Country_158,1972,1769.13
Country_158,1973,1844.8
Country_158,1974,1933.47
Country_158,1975,2000.01
Country_158,1976,2036.05
Country_158,1977,2057.28
Country_158,1978,2108.06
Country_158,1979,2202.33
Country_158,1980,2290.29
Country_158,1981,2351.51
Country_158,1982,2437.85
Country_158,1983,2555.69
Country_158,1984,2596.96
Country_158,1985,2702.98
Country_158,1986,2818.22
Country_158,1987,2851.76
Country_158,1988,2916.91
Country_158,1989,3024.33
Country_158,1990,3164.53
Country_158,1991,3295.46
Country_158,1992,3405.32
Country_158,1993,3436.88
Country_158,1994,3485.06
Country_158,1995,3582.51
Country_158,1996,3625.17
Country_158,1997,3781.5
Country_158,1998,3921.54
Country_158,1999,3985.67
Country_158,2000,4122.01
Country_158,2001,4263.37
Country_158,2002,4322.09
Country_158,2003,4513.77
Country_158,2004,4725.66
Country_158,2005,4897.5
Country_158,2006,5097.85
Country_158,2007,5160.04
Country_158,2008,5374.92
Country_158,2009,5492.59
Country_158,2010,5663.91
Country_158,2011,5804.83
Country_158,2012,5984.25
Country_158,2013,6278.05
Country_158,2014,6377.48
Country_158,2015,6605.61
Country_158,2016,6816.85
Country_158,2017,7105.5
Country_158,2018,7282.96
Country_158,2019,7527.05
Country_158,2020,7756.86
Country_158,2021,8085.51
Country_158,2022,8180.57
Country_158,2023,8363.24
Country_159,1900,54.2
Country_159,1901,61.73
Country_159,1902,56.01
Country_159,1903,51.66
Country_159,1904,60.26
Country_159,1905,47.88
Country_159,1906,65.39
Country_159,1907,50.39
Country_159,1908,58.22
Country_159,1909,57.95
Country_159,1910,56.13
Country_159,1911,62.03
Country_159,1912,56.1
Country_159,1913,59.19
Country_159,1914,64.7
Country_159,1915,62.51
Country_159,1916,53.71
Country_159,1917,70.08
Country_159,1918,56.81
Country_159,1919,49.99
Country_159,1920,65.7
Country_159,1921,61.5
Country_159,1922,58.91
Country_159,1923,56.79
Country_159,1924,51.0
Country_159,1925,62.5
Country_159,1926,56.48
Country_159,1927,58.89
Country_159,1928,55.55
Country_159,1929,58.24
Country_159,1930,48.49
Country_159,1931,52.85
Country_159,1932,58.12
Country_159,1933,58.86
Country_159,1934,54.19
Country_159,1935,59.22
Country_159,1936,63.16
Country_159,1937,52.47
Country_159,1938,58.96
Country_159,1939,60.18
Country_159,1940,61.56
Country_159,1941,58.44
Country_159,1942,60.66
Country_159,1943,56.77
Country_159,1944,53.92
Country_159,1945,62.91
Country_159,1946,57.61
Country_159,1947,53.15
Country_159,1948,53.24
Country_159,1949,56.85
Country_159,1950,51.31
Country_159,1951,72.75
Country_159,1952,63.4
Country_159,1953,62.16
Country_159,1954,70.89
Country_159,1955,69.73
Country_159,1956,71.35
Country_159,1957,76.0
Country_159,1958,73.83
Country_159,1959,75.67
Country_159,1960,80.26
Country_159,1961,73.14
Country_159,1962,79.35
Country_159,1963,84.07
Country_159,1964,89.58
Country_159,1965,94.17
Country_159,1966,87.14
Country_159,1967,100.64
Country_159,1968,108.25
Country_159,1969,104.94
Country_159,1970,110.4
Country_159,1971,116.19
Country_159,1972,111.12
Country_159,1973,128.67
Country_159,1974,115.52
Country_159,1975,125.01
Country_159,1976,137.44
Country_159,1977,138.59
Country_159,1978,154.85
Country_159,1979,148.05
Country_159,1980,145.25
Country_159,1981,156.68
Country_159,1982,166.86
Country_159,1983,171.49
Country_159,1984,167.86
Country_159,1985,184.14
Country_159,1986,188.16
Country_159,1987,193.9
Country_159,1988,194.46
Country_159,1989,198.01
Country_159,1990,208.97
Country_159,1991,206.26
Country_159,1992,219.09
Country_159,1993,234.79
Country_159,1994,225.25
Country_159,1995,228.63
Country_159,1996,235.12
Country_159,1997,235.97
Country_159,1998,248.53
Country_159,1999,255.19
Country_159,2000,264.68
Country_159,2001,267.43
Country_159,2002,280.06
Country_159,2003,284.53
Country_159,2004,288.24
Country_159,2005,295.8
Country_159,2006,296.46
Country_159,2007,309.42
Country_159,2008,317.25
Country_159,2009,322.09
Country_159,2010,337.04
Country_159,2011,335.31
Country_159,2012,346.51
Country_159,2013,353.64
Country_159,2014,356.7
Country_159,2015,363.85
Country_159,2016,360.71
Country_159,2017,377.09
Country_159,2018,401.38
Country_159,2019,417.78
Country_159,2020,430.06
Country_159,2021,429.04
Country_159,2022,450.13
Country_159,2023,452.88
Country_160,1900,767.91
Country_160,1901,766.54
Country_160,1902,771.95
Country_160,1903,770.87
Country_160,1904,766.81
Country_160,1905,769.01
Country_160,1906,777.27
Country_160,1907,771.36
Country_160,1908,777.33
Country_160,1909,772.76
Country_160,1910,772.33
Country_160,1911,779.53
Country_160,1912,769.43
Country_160,1913,768.48
Country_160,1914,773.71
Country_160,1915,778.88
Country_160,1916,776.71
Country_160,1917,760.62
Country_160,1918,774.89
Country_160,1919,762.95
Country_160,1920,770.29
Country_160,1921,767.86
Country_160,1922,768.67
Country_160,1923,778.93
Country_160,1924,776.13
Country_160,1925,766.49
Country_160,1926,770.14
Country_160,1927,771.37
Country_160,1928,771.05
Country_160,1929,776.31
Country_160,1930,773.65
Country_160,1931,770.87
Country_160,1932,773.83
Country_160,1933,777.59
Country_160,1934,770.4
Country_160,1935,783.84
Country_160,1936,779.18
Country_160,1937,771.11
Country_160,1938,769.28
Country_160,1939,764.89
Country_160,1940,769.47
Country_160,1941,773.06
Country_160,1942,772.39
Country_160,1943,766.34
Country_160,1944,769.78
Country_160,1945,775.41
Country_160,1946,771.35
Country_160,1947,769.32
Country_160,1948,777.88
Country_160,1949,773.04
Country_160,1950,785.9
Country_160,1951,798.67
Country_160,1952,811.1
Country_160,1953,819.97
Country_160,1954,833.87
Country_160,1955,846.55
Country_160,1956,873.89
Country_160,1957,911.39
Country_160,1958,947.09
Country_160,1959,1001.07
Country_160,1960,1008.6
Country_160,1961,1024.32
Country_160,1962,1048.83
Country_160,1963,1079.63
Country_160,1964,1134.36
Country_160,1965,1143.2
Country_160,1966,1168.49
Country_160,1967,1195.57
Country_160,1968,1233.42
Country_160,1969,1285.28
Country_160,1970,1307.95
Country_160,1971,1318.04
Country_160,1972,1380.71
Country_160,1973,1410.51
Country_160,1974,1467.04
Country_160,1975,1524.46
Country_160,1976,1550.78
Country_160,1977,1598.05
Country_160,1978,1628.49
Country_160,1979,1679.86
Country_160,1980,1758.69
Country_160,1981,1840.07
Country_160,1982,1894.47
Country_160,1983,1978.8
Country_160,1984,2031.34
Country_160,1985,2100.58
Country_160,1986,2154.21
Country_160,1987,2231.75
Country_160,1988,2278.98
Country_160,1989,2310.13
Country_160,1990,2409.44
Country_160,1991,2515.83
Country_160,1992,2569.13
Country_160,1993,2702.96
Country_160,1994,2722.45
Country_160,1995,2805.72
Country_160,1996,2846.62
Country_160,1997,2995.78
Country_160,1998,3057.88
Country_160,1999,3140.12
Country_160,2000,3281.87
Country_160,2001,3433.88
Country_160,2002,3524.64
Country_160,2003,3617.51
Country_160,2004,3749.93
Country_160,2005,3916.12
Country_160,2006,4086.02
Country_160,2007,4285.32
Country_160,2008,4398.04
Country_160,2009,4515.49
Country_160,2010,4660.69
Country_160,2011,4741.25
Country_160,2012,4784.09
Country_160,2013,4892.73
Country_160,2014,4975.23
Country_160,2015,5157.86
Country_160,2016,5295.77
Country_160,2017,5403.35
Country_160,2018,5583.11
Country_160,2019,5776.91
Country_160,2020,6021.33
Country_160,2021,6312.33
Country_160,2022,6468.97
Country_160,2023,6534.78
Country_161,1900,182.06
Country_161,1901,166.99
Country_161,1902,172.48
Country_161,1903,165.68
Country_161,1904,184.6
Country_161,1905,175.77
Country_161,1906,175.78
Country_161,1907,171.95
Country_161,1908,178.19
Country_161,1909,173.12
Country_161,1910,174.84
Country_161,1911,180.2
Country_161,1912,168.67
Country_161,1913,174.88
Country_161,1914,179.63
Country_161,1915,176.09
Country_161,1916,177.05
Country_161,1917,179.49
Country_161,1918,184.72
Country_161,1919,172.3
Country_161,1920,170.41
Country_161,1921,177.8
Country_161,1922,175.42
Country_161,1923,174.52
Country_161,1924,170.77
Country_161,1925,163.59
Country_161,1926,178.63
Country_161,1927,172.67
Country_161,1928,177.46
Country_161,1929,170.78
Country_161,1930,166.08
Country_161,1931,176.11
Country_161,1932,173.85
Country_161,1933,167.93
Country_161,1934,166.15
Country_161,1935,175.94
Country_161,1936,179.39
Country_161,1937,175.54
Country_161,1938,177.03
Country_161,1939,180.04
Country_161,1940,171.57
Country_161,1941,176.82
Country_161,1942,176.16
Country_161,1943,174.0
Country_161,1944,180.46
Country_161,1945,177.02
Country_161,1946,169.18
Country_161,1947,168.96
Country_161,1948,184.46
Country_161,1949,171.56
Country_161,1950,175.65
Country_161,1951,182.53
Country_161,1952,183.36
Country_161,1953,192.05
Country_161,1954,199.13
Country_161,1955,202.88
Country_161,1956,216.03
Country_161,1957,223.43
Country_161,1958,216.66
Country_161,1959,234.65
Country_161,1960,244.14
Country_161,1961,244.92
Country_161,1962,263.41
Country_161,1963,264.07
Country_161,1964,264.57
Country_161,1965,282.01
Country_161,1966,284.31
Country_161,1967,289.67
Country_161,1968,295.64
Country_161,1969,303.79
Country_161,1970,311.92
Country_161,1971,320.17
Country_161,1972,328.23
Country_161,1973,347.36
Country_161,1974,357.02
Country_161,1975,371.17
Country_161,1976,380.7
Country_161,1977,385.18
Country_161,1978,382.48
Country_161,1979,402.38
Country_161,1980,427.29
Country_161,1981,449.37
Country_161,1982,467.49
Country_161,1983,473.61
Country_161,1984,478.06
Country_161,1985,498.09
Country_161,1986,504.35
Country_161,1987,527.47
Country_161,1988,548.58
Country_161,1989,576.04
Country_161,1990,581.63
Country_161,1991,608.53
Country_161,1992,623.68
Country_161,1993,637.43
Country_161,1994,647.88
Country_161,1995,670.5
Country_161,1996,690.32
Country_161,1997,707.81
Country_161,1998,743.24
Country_161,1999,765.15
Country_161,2000,780.74
Country_161,2001,797.4
Country_161,2002,822.71
Country_161,2003,832.52
Country_161,2004,867.71
Country_161,2005,879.85
Country_161,2006,908.6
Country_161,2007,942.0
Country_161,2008,985.5
Country_161,2009,1030.78
Country_161,2010,1076.09
Country_161,2011,1105.63
Country_161,2012,1127.39
Country_161,2013,1147.61
Country_161,2014,1187.13
Country_161,2015,1194.19
Country_161,2016,1253.27
Country_161,2017,1324.44
Country_161,2018,1361.46
Country_161,2019,1394.49
Country_161,2020,1451.03
Country_161,2021,1481.98
Country_161,2022,1537.35
Country_161,2023,1580.77
Country_162,1900,738.04
Country_162,1901,735.72
Country_162,1902,751.87
Country_162,1903,745.73
Country_162,1904,740.77
Country_162,1905,746.69
Country_162,1906,735.13
Country_162,1907,748.44
Country_162,1908,749.44
Country_162,1909,737.99
Country_162,1910,741.32
Country_162,1911,740.22
Country_162,1912,743.53
Country_162,1913,739.54
Country_162,1914,737.87
Country_162,1915,742.84
Country_162,1916,739.25
Country_162,1917,744.01
Country_162,1918,737.16
Country_162,1919,757.08
Country_162,1920,749.4
Country_162,1921,745.03
Country_162,1922,740.06
Country_162,1923,735.18
Country_162,1924,736.9
Country_162,1925,738.7
Country_162,1926,733.85
Country_162,1927,739.13
Country_162,1928,743.15
Country_162,1929,741.32
Country_162,1930,735.43
Country_162,1931,742.14
Country_162,1932,741.62
Country_162,1933,737.06
Country_162,1934,734.45
Country_162,1935,735.87
Country_162,1936,734.28
Country_162,1937,738.99
Country_162,1938,744.29
Country_162,1939,744.59
Country_162,1940,741.52
Country_162,1941,738.04
Country_162,1942,732.63
Country_162,1943,737.28
Country_162,1944,737.54
Country_162,1945,736.83
Country_162,1946,732.52
Country_162,1947,740.15
Country_162,1948,737.56
Country_162,1949,743.87
Country_162,1950,765.14
Country_162,1951,761.79
Country_162,1952,772.17
Country_162,1953,795.56
Country_162,1954,806.38
Country_162,1955,827.0
Country_162,1956,831.94
Country_162,1957,874.04
Country_162,1958,909.16
Country_162,1959,927.07
Country_162,1960,943.47
Country_162,1961,953.09
Country_162,1962,975.9
Country_162,1963,987.36
Country_162,1964,1003.26
Country_162,1965,1055.73
Country_162,1966,1075.0
Country_162,1967,1090.74
Country_162,1968,1131.03
Country_162,1969,1148.12
Country_162,1970,1195.17
Country_162,1971,1223.48
Country_162,1972,1250.92
Country_162,1973,1303.29
Country_162,1974,1355.66
Country_162,1975,1387.79
Country_162,1976,1390.88
Country_162,1977,1439.27
Country_162,1978,1493.06
Country_162,1979,1546.66
Country_162,1980,1607.81
Country_162,1981,1655.89
Country_162,1982,1678.95
Country_162,1983,1737.74
Country_162,1984,1766.78
Country_162,1985,1822.79
Country_162,1986,1881.72
Country_162,1987,1957.92
Country_162,1988,1982.18
Country_162,1989,2021.71
Country_162,1990,2084.5
Country_162,1991,2126.32
Country_162,1992,2151.03
Country_162,1993,2221.72
Country_162,1994,2291.69
Country_162,1995,2373.83
Country_162,1996,2450.09
Country_162,1997,2568.28
Country_162,1998,2689.43
Country_162,1999,2792.22
Country_162,2000,2909.69
Country_162,2001,3044.87
Country_162,2002,3099.01
Country_162,2003,3165.41
Country_162,2004,3200.81
Country_162,2005,3288.5
Country_162,2006,3345.26
Country_162,2007,3447.99
Country_162,2008,3583.97
Country_162,2009,3648.54
Country_162,2010,3696.73
Country_162,2011,3790.26
Country_162,2012,3956.14
Country_162,2013,4054.03
Country_162,2014,4225.26
Country_162,2015,4296.49
Country_162,2016,4468.9
Country_162,2017,4624.11
Country_162,2018,4789.14
Country_162,2019,4906.81
Country_162,2020,4989.43
Country_162,2021,5220.22
Country_162,2022,5276.95
Country_162,2023,5418.37
Country_163,1900,725.61
Country_163,1901,732.06
Country_163,1902,727.39
Country_163,1903,730.82
Country_163,1904,729.69
Country_163,1905,727.73
Country_163,1906,718.92
Country_163,1907,718.73
Country_163,1908,729.84
Country_163,1909,728.52
Country_163,1910,740.44
Country_163,1911,730.26
Country_163,1912,733.04
Country_163,1913,733.21
Country_163,1914,724.81
Country_163,1915,732.19
Country_163,1916,738.01
Country_163,1917,728.5
Country_163,1918,731.36
Country_163,1919,728.78
Country_163,1920,726.65
Country_163,1921,728.8
Country_163,1922,743.9
Country_163,1923,725.37
Country_163,1924,726.85
Country_163,1925,741.17
Country_163,1926,745.98
Country_163,1927,733.83
Country_163,1928,738.26
Country_163,1929,732.08
Country_163,1930,728.02
Country_163,1931,729.08
Country_163,1932,728.37
Country_163,1933,724.67
Country_163,1934,734.54
Country_163,1935,728.84
Country_163,1936,735.99
Country_163,1937,736.76
Country_163,1938,735.85
Country_163,1939,727.24
Country_163,1940,728.4
Country_163,1941,728.33
Country_163,1942,727.63
Country_163,1943,724.91
Country_163,1944,729.13
Country_163,1945,732.16
Country_163,1946,731.64
Country_163,1947,725.93
Country_163,1948,735.43
Country_163,1949,723.15
Country_163,1950,752.17
Country_163,1951,764.11
Country_163,1952,771.63
Country_163,1953,799.79
Country_163,1954,819.69
Country_163,1955,851.56
Country_163,1956,857.43
Country_163,1957,871.39
Country_163,1958,898.18
Country_163,1959,928.37
Country_163,1960,979.04
Country_163,1961,1019.11
Country_163,1962,1030.61
Country_163,1963,1058.03
Country_163,1964,1098.0
Country_163,1965,1115.32
Country_163,1966,1143.03
Country_163,1967,1154.38
Country_163,1968,1178.97
Country_163,1969,1206.02
Country_163,1970,1226.64
Country_163,1971,1260.02
Country_163,1972,1325.72
Country_163,1973,1372.66
Country_163,1974,1439.54
Country_163,1975,1481.63
Country_163,1976,1500.07
Country_163,1977,1566.74
Country_163,1978,1583.62
Country_163,1979,1598.25
Country_163,1980,1627.35
Country_163,1981,1687.4
Country_163,1982,1725.57
Country_163,1983,1758.78
Country_163,1984,1793.2
Country_163,1985,1828.21
Country_163,1986,1880.32
Country_163,1987,1943.16
Country_163,1988,2000.85
Country_163,1989,2070.2
Country_163,1990,2149.49
Country_163,1991,2218.0
Country_163,1992,2300.06
Country_163,1993,2397.25
Country_163,1994,2501.69
Country_163,1995,2607.3
Country_163,1996,2638.68
Country_163,1997,2747.2
Country_163,1998,2851.78
Country_163,1999,2962.45
Country_163,2000,3101.62
Country_163,2001,3199.16
Country_163,2002,3237.28
Country_163,2003,3330.18
Country_163,2004,3388.66
Country_163,2005,3530.3
Country_163,2006,3600.95
Country_163,2007,3647.93
Country_163,2008,3738.81
Country_163,2009,3790.99
Country_163,2010,3941.03
Country_163,2011,4018.01
Country_163,2012,4172.68
Country_163,2013,4263.1
Country_163,2014,4363.35
Country_163,2015,4529.18
Country_163,2016,4690.46
Country_163,2017,4857.47
Country_163,2018,4938.99
Country_163,2019,5043.92
Country_163,2020,5112.99
Country_163,2021,5263.1
Country_163,2022,5513.15
Country_163,2023,5661.05
Country_164,1900,60.28
Country_164,1901,61.01
Country_164,1902,55.86
Country_164,1903,48.69
Country_164,1904,57.92
Country_164,1905,59.42
Country_164,1906,57.5
Country_164,1907,49.2
Country_164,1908,56.82
Country_164,1909,58.89
Country_164,1910,62.74
Country_164,1911,60.95
Country_164,1912,61.77
Country_164,1913,49.16
Country_164,1914,60.06
Country_164,1915,58.63
Country_164,1916,52.19
Country_164,1917,58.05
Country_164,1918,61.34
Country_164,1919,59.74
Country_164,1920,54.28
Country_164,1921,63.23
Country_164,1922,54.67
Country_164,1923,53.81
Country_164,1924,67.53
Country_164,1925,64.74
Country_164,1926,52.46
Country_164,1927,61.93
Country_164,1928,51.55
Country_164,1929,63.38
Country_164,1930,52.43
Country_164,1931,50.03
Country_164,1932,60.65
Country_164,1933,50.61
Country_164,1934,51.7
Country_164,1935,62.19
Country_164,1936,58.36
Country_164,1937,61.08
Country_164,1938,53.71
Country_164,1939,58.13
Country_164,1940,56.98
Country_164,1941,62.62
Country_164,1942,61.53
Country_164,1943,52.15
Country_164,1944,63.44
Country_164,1945,57.14
Country_164,1946,52.46
Country_164,1947,55.32
Country_164,1948,62.35
Country_164,1949,57.55
Country_164,1950,57.1
Country_164,1951,53.31
Country_164,1952,67.08
Country_164,1953,67.09
Country_164,1954,60.53
Country_164,1955,69.89
Country_164,1956,71.55
Country_164,1957,77.72
Country_164,1958,65.22
Country_164,1959,70.03
Country_164,1960,73.47
Country_164,1961,75.6
Country_164,1962,70.66
Country_164,1963,74.85
Country_164,1964,85.03
Country_164,1965,89.81
Country_164,1966,87.73
Country_164,1967,90.8
Country_164,1968,81.91
Country_164,1969,89.88
Country_164,1970,92.35
Country_164,1971,100.85
Country_164,1972,103.05
Country_164,1973,108.32
Country_164,1974,102.53
Country_164,1975,111.96
Country_164,1976,107.35
Country_164,1977,111.64
Country_164,1978,113.77
Country_164,1979,124.57
Country_164,1980,129.88
Country_164,1981,136.2
Country_164,1982,140.39
Country_164,1983,150.97
Country_164,1984,151.6
Country_164,1985,149.56
Country_164,1986,151.28
Country_164,1987,163.11
Country_164,1988,158.49
Country_164,1989,172.69
Country_164,1990,174.33
Country_164,1991,171.23
Country_164,1992,178.09
Country_164,1993,185.85
Country_164,1994,190.09
Country_164,1995,203.81
Country_164,1996,207.35
Country_164,1997,204.36
Country_164,1998,213.9
Country_164,1999,214.7
Country_164,2000,212.7
Country_164,2001,224.77
Country_164,2002,229.98
Country_164,2003,240.48
Country_164,2004,230.98
Country_164,2005,246.33
Country_164,2006,250.97
Country_164,2007,255.47
Country_164,2008,260.37
Country_164,2009,283.37
Country_164,2010,284.02
Country_164,2011,292.78
Country_164,2012,308.02
Country_164,2013,314.25
Country_164,2014,315.34
Country_164,2015,327.44
Country_164,2016,345.35
Country_164,2017,347.07
Country_164,2018,359.05
Country_164,2019,353.74
Country_164,2020,382.43
Country_164,2021,385.87
Country_164,2022,395.86
Country_164,2023,405.92
Country_165,1900,51.03
Country_165,1901,53.13
Country_165,1902,49.49
Country_165,1903,48.92
Country_165,1904,51.51
Country_165,1905,55.47
Country_165,1906,55.72
Country_165,1907,61.06
Country_165,1908,61.47
Country_165,1909,51.34
Country_165,1910,55.13
Country_165,1911,53.27
Country_165,1912,43.74
Country_165,1913,57.97
Country_165,1914,51.15
Country_165,1915,51.52
Country_165,1916,45.17
Country_165,1917,54.08
Country_165,1918,54.29
Country_165,1919,42.95
Country_165,1920,52.95
Country_165,1921,52.31
Country_165,1922,51.48
Country_165,1923,59.36
Country_165,1924,60.35
Country_165,1925,54.42
Country_165,1926,59.36
Country_165,1927,62.22
Country_165,1928,50.43
Country_165,1929,56.02
Country_165,1930,62.28
Country_165,1931,52.05
Country_165,1932,53.52
Country_165,1933,49.61
Country_165,1934,57.92
Country_165,1935,56.2
Country_165,1936,42.24
Country_165,1937,57.22
Country_165,1938,50.84
Country_165,1939,52.38
Country_165,1940,53.07
Country_165,1941,53.2
Country_165,1942,63.98
Country_165,1943,54.0
Country_165,1944,53.57
Country_165,1945,53.09
Country_165,1946,54.13
Country_165,1947,51.87
Country_165,1948,51.24
Country_165,1949,57.17
Country_165,1950,54.44
Country_165,1951,61.96
Country_165,1952,57.91
Country_165,1953,59.66
Country_165,1954,68.85
Country_165,1955,65.16
Country_165,1956,66.26
Country_165,1957,80.13
Country_165,1958,71.88
Country_165,1959,67.92
Country_165,1960,70.21
Country_165,1961,76.04
Country_165,1962,88.73
Country_165,1963,82.67
Country_165,1964,88.41
Country_165,1965,93.12
Country_165,1966,84.71
Country_165,1967,85.58
Country_165,1968,102.1
Country_165,1969,93.69
Country_165,1970,98.05
Country_165,1971,113.27
Country_165,1972,105.31
Country_165,1973,103.73
Country_165,1974,110.56
Country_165,1975,117.44
Country_165,1976,122.81
Country_165,1977,120.23
Country_165,1978,122.91
Country_165,1979,124.9
Country_165,1980,137.62
Country_165,1981,134.94
Country_165,1982,141.84
Country_165,1983,143.46
Country_165,1984,148.52
Country_165,1985,153.05
Country_165,1986,159.68
Country_165,1987,155.89
Country_165,1988,159.44
Country_165,1989,173.29
Country_165,1990,180.46
Country_165,1991,187.77
Country_165,1992,191.97
Country_165,1993,185.29
Country_165,1994,193.06
Country_165,1995,187.12
Country_165,1996,205.58
Country_165,1997,223.16
Country_165,1998,228.11
Country_165,1999,237.93
Country_165,2000,236.87
Country_165,2001,251.23
Country_165,2002,255.69
Country_165,2003,259.14
Country_165,2004,276.78
Country_165,2005,278.42
Country_165,2006,285.17
Country_165,2007,290.94
Country_165,2008,308.69
Country_165,2009,318.46
Country_165,2010,313.46
Country_165,2011,329.71
Country_165,2012,333.64
Country_165,2013,333.81
Country_165,2014,361.84
Country_165,2015,369.88
Country_165,2016,380.72
Country_165,2017,398.69
Country_165,2018,415.59
Country_165,2019,445.72
Country_165,2020,450.78
Country_165,2021,467.67
Country_165,2022,477.43
Country_165,2023,495.86
Country_166,1900,610.76
Country_166,1901,591.14
Country_166,1902,595.34
Country_166,1903,596.44
Country_166,1904,591.74
Country_166,1905,581.54
Country_166,1906,594.49
Country_166,1907,596.76
Country_166,1908,610.22
Country_166,1909,591.77
Country_166,1910,601.76
Country_166,1911,594.8
Country_166,1912,589.92
Country_166,1913,594.85
Country_166,1914,589.37
Country_166,1915,593.6
Country_166,1916,603.03
Country_166,1917,597.31
Country_166,1918,598.98
Country_166,1919,589.71
Country_166,1920,593.56
Country_166,1921,598.66
Country_166,1922,599.52
Country_166,1923,595.78
Country_166,1924,606.12
Country_166,1925,601.85
Country_166,1926,598.04
Country_166,1927,598.66
Country_166,1928,594.17
Country_166,1929,581.95
Country_166,1930,598.01
Country_166,1931,595.06
Country_166,1932,598.43
Country_166,1933,595.06
Country_166,1934,594.65
Country_166,1935,605.02
Country_166,1936,584.66
Country_166,1937,595.59
Country_166,1938,596.02
Country_166,1939,586.9
Country_166,1940,590.97
Country_166,1941,593.72
Country_166,1942,588.94
Country_166,1943,594.36
Country_166,1944,592.51
Country_166,1945,593.75
Country_166,1946,595.22
Country_166,1947,598.08
Country_166,1948,598.19
Country_166,1949,594.39
Country_166,1950,619.5
Country_166,1951,628.35
Country_166,1952,648.57
Country_166,1953,658.55
Country_166,1954,669.46
Country_166,1955,692.13
Country_166,1956,698.74
Country_166,1957,739.54
Country_166,1958,758.9
Country_166,1959,783.31
Country_166,1960,806.89
Country_166,1961,848.74
Country_166,1962,872.78
Country_166,1963,902.18
Country_166,1964,928.46
Country_166,1965,951.88
Country_166,1966,992.63
Country_166,1967,1018.45
Country_166,1968,1047.41
Country_166,1969,1087.94
Country_166,1970,1133.12
Country_166,1971,1157.89
Country_166,1972,1191.92
Country_166,1973,1213.17
Country_166,1974,1230.93
Country_166,1975,1297.88
Country_166,1976,1322.8
Country_166,1977,1341.75
Country_166,1978,1388.74
Country_166,1979,1407.15
Country_166,1980,1453.6
Country_166,1981,1522.5
Country_166,1982,1550.26
Country_166,1983,1590.02
Country_166,1984,1630.34
Country_166,1985,1681.29
Country_166,1986,1716.48
Country_166,1987,1766.23
Country_166,1988,1831.59
Country_166,1989,1908.07
Country_166,1990,1956.99
Country_166,1991,2045.79
Country_166,1992,2125.62
Country_166,1993,2203.88
Country_166,1994,2259.79
Country_166,1995,2288.78
Country_166,1996,2351.76
Country_166,1997,2444.15
Country_166,1998,2479.73
Country_166,1999,2584.74
Country_166,2000,2657.84
Country_166,2001,2711.61
Country_166,2002,2761.12
Country_166,2003,2858.78
Country_166,2004,2897.59
Country_166,2005,3029.7
Country_166,2006,3088.46
Country_166,2007,3139.23
Country_166,2008,3179.03
Country_166,2009,3231.04
Country_166,2010,3358.56
Country_166,2011,3474.17
Country_166,2012,3625.85
Country_166,2013,3702.23
Country_166,2014,3774.64
Country_166,2015,3952.38
Country_166,2016,4059.36
Country_166,2017,4129.2
Country_166,2018,4302.86
Country_166,2019,4430.43
Country_166,2020,4467.96
Country_166,2021,4650.53
Country_166,2022,4825.05
Country_166,2023,5016.44
Country_167,1900,527.8
Country_167,1901,524.3
Country_167,1902,539.26
Country_167,1903,528.31
Country_167,1904,529.4
Country_167,1905,533.73
Country_167,1906,528.83
Country_167,1907,533.79
Country_167,1908,533.95
Country_167,1909,525.07
Country_167,1910,535.85
Country_167,1911,530.99
Country_167,1912,527.91
Country_167,1913,538.76
Country_167,1914,523.53
Country_167,1915,529.62
Country_167,1916,530.09
Country_167,1917,533.02
Country_167,1918,525.21
Country_167,1919,525.53
Country_167,1920,532.34
Country_167,1921,520.85
Country_167,1922,527.74
Country_167,1923,525.98
Country_167,1924,529.31
Country_167,1925,525.16
Country_167,1926,528.62
Country_167,1927,532.69
Country_167,1928,533.53
Country_167,1929,524.61
Country_167,1930,539.57
Country_167,1931,528.03
Country_167,1932,529.06
Country_167,1933,528.79
Country_167,1934,535.34
Country_167,1935,536.25
Country_167,1936,528.29
Country_167,1937,535.17
Country_167,1938,528.22
Country_167,1939,529.71
Country_167,1940,538.64
Country_167,1941,523.72
Country_167,1942,531.52
Country_167,1943,528.94
Country_167,1944,525.47
Country_167,1945,527.09
Country_167,1946,526.54
Country_167,1947,523.86
Country_167,1948,525.36
Country_167,1949,533.63
Country_167,1950,552.62
Country_167,1951,562.97
Country_167,1952,582.39
Country_167,1953,599.76
Country_167,1954,607.89
Country_167,1955,625.31
Country_167,1956,650.05
Country_167,1957,663.04
Country_167,1958,689.03
Country_167,1959,719.61
Country_167,1960,730.13
Country_167,1961,742.45
Country_167,1962,767.52
Country_167,1963,806.34
Country_167,1964,811.91
Country_167,1965,857.98
Country_167,1966,906.09
Country_167,1967,909.85
Country_167,1968,954.85
Country_167,1969,996.58
Country_167,1970,1029.09
Country_167,1971,1078.59
Country_167,1972,1101.66
Country_167,1973,1143.1
Country_167,1974,1191.21
Country_167,1975,1239.2
Country_167,1976,1277.37
Country_167,1977,1320.25
Country_167,1978,1363.62
Country_167,1979,1407.68
Country_167,1980,1482.42
Country_167,1981,1544.72
Country_167,1982,1609.85
Country_167,1983,1632.81
Country_167,1984,1680.62
Country_167,1985,1713.07
Country_167,1986,1784.7
Country_167,1987,1805.87
Country_167,1988,1834.14
Country_167,1989,1856.91
Country_167,1990,1908.28
Country_167,1991,1969.69
Country_167,1992,2048.08
Country_167,1993,2105.68
Country_167,1994,2203.27
Country_167,1995,2303.08
Country_167,1996,2416.6
Country_167,1997,2526.0
Country_167,1998,2592.58
Country_167,1999,2640.19
Country_167,2000,2724.34
Country_167,2001,2840.18
Country_167,2002,2958.48
Country_167,2003,3026.88
Country_167,2004,3133.89
Country_167,2005,3219.93
Country_167,2006,3267.66
Country_167,2007,3374.94
Country_167,2008,3444.92
Country_167,2009,3568.25
Country_167,2010,3696.66
Country_167,2011,3812.07
Country_167,2012,3864.98
Country_167,2013,3960.0
Country_167,2014,4065.86
Country_167,2015,4140.9
Country_167,2016,4227.19
Country_167,2017,4422.59
Country_167,2018,4552.45
Country_167,2019,4661.36
Country_167,2020,4718.36
Country_167,2021,4966.6
Country_167,2022,5024.17
Country_167,2023,5232.34
Country_168,1900,465.24
Country_168,1901,463.11
Country_168,1902,468.49
Country_168,1903,469.41
Country_168,1904,469.51
Country_168,1905,462.92
Country_168,1906,469.9
Country_168,1907,461.74
Country_168,1908,471.06
Country_168,1909,470.61
Country_168,1910,473.61
Country_168,1911,472.5
Country_168,1912,474.62
Country_168,1913,466.47
Country_168,1914,472.47
Country_168,1915,469.53
Country_168,1916,471.65
Country_168,1917,469.77
Country_168,1918,462.24
Country_168,1919,466.04
Country_168,1920,466.31
Country_168,1921,470.72
Country_168,1922,467.18
Country_168,1923,467.07
Country_168,1924,457.12
Country_168,1925,464.3
Country_168,1926,470.13
Country_168,1927,471.12
Country_168,1928,469.05
Country_168,1929,466.64
Country_168,1930,474.84
Country_168,1931,468.94
Country_168,1932,469.0
Country_168,1933,465.22
Country_168,1934,481.59
Country_168,1935,476.1
Country_168,1936,464.18
Country_168,1937,470.03
Country_168,1938,470.32
Country_168,1939,468.4
Country_168,1940,463.39
Country_168,1941,472.42
Country_168,1942,458.76
Country_168,1943,471.13
Country_168,1944,470.01
Country_168,1945,467.45
Country_168,1946,473.29
Country_168,1947,466.08
Country_168,1948,467.34
Country_168,1949,466.93
Country_168,1950,496.75
Country_168,1951,499.07
Country_168,1952,508.33
Country_168,1953,522.22
Country_168,1954,533.51
Country_168,1955,574.96
Country_168,1956,596.3
Country_168,1957,618.82
Country_168,1958,632.61
Country_168,1959,658.98
Country_168,1960,671.05
Country_168,1961,684.2
Country_168,1962,713.47
Country_168,1963,716.35
Country_168,1964,738.07
Country_168,1965,767.66
Country_168,1966,785.22
Country_168,1967,820.4
Country_168,1968,824.43
Country_168,1969,856.57
Country_168,1970,898.23
Country_168,1971,917.91
Country_168,1972,925.09
Country_168,1973,945.07
Country_168,1974,990.68
Country_168,1975,1023.62
Country_168,1976,1026.37
Country_168,1977,1077.99
Country_168,1978,1095.18
Country_168,1979,1144.59
Country_168,1980,1155.5
Country_168,1981,1177.33
Country_168,1982,1182.35
Country_168,1983,1198.88
Country_168,1984,1259.24
Country_168,1985,1310.06
Country_168,1986,1337.48
Country_168,1987,1413.39
Country_168,1988,1441.91
Country_168,1989,1508.1
Country_168,1990,1577.23
Country_168,1991,1632.49
Country_168,1992,1673.09
Country_168,1993,1736.35
Country_168,1994,1785.53
Country_168,1995,1822.11
Country_168,1996,1902.95
Country_168,1997,1937.76
Country_168,1998,2019.12
Country_168,1999,2055.0
Country_168,2000,2113.33
Country_168,2001,2139.19
Country_168,2002,2225.97
Country_168,2003,2257.11
Country_168,2004,2333.02
Country_168,2005,2423.14
Country_168,2006,2478.67
Country_168,2007,2578.05
Country_168,2008,2638.11
Country_168,2009,2740.83
Country_168,2010,2831.18
Country_168,2011,2867.4
Country_168,2012,2947.59
Country_168,2013,3035.35
Country_168,2014,3157.21
Country_168,2015,3299.75
Country_168,2016,3385.3
Country_168,2017,3507.43
Country_168,2018,3562.7
Country_168,2019,3701.61
Country_168,2020,3774.32
Country_168,2021,3952.12
Country_168,2022,4096.11
Country_168,2023,4146.76
Country_169,1900,733.78
Country_169,1901,738.1
Country_169,1902,736.87
Country_169,1903,738.22
Country_169,1904,737.64
Country_169,1905,735.06
Country_169,1906,754.74
Country_169,1907,744.41
Country_169,1908,733.62
Country_169,1909,739.36
Country_169,1910,740.37
Country_169,1911,732.04
Country_169,1912,733.78
Country_169,1913,741.42
Country_169,1914,741.1
Country_169,1915,733.37
Country_169,1916,742.76
Country_169,1917,726.77
Country_169,1918,732.45
Country_169,1919,722.97
Country_169,1920,733.56
Country_169,1921,738.19
Country_169,1922,739.26
Country_169,1923,744.31
Country_169,1924,733.21
Country_169,1925,737.35
Country_169,1926,732.84
Country_169,1927,743.49
Country_169,1928,733.91
Country_169,1929,739.62
Country_169,1930,734.15
Country_169,1931,738.76
Country_169,1932,738.81
Country_169,1933,742.39
Country_169,1934,738.85
Country_169,1935,729.02
Country_169,1936,731.55
Country_169,1937,737.52
Country_169,1938,739.22
Country_169,1939,746.27
Country_169,1940,735.34
Country_169,1941,734.92
Country_169,1942,728.01
Country_169,1943,744.61
Country_169,1944,742.7
Country_169,1945,744.23
Country_169,1946,735.88
Country_169,1947,733.75
Country_169,1948,727.92
Country_169,1949,741.6
Country_169,1950,749.9
Country_169,1951,763.14
Country_169,1952,789.61
Country_169,1953,826.17
Country_169,1954,831.77
Country_169,1955,855.67
Country_169,1956,896.59
Country_169,1957,922.65
Country_169,1958,938.06
Country_169,1959,965.7
Country_169,1960,982.29
Country_169,1961,996.13
Country_169,1962,1036.27
Country_169,1963,1071.53
Country_169,1964,1125.19
Country_169,1965,1171.92
Country_169,1966,1194.21
Country_169,1967,1207.4
Country_169,1968,1252.08
Country_169,1969,1309.56
Country_169,1970,1346.54
Country_169,1971,1383.01
Country_169,1972,1404.57
Country_169,1973,1441.83
Country_169,1974,1459.92
Country_169,1975,1511.87
Country_169,1976,1555.07
Country_169,1977,1595.23
Country_169,1978,1628.64
Country_169,1979,1669.08
Country_169,1980,1713.77
Country_169,1981,1747.59
Country_169,1982,1828.75
Country_169,1983,1870.71
Country_169,1984,1926.12
Country_169,1985,1991.24
Country_169,1986,2049.62
Country_169,1987,2076.71
Country_169,1988,2137.38
Country_169,1989,2181.55
Country_169,1990,2243.19
Country_169,1991,2304.71
Country_169,1992,2337.72
Country_169,1993,2410.23
Country_169,1994,2515.67
Country_169,1995,2566.82
Country_169,1996,2608.68
Country_169,1997,2679.99
Country_169,1998,2807.6
Country_169,1999,2894.0
Country_169,2000,3002.54
Country_169,2001,3089.6
Country_169,2002,3142.83
Country_169,2003,3231.47
Country_169,2004,3306.12
Country_169,2005,3428.05
Country_169,2006,3518.14
Country_169,2007,3555.5
Country_169,2008,3619.46
Country_169,2009,3681.15
Country_169,2010,3752.45
Country_169,2011,3799.24
Country_169,2012,3877.2
Country_169,2013,3956.07
Country_169,2014,4072.81
Country_169,2015,4203.72
Country_169,2016,4387.87
Country_169,2017,4580.37
Country_169,2018,4749.19
Country_169,2019,4929.25
Country_169,2020,5131.4
Country_169,2021,5383.74
Country_169,2022,5610.7
Country_169,2023,5764.75
Country_170,1900,94.5
Country_170,1901,91.4
Country_170,1902,94.77
Country_170,1903,90.88
Country_170,1904,98.91
Country_170,1905,91.75
Country_170,1906,101.75
Country_170,1907,96.84
Country_170,1908,88.87
Country_170,1909,98.42
Country_170,1910,93.61
Country_170,1911,84.54
Country_170,1912,88.82
Country_170,1913,93.33
Country_170,1914,87.94
Country_170,1915,94.54
Country_170,1916,93.45
Country_170,1917,96.27
Country_170,1918,86.09
Country_170,1919,97.67
Country_170,1920,88.78
Country_170,1921,92.52
Country_170,1922,93.27
Country_170,1923,89.56
Country_170,1924,89.4
Country_170,1925,93.96
Country_170,1926,98.95
Country_170,1927,101.48
Country_170,1928,88.72
Country_170,1929,90.09
Country_170,1930,85.5
Country_170,1931,93.95
Country_170,1932,104.53
Country_170,1933,101.29
Country_170,1934,95.02
Country_170,1935,83.33
Country_170,1936,86.01
Country_170,1937,83.55
Country_170,1938,94.28
Country_170,1939,90.78
Country_170,1940,90.36
Country_170,1941,94.01
Country_170,1942,89.68
Country_170,1943,96.03
Country_170,1944,88.4
Country_170,1945,88.9
Country_170,1946,96.47
Country_170,1947,95.78
Country_170,1948,101.48
Country_170,1949,92.84
Country_170,1950,90.72
Country_170,1951,99.19
Country_170,1952,105.24
Country_170,1953,98.87
Country_170,1954,108.65
Country_170,1955,107.62
Country_170,1956,107.51
Country_170,1957,105.08
Country_170,1958,122.3
Country_170,1959,126.9
Country_170,1960,117.0
Country_170,1961,140.41
Country_170,1962,132.09
Country_170,1963,135.76
Country_170,1964,143.21
Country_170,1965,148.56
Country_170,1966,141.24
Country_170,1967,142.71
Country_170,1968,155.66
Country_170,1969,168.03
Country_170,1970,176.29
Country_170,1971,173.48
Country_170,1972,183.9
Country_170,1973,195.74
Country_170,1974,193.5
Country_170,1975,202.07
Country_170,1976,206.5
Country_170,1977,229.12
Country_170,1978,227.73
Country_170,1979,235.08
Country_170,1980,230.3
Country_170,1981,249.37
Country_170,1982,250.29
Country_170,1983,258.03
Country_170,1984,273.75
Country_170,1985,273.32
Country_170,1986,275.72
Country_170,1987,291.78
Country_170,1988,297.49
Country_170,1989,315.08
Country_170,1990,328.58
Country_170,1991,344.34
Country_170,1992,358.16
Country_170,1993,366.67
Country_170,1994,378.16
Country_170,1995,395.25
Country_170,1996,401.87
Country_170,1997,421.4
Country_170,1998,435.85
Country_170,1999,466.9
Country_170,2000,468.19
Country_170,2001,475.87
Country_170,2002,494.19
Country_170,2003,516.97
Country_170,2004,516.16
Country_170,2005,550.71
Country_170,2006,579.37
Country_170,2007,593.96
Country_170,2008,612.25
Country_170,2009,615.43
Country_170,2010,657.6
Country_170,2011,660.78
Country_170,2012,667.16
Country_170,2013,702.69
Country_170,2014,721.61
Country_170,2015,736.58
Country_170,2016,752.0
Country_170,2017,776.32
Country_170,2018,814.21
Country_170,2019,831.79
Country_170,2020,855.22
Country_170,2021,878.94
Country_170,2022,914.25
Country_170,2023,938.41
Country_171,1900,28.18
Country_171,1901,25.7
Country_171,1902,26.13
Country_171,1903,26.82
Country_171,1904,16.07
Country_171,1905,22.23
Country_171,1906,33.36
Country_171,1907,24.74
Country_171,1908,27.18
Country_171,1909,17.7
Country_171,1910,23.47
Country_171,1911,25.02
Country_171,1912,19.42
Country_171,1913,23.94
Country_171,1914,23.16
Country_171,1915,32.43
Country_171,1916,23.09
Country_171,1917,28.65
Country_171,1918,22.3
Country_171,1919,31.09
Country_171,1920,23.17
Country_171,1921,20.71
Country_171,1922,24.88
Country_171,1923,19.0
Country_171,1924,21.04
Country_171,1925,26.02
Country_171,1926,35.15
Country_171,1927,23.07
Country_171,1928,19.54
Country_171,1929,22.84
Country_171,1930,19.11
Country_171,1931,31.06
Country_171,1932,22.06
Country_171,1933,30.48
Country_171,1934,23.56
Country_171,1935,26.11
Country_171,1936,22.67
Country_171,1937,22.89
Country_171,1938,27.14
Country_171,1939,27.5
Country_171,1940,18.49
Country_171,1941,26.93
Country_171,1942,32.47
Country_171,1943,32.16
Country_171,1944,28.94
Country_171,1945,19.42
Country_171,1946,24.12
Country_171,1947,25.55
Country_171,1948,32.86
Country_171,1949,28.72
Country_171,1950,27.82
Country_171,1951,22.75
Country_171,1952,26.36
Country_171,1953,20.35
Country_171,1954,27.98
Country_171,1955,25.68
Country_171,1956,29.62
Country_171,1957,30.93
Country_171,1958,19.06
Country_171,1959,35.9
Country_171,1960,28.13
Country_171,1961,29.02
Country_171,1962,32.17
Country_171,1963,40.77
Country_171,1964,29.27
Country_171,1965,31.34
Country_171,1966,35.48
Country_171,1967,36.42
Country_171,1968,25.23
Country_171,1969,42.4
Country_171,1970,41.63
Country_171,1971,31.65
Country_171,1972,46.06
Country_171,1973,44.43
Country_171,1974,43.93
Country_171,1975,54.79
Country_171,1976,44.72
Country_171,1977,40.23
Country_171,1978,43.03
Country_171,1979,47.21
Country_171,1980,44.46
Country_171,1981,51.4
Country_171,1982,47.94
Country_171,1983,63.92
Country_171,1984,64.57
Country_171,1985,65.19
Country_171,1986,60.63
Country_171,1987,59.4
Country_171,1988,55.8
Country_171,1989,58.8
Country_171,1990,72.38
Country_171,1991,73.3
Country_171,1992,69.27
Country_171,1993,76.43
Country_171,1994,71.29
Country_171,1995,73.17
Country_171,1996,86.61
Country_171,1997,76.51
Country_171,1998,81.71
Country_171,1999,83.95
Country_171,2000,91.69
Country_171,2001,79.45
Country_171,2002,108.9
Country_171,2003,96.29
Country_171,2004,105.89
Country_171,2005,108.08
Country_171,2006,108.61
Country_171,2007,110.17
Country_171,2008,119.03
Country_171,2009,122.32
Country_171,2010,131.73
Country_171,2011,132.07
Country_171,2012,131.88
Country_171,2013,132.38
Country_171,2014,138.71
Country_171,2015,146.28
Country_171,2016,143.48
Country_171,2017,159.11
Country_171,2018,155.88
Country_171,2019,162.73
Country_171,2020,166.33
Country_171,2021,175.03
Country_171,2022,178.7
Country_171,2023,183.25
Country_172,1900,192.51
Country_172,1901,197.78
Country_172,1902,202.11
Country_172,1903,202.78
Country_172,1904,192.26
Country_172,1905,199.12
Country_172,1906,196.45
Country_172,1907,197.15
Country_172,1908,198.23
Country_172,1909,193.48
Country_172,1910,201.67
Country_172,1911,198.27
Country_172,1912,203.25
Country_172,1913,203.28
Country_172,1914,184.04
Country_172,1915,189.22
Country_172,1916,203.0
Country_172,1917,192.19
Country_172,1918,198.9
Country_172,1919,199.53
Country_172,1920,201.91
Country_172,1921,201.82
Country_172,1922,199.65
Country_172,1923,205.5
Country_172,1924,196.24
Country_172,1925,193.25
Country_172,1926,193.8
Country_172,1927,203.16
Country_172,1928,205.07
Country_172,1929,194.55
Country_172,1930,199.1
Country_172,1931,199.97
Country_172,1932,199.03
Country_172,1933,193.42
Country_172,1934,194.17
Country_172,1935,190.0
Country_172,1936,201.91
Country_172,1937,198.15
Country_172,1938,195.74
Country_172,1939,196.3
Country_172,1940,193.46
Country_172,1941,191.85
Country_172,1942,187.25
Country_172,1943,193.84
Country_172,1944,193.98
Country_172,1945,192.56
Country_172,1946,201.08
Country_172,1947,193.34
Country_172,1948,190.75
Country_172,1949,190.22
Country_172,1950,198.84
Country_172,1951,207.49
Country_172,1952,205.11
Country_172,1953,221.87
Country_172,1954,221.86
Country_172,1955,234.88
Country_172,1956,233.08
Country_172,1957,234.83
Country_172,1958,250.37
Country_172,1959,255.3
Country_172,1960,268.31
Country_172,1961,269.62
Country_172,1962,285.66
Country_172,1963,287.57
Country_172,1964,278.3
Country_172,1965,292.95
Country_172,1966,309.09
Country_172,1967,318.05
Country_172,1968,316.27
Country_172,1969,328.29
Country_172,1970,335.21
Country_172,1971,343.31
Country_172,1972,348.85
Country_172,1973,358.82
Country_172,1974,359.6
Country_172,1975,374.65
Country_172,1976,381.23
Country_172,1977,409.47
Country_172,1978,412.9
Country_172,1979,420.14
Country_172,1980,417.58
Country_172,1981,436.02
Country_172,1982,457.23
Country_172,1983,481.34
Country_172,1984,479.42
Country_172,1985,496.59
Country_172,1986,524.47
Country_172,1987,521.63
Country_172,1988,539.58
Country_172,1989,565.81
Country_172,1990,574.56
Country_172,1991,597.82
Country_172,1992,610.29
Country_172,1993,641.08
Country_172,1994,670.84
Country_172,1995,700.94
Country_172,1996,716.26
Country_172,1997,760.8
Country_172,1998,755.6
Country_172,1999,794.2
Country_172,2000,820.13
Country_172,2001,840.75
Country_172,2002,868.25
Country_172,2003,884.54
Country_172,2004,917.22
Country_172,2005,931.94
Country_172,2006,950.1
Country_172,2007,974.32
Country_172,2008,994.04
Country_172,2009,1041.5
Country_172,2010,1056.85
Country_172,2011,1087.56
Country_172,2012,1111.21
Country_172,2013,1152.86
Country_172,2014,1163.31
Country_172,2015,1187.57
Country_172,2016,1193.89
Country_172,2017,1247.44
Country_172,2018,1319.9
Country_172,2019,1366.19
Country_172,2020,1390.58
Country_172,2021,1439.37
Country_172,2022,1461.2
Country_172,2023,1475.96
Country_173,1900,367.87
Country_173,1901,364.21
Country_173,1902,371.99
Country_173,1903,363.84
Country_173,1904,367.84
Country_173,1905,366.61
Country_173,1906,366.09
Country_173,1907,368.37
Country_173,1908,360.09
Country_173,1909,352.49
Country_173,1910,372.93
Country_173,1911,369.59
Country_173,1912,364.67
Country_173,1913,365.05
Country_173,1914,363.98
Country_173,1915,366.61
Country_173,1916,366.99
Country_173,1917,374.03
Country_173,1918,360.37
Country_173,1919,369.16
Country_173,1920,363.8
Country_173,1921,361.4
Country_173,1922,365.6
Country_173,1923,356.37
Country_173,1924,366.72
Country_173,1925,365.22
Country_173,1926,364.27
Country_173,1927,366.06
Country_173,1928,365.57
Country_173,1929,356.98
Country_173,1930,363.57
Country_173,1931,371.18
Country_173,1932,358.68
Country_173,1933,368.67
Country_173,1934,365.77
Country_173,1935,361.45
Country_173,1936,363.4
Country_173,1937,366.06
Country_173,1938,360.36
Country_173,1939,356.71
Country_173,1940,368.61
Country_173,1941,361.9
Country_173,1942,369.96
Country_173,1943,369.52
Country_173,1944,369.43
Country_173,1945,367.22
Country_173,1946,365.93
Country_173,1947,363.73
Country_173,1948,363.48
Country_173,1949,357.52
Country_173,1950,381.87
Country_173,1951,391.03
Country_173,1952,390.19
Country_173,1953,425.4
Country_173,1954,442.47
Country_173,1955,432.71
Country_173,1956,459.71
Country_173,1957,475.27
Country_173,1958,503.78
Country_173,1959,509.62
Country_173,1960,528.39
Country_173,1961,540.07
Country_173,1962,556.94
Country_173,1963,573.26
Country_173,1964,593.82
Country_173,1965,584.98
Country_173,1966,612.93
Country_173,1967,614.61
Country_173,1968,637.92
Country_173,1969,653.89
Country_173,1970,672.66
Country_173,1971,683.7
Country_173,1972,720.89
Country_173,1973,735.38
Country_173,1974,754.02
Country_173,1975,767.53
Country_173,1976,786.31
Country_173,1977,787.84
Country_173,1978,810.39
Country_173,1979,819.38
Country_173,1980,859.71
Country_173,1981,876.37
Country_173,1982,896.63
Country_173,1983,913.24
Country_173,1984,962.44
Country_173,1985,972.74
Country_173,1986,1024.63
Country_173,1987,1051.02
Country_173,1988,1071.82
Country_173,1989,1098.26
Country_173,1990,1159.52
Country_173,1991,1178.39
Country_173,1992,1205.65
Country_173,1993,1230.88
Country_173,1994,1280.6
Country_173,1995,1305.57
Country_173,1996,1340.24
Country_173,1997,1401.85
Country_173,1998,1432.22
Country_173,1999,1452.36
Country_173,2000,1477.72
Country_173,2001,1514.01
Country_173,2002,1589.17
Country_173,2003,1619.9
Country_173,2004,1672.72
Country_173,2005,1725.86
Country_173,2006,1793.42
Country_173,2007,1805.32
Country_173,2008,1874.12
Country_173,2009,1928.06
Country_173,2010,1995.29
Country_173,2011,2084.35
Country_173,2012,2124.58
Country_173,2013,2170.41
Country_173,2014,2250.28
Country_173,2015,2269.93
Country_173,2016,2301.01
Country_173,2017,2395.58
Country_173,2018,2483.11
Country_173,2019,2529.58
Country_173,2020,2643.88
Country_173,2021,2674.36
Country_173,2022,2760.31
Country_173,2023,2835.02
Country_174,1900,951.34
Country_174,1901,946.66
Country_174,1902,943.04
Country_174,1903,941.33
Country_174,1904,942.53
Country_174,1905,938.42
Country_174,1906,945.46
Country_174,1907,943.08
Country_174,1908,936.8
Country_174,1909,947.07
Country_174,1910,948.65
Country_174,1911,940.0
Country_174,1912,945.74
Country_174,1913,941.09
Country_174,1914,943.49
Country_174,1915,949.92
Country_174,1916,937.28
Country_174,1917,942.13
Country_174,1918,950.22
Country_174,1919,943.55
Country_174,1920,950.05
Country_174,1921,946.81
Country_174,1922,953.02
Country_174,1923,946.79
Country_174,1924,942.29
Country_174,1925,940.34
Country_174,1926,952.65
Country_174,1927,944.21
Country_174,1928,946.93
Country_174,1929,944.41
Country_174,1930,953.84
Country_174,1931,946.76
Country_174,1932,944.79
Country_174,1933,939.91
Country_174,1934,943.35
Country_174,1935,944.49
Country_174,1936,949.12
Country_174,1937,951.31
Country_174,1938,946.62
Country_174,1939,946.48
Country_174,1940,942.11
Country_174,1941,946.29
Country_174,1942,939.49
Country_174,1943,951.31
Country_174,1944,953.71
Country_174,1945,952.17
Country_174,1946,953.04
Country_174,1947,943.83
Country_174,1948,946.79
Country_174,1949,943.12
Country_174,1950,955.49
Country_174,1951,978.26
Country_174,1952,996.06
Country_174,1953,1046.92
Country_174,1954,1084.38
Country_174,1955,1115.18
Country_174,1956,1127.25
Country_174,1957,1163.14
Country_174,1958,1198.59
Country_174,1959,1245.93
Country_174,1960,1253.6
Country_174,1961,1264.42
Country_174,1962,1302.82
Country_174,1963,1322.78
Country_174,1964,1367.68
Country_174,1965,1387.1
Country_174,1966,1459.82
Country_174,1967,1490.64
Country_174,1968,1498.51
Country_174,1969,1534.25
Country_174,1970,1581.56
Country_174,1971,1630.6
Country_174,1972,1649.19
Country_174,1973,1721.09
Country_174,1974,1791.35
Country_174,1975,1814.07
Country_174,1976,1887.82
Country_174,1977,1950.58
Country_174,1978,2003.45
Country_174,1979,2041.7
Country_174,1980,2073.29
Country_174,1981,2104.18
Country_174,1982,2208.07
Country_174,1983,2233.65
Country_174,1984,2272.77
Country_174,1985,2329.38
Country_174,1986,2381.81
Country_174,1987,2417.63
Country_174,1988,2446.92
Country_174,1989,2533.17
Country_174,1990,2640.01
Country_174,1991,2755.23
Country_174,1992,2852.76
Country_174,1993,2965.65
Country_174,1994,3110.85
Country_174,1995,3204.47
Country_174,1996,3364.47
Country_174,1997,3434.14
Country_174,1998,3595.76
Country_174,1999,3725.48
Country_174,2000,3801.99
Country_174,2001,3861.63
Country_174,2002,4024.1
Country_174,2003,4084.72
Country_174,2004,4153.05
Country_174,2005,4202.74
Country_174,2006,4400.84
Country_174,2007,4496.31
Country_174,2008,4571.43
Country_174,2009,4735.74
Country_174,2010,4797.03
Country_174,2011,5032.39
Country_174,2012,5169.9
Country_174,2013,5395.9
Country_174,2014,5604.33
Country_174,2015,5857.43
Country_174,2016,5985.95
Country_174,2017,6216.78
Country_174,2018,6462.23
Country_174,2019,6574.04
Country_174,2020,6774.08
Country_174,2021,6952.38
Country_174,2022,7286.0
Country_174,2023,7544.75
Country_175,1900,991.72
Country_175,1901,983.71
Country_175,1902,985.21
Country_175,1903,1000.49
Country_175,1904,987.86
Country_175,1905,990.25
Country_175,1906,981.4
Country_175,1907,994.2
Country_175,1908,997.67
Country_175,1909,995.39
Country_175,1910,992.34
Country_175,1911,987.63
Country_175,1912,988.8
Country_175,1913,984.89
Country_175,1914,989.81
Country_175,1915,979.48
Country_175,1916,979.64
Country_175,1917,980.44
Country_175,1918,992.33
Country_175,1919,990.21
Country_175,1920,984.42
Country_175,1921,988.45
Country_175,1922,992.24
Country_175,1923,993.9
Country_175,1924,986.39
Country_175,1925,990.05
Country_175,1926,987.96
Country_175,1927,984.16
Country_175,1928,989.55
Country_175,1929,982.37
Country_175,1930,990.96
Country_175,1931,995.13
Country_175,1932,994.06
Country_175,1933,990.61
Country_175,1934,982.28
Country_175,1935,993.03
Country_175,1936,990.7
Country_175,1937,991.62
Country_175,1938,995.08
Country_175,1939,1005.77
Country_175,1940,993.58
Country_175,1941,985.07
Country_175,1942,985.87
Country_175,1943,988.17
Country_175,1944,988.79
Country_175,1945,999.27
Country_175,1946,984.36
Country_175,1947,994.85
Country_175,1948,996.46
Country_175,1949,992.38
Country_175,1950,1036.45
Country_175,1951,1060.41
Country_175,1952,1095.02
Country_175,1953,1117.16
Country_175,1954,1139.16
Country_175,1955,1189.55
Country_175,1956,1234.77
Country_175,1957,1272.7
Country_175,1958,1323.39
Country_175,1959,1364.26
Country_175,1960,1431.54
Country_175,1961,1475.11
Country_175,1962,1518.11
Country_175,1963,1582.88
Country_175,1964,1640.98
Country_175,1965,1693.36
Country_175,1966,1759.16
Country_175,1967,1835.38
Country_175,1968,1859.38
Country_175,1969,1954.77
Country_175,1970,2017.66
Country_175,1971,2049.22
Country_175,1972,2115.73
Country_175,1973,2184.98
Country_175,1974,2231.96
Country_175,1975,2343.46
Country_175,1976,2444.45
Country_175,1977,2494.92
Country_175,1978,2606.82
Country_175,1979,2628.78
Country_175,1980,2707.41
Country_175,1981,2726.96
Country_175,1982,2806.19
Country_175,1983,2918.06
Country_175,1984,3029.58
Country_175,1985,3134.25
Country_175,1986,3250.42
Country_175,1987,3360.06
Country_175,1988,3469.59
Country_175,1989,3562.76
Country_175,1990,3609.83
Country_175,1991,3713.37
Country_175,1992,3800.26
Country_175,1993,3873.32
Country_175,1994,3946.83
Country_175,1995,4052.96
Country_175,1996,4150.19
Country_175,1997,4261.64
Country_175,1998,4337.84
Country_175,1999,4476.04
Country_175,2000,4536.78
Country_175,2001,4599.7
Country_175,2002,4722.35
Country_175,2003,4881.13
Country_175,2004,5051.95
Country_175,2005,5206.46
Country_175,2006,5286.54
Country_175,2007,5527.15
Country_175,2008,5657.11
Country_175,2009,5823.66
Country_175,2010,6036.98
Country_175,2011,6335.09
Country_175,2012,6445.95
Country_175,2013,6649.62
Country_175,2014,6924.17
Country_175,2015,7034.51
Country_175,2016,7206.64
Country_175,2017,7518.77
Country_175,2018,7634.76
Country_175,2019,7888.69
Country_175,2020,7990.87
Country_175,2021,8092.64
Country_175,2022,8431.86
Country_175,2023,8698.28
Country_176,1900,158.01
Country_176,1901,166.6
Country_176,1902,158.12
Country_176,1903,163.73
Country_176,1904,161.36
Country_176,1905,161.69
Country_176,1906,162.47
Country_176,1907,150.45
Country_176,1908,157.67
Country_176,1909,157.91
Country_176,1910,160.69
Country_176,1911,165.28
Country_176,1912,159.12
Country_176,1913,161.5
Country_176,1914,160.01
Country_176,1915,168.89
Country_176,1916,162.84
Country_176,1917,164.07
Country_176,1918,166.24
Country_176,1919,158.0
Country_176,1920,149.45
Country_176,1921,161.87
Country_176,1922,154.15
Country_176,1923,161.47
Country_176,1924,155.23
Country_176,1925,164.0
Country_176,1926,153.24
Country_176,1927,165.11
Country_176,1928,164.36
Country_176,1929,156.06
Country_176,1930,158.03
Country_176,1931,163.85
Country_176,1932,157.12
Country_176,1933,160.1
Country_176,1934,159.55
Country_176,1935,153.25
Country_176,1936,161.3
Country_176,1937,164.39
Country_176,1938,162.29
Country_176,1939,162.44
Country_176,1940,151.42
Country_176,1941,167.6
Country_176,1942,166.7
Country_176,1943,164.22
Country_176,1944,159.23
Country_176,1945,171.05
Country_176,1946,151.68
Country_176,1947,170.28
Country_176,1948,156.34
Country_176,1949,162.16
Country_176,1950,167.93
Country_176,1951,174.69
Country_176,1952,187.36
Country_176,1953,192.17
Country_176,1954,196.03
Country_176,1955,189.73
Country_176,1956,209.33
Country_176,1957,208.71
Country_176,1958,213.62
Country_176,1959,226.35
Country_176,1960,230.34
Country_176,1961,215.7
Country_176,1962,243.12
Country_176,1963,243.42
Country_176,1964,250.55
Country_176,1965,256.64
Country_176,1966,266.77
Country_176,1967,278.29
Country_176,1968,292.38
Country_176,1969,297.27
Country_176,1970,294.92
Country_176,1971,313.57
Country_176,1972,322.9
Country_176,1973,317.69
Country_176,1974,328.97
Country_176,1975,344.52
Country_176,1976,349.43
Country_176,1977,352.2
Country_176,1978,370.39
Country_176,1979,387.04
Country_176,1980,394.32
Country_176,1981,384.36
Country_176,1982,407.89
Country_176,1983,408.91
Country_176,1984,434.31
Country_176,1985,443.32
Country_176,1986,456.98
Country_176,1987,460.13
Country_176,1988,473.73
Country_176,1989,480.01
Country_176,1990,521.13
Country_176,1991,535.38
Country_176,1992,552.38
Country_176,1993,575.64
Country_176,1994,600.05
Country_176,1995,621.75
Country_176,1996,640.74
Country_176,1997,654.03
Country_176,1998,684.99
Country_176,1999,706.13
Country_176,2000,726.28
Country_176,2001,751.55
Country_176,2002,781.06
Country_176,2003,801.82
Country_176,2004,826.66
Country_176,2005,841.58
Country_176,2006,870.91
Country_176,2007,897.19
Country_176,2008,913.14
Country_176,2009,935.65
Country_176,2010,954.17
Country_176,2011,989.33
Country_176,2012,1033.17
Country_176,2013,1063.96
Country_176,2014,1087.69
Country_176,2015,1119.51
Country_176,2016,1172.96
Country_176,2017,1229.47
Country_176,2018,1268.97
Country_176,2019,1297.53
Country_176,2020,1357.49
Country_176,2021,1420.34
Country_176,2022,1473.6
Country_176,2023,1531.49
Country_177,1900,102.14
Country_177,1901,108.19
Country_177,1902,109.61
Country_177,1903,120.26
Country_177,1904,111.91
Country_177,1905,114.7
Country_177,1906,113.42
Country_177,1907,121.31
Country_177,1908,108.38
Country_177,1909,100.97
Country_177,1910,113.0
Country_177,1911,112.93
Country_177,1912,106.55
Country_177,1913,111.35
Country_177,1914,105.43
Country_177,1915,113.28
Country_177,1916,105.16
Country_177,1917,116.66
Country_177,1918,113.4
Country_177,1919,102.62
Country_177,1920,121.31
Country_177,1921,111.37
Country_177,1922,103.64
Country_177,1923,117.0
Country_177,1924,116.2
Country_177,1925,104.86
Country_177,1926,110.21
Country_177,1927,118.43
Country_177,1928,110.99
Country_177,1929,110.19
Country_177,1930,110.0
Country_177,1931,107.42
Country_177,1932,117.49
Country_177,1933,120.09
Country_177,1934,107.77
Country_177,1935,112.02
Country_177,1936,111.51
Country_177,1937,104.89
Country_177,1938,114.23
Country_177,1939,111.91
Country_177,1940,111.75
Country_177,1941,111.63
Country_177,1942,114.43
Country_177,1943,114.31
Country_177,1944,111.46
Country_177,1945,119.0
Country_177,1946,116.24
Country_177,1947,107.94
Country_177,1948,114.45
Country_177,1949,103.78
Country_177,1950,105.78
Country_177,1951,133.84
Country_177,1952,124.24
Country_177,1953,135.85
Country_177,1954,140.56
Country_177,1955,146.17
Country_177,1956,149.5
Country_177,1957,154.79
Country_177,1958,154.48
Country_177,1959,154.19
Country_177,1960,167.61
Country_177,1961,157.05
Country_177,1962,156.67
Country_177,1963,176.71
Country_177,1964,182.31
Country_177,1965,182.07
Country_177,1966,178.08
Country_177,1967,187.73
Country_177,1968,198.92
Country_177,1969,198.43
Country_177,1970,214.68
Country_177,1971,219.66
Country_177,1972,226.07
Country_177,1973,230.1
Country_177,1974,238.86
Country_177,1975,244.15
Country_177,1976,255.43
Country_177,1977,271.37
Country_177,1978,261.16
Country_177,1979,274.05
Country_177,1980,274.37
Country_177,1981,277.19
Country_177,1982,283.64
Country_177,1983,297.11
Country_177,1984,308.35
Country_177,1985,304.58
Country_177,1986,323.82
Country_177,1987,320.99
Country_177,1988,332.12
Country_177,1989,343.59
Country_177,1990,348.48
Country_177,1991,370.76
Country_177,1992,376.69
Country_177,1993,375.29
Country_177,1994,387.81
Country_177,1995,388.0
Country_177,1996,393.67
Country_177,1997,406.71
Country_177,1998,427.76
Country_177,1999,433.9
Country_177,2000,446.42
Country_177,2001,466.2
Country_177,2002,472.23
Country_177,2003,482.83
Country_177,2004,492.74
Country_177,2005,500.4
Country_177,2006,501.73
Country_177,2007,522.63
Country_177,2008,533.31
Country_177,2009,545.15
Country_177,2010,559.24
Country_177,2011,572.25
Country_177,2012,602.77
Country_177,2013,625.31
Country_177,2014,660.32
Country_177,2015,668.46
Country_177,2016,684.03
Country_177,2017,696.14
Country_177,2018,705.74
Country_177,2019,715.89
Country_177,2020,723.42
Country_177,2021,762.23
Country_177,2022,772.15
Country_177,2023,786.68
Country_178,1900,836.28
Country_178,1901,826.11
Country_178,1902,831.38
Country_178,1903,833.26
Country_178,1904,831.01
Country_178,1905,836.12
Country_178,1906,839.48
Country_178,1907,829.05
Country_178,1908,830.51
Country_178,1909,824.77
Country_178,1910,837.31
Country_178,1911,836.65
Country_178,1912,833.6
Country_178,1913,831.85
Country_178,1914,841.19
Country_178,1915,830.18
Country_178,1916,834.43
Country_178,1917,831.63
Country_178,1918,834.23
Country_178,1919,829.35
Country_178,1920,826.99
Country_178,1921,817.93
Country_178,1922,827.99
Country_178,1923,830.32
Country_178,1924,834.25
Country_178,1925,838.82
Country_178,1926,836.35
Country_178,1927,834.31
Country_178,1928,840.34
Country_178,1929,833.83
Country_178,1930,833.14
Country_178,1931,823.25
Country_178,1932,832.9
Country_178,1933,831.96
Country_178,1934,836.05
Country_178,1935,830.33
Country_178,1936,839.3
Country_178,1937,835.59
Country_178,1938,833.72
Country_178,1939,826.86
Country_178,1940,826.89
Country_178,1941,824.71
Country_178,1942,826.63
Country_178,1943,833.83
Country_178,1944,838.44
Country_178,1945,830.62
Country_178,1946,824.26
Country_178,1947,835.28
Country_178,1948,838.0
Country_178,1949,835.19
Country_178,1950,863.18
Country_178,1951,889.86
Country_178,1952,919.32
Country_178,1953,914.03
Country_178,1954,961.56
Country_178,1955,997.29
Country_178,1956,1038.54
Country_178,1957,1097.24
Country_178,1958,1124.13
Country_178,1959,1172.05
Country_178,1960,1197.88
Country_178,1961,1216.99
Country_178,1962,1254.28
Country_178,1963,1314.84
Country_178,1964,1320.77
Country_178,1965,1346.13
Country_178,1966,1368.1
Country_178,1967,1399.35
Country_178,1968,1443.21
Country_178,1969,1460.39
Country_178,1970,1491.62
Country_178,1971,1534.22
Country_178,1972,1608.78
Country_178,1973,1674.5
Country_178,1974,1694.04
Country_178,1975,1766.79
Country_178,1976,1798.0
Country_178,1977,1863.01
Country_178,1978,1962.84
Country_178,1979,2000.78
Country_178,1980,2057.28
Country_178,1981,2111.77
Country_178,1982,2209.47
Country_178,1983,2311.65
Country_178,1984,2399.9
Country_178,1985,2449.99
Country_178,1986,2502.85
Country_178,1987,2616.77
Country_178,1988,2737.2
Country_178,1989,2825.08
Country_178,1990,2896.87
Country_178,1991,2986.63
Country_178,1992,3084.55
Country_178,1993,3139.3
Country_178,1994,3225.62
Country_178,1995,3386.9
Country_178,1996,3468.1
Country_178,1997,3552.73
Country_178,1998,3687.01
Country_178,1999,3849.21
Country_178,2000,3929.84
Country_178,2001,4059.24
Country_178,2002,4259.51
Country_178,2003,4378.88
Country_178,2004,4559.98
Country_178,2005,4643.97
Country_178,2006,4835.01
Country_178,2007,4991.26
Country_178,2008,5132.62
Country_178,2009,5223.1
Country_178,2010,5305.25
Country_178,2011,5470.78
Country_178,2012,5544.24
Country_178,2013,5699.85
Country_178,2014,5821.34
Country_178,2015,5901.79
Country_178,2016,6149.61
Country_178,2017,6425.4
Country_178,2018,6528.76
Country_178,2019,6713.77
Country_178,2020,6927.68
Country_178,2021,7147.35
Country_178,2022,7441.72
Country_178,2023,7769.89
Country_179,1900,630.02
Country_179,1901,634.63
Country_179,1902,631.54
Country_179,1903,637.4
Country_179,1904,633.95
Country_179,1905,638.49
Country_179,1906,631.45
Country_179,1907,636.12
Country_179,1908,638.32
Country_179,1909,636.7
Country_179,1910,637.68
Country_179,1911,638.52
Country_179,1912,626.8
Country_179,1913,630.42
Country_179,1914,631.97
Country_179,1915,643.3
Country_179,1916,637.97
Country_179,1917,624.36
Country_179,1918,622.65
Country_179,1919,637.93
Country_179,1920,637.88
Country_179,1921,624.91
Country_179,1922,633.28
Country_179,1923,636.25
Country_179,1924,637.3
Country_179,1925,628.98
Country_179,1926,634.14
Country_179,1927,624.79
Country_179,1928,636.69
Country_179,1929,627.54
Country_179,1930,628.88
Country_179,1931,627.38
Country_179,1932,630.78
Country_179,1933,633.18
Country_179,1934,630.49
Country_179,1935,627.07
Country_179,1936,637.38
Country_179,1937,634.9
Country_179,1938,639.74
Country_179,1939,637.95
Country_179,1940,633.54
Country_179,1941,631.79
Country_179,1942,637.26
Country_179,1943,635.72
Country_179,1944,631.42
Country_179,1945,634.57
Country_179,1946,638.02
Country_179,1947,630.32
Country_179,1948,639.6
Country_179,1949,624.17
Country_179,1950,655.61
Country_179,1951,651.71
Country_179,1952,670.93
Country_179,1953,707.85
Country_179,1954,724.49
Country_179,1955,742.39
Country_179,1956,768.46
Country_179,1957,806.28
Country_179,1958,829.9
Country_179,1959,870.02
Country_179,1960,883.27
Country_179,1961,909.66
Country_179,1962,922.63
Country_179,1963,946.64
Country_179,1964,988.14
Country_179,1965,1031.35
Country_179,1966,1072.79
Country_179,1967,1084.75
Country_179,1968,1091.89
Country_179,1969,1104.08
Country_179,1970,1122.35
Country_179,1971,1179.65
Country_179,1972,1205.71
Country_179,1973,1227.65
Country_179,1974,1261.4
Country_179,1975,1266.54
Country_179,1976,1319.78
Country_179,1977,1359.21
Country_179,1978,1389.35
Country_179,1979,1445.96
Country_179,1980,1501.72
Country_179,1981,1518.93
Country_179,1982,1529.91
Country_179,1983,1553.64
Country_179,1984,1601.29
Country_179,1985,1636.46
Country_179,1986,1677.17
Country_179,1987,1718.52
Country_179,1988,1742.14
Country_179,1989,1822.72
Country_179,1990,1894.64
Country_179,1991,1926.53
Country_179,1992,2023.29
Country_179,1993,2087.01
Country_179,1994,2147.24
Country_179,1995,2193.04
Country_179,1996,2269.51
Country_179,1997,2291.09
Country_179,1998,2344.5
Country_179,1999,2406.09
Country_179,2000,2455.25
Country_179,2001,2503.43
Country_179,2002,2556.33
Country_179,2003,2587.38
Country_179,2004,2711.23
Country_179,2005,2771.09
Country_179,2006,2897.84
Country_179,2007,2967.01
Country_179,2008,3115.03
Country_179,2009,3213.86
Country_179,2010,3255.28
Country_179,2011,3398.77
Country_179,2012,3477.08
Country_179,2013,3551.5
Country_179,2014,3683.95
Country_179,2015,3818.06
Country_179,2016,3937.21
Country_179,2017,4107.4
Country_179,2018,4254.01
Country_179,2019,4319.94
Country_179,2020,4481.9
Country_179,2021,4616.42
Country_179,2022,4823.86
Country_179,2023,4908.62
Country_180,1900,978.95
Country_180,1901,983.96
Country_180,1902,983.19
Country_180,1903,985.49
Country_180,1904,970.89
Country_180,1905,979.65
Country_180,1906,979.82
Country_180,1907,978.54
Country_180,1908,976.04
Country_180,1909,982.08
Country_180,1910,977.4
Country_180,1911,990.93
Country_180,1912,984.21
Country_180,1913,983.61
Country_180,1914,978.9
Country_180,1915,976.31
Country_180,1916,978.39
Country_180,1917,984.19
Country_180,1918,978.68
Country_180,1919,977.85
Country_180,1920,986.25
Country_180,1921,987.5
Country_180,1922,982.77
Country_180,1923,988.89
Country_180,1924,981.0
Country_180,1925,977.12
Country_180,1926,979.05
Country_180,1927,983.06
Country_180,1928,982.92
Country_180,1929,981.22
Country_180,1930,979.19
Country_180,1931,981.31
Country_180,1932,989.34
Country_180,1933,988.34
Country_180,1934,975.82
Country_180,1935,978.92
Country_180,1936,979.95
Country_180,1937,979.5
Country_180,1938,979.14
Country_180,1939,973.88
Country_180,1940,982.59
Country_180,1941,984.16
Country_180,1942,990.79
Country_180,1943,990.44
Country_180,1944,977.46
Country_180,1945,977.29
Country_180,1946,988.16
Country_180,1947,976.53
Country_180,1948,980.55
Country_180,1949,985.39
Country_180,1950,1003.61
Country_180,1951,1048.04
Country_180,1952,1076.74
Country_180,1953,1106.24
Country_180,1954,1125.82
Country_180,1955,1183.41
Country_180,1956,1222.36
Country_180,1957,1268.99
Country_180,1958,1279.63
Country_180,1959,1321.39
Country_180,1960,1344.73
Country_180,1961,1382.99
Country_180,1962,1435.26
Country_180,1963,1460.23
Country_180,1964,1490.08
Country_180,1965,1509.77
Country_180,1966,1579.39
Country_180,1967,1630.59
Country_180,1968,1699.26
Country_180,1969,1783.88
Country_180,1970,1795.05
Country_180,1971,1870.21
Country_180,1972,1891.28
Country_180,1973,1937.26
Country_180,1974,1988.98
Country_180,1975,2062.9
Country_180,1976,2151.01
Country_180,1977,2212.42
Country_180,1978,2303.28
Country_180,1979,2365.45
Country_180,1980,2469.04
Country_180,1981,2573.87
Country_180,1982,2672.34
Country_180,1983,2806.07
Country_180,1984,2848.65
Country_180,1985,2903.35
Country_180,1986,2995.92
Country_180,1987,3051.99
Country_180,1988,3199.12
Country_180,1989,3287.74
Country_180,1990,3343.07
Country_180,1991,3456.34
Country_180,1992,3506.97
Country_180,1993,3574.23
Country_180,1994,3636.86
Country_180,1995,3726.64
Country_180,1996,3904.55
Country_180,1997,4018.92
Country_180,1998,4079.69
Country_180,1999,4257.33
Country_180,2000,4340.37
Country_180,2001,4429.43
Country_180,2002,4511.53
Country_180,2003,4690.4
Country_180,2004,4816.5
Country_180,2005,5042.36
Country_180,2006,5260.26
Country_180,2007,5457.78
Country_180,2008,5565.56
Country_180,2009,5728.78
Country_180,2010,5836.75
Country_180,2011,5904.65
Country_180,2012,5960.28
Country_180,2013,6160.36
Country_180,2014,6411.2
Country_180,2015,6608.39
Country_180,2016,6724.39
Country_180,2017,6870.63
Country_180,2018,7022.39
Country_180,2019,7294.96
Country_180,2020,7537.73
Country_180,2021,7750.72
Country_180,2022,7896.7
Country_180,2023,8280.78
Country_181,1900,552.11
Country_181,1901,552.81
Country_181,1902,554.33
Country_181,1903,559.46
Country_181,1904,558.83
Country_181,1905,545.13
Country_181,1906,553.22
Country_181,1907,549.34
Country_181,1908,561.2
Country_181,1909,553.66
Country_181,1910,545.91
Country_181,1911,553.54
Country_181,1912,546.14
Country_181,1913,552.54
Country_181,1914,548.27
Country_181,1915,549.17
Country_181,1916,554.57
Country_181,1917,551.99
Country_181,1918,552.15
Country_181,1919,550.14
Country_181,1920,564.63
Country_181,1921,550.23
Country_181,1922,560.86
Country_181,1923,546.45
Country_181,1924,554.15
Country_181,1925,550.47
Country_181,1926,556.39
Country_181,1927,554.44
Country_181,1928,555.96
Country_181,1929,564.04
Country_181,1930,545.7
Country_181,1931,559.83
Country_181,1932,548.61
Country_181,1933,554.52
Country_181,1934,555.3
Country_181,1935,553.12
Country_181,1936,554.38
Country_181,1937,556.51
Country_181,1938,543.59
Country_181,1939,551.76
Country_181,1940,559.4
Country_181,1941,545.38
Country_181,1942,547.87
Country_181,1943,557.26
Country_181,1944,548.89
Country_181,1945,560.18
Country_181,1946,550.98
Country_181,1947,557.53
Country_181,1948,554.92
Country_181,1949,549.11
Country_181,1950,570.0
Country_181,1951,584.45
Country_181,1952,619.06
Country_181,1953,635.86
Country_181,1954,670.58
Country_181,1955,686.07
Country_181,1956,684.35
Country_181,1957,712.13
Country_181,1958,744.61
Country_181,1959,760.95
Country_181,1960,762.79
Country_181,1961,784.33
Country_181,1962,818.35
Country_181,1963,850.65
Country_181,1964,871.83
Country_181,1965,897.07
Country_181,1966,896.09
Country_181,1967,940.1
Country_181,1968,982.3
Country_181,1969,1009.79
Country_181,1970,1038.21
Country_181,1971,1079.77
Country_181,1972,1133.26
Country_181,1973,1174.07
Country_181,1974,1197.35
Country_181,1975,1238.87
Country_181,1976,1283.17
Country_181,1977,1295.53
Country_181,1978,1359.78
Country_181,1979,1404.78
Country_181,1980,1481.97
Country_181,1981,1488.34
Country_181,1982,1535.81
Country_181,1983,1599.3
Country_181,1984,1637.31
Country_181,1985,1715.75
Country_181,1986,1747.97
Country_181,1987,1805.45
Country_181,1988,1834.55
Country_181,1989,1855.08
Country_181,1990,1906.78
Country_181,1991,1945.86
Country_181,1992,2017.92
Country_181,1993,2097.3
Country_181,1994,2168.11
Country_181,1995,2214.85
Country_181,1996,2304.98
Country_181,1997,2394.18
Country_181,1998,2516.94
Country_181,1999,2585.8
Country_181,2000,2672.19
Country_181,2001,2786.94
Country_181,2002,2900.84
Country_181,2003,3004.86
Country_181,2004,3102.93
Country_181,2005,3148.6
Country_181,2006,3269.31
Country_181,2007,3330.18
Country_181,2008,3473.48
Country_181,2009,3636.7
Country_181,2010,3810.4
Country_181,2011,3861.31
Country_181,2012,3921.61
Country_181,2013,3967.78
Country_181,2014,4092.26
Country_181,2015,4196.57
Country_181,2016,4263.29
Country_181,2017,4309.8
Country_181,2018,4414.75
Country_181,2019,4603.02
Country_181,2020,4806.79
Country_181,2021,4900.48
Country_181,2022,5070.36
Country_181,2023,5245.97
Country_182,1900,821.92
Country_182,1901,816.09
Country_182,1902,815.56
Country_182,1903,817.61
Country_182,1904,817.89
Country_182,1905,816.76
Country_182,1906,821.06
Country_182,1907,808.65
Country_182,1908,817.73
Country_182,1909,816.13
Country_182,1910,814.61
Country_182,1911,802.37
Country_182,1912,816.41
Country_182,1913,824.47
Country_182,1914,812.84
Country_182,1915,829.46
Country_182,1916,816.34
Country_182,1917,808.14
Country_182,1918,812.62
Country_182,1919,816.86
Country_182,1920,820.93
Country_182,1921,811.32
Country_182,1922,812.72
Country_182,1923,815.92
Country_182,1924,808.98
Country_182,1925,806.03
Country_182,1926,818.36
Country_182,1927,812.9
Country_182,1928,814.24
Country_182,1929,819.93
Country_182,1930,813.73
Country_182,1931,807.46
Country_182,1932,820.99
Country_182,1933,825.21
Country_182,1934,815.33
Country_182,1935,816.71
Country_182,1936,809.66
Country_182,1937,818.16
Country_182,1938,820.1
Country_182,1939,817.36
Country_182,1940,807.26
Country_182,1941,810.1
Country_182,1942,805.83
Country_182,1943,815.71
Country_182,1944,812.92
Country_182,1945,817.53
Country_182,1946,814.05
Country_182,1947,811.51
Country_182,1948,819.76
Country_182,1949,809.86
Country_182,1950,824.62
Country_182,1951,857.86
Country_182,1952,886.66
Country_182,1953,912.87
Country_182,1954,943.54
Country_182,1955,956.09
Country_182,1956,986.38
Country_182,1957,1027.4
Country_182,1958,1085.55
Country_182,1959,1092.97
Country_182,1960,1099.29
Country_182,1961,1147.28
Country_182,1962,1181.17
Country_182,1963,1224.49
Country_182,1964,1252.7
Country_182,1965,1287.86
Country_182,1966,1346.71
Country_182,1967,1403.13
Country_182,1968,1454.35
Country_182,1969,1460.82
Country_182,1970,1536.86
Country_182,1971,1603.84
Country_182,1972,1622.4
Country_182,1973,1682.09
Country_182,1974,1759.89
Country_182,1975,1824.68
Country_182,1976,1882.26
Country_182,1977,1970.41
Country_182,1978,2012.71
Country_182,1979,2034.78
Country_182,1980,2058.27
Country_182,1981,2077.49
Country_182,1982,2148.16
Country_182,1983,2210.27
Country_182,1984,2249.45
Country_182,1985,2290.48
Country_182,1986,2375.2
Country_182,1987,2437.5
Country_182,1988,2480.55
Country_182,1989,2552.76
Country_182,1990,2627.19
Country_182,1991,2691.12
Country_182,1992,2743.18
Country_182,1993,2810.65
Country_182,1994,2865.01
Country_182,1995,2976.14
Country_182,1996,3046.0
Country_182,1997,3133.91
Country_182,1998,3197.81
Country_182,1999,3267.18
Country_182,2000,3343.63
Country_182,2001,3434.24
Country_182,2002,3532.24
Country_182,2003,3709.36
Country_182,2004,3869.42
Country_182,2005,4049.07
Country_182,2006,4211.82
Country_182,2007,4298.24
Country_182,2008,4506.69
Country_182,2009,4670.78
Country_182,2010,4811.79
Country_182,2011,4997.12
Country_182,2012,5114.31
Country_182,2013,5259.89
Country_182,2014,5427.28
Country_182,2015,5533.42
Country_182,2016,5595.34
Country_182,2017,5707.71
Country_182,2018,5942.16
Country_182,2019,6187.39
Country_182,2020,6301.44
Country_182,2021,6569.43
Country_182,2022,6658.46
Country_182,2023,6898.25
Country_183,1900,490.36
Country_183,1901,500.92
Country_183,1902,486.52
Country_183,1903,493.9
Country_183,1904,485.78
Country_183,1905,488.83
Country_183,1906,494.71
Country_183,1907,488.06
Country_183,1908,490.18
Country_183,1909,481.36
Country_183,1910,496.27
Country_183,1911,489.81
Country_183,1912,480.43
Country_183,1913,481.35
Country_183,1914,480.76
Country_183,1915,484.84
Country_183,1916,482.02
Country_183,1917,486.76
Country_183,1918,487.52
Country_183,1919,488.81
Country_183,1920,484.12
Country_183,1921,483.64
Country_183,1922,491.68
Country_183,1923,488.83
Country_183,1924,487.87
Country_183,1925,480.87
Country_183,1926,485.91
Country_183,1927,488.78
Country_183,1928,483.75
Country_183,1929,485.63
Country_183,1930,494.11
Country_183,1931,495.48
Country_183,1932,489.3
Country_183,1933,477.35
Country_183,1934,494.35
Country_183,1935,480.21
Country_183,1936,489.04
Country_183,1937,491.6
Country_183,1938,483.16
Country_183,1939,488.62
Country_183,1940,482.65
Country_183,1941,484.83
Country_183,1942,493.34
Country_183,1943,487.57
Country_183,1944,484.51
Country_183,1945,487.88
Country_183,1946,493.41
Country_183,1947,486.04
Country_183,1948,490.37
Country_183,1949,492.21
Country_183,1950,493.48
Country_183,1951,502.37
Country_183,1952,531.99
Country_183,1953,546.14
Country_183,1954,560.24
Country_183,1955,577.13
Country_183,1956,595.79
Country_183,1957,621.07
Country_183,1958,638.81
Country_183,1959,657.52
Country_183,1960,686.79
Country_183,1961,704.22
Country_183,1962,733.79
Country_183,1963,754.95
Country_183,1964,772.65
Country_183,1965,809.74
Country_183,1966,836.12
Country_183,1967,881.14
Country_183,1968,903.58
Country_183,1969,938.34
Country_183,1970,977.12
Country_183,1971,1016.89
Country_183,1972,1030.63
Country_183,1973,1046.18
Country_183,1974,1085.4
Country_183,1975,1121.4
Country_183,1976,1161.47
Country_183,1977,1187.3
Country_183,1978,1226.84
Country_183,1979,1291.93
Country_183,1980,1312.48
Country_183,1981,1341.56
Country_183,1982,1371.39
Country_183,1983,1406.47
Country_183,1984,1436.78
Country_183,1985,1511.58
Country_183,1986,1566.25
Country_183,1987,1594.66
Country_183,1988,1629.63
Country_183,1989,1696.2
Country_183,1990,1737.15
Country_183,1991,1798.74
Country_183,1992,1861.83
Country_183,1993,1901.2
Country_183,1994,1950.8
Country_183,1995,2013.76
Country_183,1996,2078.15
Country_183,1997,2152.31
Country_183,1998,2204.66
Country_183,1999,2271.94
Country_183,2000,2307.86
Country_183,2001,2409.16
Country_183,2002,2487.73
Country_183,2003,2567.51
Country_183,2004,2650.92
Country_183,2005,2753.14
Country_183,2006,2778.46
Country_183,2007,2897.34
Country_183,2008,2970.85
Country_183,2009,3109.57
Country_183,2010,3213.75
Country_183,2011,3332.91
Country_183,2012,3359.52
Country_183,2013,3425.42
Country_183,2014,3511.92
Country_183,2015,3620.97
Country_183,2016,3701.29
Country_183,2017,3864.2
Country_183,2018,3963.56
Country_183,2019,4056.15
Country_183,2020,4167.75
Country_183,2021,4257.34
Country_183,2022,4353.33
Country_183,2023,4397.14
Country_184,1900,354.01
Country_184,1901,353.91
Country_184,1902,345.4
Country_184,1903,351.73
Country_184,1904,360.16
Country_184,1905,349.84
Country_184,1906,349.92
Country_184,1907,355.63
Country_184,1908,346.79
Country_184,1909,345.64
Country_184,1910,355.46
Country_184,1911,345.36
Country_184,1912,358.59
Country_184,1913,354.27
Country_184,1914,349.2
Country_184,1915,356.49
Country_184,1916,343.1
Country_184,1917,341.44
Country_184,1918,341.34
Country_184,1919,345.91
Country_184,1920,361.27
Country_184,1921,351.78
Country_184,1922,341.96
Country_184,1923,354.7
Country_184,1924,354.68
Country_184,1925,357.63
Country_184,1926,351.27
Country_184,1927,347.08
Country_184,1928,351.4
Country_184,1929,348.81
Country_184,1930,345.08
Country_184,1931,342.08
Country_184,1932,341.78
Country_184,1933,350.34
Country_184,1934,347.81
Country_184,1935,363.93
Country_184,1936,345.46
Country_184,1937,347.19
Country_184,1938,347.47
Country_184,1939,355.18
Country_184,1940,353.45
Country_184,1941,350.6
Country_184,1942,353.04
Country_184,1943,347.25
Country_184,1944,347.55
Country_184,1945,352.71
Country_184,1946,350.95
Country_184,1947,346.7
Country_184,1948,355.87
Country_184,1949,353.64
Country_184,1950,360.89
Country_184,1951,366.38
Country_184,1952,384.28
Country_184,1953,407.86
Country_184,1954,416.41
Country_184,1955,440.02
Country_184,1956,459.5
Country_184,1957,470.44
Country_184,1958,489.61
Country_184,1959,496.33
Country_184,1960,504.12
Country_184,1961,531.38
Country_184,1962,556.21
Country_184,1963,578.7
Country_184,1964,605.18
Country_184,1965,619.65
Country_184,1966,631.51
Country_184,1967,652.29
Country_184,1968,696.16
Country_184,1969,722.66
Country_184,1970,752.04
Country_184,1971,738.33
Country_184,1972,785.13
Country_184,1973,778.41
Country_184,1974,813.12
Country_184,1975,835.98
Country_184,1976,848.75
Country_184,1977,869.52
Country_184,1978,889.54
Country_184,1979,911.36
Country_184,1980,928.31
Country_184,1981,969.2
Country_184,1982,982.71
Country_184,1983,1028.56
Country_184,1984,1034.15
Country_184,1985,1069.59
Country_184,1986,1104.96
Country_184,1987,1135.37
Country_184,1988,1172.26
Country_184,1989,1226.96
Country_184,1990,1247.36
Country_184,1991,1284.57
Country_184,1992,1349.78
Country_184,1993,1349.8
Country_184,1994,1392.98
Country_184,1995,1416.24
Country_184,1996,1450.74
Country_184,1997,1475.93
Country_184,1998,1505.5
Country_184,1999,1529.55
Country_184,2000,1554.95
Country_184,2001,1571.74
Country_184,2002,1636.6
Country_184,2003,1719.7
Country_184,2004,1777.79
Country_184,2005,1848.65
Country_184,2006,1866.38
Country_184,2007,1908.18
Country_184,2008,1946.91
Country_184,2009,1994.78
Country_184,2010,2027.89
Country_184,2011,2056.62
Country_184,2012,2142.3
Country_184,2013,2204.29
Country_184,2014,2250.16
Country_184,2015,2314.65
Country_184,2016,2331.67
Country_184,2017,2432.62
Country_184,2018,2457.74
Country_184,2019,2586.95
Country_184,2020,2687.01
Country_184,2021,2714.18
Country_184,2022,2820.49
Country_184,2023,2962.49
Country_185,1900,-10.16
Country_185,1901,10.36
Country_185,1902,1.66
Country_185,1903,2.53
Country_185,1904,3.67
Country_185,1905,2.78
Country_185,1906,7.46
Country_185,1907,9.2
Country_185,1908,5.48
Country_185,1909,2.51
Country_185,1910,4.9
Country_185,1911,-5.95
Country_185,1912,6.49
Country_185,1913,-2.89
Country_185,1914,1.11
Country_185,1915,4.06
Country_185,1916,-6.59
Country_185,1917,2.5
Country_185,1918,5.71
Country_185,1919,2.89
Country_185,1920,5.69
Country_185,1921,13.75
Country_185,1922,4.17
Country_185,1923,2.37
Country_185,1924,-2.12
Country_185,1925,-6.26
Country_185,1926,0.15
Country_185,1927,4.14
Country_185,1928,9.14
Country_185,1929,9.73
Country_185,1930,5.87
Country_185,1931,7.48
Country_185,1932,6.64
Country_185,1933,8.15
Country_185,1934,-4.56
Country_185,1935,7.51
Country_185,1936,1.07
Country_185,1937,-3.08
Country_185,1938,9.66
Country_185,1939,16.47
Country_185,1940,14.74
Country_185,1941,9.19
Country_185,1942,4.14
Country_185,1943,6.23
Country_185,1944,2.36
Country_185,1945,8.07
Country_185,1946,-0.11
Country_185,1947,2.17
Country_185,1948,7.15
Country_185,1949,8.58
Country_185,1950,2.53
Country_185,1951,4.5
Country_185,1952,2.65
Country_185,1953,-5.47
Country_185,1954,-1.43
Country_185,1955,1.8
Country_185,1956,2.47
Country_185,1957,4.21
Country_185,1958,1.26
Country_185,1959,8.24
Country_185,1960,6.12
Country_185,1961,10.52
Country_185,1962,5.31
Country_185,1963,8.62
Country_185,1964,14.03
Country_185,1965,0.86
Country_185,1966,7.95
Country_185,1967,9.56
Country_185,1968,6.0
Country_185,1969,4.62
Country_185,1970,13.91
Country_185,1971,4.49
Country_185,1972,7.33
Country_185,1973,11.18
Country_185,1974,7.99
Country_185,1975,11.8
Country_185,1976,3.69
Country_185,1977,1.15
Country_185,1978,10.65
Country_185,1979,8.67
Country_185,1980,11.3
Country_185,1981,15.42
Country_185,1982,12.24
Country_185,1983,8.57
Country_185,1984,1.2
Country_185,1985,10.81
Country_185,1986,10.58
Country_185,1987,11.53
Country_185,1988,5.42
Country_185,1989,15.82
Country_185,1990,11.68
Country_185,1991,4.54
Country_185,1992,16.3
Country_185,1993,24.07
Country_185,1994,25.54
Country_185,1995,16.9
Country_185,1996,14.29
Country_185,1997,22.52
Country_185,1998,12.92
Country_185,1999,10.67
Country_185,2000,22.13
Country_185,2001,17.03
Country_185,2002,19.74
Country_185,2003,24.45
Country_185,2004,17.72
Country_185,2005,22.79
Country_185,2006,19.44
Country_185,2007,29.19
Country_185,2008,21.33
Country_185,2009,31.62
Country_185,2010,21.78
Country_185,2011,33.96
Country_185,2012,33.42
Country_185,2013,23.55
Country_185,2014,19.6
Country_185,2015,31.92
Country_185,2016,31.35
Country_185,2017,28.42
Country_185,2018,39.36
Country_185,2019,23.13
Country_185,2020,42.62
Country_185,2021,34.4
Country_185,2022,34.63
Country_185,2023,22.52
Country_186,1900,185.35
Country_186,1901,189.14
Country_186,1902,191.62
Country_186,1903,187.45
Country_186,1904,185.7
Country_186,1905,195.79
Country_186,1906,183.2
Country_186,1907,187.91
Country_186,1908,177.54
Country_186,1909,186.15
Country_186,1910,187.16
Country_186,1911,186.64
Country_186,1912,184.21
Country_186,1913,185.49
Country_186,1914,188.21
Country_186,1915,189.11
Country_186,1916,187.01
Country_186,1917,185.54
Country_186,1918,177.7
Country_186,1919,187.31
Country_186,1920,187.0
Country_186,1921,189.92
Country_186,1922,183.02
Country_186,1923,181.44
Country_186,1924,179.59
Country_186,1925,181.77
Country_186,1926,180.21
Country_186,1927,183.83
Country_186,1928,180.92
Country_186,1929,187.09
Country_186,1930,182.97
Country_186,1931,188.75
Country_186,1932,187.11
Country_186,1933,183.33
Country_186,1934,183.23
Country_186,1935,175.79
Country_186,1936,188.81
Country_186,1937,191.82
Country_186,1938,186.74
Country_186,1939,189.16
Country_186,1940,188.35
Country_186,1941,186.63
Country_186,1942,185.66
Country_186,1943,181.9
Country_186,1944,189.27
Country_186,1945,187.29
Country_186,1946,179.96
Country_186,1947,189.77
Country_186,1948,183.05
Country_186,1949,185.07
Country_186,1950,190.21
Country_186,1951,197.93
Country_186,1952,191.29
Country_186,1953,207.89
Country_186,1954,207.87
Country_186,1955,209.1
Country_186,1956,223.98
Country_186,1957,225.12
Country_186,1958,222.31
Country_186,1959,235.41
Country_186,1960,242.52
Country_186,1961,244.18
Country_186,1962,244.13
Country_186,1963,261.72
Country_186,1964,267.68
Country_186,1965,272.72
Country_186,1966,289.84
Country_186,1967,297.64
Country_186,1968,316.87
Country_186,1969,326.06
Country_186,1970,330.51
Country_186,1971,343.46
Country_186,1972,354.03
Country_186,1973,358.93
Country_186,1974,380.64
Country_186,1975,377.6
Country_186,1976,392.87
Country_186,1977,407.47
Country_186,1978,419.12
Country_186,1979,445.28
Country_186,1980,433.76
Country_186,1981,459.39
Country_186,1982,474.17
Country_186,1983,488.41
Country_186,1984,503.76
Country_186,1985,527.09
Country_186,1986,534.14
Country_186,1987,546.4
Country_186,1988,574.98
Country_186,1989,589.8
Country_186,1990,600.84
Country_186,1991,620.94
Country_186,1992,623.93
Country_186,1993,665.75
Country_186,1994,683.24
Country_186,1995,694.56
Country_186,1996,714.83
Country_186,1997,728.82
Country_186,1998,760.46
Country_186,1999,774.07
Country_186,2000,802.9
Country_186,2001,825.11
Country_186,2002,843.65
Country_186,2003,866.47
Country_186,2004,900.14
Country_186,2005,932.85
Country_186,2006,937.62
Country_186,2007,982.18
Country_186,2008,1006.97
Country_186,2009,1044.21
Country_186,2010,1078.44
Country_186,2011,1102.43
Country_186,2012,1133.38
Country_186,2013,1175.78
Country_186,2014,1206.88
Country_186,2015,1235.72
Country_186,2016,1300.41
Country_186,2017,1319.54
Country_186,2018,1379.34
Country_186,2019,1413.4
Country_186,2020,1441.21
Country_186,2021,1455.46
Country_186,2022,1492.79
Country_186,2023,1507.67
Country_187,1900,316.84
Country_187,1901,321.37
Country_187,1902,319.46
Country_187,1903,314.69
Country_187,1904,320.1
Country_187,1905,328.95
Country_187,1906,324.98
Country_187,1907,312.4
Country_187,1908,329.93
Country_187,1909,325.8
Country_187,1910,317.16
Country_187,1911,327.94
Country_187,1912,331.29
Country_187,1913,326.06
Country_187,1914,320.46
Country_187,1915,311.08
Country_187,1916,318.33
Country_187,1917,319.37
Country_187,1918,321.26
Country_187,1919,312.54
Country_187,1920,321.42
Country_187,1921,325.4
Country_187,1922,307.58
Country_187,1923,323.1
Country_187,1924,324.05
Country_187,1925,324.05
Country_187,1926,318.41
Country_187,1927,318.37
Country_187,1928,326.44
Country_187,1929,315.0
Country_187,1930,315.27
Country_187,1931,310.77
Country_187,1932,320.78
Country_187,1933,323.64
Country_187,1934,323.8
Country_187,1935,326.5
Country_187,1936,313.24
Country_187,1937,324.43
Country_187,1938,318.19
Country_187,1939,320.22
Country_187,1940,330.32
Country_187,1941,322.7
Country_187,1942,321.34
Country_187,1943,321.56
Country_187,1944,320.85
Country_187,1945,316.52
Country_187,1946,318.75
Country_187,1947,327.09
Country_187,1948,318.76
Country_187,1949,321.07
Country_187,1950,332.35
Country_187,1951,335.77
Country_187,1952,344.03
Country_187,1953,358.15
Country_187,1954,362.67
Country_187,1955,366.65
Country_187,1956,378.84
Country_187,1957,392.88
Country_187,1958,405.08
Country_187,1959,421.38
Country_187,1960,417.58
Country_187,1961,442.51
Country_187,1962,452.5
Country_187,1963,456.72
Country_187,1964,485.63
Country_187,1965,498.27
Country_187,1966,510.14
Country_187,1967,529.14
Country_187,1968,531.23
Country_187,1969,546.47
Country_187,1970,566.04
Country_187,1971,574.73
Country_187,1972,587.33
Country_187,1973,602.97
Country_187,1974,594.92
Country_187,1975,622.25
Country_187,1976,655.87
Country_187,1977,680.85
Country_187,1978,698.91
Country_187,1979,712.01
Country_187,1980,734.83
Country_187,1981,774.72
Country_187,1982,783.53
Country_187,1983,792.42
Country_187,1984,819.37
Country_187,1985,845.06
Country_187,1986,872.25
Country_187,1987,910.83
Country_187,1988,915.32
Country_187,1989,927.16
Country_187,1990,946.76
Country_187,1991,956.56
Country_187,1992,993.88
Country_187,1993,993.52
Country_187,1994,1045.22
Country_187,1995,1084.27
Country_187,1996,1116.27
Country_187,1997,1140.29
Country_187,1998,1161.05
Country_187,1999,1205.03
Country_187,2000,1215.63
Country_187,2001,1238.25
Country_187,2002,1283.86
Country_187,2003,1304.96
Country_187,2004,1369.1
Country_187,2005,1411.08
Country_187,2006,1438.74
Country_187,2007,1470.7
Country_187,2008,1502.8
Country_187,2009,1560.33
Country_187,2010,1585.48
Country_187,2011,1622.89
Country_187,2012,1670.14
Country_187,2013,1718.15
Country_187,2014,1731.5
Country_187,2015,1813.99
Country_187,2016,1866.1
Country_187,2017,1946.72
Country_187,2018,2020.51
Country_187,2019,2054.34
Country_187,2020,2151.15
Country_187,2021,2250.14
Country_187,2022,2341.15
Country_187,2023,2455.16
Country_188,1900,464.3
Country_188,1901,479.43
Country_188,1902,465.17
Country_188,1903,466.0
Country_188,1904,471.67
Country_188,1905,479.22
Country_188,1906,474.9
Country_188,1907,464.92
Country_188,1908,470.31
Country_188,1909,470.67
Country_188,1910,471.93
Country_188,1911,471.58
Country_188,1912,475.62
Country_188,1913,466.57
Country_188,1914,472.1
Country_188,1915,464.43
Country_188,1916,466.61
Country_188,1917,472.52
Country_188,1918,468.18
Country_188,1919,462.13
Country_188,1920,474.16
Country_188,1921,478.93
Country_188,1922,470.81
Country_188,1923,468.05
Country_188,1924,467.75
Country_188,1925,470.47
Country_188,1926,468.28
Country_188,1927,478.33
Country_188,1928,475.8
Country_188,1929,477.31
Country_188,1930,479.72
Country_188,1931,460.64
Country_188,1932,466.95
Country_188,1933,472.72
Country_188,1934,481.42
Country_188,1935,473.86
Country_188,1936,477.98
Country_188,1937,475.96
Country_188,1938,473.19
Country_188,1939,470.79
Country_188,1940,470.17
Country_188,1941,470.65
Country_188,1942,463.62
Country_188,1943,468.77
Country_188,1944,479.11
Country_188,1945,472.15
Country_188,1946,471.57
Country_188,1947,467.37
Country_188,1948,466.78
Country_188,1949,474.99
Country_188,1950,493.95
Country_188,1951,509.16
Country_188,1952,519.29
Country_188,1953,547.62
Country_188,1954,541.67
Country_188,1955,565.74
Country_188,1956,581.54
Country_188,1957,594.34
Country_188,1958,604.14
Country_188,1959,607.07
Country_188,1960,634.3
Country_188,1961,646.92
Country_188,1962,672.93
Country_188,1963,710.68
Country_188,1964,720.52
Country_188,1965,745.19
Country_188,1966,770.46
Country_188,1967,786.41
Country_188,1968,821.23
Country_188,1969,831.65
Country_188,1970,839.68
Country_188,1971,854.91
Country_188,1972,893.38
Country_188,1973,915.55
Country_188,1974,941.54
Country_188,1975,974.23
Country_188,1976,1015.24
Country_188,1977,1031.26
Country_188,1978,1060.76
Country_188,1979,1071.62
Country_188,1980,1121.07
Country_188,1981,1163.75
Country_188,1982,1205.35
Country_188,1983,1228.25
Country_188,1984,1261.29
Country_188,1985,1324.91
Country_188,1986,1362.37
Country_188,1987,1421.27
Country_188,1988,1451.4
Country_188,1989,1492.06
Country_188,1990,1561.61
Country_188,1991,1624.17
Country_188,1992,1643.0
Country_188,1993,1703.24
Country_188,1994,1780.33
Country_188,1995,1831.53
Country_188,1996,1885.95
Country_188,1997,1906.22
Country_188,1998,1984.61
Country_188,1999,2046.97
Country_188,2000,2137.73
Country_188,2001,2231.83
Country_188,2002,2249.88
Country_188,2003,2358.39
Country_188,2004,2418.96
Country_188,2005,2439.05
Country_188,2006,2552.85
Country_188,2007,2648.8
Country_188,2008,2744.33
Country_188,2009,2846.09
Country_188,2010,2921.43
Country_188,2011,3054.42
Country_188,2012,3150.44
Country_188,2013,3223.84
Country_188,2014,3335.4
Country_188,2015,3405.85
Country_188,2016,3530.92
Country_188,2017,3699.96
Country_188,2018,3732.3
Country_188,2019,3905.87
Country_188,2020,4014.02
Country_188,2021,4165.33
Country_188,2022,4346.65
Country_188,2023,4532.54
Country_189,1900,79.2
Country_189,1901,82.7
Country_189,1902,74.29
Country_189,1903,74.29
Country_189,1904,83.13
Country_189,1905,82.38
Country_189,1906,78.3
Country_189,1907,73.55
Country_189,1908,82.25
Country_189,1909,86.35
Country_189,1910,75.44
Country_189,1911,79.63
Country_189,1912,83.25
Country_189,1913,82.72
Country_189,1914,83.45
Country_189,1915,91.94
Country_189,1916,82.94
Country_189,1917,83.6
Country_189,1918,90.42
Country_189,1919,75.65
Country_189,1920,72.67
Country_189,1921,84.55
Country_189,1922,80.36
Country_189,1923,81.24
Country_189,1924,79.01
Country_189,1925,71.38
Country_189,1926,82.08
Country_189,1927,85.76
Country_189,1928,79.41
Country_189,1929,85.11
Country_189,1930,78.81
Country_189,1931,84.08
Country_189,1932,83.08
Country_189,1933,81.63
Country_189,1934,78.94
Country_189,1935,77.52
Country_189,1936,76.59
Country_189,1937,76.36
Country_189,1938,87.83
Country_189,1939,81.11
Country_189,1940,79.35
Country_189,1941,77.66
Country_189,1942,70.0
Country_189,1943,81.26
Country_189,1944,85.68
Country_189,1945,79.79
Country_189,1946,80.83
Country_189,1947,91.72
Country_189,1948,85.01
Country_189,1949,90.49
Country_189,1950,82.38
Country_189,1951,86.72
Country_189,1952,87.24
Country_189,1953,89.25
Country_189,1954,91.18
Country_189,1955,95.82
Country_189,1956,92.92
Country_189,1957,107.94
Country_189,1958,114.68
Country_189,1959,113.04
Country_189,1960,103.95
Country_189,1961,113.16
Country_189,1962,128.09
Country_189,1963,135.32
Country_189,1964,134.89
Country_189,1965,153.58
Country_189,1966,137.42
Country_189,1967,140.24
Country_189,1968,142.31
Country_189,1969,152.7
Country_189,1970,161.28
Country_189,1971,157.17
Country_189,1972,159.11
Country_189,1973,165.23
Country_189,1974,175.13
Country_189,1975,174.1
Country_189,1976,176.52
Country_189,1977,192.13
Country_189,1978,188.19
Country_189,1979,194.87
Country_189,1980,191.26
Country_189,1981,201.41
Country_189,1982,213.17
Country_189,1983,223.78
Country_189,1984,214.07
Country_189,1985,224.64
Country_189,1986,234.36
Country_189,1987,239.92
Country_189,1988,241.97
Country_189,1989,247.74
Country_189,1990,263.8
Country_189,1991,258.52
Country_189,1992,270.75
Country_189,1993,286.14
Country_189,1994,283.8
Country_189,1995,296.51
Country_189,1996,292.25
Country_189,1997,303.36
Country_189,1998,306.96
Country_189,1999,336.19
Country_189,2000,338.85
Country_189,2001,348.19
Country_189,2002,368.7
Country_189,2003,374.52
Country_189,2004,381.08
Country_189,2005,404.07
Country_189,2006,422.98
Country_189,2007,429.75
Country_189,2008,439.26
Country_189,2009,466.57
Country_189,2010,479.56
Country_189,2011,486.86
Country_189,2012,507.9
Country_189,2013,534.79
Country_189,2014,550.33
Country_189,2015,555.35
Country_189,2016,560.81
Country_189,2017,571.0
Country_189,2018,600.23
Country_189,2019,611.54
Country_189,2020,623.33
Country_189,2021,647.6
Country_189,2022,672.18
Country_189,2023,676.73
Country_190,1900,969.42
Country_190,1901,965.47
Country_190,1902,965.88
Country_190,1903,965.88
Country_190,1904,972.41
Country_190,1905,967.49
Country_190,1906,962.14
Country_190,1907,970.4
Country_190,1908,971.91
Country_190,1909,976.35
Country_190,1910,962.34
Country_190,1911,969.7
Country_190,1912,964.15
Country_190,1913,966.07
Country_190,1914,975.67
Country_190,1915,969.57
Country_190,1916,963.4
Country_190,1917,978.67
Country_190,1918,974.27
Country_190,1919,973.89
Country_190,1920,962.74
Country_190,1921,970.47
Country_190,1922,971.03
Country_190,1923,965.67
Country_190,1924,974.03
Country_190,1925,968.49
Country_190,1926,969.7
Country_190,1927,971.52
Country_190,1928,976.94
Country_190,1929,969.83
Country_190,1930,978.68
Country_190,1931,979.49
Country_190,1932,968.79
Country_190,1933,973.72
Country_190,1934,979.86
Country_190,1935,972.48
Country_190,1936,966.79
Country_190,1937,972.83
Country_190,1938,965.3
Country_190,1939,960.24
Country_190,1940,965.08
Country_190,1941,978.74
Country_190,1942,968.07
Country_190,1943,961.64
Country_190,1944,967.01
Country_190,1945,967.82
Country_190,1946,969.55
Country_190,1947,972.76
Country_190,1948,963.37
Country_190,1949,982.46
Country_190,1950,998.76
Country_190,1951,1018.98
Country_190,1952,1041.19
Country_190,1953,1054.65
Country_190,1954,1079.37
Country_190,1955,1134.43
Country_190,1956,1163.8
Country_190,1957,1178.33
Country_190,1958,1208.31
Country_190,1959,1235.87
Country_190,1960,1264.85
Country_190,1961,1282.77
Country_190,1962,1354.91
Country_190,1963,1382.02
Country_190,1964,1442.1
Country_190,1965,1512.8
Country_190,1966,1540.99
Country_190,1967,1594.14
Country_190,1968,1634.98
Country_190,1969,1676.75
Country_190,1970,1710.18
Country_190,1971,1776.32
Country_190,1972,1838.47
Country_190,1973,1928.12
Country_190,1974,1996.25
Country_190,1975,2044.17
Country_190,1976,2112.71
Country_190,1977,2141.03
Country_190,1978,2231.53
Country_190,1979,2276.72
Country_190,1980,2353.43
Country_190,1981,2456.01
Country_190,1982,2524.16
Country_190,1983,2595.15
Country_190,1984,2675.12
Country_190,1985,2702.03
Country_190,1986,2787.91
Country_190,1987,2895.18
Country_190,1988,2990.15
Country_190,1989,3090.43
Country_190,1990,3159.93
Country_190,1991,3258.59
Country_190,1992,3363.52
Country_190,1993,3533.49
Country_190,1994,3582.79
Country_190,1995,3728.49
Country_190,1996,3857.94
Country_190,1997,4027.22
Country_190,1998,4115.85
Country_190,1999,4268.22
Country_190,2000,4419.78
Country_190,2001,4620.78
Country_190,2002,4768.56
Country_190,2003,4840.76
Country_190,2004,4943.19
Country_190,2005,5126.57
Country_190,2006,5287.26
Country_190,2007,5435.52
Country_190,2008,5525.55
Country_190,2009,5750.53
Country_190,2010,5880.92
Country_190,2011,6158.24
Country_190,2012,6443.26
Country_190,2013,6586.89
Country_190,2014,6811.3
Country_190,2015,6940.08
Country_190,2016,7196.23
Country_190,2017,7447.66
Country_190,2018,7754.29
Country_190,2019,7883.65
Country_190,2020,8002.65
Country_190,2021,8294.11
Country_190,2022,8534.59
Country_190,2023,8833.31
Country_191,1900,86.85
Country_191,1901,84.59
Country_191,1902,96.58
Country_191,1903,89.35
Country_191,1904,91.94
Country_191,1905,92.55
Country_191,1906,93.1
Country_191,1907,95.32
Country_191,1908,95.1
Country_191,1909,97.91
Country_191,1910,88.3
Country_191,1911,87.6
Country_191,1912,89.33
Country_191,1913,90.59
Country_191,1914,84.43
Country_191,1915,87.95
Country_191,1916,98.66
Country_191,1917,91.61
Country_191,1918,85.1
Country_191,1919,91.75
Country_191,1920,96.19
Country_191,1921,88.74
Country_191,1922,86.42
Country_191,1923,93.5
Country_191,1924,92.3
Country_191,1925,82.98
Country_191,1926,97.62
Country_191,1927,93.36
Country_191,1928,86.78
Country_191,1929,97.86
Country_191,1930,92.86
Country_191,1931,87.62
Country_191,1932,89.36
Country_191,1933,92.93
Country_191,1934,95.49
Country_191,1935,82.65
Country_191,1936,91.03
Country_191,1937,94.25
Country_191,1938,87.9
Country_191,1939,79.05
Country_191,1940,90.91
Country_191,1941,96.05
Country_191,1942,82.62
Country_191,1943,91.64
Country_191,1944,88.06
Country_191,1945,89.79
Country_191,1946,88.48
Country_191,1947,89.07
Country_191,1948,91.23
Country_191,1949,89.52
Country_191,1950,98.72
Country_191,1951,100.29
Country_191,1952,105.69
Country_191,1953,113.37
Country_191,1954,103.99
Country_191,1955,110.77
Country_191,1956,111.34
Country_191,1957,116.02
Country_191,1958,116.51
Country_191,1959,111.37
Country_191,1960,122.56
Country_191,1961,116.59
Country_191,1962,124.82
Country_191,1963,125.55
Country_191,1964,142.77
Country_191,1965,138.92
Country_191,1966,145.93
Country_191,1967,146.15
Country_191,1968,143.55
Country_191,1969,162.84
Country_191,1970,164.9
Country_191,1971,172.6
Country_191,1972,167.98
Country_191,1973,182.08
Country_191,1974,180.8
Country_191,1975,194.6
Country_191,1976,192.21
Country_191,1977,192.49
Country_191,1978,206.45
Country_191,1979,203.74
Country_191,1980,198.59
Country_191,1981,220.55
Country_191,1982,222.94
Country_191,1983,234.1
Country_191,1984,231.53
Country_191,1985,241.3
Country_191,1986,257.48
Country_191,1987,249.12
Country_191,1988,261.44
Country_191,1989,269.2
Country_191,1990,288.89
Country_191,1991,296.19
Country_191,1992,307.65
Country_191,1993,316.38
Country_191,1994,316.18
Country_191,1995,332.66
Country_191,1996,348.0
Country_191,1997,349.23
Country_191,1998,369.27
Country_191,1999,383.62
Country_191,2000,404.11
Country_191,2001,410.18
Country_191,2002,428.53
Country_191,2003,431.87
Country_191,2004,459.26
Country_191,2005,467.71
Country_191,2006,468.05
Country_191,2007,483.64
Country_191,2008,501.14
Country_191,2009,528.28
Country_191,2010,542.69
Country_191,2011,558.46
Country_191,2012,576.09
Country_191,2013,607.4
Country_191,2014,631.66
Country_191,2015,650.92
Country_191,2016,653.11
Country_191,2017,695.78
Country_191,2018,740.72
Country_191,2019,732.97
Country_191,2020,750.29
Country_191,2021,781.9
Country_191,2022,819.67
Country_191,2023,829.83
Country_192,1900,202.27
Country_192,1901,206.05
Country_192,1902,200.11
Country_192,1903,204.87
Country_192,1904,210.74
Country_192,1905,195.34
Country_192,1906,208.66
Country_192,1907,201.45
Country_192,1908,192.0
Country_192,1909,198.15
Country_192,1910,199.93
Country_192,1911,195.33
Country_192,1912,206.4
Country_192,1913,203.86
Country_192,1914,210.12
Country_192,1915,198.96
Country_192,1916,207.02
Country_192,1917,194.42
Country_192,1918,200.84
Country_192,1919,198.57
Country_192,1920,200.96
Country_192,1921,212.18
Country_192,1922,202.57
Country_192,1923,201.51
Country_192,1924,202.38
Country_192,1925,210.96
Country_192,1926,204.76
Country_192,1927,205.51
Country_192,1928,194.8
Country_192,1929,198.31
Country_192,1930,198.55
Country_192,1931,195.21
Country_192,1932,193.14
Country_192,1933,203.94
Country_192,1934,196.66
Country_192,1935,196.96
Country_192,1936,205.15
Country_192,1937,202.38
Country_192,1938,203.17
Country_192,1939,198.54
Country_192,1940,204.44
Country_192,1941,200.64
Country_192,1942,201.47
Country_192,1943,205.26
Country_192,1944,200.76
Country_192,1945,202.03
Country_192,1946,199.44
Country_192,1947,201.55
Country_192,1948,200.87
Country_192,1949,203.63
Country_192,1950,212.82
Country_192,1951,213.99
Country_192,1952,213.64
Country_192,1953,234.26
Country_192,1954,237.88
Country_192,1955,246.78
Country_192,1956,253.0
Country_192,1957,270.0
Country_192,1958,284.38
Country_192,1959,281.32
Country_192,1960,295.11
Country_192,1961,304.13
Country_192,1962,318.56
Country_192,1963,334.91
Country_192,1964,337.32
Country_192,1965,357.78
Country_192,1966,369.64
Country_192,1967,387.42
Country_192,1968,393.87
Country_192,1969,405.29
Country_192,1970,414.29
Country_192,1971,433.38
Country_192,1972,455.54
Country_192,1973,469.1
Country_192,1974,472.8
Country_192,1975,492.55
Country_192,1976,504.95
Country_192,1977,522.16
Country_192,1978,531.55
Country_192,1979,554.42
Country_192,1980,582.27
Country_192,1981,599.0
Country_192,1982,615.7
Country_192,1983,619.71
Country_192,1984,645.11
Country_192,1985,650.12
Country_192,1986,686.04
Country_192,1987,710.55
Country_192,1988,729.99
Country_192,1989,747.65
Country_192,1990,763.17
Country_192,1991,778.81
Country_192,1992,815.92
Country_192,1993,826.04
Country_192,1994,852.92
Country_192,1995,879.57
Country_192,1996,902.84
Country_192,1997,926.82
Country_192,1998,939.53
Country_192,1999,960.48
Country_192,2000,985.41
Country_192,2001,999.28
Country_192,2002,1050.55
Country_192,2003,1070.97
Country_192,2004,1127.4
Country_192,2005,1169.56
Country_192,2006,1186.93
Country_192,2007,1242.06
Country_192,2008,1259.37
Country_192,2009,1271.59
Country_192,2010,1327.21
Country_192,2011,1373.0
Country_192,2012,1429.04
Country_192,2013,1478.3
Country_192,2014,1525.11
Country_192,2015,1559.17
Country_192,2016,1606.81
Country_192,2017,1655.89
Country_192,2018,1696.96
Country_192,2019,1774.29
Country_192,2020,1833.47
Country_192,2021,1880.8
Country_192,2022,1917.88
Country_192,2023,1946.56
Country_193,1900,729.82
Country_193,1901,721.09
Country_193,1902,735.75
Country_193,1903,718.8
Country_193,1904,730.84
Country_193,1905,733.44
Country_193,1906,729.04
Country_193,1907,730.15
Country_193,1908,727.53
Country_193,1909,729.92
Country_193,1910,726.47
Country_193,1911,732.51
Country_193,1912,729.94
Country_193,1913,727.77
Country_193,1914,730.53
Country_193,1915,723.24
Country_193,1916,721.31
Country_193,1917,724.33
Country_193,1918,726.95
Country_193,1919,732.14
Country_193,1920,730.06
Country_193,1921,735.31
Country_193,1922,734.81
Country_193,1923,728.08
Country_193,1924,722.85
Country_193,1925,738.3
Country_193,1926,739.86
Country_193,1927,727.86
Country_193,1928,725.23
Country_193,1929,724.78
Country_193,1930,726.6
Country_193,1931,728.99
Country_193,1932,730.06
Country_193,1933,730.78
Country_193,1934,741.54
Country_193,1935,735.99
Country_193,1936,723.8
Country_193,1937,723.49
Country_193,1938,726.23
Country_193,1939,732.95
Country_193,1940,732.05
Country_193,1941,728.27
Country_193,1942,732.71
Country_193,1943,731.31
Country_193,1944,725.41
Country_193,1945,730.57
Country_193,1946,723.83
Country_193,1947,725.86
Country_193,1948,734.16
Country_193,1949,719.71
Country_193,1950,739.26
Country_193,1951,762.44
Country_193,1952,794.39
Country_193,1953,816.96
Country_193,1954,836.65
Country_193,1955,875.13
Country_193,1956,918.52
Country_193,1957,945.21
Country_193,1958,975.82
Country_193,1959,984.08
Country_193,1960,1032.37
Country_193,1961,1065.54
Country_193,1962,1095.24
Country_193,1963,1138.74
Country_193,1964,1164.28
Country_193,1965,1208.94
Country_193,1966,1261.25
Country_193,1967,1310.04
Country_193,1968,1349.53
Country_193,1969,1366.62
Country_193,1970,1403.03
Country_193,1971,1439.46
Country_193,1972,1456.84
Country_193,1973,1485.99
Country_193,1974,1533.08
Country_193,1975,1567.35
Country_193,1976,1586.18
Country_193,1977,1606.27
Country_193,1978,1684.43
Country_193,1979,1748.75
Country_193,1980,1834.02
Country_193,1981,1908.05
Country_193,1982,2001.4
Country_193,1983,2054.59
Country_193,1984,2149.05
Country_193,1985,2196.21
Country_193,1986,2277.65
Country_193,1987,2344.13
Country_193,1988,2389.4
Country_193,1989,2426.44
Country_193,1990,2534.91
Country_193,1991,2608.21
Country_193,1992,2641.77
Country_193,1993,2677.58
Country_193,1994,2720.6
Country_193,1995,2763.54
Country_193,1996,2874.8
Country_193,1997,2934.28
Country_193,1998,3007.89
Country_193,1999,3126.22
Country_193,2000,3240.88
Country_193,2001,3328.52
Country_193,2002,3457.54
Country_193,2003,3561.47
Country_193,2004,3672.39
Country_193,2005,3790.62
Country_193,2006,3839.92
Country_193,2007,3977.52
Country_193,2008,4069.44
Country_193,2009,4201.0
Country_193,2010,4298.13
Country_193,2011,4452.98
Country_193,2012,4585.13
Country_193,2013,4716.01
Country_193,2014,4898.79
Country_193,2015,5081.9
Country_193,2016,5306.77
Country_193,2017,5461.92
Country_193,2018,5557.14
Country_193,2019,5764.09
Country_193,2020,5877.38
Country_193,2021,6103.73
Country_193,2022,6250.79
Country_193,2023,6531.87
Country_194,1900,199.87
Country_194,1901,208.09
Country_194,1902,211.58
Country_194,1903,205.26
Country_194,1904,204.85
Country_194,1905,211.67
Country_194,1906,199.83
Country_194,1907,210.79
Country_194,1908,204.91
Country_194,1909,211.04
Country_194,1910,209.72
Country_194,1911,210.07
Country_194,1912,208.24
Country_194,1913,210.45
Country_194,1914,211.6
Country_194,1915,203.94
Country_194,1916,209.62
Country_194,1917,209.22
Country_194,1918,206.83
Country_194,1919,213.12
Country_194,1920,205.92
Country_194,1921,205.74
Country_194,1922,204.77
Country_194,1923,206.89
Country_194,1924,202.58
Country_194,1925,204.42
Country_194,1926,205.62
Country_194,1927,196.17
Country_194,1928,198.94
Country_194,1929,198.49
Country_194,1930,206.85
Country_194,1931,204.58
Country_194,1932,212.17
Country_194,1933,206.44
Country_194,1934,215.71
Country_194,1935,197.82
Country_194,1936,203.59
Country_194,1937,211.68
Country_194,1938,199.22
Country_194,1939,206.57
Country_194,1940,207.78
Country_194,1941,205.28
Country_194,1942,216.6
Country_194,1943,209.28
Country_194,1944,218.12
Country_194,1945,210.01
Country_194,1946,207.79
Country_194,1947,207.3
Country_194,1948,207.34
Country_194,1949,206.13
Country_194,1950,217.58
Country_194,1951,214.33
Country_194,1952,237.49
Country_194,1953,232.56
Country_194,1954,238.19
Country_194,1955,249.9
Country_194,1956,262.16
Country_194,1957,266.24
Country_194,1958,281.7
Country_194,1959,276.3
Country_194,1960,290.38
Country_194,1961,302.91
Country_194,1962,312.07
Country_194,1963,316.79
Country_194,1964,315.3
Country_194,1965,332.92
Country_194,1966,340.02
Country_194,1967,354.35
Country_194,1968,368.04
Country_194,1969,359.91
Country_194,1970,375.94
Country_194,1971,397.37
Country_194,1972,404.94
Country_194,1973,399.47
Country_194,1974,421.23
Country_194,1975,430.7
Country_194,1976,437.62
Country_194,1977,457.47
Country_194,1978,466.53
Country_194,1979,475.85
Country_194,1980,483.27
Country_194,1981,496.28
Country_194,1982,515.85
Country_194,1983,529.79
Country_194,1984,535.69
Country_194,1985,562.26
Country_194,1986,574.77
Country_194,1987,589.43
Country_194,1988,621.18
Country_194,1989,626.81
Country_194,1990,640.06
Country_194,1991,673.0
Country_194,1992,691.69
Country_194,1993,701.43
Country_194,1994,720.22
Country_194,1995,744.61
Country_194,1996,777.13
Country_194,1997,801.85
Country_194,1998,829.52
Country_194,1999,851.6
Country_194,2000,894.46
Country_194,2001,940.56
Country_194,2002,956.73
Country_194,2003,977.14
Country_194,2004,1023.46
Country_194,2005,1055.75
Country_194,2006,1068.67
Country_194,2007,1129.22
Country_194,2008,1171.29
Country_194,2009,1219.98
Country_194,2010,1245.46
Country_194,2011,1285.74
Country_194,2012,1304.5
Country_194,2013,1377.98
Country_194,2014,1422.57
Country_194,2015,1465.33
Country_194,2016,1536.34
Country_194,2017,1590.65
Country_194,2018,1654.09
Country_194,2019,1729.56
Country_194,2020,1759.69
Country_194,2021,1805.48
Country_194,2022,1875.84
Country_194,2023,1916.39
Country_195,1900,785.6
Country_195,1901,781.38
Country_195,1902,780.99
Country_195,1903,791.53
Country_195,1904,781.02
Country_195,1905,783.15
Country_195,1906,777.09
Country_195,1907,790.07
Country_195,1908,787.3
Country_195,1909,790.12
Country_195,1910,787.83
Country_195,1911,780.37
Country_195,1912,787.06
Country_195,1913,785.89
Country_195,1914,793.08
Country_195,1915,791.7
Country_195,1916,783.75
Country_195,1917,787.29
Country_195,1918,779.62
Country_195,1919,791.6
Country_195,1920,791.92
Country_195,1921,790.11
Country_195,1922,782.38
Country_195,1923,791.35
Country_195,1924,790.2
Country_195,1925,791.89
Country_195,1926,784.35
Country_195,1927,791.81
Country_195,1928,794.55
Country_195,1929,791.86
Country_195,1930,799.99
Country_195,1931,792.89
Country_195,1932,784.0
Country_195,1933,791.31
Country_195,1934,785.44
Country_195,1935,789.39
Country_195,1936,784.2
Country_195,1937,789.13
Country_195,1938,787.81
Country_195,1939,778.56
Country_195,1940,786.03
Country_195,1941,786.35
Country_195,1942,787.09
Country_195,1943,788.84
Country_195,1944,790.73
Country_195,1945,785.74
Country_195,1946,801.8
Country_195,1947,778.95
Country_195,1948,793.1
Country_195,1949,796.46
Country_195,1950,818.14
Country_195,1951,839.71
Country_195,1952,868.41
Country_195,1953,893.85
Country_195,1954,918.66
Country_195,1955,949.51
Country_195,1956,992.01
Country_195,1957,1013.17
Country_195,1958,1021.35
Country_195,1959,1040.7
Country_195,1960,1078.88
Country_195,1961,1100.57
Country_195,1962,1126.04
Country_195,1963,1145.43
Country_195,1964,1195.7
Country_195,1965,1215.06
Country_195,1966,1232.83
Country_195,1967,1280.8
Country_195,1968,1272.77
Country_195,1969,1325.65
Country_195,1970,1380.28
Country_195,1971,1408.97
Country_195,1972,1456.79
Country_195,1973,1471.92
Country_195,1974,1534.6
Country_195,1975,1569.93
Country_195,1976,1597.25
Country_195,1977,1623.43
Country_195,1978,1667.61
Country_195,1979,1750.03
Country_195,1980,1763.82
Country_195,1981,1799.2
Country_195,1982,1875.55
Country_195,1983,1954.15
Country_195,1984,2042.05
Country_195,1985,2132.28
Country_195,1986,2174.15
Country_195,1987,2249.58
Country_195,1988,2329.45
Country_195,1989,2402.84
Country_195,1990,2467.11
Country_195,1991,2539.11
Country_195,1992,2570.97
Country_195,1993,2654.24
Country_195,1994,2717.98
Country_195,1995,2848.08
Country_195,1996,2933.84
Country_195,1997,3003.2
Country_195,1998,3069.77
Country_195,1999,3164.86
Country_195,2000,3253.9
Country_195,2001,3307.55
Country_195,2002,3427.35
Country_195,2003,3521.03
Country_195,2004,3695.83
Country_195,2005,3775.7
Country_195,2006,3947.38
Country_195,2007,4086.59
Country_195,2008,4266.88
Country_195,2009,4314.64
Country_195,2010,4370.24
Country_195,2011,4417.74
Country_195,2012,4626.65
Country_195,2013,4741.98
Country_195,2014,4795.69
Country_195,2015,4911.14
Country_195,2016,5128.09
Country_195,2017,5330.15
Country_195,2018,5515.68
Country_195,2019,5651.73
Country_195,2020,5793.8
Country_195,2021,5881.1
Country_195,2022,6002.84
Country_195,2023,6267.45
Country_196,1900,983.5
Country_196,1901,976.95
Country_196,1902,986.0
Country_196,1903,986.56
Country_196,1904,999.19
Country_196,1905,981.69
Country_196,1906,990.77
Country_196,1907,988.06
Country_196,1908,986.96
Country_196,1909,993.79
Country_196,1910,1000.99
Country_196,1911,992.0
Country_196,1912,991.72
Country_196,1913,993.06
Country_196,1914,991.46
Country_196,1915,987.43
Country_196,1916,977.66
Country_196,1917,985.23
Country_196,1918,994.26
Country_196,1919,988.92
Country_196,1920,974.73
Country_196,1921,996.17
Country_196,1922,986.77
Country_196,1923,988.53
Country_196,1924,990.77
Country_196,1925,988.18
Country_196,1926,991.67
Country_196,1927,984.44
Country_196,1928,984.19
Country_196,1929,996.58
Country_196,1930,985.32
Country_196,1931,984.96
Country_196,1932,982.09
Country_196,1933,989.53
Country_196,1934,990.42
Country_196,1935,991.41
Country_196,1936,988.23
Country_196,1937,990.58
Country_196,1938,979.33
Country_196,1939,980.38
Country_196,1940,994.53
Country_196,1941,982.42
Country_196,1942,981.75
Country_196,1943,989.75
Country_196,1944,978.95
Country_196,1945,984.62
Country_196,1946,985.33
Country_196,1947,986.85
Country_196,1948,980.34
Country_196,1949,989.34
Country_196,1950,1007.59
Country_196,1951,1031.44
Country_196,1952,1060.33
Country_196,1953,1122.59
Country_196,1954,1157.37
Country_196,1955,1157.85
Country_196,1956,1196.42
Country_196,1957,1199.73
Country_196,1958,1252.12
Country_196,1959,1265.1
Country_196,1960,1317.2
Country_196,1961,1363.18
Country_196,1962,1377.07
Country_196,1963,1427.01
Country_196,1964,1450.09
Country_196,1965,1488.39
Country_196,1966,1518.35
Country_196,1967,1541.93
Country_196,1968,1617.75
Country_196,1969,1669.58
Country_196,1970,1700.16
Country_196,1971,1734.74
Country_196,1972,1766.14
Country_196,1973,1852.61
Country_196,1974,1895.42
Country_196,1975,1980.35
Country_196,1976,2041.91
Country_196,1977,2126.15
Country_196,1978,2178.46
Country_196,1979,2254.03
Country_196,1980,2345.63
Country_196,1981,2395.67
Country_196,1982,2490.31
Country_196,1983,2530.61
Country_196,1984,2614.52
Country_196,1985,2715.01
Country_196,1986,2817.57
Country_196,1987,2875.4
Country_196,1988,2985.21
Country_196,1989,3003.79
Country_196,1990,3136.58
Country_196,1991,3217.31
Country_196,1992,3261.85
Country_196,1993,3362.78
Country_196,1994,3475.27
Country_196,1995,3604.45
Country_196,1996,3721.94
Country_196,1997,3833.06
Country_196,1998,3885.68
Country_196,1999,3940.36
Country_196,2000,4061.62
Country_196,2001,4134.83
Country_196,2002,4269.45
Country_196,2003,4378.42
Country_196,2004,4561.49
Country_196,2005,4663.5
Country_196,2006,4787.38
Country_196,2007,5004.1
Country_196,2008,5061.33
Country_196,2009,5214.83
Country_196,2010,5408.49
Country_196,2011,5590.74
Country_196,2012,5837.88
Country_196,2013,6136.58
Country_196,2014,6201.64
Country_196,2015,6266.02
Country_196,2016,6570.03
Country_196,2017,6696.28
Country_196,2018,6854.96
Country_196,2019,7111.53
Country_196,2020,7264.64
Country_196,2021,7547.22
Country_196,2022,7648.47
Country_196,2023,7876.38
Country_197,1900,509.71
Country_197,1901,509.39
Country_197,1902,503.05
Country_197,1903,500.38
Country_197,1904,498.86
Country_197,1905,502.4
Country_197,1906,503.96
Country_197,1907,497.55
Country_197,1908,494.46
Country_197,1909,494.1
Country_197,1910,499.4
Country_197,1911,491.64
Country_197,1912,511.01
Country_197,1913,509.12
Country_197,1914,503.31
Country_197,1915,501.18
Country_197,1916,494.92
Country_197,1917,500.85
Country_197,1918,502.62
Country_197,1919,506.22
Country_197,1920,505.62
Country_197,1921,499.19
Country_197,1922,499.75
Country_197,1923,508.41
Country_197,1924,508.26
Country_197,1925,513.2
Country_197,1926,496.05
Country_197,1927,501.41
Country_197,1928,495.46
Country_197,1929,490.32
Country_197,1930,506.69
Country_197,1931,504.23
Country_197,1932,497.09
Country_197,1933,495.38
Country_197,1934,507.76
Country_197,1935,499.08
Country_197,1936,495.7
Country_197,1937,493.9
Country_197,1938,509.34
Country_197,1939,496.24
Country_197,1940,495.06
Country_197,1941,505.8
Country_197,1942,507.82
Country_197,1943,504.71
Country_197,1944,507.95
Country_197,1945,497.98
Country_197,1946,506.44
Country_197,1947,500.52
Country_197,1948,497.77
Country_197,1949,502.54
Country_197,1950,525.01
Country_197,1951,541.72
Country_197,1952,544.96
Country_197,1953,567.19
Country_197,1954,581.92
Country_197,1955,597.33
Country_197,1956,616.3
Country_197,1957,638.14
Country_197,1958,670.96
Country_197,1959,685.94
Country_197,1960,706.75
Country_197,1961,731.29
Country_197,1962,746.27
Country_197,1963,788.82
Country_197,1964,805.98
Country_197,1965,863.23
Country_197,1966,893.34
Country_197,1967,920.65
Country_197,1968,930.83
Country_197,1969,954.87
Country_197,1970,990.38
Country_197,1971,1002.16
Country_197,1972,1034.47
Country_197,1973,1100.06
Country_197,1974,1115.62
Country_197,1975,1164.7
Country_197,1976,1227.8
Country_197,1977,1282.13
Country_197,1978,1325.79
Country_197,1979,1334.14
Country_197,1980,1370.96
Country_197,1981,1405.16
Country_197,1982,1454.11
Country_197,1983,1476.43
Country_197,1984,1530.1
Country_197,1985,1589.26
Country_197,1986,1671.03
Country_197,1987,1713.84
Country_197,1988,1778.31
Country_197,1989,1800.54
Country_197,1990,1820.84
Country_197,1991,1844.58
Country_197,1992,1899.98
Country_197,1993,1936.58
Country_197,1994,2020.79
Country_197,1995,2058.04
Country_197,1996,2137.03
Country_197,1997,2233.3
Country_197,1998,2287.42
Country_197,1999,2307.96
Country_197,2000,2403.97
Country_197,2001,2487.29
Country_197,2002,2533.53
Country_197,2003,2565.02
Country_197,2004,2690.85
Country_197,2005,2822.82
Country_197,2006,2904.59
Country_197,2007,3030.73
Country_197,2008,3178.67
Country_197,2009,3213.38
Country_197,2010,3366.13
Country_197,2011,3478.29
Country_197,2012,3616.98
Country_197,2013,3660.62
Country_197,2014,3718.58
Country_197,2015,3818.58
Country_197,2016,3994.95
Country_197,2017,4134.84
Country_197,2018,4218.1
Country_197,2019,4362.97
Country_197,2020,4568.06
Country_197,2021,4747.65
Country_197,2022,4796.65
Country_197,2023,4866.79
Country_198,1900,545.94
Country_198,1901,546.65
Country_198,1902,553.94
Country_198,1903,552.02
Country_198,1904,550.16
Country_198,1905,563.49
Country_198,1906,541.54
Country_198,1907,554.45
Country_198,1908,544.48
Country_198,1909,544.4
Country_198,1910,551.92
Country_198,1911,549.13
Country_198,1912,548.46
Country_198,1913,556.37
Country_198,1914,547.99
Country_198,1915,542.47
Country_198,1916,551.02
Country_198,1917,552.74
Country_198,1918,543.84
Country_198,1919,544.07
Country_198,1920,547.25
Country_198,1921,552.98
Country_198,1922,549.21
Country_198,1923,552.21
Country_198,1924,548.1
Country_198,1925,553.41
Country_198,1926,545.06
Country_198,1927,546.18
Country_198,1928,547.06
Country_198,1929,555.29
Country_198,1930,551.77
Country_198,1931,546.14
Country_198,1932,543.68
Country_198,1933,542.76
Country_198,1934,543.07
Country_198,1935,548.92
Country_198,1936,552.05
Country_198,1937,542.82
Country_198,1938,555.11
Country_198,1939,549.65
Country_198,1940,551.37
Country_198,1941,552.27
Country_198,1942,554.75
Country_198,1943,548.1
Country_198,1944,547.51
Country_198,1945,542.2
Country_198,1946,547.32
Country_198,1947,549.71
Country_198,1948,550.82
Country_198,1949,555.1
Country_198,1950,569.23
Country_198,1951,588.72
Country_198,1952,625.01
Country_198,1953,643.75
Country_198,1954,651.53
Country_198,1955,657.66
Country_198,1956,705.15
Country_198,1957,730.32
Country_198,1958,758.55
Country_198,1959,764.9
Country_198,1960,791.56
Country_198,1961,814.44
Country_198,1962,844.64
Country_198,1963,864.43
Country_198,1964,895.57
Country_198,1965,902.58
Country_198,1966,949.25
Country_198,1967,965.95
Country_198,1968,980.88
Country_198,1969,1000.73
Country_198,1970,1043.21
Country_198,1971,1069.48
Country_198,1972,1082.93
Country_198,1973,1134.83
Country_198,1974,1162.47
Country_198,1975,1213.99
Country_198,1976,1243.5
Country_198,1977,1261.19
Country_198,1978,1302.37
Country_198,1979,1364.97
Country_198,1980,1381.12
Country_198,1981,1400.82
Country_198,1982,1421.2
Country_198,1983,1471.67
Country_198,1984,1519.89
Country_198,1985,1542.71
Country_198,1986,1608.25
Country_198,1987,1636.91
Country_198,1988,1665.9
Country_198,1989,1724.64
Country_198,1990,1801.14
Country_198,1991,1820.88
Country_198,1992,1854.06
Country_198,1993,1885.02
Country_198,1994,1906.27
Country_198,1995,1920.92
Country_198,1996,1964.35
Country_198,1997,1984.36
Country_198,1998,2070.34
Country_198,1999,2164.64
Country_198,2000,2276.5
Country_198,2001,2327.71
Country_198,2002,2350.36
Country_198,2003,2410.48
Country_198,2004,2526.5
Country_198,2005,2565.67
Country_198,2006,2622.93
Country_198,2007,2720.65
Country_198,2008,2778.27
Country_198,2009,2833.75
Country_198,2010,2909.31
Country_198,2011,2988.62
Country_198,2012,3057.98
Country_198,2013,3093.95
Country_198,2014,3171.09
Country_198,2015,3314.6
Country_198,2016,3446.54
Country_198,2017,3512.52
Country_198,2018,3605.64
Country_198,2019,3654.73
Country_198,2020,3820.83
Country_198,2021,3925.67
Country_198,2022,3980.0
Country_198,2023,4020.25
Country_199,1900,455.11
Country_199,1901,445.32
Country_199,1902,446.67
Country_199,1903,447.63
Country_199,1904,452.06
Country_199,1905,457.54
Country_199,1906,451.39
Country_199,1907,453.07
Country_199,1908,449.86
Country_199,1909,460.64
Country_199,1910,446.66
Country_199,1911,449.34
Country_199,1912,446.12
Country_199,1913,442.82
Country_199,1914,444.79
Country_199,1915,444.56
Country_199,1916,446.73
Country_199,1917,454.48
Country_199,1918,459.33
Country_199,1919,447.55
Country_199,1920,450.39
Country_199,1921,455.23
Country_199,1922,446.88
Country_199,1923,450.26
Country_199,1924,450.77
Country_199,1925,452.63
Country_199,1926,451.59
Country_199,1927,443.49
Country_199,1928,446.35
Country_199,1929,450.11
Country_199,1930,450.53
Country_199,1931,456.4
Country_199,1932,456.56
Country_199,1933,442.67
Country_199,1934,449.96
Country_199,1935,447.53
Country_199,1936,444.14
Country_199,1937,449.62
Country_199,1938,444.43
Country_199,1939,455.15
Country_199,1940,446.69
Country_199,1941,451.95
Country_199,1942,445.62
Country_199,1943,442.83
Country_199,1944,452.26
Country_199,1945,449.88
Country_199,1946,448.19
Country_199,1947,447.95
Country_199,1948,457.01
Country_199,1949,447.96
Country_199,1950,466.74
Country_199,1951,481.7
Country_199,1952,486.66
Country_199,1953,514.19
Country_199,1954,525.24
Country_199,1955,545.66
Country_199,1956,554.33
Country_199,1957,575.41
Country_199,1958,600.16
Country_199,1959,591.92
Country_199,1960,598.04
Country_199,1961,626.47
Country_199,1962,641.77
Country_199,1963,657.62
Country_199,1964,673.9
Country_199,1965,681.57
Country_199,1966,715.9
Country_199,1967,742.73
Country_199,1968,742.55
Country_199,1969,774.43
Country_199,1970,803.63
Country_199,1971,835.59
Country_199,1972,875.03
Country_199,1973,909.85
Country_199,1974,947.97
Country_199,1975,969.59
Country_199,1976,1011.68
Country_199,1977,1061.94
Country_199,1978,1073.3
Country_199,1979,1133.65
Country_199,1980,1132.47
Country_199,1981,1192.67
Country_199,1982,1228.88
Country_199,1983,1268.03
Country_199,1984,1320.87
Country_199,1985,1338.89
Country_199,1986,1399.71
Country_199,1987,1451.06
Country_199,1988,1508.89
Country_199,1989,1584.49
Country_199,1990,1596.3
Country_199,1991,1669.43
Country_199,1992,1724.65
Country_199,1993,1779.42
Country_199,1994,1808.41
Country_199,1995,1852.56
Country_199,1996,1897.85
Country_199,1997,1935.36
Country_199,1998,1967.29
Country_199,1999,2024.74
Country_199,2000,2126.04
Country_199,2001,2168.26
Country_199,2002,2250.18
Country_199,2003,2330.0
Country_199,2004,2417.17
Country_199,2005,2445.48
Country_199,2006,2533.51
Country_199,2007,2585.34
Country_199,2008,2687.06
Country_199,2009,2789.55
Country_199,2010,2897.75
Country_199,2011,2943.91
Country_199,2012,3018.86
Country_199,2013,3085.18
Country_199,2014,3231.12
Country_199,2015,3387.38
Country_199,2016,3524.26
Country_199,2017,3615.08
Country_199,2018,3767.95
Country_199,2019,3808.19
Country_199,2020,3896.53
Country_199,2021,4021.63
Country_199,2022,4127.99
Country_199,2023,4200.62
Country_200,1900,515.56
Country_200,1901,522.71
Country_200,1902,513.59
Country_200,1903,522.58
Country_200,1904,532.62
Country_200,1905,531.11
Country_200,1906,526.48
Country_200,1907,524.17
Country_200,1908,520.85
Country_200,1909,519.11
Country_200,1910,525.39
Country_200,1911,521.91
Country_200,1912,522.28
Country_200,1913,530.32
Country_200,1914,527.5
Country_200,1915,532.65
Country_200,1916,523.06
Country_200,1917,524.36
Country_200,1918,527.02
Country_200,1919,535.26
Country_200,1920,518.06
Country_200,1921,525.28
Country_200,1922,521.4
Country_200,1923,533.22
Country_200,1924,527.78
Country_200,1925,531.22
Country_200,1926,524.3
Country_200,1927,523.71
Country_200,1928,523.58
Country_200,1929,522.04
Country_200,1930,530.26
Country_200,1931,524.92
Country_200,1932,521.52
Country_200,1933,528.42
Country_200,1934,523.7
Country_200,1935,529.2
Country_200,1936,522.33
Country_200,1937,517.73
Country_200,1938,529.05
Country_200,1939,526.6
Country_200,1940,523.72
Country_200,1941,521.92
Country_200,1942,518.55
Country_200,1943,523.28
Country_200,1944,520.58
Country_200,1945,526.62
Country_200,1946,527.88
Country_200,1947,523.06
Country_200,1948,526.5
Country_200,1949,520.77
Country_200,1950,535.72
Country_200,1951,561.23
Country_200,1952,600.97
Country_200,1953,613.65
Country_200,1954,634.42
Country_200,1955,653.26
Country_200,1956,686.25
Country_200,1957,692.82
Country_200,1958,711.72
Country_200,1959,740.08
Country_200,1960,764.99
Country_200,1961,786.19
Country_200,1962,826.17
Country_200,1963,861.63
Country_200,1964,891.56
Country_200,1965,920.78
Country_200,1966,962.69
Country_200,1967,984.17
Country_200,1968,1014.84
Country_200,1969,1040.78
Country_200,1970,1074.66
Country_200,1971,1102.52
Country_200,1972,1147.75
Country_200,1973,1154.76
Country_200,1974,1183.52
Country_200,1975,1207.22
Country_200,1976,1248.51
Country_200,1977,1274.22
Country_200,1978,1338.56
Country_200,1979,1369.4
Country_200,1980,1394.14
Country_200,1981,1447.49
Country_200,1982,1492.49
Country_200,1983,1536.62
Country_200,1984,1568.64
Country_200,1985,1581.16
Country_200,1986,1638.58
Country_200,1987,1667.78
Country_200,1988,1710.84
Country_200,1989,1767.38
Country_200,1990,1789.65
Country_200,1991,1881.48
Country_200,1992,1933.39
Country_200,1993,2020.04
Country_200,1994,2063.83
Country_200,1995,2079.51
Country_200,1996,2108.93
Country_200,1997,2165.07
Country_200,1998,2190.5
Country_200,1999,2282.58
Country_200,2000,2336.07
Country_200,2001,2368.44
Country_200,2002,2428.07
Country_200,2003,2476.32
Country_200,2004,2588.1
Country_200,2005,2681.56
Country_200,2006,2797.0
Country_200,2007,2876.56
Country_200,2008,2976.04
Country_200,2009,3091.96
Country_200,2010,3212.08
Country_200,2011,3364.41
Country_200,2012,3466.53
Country_200,2013,3583.83
Country_200,2014,3731.61
Country_200,2015,3788.59
Country_200,2016,3914.84
Country_200,2017,4071.71
Country_200,2018,4135.78
Country_200,2019,4215.72
Country_200,2020,4337.25
Country_200,2021,4417.63
Country_200,2022,4461.03
Country_200,2023,4656.35
