country,year,avg_temperature
Country_1,1900,15.28
Country_1,1901,15.94
Country_1,1902,15.48
Country_1,1903,15.95
Country_1,1904,15.55
Country_1,1905,15.05
Country_1,1906,16.48
Country_1,1907,15.57
Country_1,1908,15.83
Country_1,1909,15.7
Country_1,1910,15.7
Country_1,1911,16.11
Country_1,1912,15.86
Country_1,1913,15.34
Country_1,1914,15.42
Country_1,1915,15.88
Country_1,1916,16.13
Country_1,1917,15.69
Country_1,1918,15.83
Country_1,1919,15.63
Country_1,1920,15.61
Country_1,1921,16.17
Country_1,1922,16.96
Country_1,1923,15.94
Country_1,1924,16.25
Country_1,1925,15.54
Country_1,1926,15.94
Country_1,1927,16.37
Country_1,1928,16.45
Country_1,1929,16.26
Country_1,1930,16.45
Country_1,1931,16.19
Country_1,1932,16.23
Country_1,1933,15.51
Country_1,1934,16.12
Country_1,1935,15.85
Country_1,1936,15.96
Country_1,1937,16.1
Country_1,1938,16.29
Country_1,1939,15.86
Country_1,1940,15.98
Country_1,1941,16.65
Country_1,1942,16.1
Country_1,1943,16.53
Country_1,1944,16.47
Country_1,1945,16.02
Country_1,1946,16.19
Country_1,1947,16.49
Country_1,1948,16.75
Country_1,1949,16.29
Country_1,1950,16.76
Country_1,1951,16.49
Country_1,1952,16.47
Country_1,1953,16.2
Country_1,1954,16.65
Country_1,1955,16.2
Country_1,1956,16.2
Country_1,1957,16.23
Country_1,1958,16.85
Country_1,1959,17.32
Country_1,1960,16.53
Country_1,1961,16.75
Country_1,1962,16.41
Country_1,1963,16.82
Country_1,1964,16.77
Country_1,1965,16.25
Country_1,1966,16.32
Country_1,1967,16.78
Country_1,1968,17.04
Country_1,1969,16.88
Country_1,1970,16.66
Country_1,1971,16.2
Country_1,1972,17.17
Country_1,1973,16.78
Country_1,1974,17.14
Country_1,1975,16.8
Country_1,1976,16.53
Country_1,1977,16.58
Country_1,1978,16.9
Country_1,1979,16.66
Country_1,1980,16.75
Country_1,1981,16.53
Country_1,1982,17.31
Country_1,1983,16.43
Country_1,1984,16.82
Country_1,1985,17.09
Country_1,1986,17.11
Country_1,1987,16.74
Country_1,1988,16.75
Country_1,1989,17.05
Country_1,1990,17.13
Country_1,1991,17.02
Country_1,1992,17.46
Country_1,1993,17.02
Country_1,1994,16.95
Country_1,1995,17.22
Country_1,1996,17.42
Country_1,1997,17.26
Country_1,1998,16.46
Country_1,1999,17.01
Country_1,2000,16.99
Country_1,2001,17.2
Country_1,2002,16.95
Country_1,2003,17.61
Country_1,2004,17.09
Country_1,2005,16.94
Country_1,2006,16.77
Country_1,2007,17.23
Country_1,2008,17.92
Country_1,2009,17.02
Country_1,2010,17.23
Country_1,2011,17.1
Country_1,2012,16.72
Country_1,2013,17.46
Country_1,2014,17.31
Country_1,2015,17.75
Country_1,2016,17.33
Country_1,2017,17.39
Country_1,2018,16.98
Country_1,2019,17.79
Country_1,2020,17.45
Country_1,2021,17.96
Country_1,2022,17.89
Country_1,2023,16.94
Country_2,1900,15.71
Country_2,1901,15.22
Country_2,1902,14.63
Country_2,1903,15.47
Country_2,1904,15.13
Country_2,1905,15.59
Country_2,1906,15.15
Country_2,1907,15.02
Country_2,1908,15.93
Country_2,1909,15.42
Country_2,1910,15.56
Country_2,1911,15.22
Country_2,1912,14.95
Country_2,1913,15.34
Country_2,1914,16.36
Country_2,1915,15.16
Country_2,1916,15.24
Country_2,1917,15.15
Country_2,1918,15.49
Country_2,1919,15.25
Country_2,1920,15.21
Country_2,1921,15.12
Country_2,1922,15.13
Country_2,1923,15.42
Country_2,1924,15.6
Country_2,1925,15.58
Country_2,1926,15.44
Country_2,1927,15.34
Country_2,1928,15.14
Country_2,1929,15.83
Country_2,1930,15.19
Country_2,1931,15.42
Country_2,1932,15.68
Country_2,1933,15.73
Country_2,1934,16.04
Country_2,1935,15.41
Country_2,1936,15.02
Country_2,1937,15.72
Country_2,1938,15.82
Country_2,1939,15.89
Country_2,1940,15.68
Country_2,1941,15.71
Country_2,1942,16.12
Country_2,1943,15.75
Country_2,1944,15.32
Country_2,1945,16.4
Country_2,1946,16.16
Country_2,1947,16.16
Country_2,1948,16.05
Country_2,1949,16.64
Country_2,1950,15.84
Country_2,1951,16.11
Country_2,1952,15.92
Country_2,1953,15.85
Country_2,1954,16.16
Country_2,1955,15.89
Country_2,1956,16.26
Country_2,1957,16.87
Country_2,1958,16.13
Country_2,1959,16.24
Country_2,1960,16.6
Country_2,1961,16.37
Country_2,1962,16.11
Country_2,1963,15.47
Country_2,1964,16.08
Country_2,1965,16.15
Country_2,1966,16.14
Country_2,1967,16.38
Country_2,1968,17.02
Country_2,1969,16.46
Country_2,1970,16.26
Country_2,1971,15.49
Country_2,1972,16.2
Country_2,1973,16.48
Country_2,1974,16.61
Country_2,1975,16.13
Country_2,1976,16.0
Country_2,1977,16.1
Country_2,1978,16.07
Country_2,1979,16.94
Country_2,1980,15.96
Country_2,1981,15.79
Country_2,1982,16.29
Country_2,1983,16.46
Country_2,1984,16.58
Country_2,1985,16.37
Country_2,1986,16.57
Country_2,1987,16.74
Country_2,1988,16.62
Country_2,1989,16.71
Country_2,1990,16.39
Country_2,1991,16.65
Country_2,1992,16.33
Country_2,1993,16.09
Country_2,1994,16.38
Country_2,1995,16.19
Country_2,1996,17.01
Country_2,1997,16.58
Country_2,1998,16.91
Country_2,1999,16.99
Country_2,2000,16.7
Country_2,2001,16.77
Country_2,2002,17.0
Country_2,2003,16.75
Country_2,2004,16.46
Country_2,2005,16.77
Country_2,2006,16.84
Country_2,2007,17.21
Country_2,2008,17.28
Country_2,2009,16.94
Country_2,2010,16.9
Country_2,2011,16.68
Country_2,2012,16.77
Country_2,2013,17.16
Country_2,2014,16.63
Country_2,2015,16.59
Country_2,2016,17.26
Country_2,2017,16.78
Country_2,2018,16.8
Country_2,2019,16.82
Country_2,2020,17.45
Country_2,2021,16.93
Country_2,2022,17.52
Country_2,2023,17.24
Country_3,1900,11.57
Country_3,1901,11.32
Country_3,1902,10.29
Country_3,1903,11.45
Country_3,1904,10.87
Country_3,1905,11.47
Country_3,1906,11.52
Country_3,1907,11.67
Country_3,1908,11.23
Country_3,1909,11.19
Country_3,1910,11.58
Country_3,1911,11.47
Country_3,1912,11.49
Country_3,1913,11.09
Country_3,1914,11.59
Country_3,1915,11.54
Country_3,1916,11.6
Country_3,1917,11.44
Country_3,1918,11.03
Country_3,1919,11.63
Country_3,1920,11.57
Country_3,1921,11.94
Country_3,1922,11.27
Country_3,1923,11.95
Country_3,1924,11.6
Country_3,1925,11.87
Country_3,1926,11.96
Country_3,1927,11.51
Country_3,1928,12.01
Country_3,1929,11.73
Country_3,1930,11.97
Country_3,1931,11.95
Country_3,1932,12.16
Country_3,1933,11.78
Country_3,1934,11.41
Country_3,1935,11.83
Country_3,1936,11.65
Country_3,1937,11.85
Country_3,1938,12.62
Country_3,1939,11.56
Country_3,1940,11.9
Country_3,1941,11.8
Country_3,1942,12.09
Country_3,1943,11.96
Country_3,1944,11.91
Country_3,1945,11.66
Country_3,1946,11.85
Country_3,1947,11.77
Country_3,1948,12.14
Country_3,1949,12.37
Country_3,1950,12.0
Country_3,1951,12.13
Country_3,1952,11.78
Country_3,1953,12.74
Country_3,1954,11.78
Country_3,1955,11.63
Country_3,1956,11.59
Country_3,1957,12.47
Country_3,1958,11.68
Country_3,1959,12.6
Country_3,1960,12.3
Country_3,1961,12.11
Country_3,1962,11.89
Country_3,1963,12.6
Country_3,1964,11.8
Country_3,1965,11.89
Country_3,1966,12.49
Country_3,1967,12.21
Country_3,1968,12.43
Country_3,1969,12.28
Country_3,1970,12.32
Country_3,1971,11.77
Country_3,1972,11.75
Country_3,1973,12.09
Country_3,1974,12.5
Country_3,1975,12.5
Country_3,1976,12.44
Country_3,1977,12.77
Country_3,1978,12.15
Country_3,1979,12.26
Country_3,1980,12.61
Country_3,1981,12.81
Country_3,1982,12.75
Country_3,1983,12.59
Country_3,1984,12.18
Country_3,1985,11.93
Country_3,1986,12.65
Country_3,1987,13.29
Country_3,1988,12.49
Country_3,1989,12.15
Country_3,1990,12.86
Country_3,1991,12.75
Country_3,1992,12.63
Country_3,1993,12.67
Country_3,1994,12.14
Country_3,1995,13.01
Country_3,1996,12.45
Country_3,1997,12.86
Country_3,1998,13.19
Country_3,1999,12.66
Country_3,2000,12.72
Country_3,2001,13.34
Country_3,2002,13.08
Country_3,2003,12.93
Country_3,2004,13.02
Country_3,2005,12.84
Country_3,2006,12.43
Country_3,2007,13.68
Country_3,2008,13.22
Country_3,2009,13.43
Country_3,2010,12.62
Country_3,2011,12.74
Country_3,2012,13.12
Country_3,2013,12.64
Country_3,2014,13.04
Country_3,2015,12.75
Country_3,2016,13.52
Country_3,2017,13.24
Country_3,2018,13.1
Country_3,2019,13.21
Country_3,2020,13.26
Country_3,2021,12.72
Country_3,2022,13.78
Country_3,2023,13.4
Country_4,1900,22.97
Country_4,1901,22.96
Country_4,1902,23.21
Country_4,1903,23.36
Country_4,1904,23.65
Country_4,1905,22.85
Country_4,1906,23.08
Country_4,1907,23.43
Country_4,1908,23.31
Country_4,1909,23.26
Country_4,1910,23.78
Country_4,1911,23.78
Country_4,1912,23.17
Country_4,1913,23.42
Country_4,1914,23.51
Country_4,1915,22.95
Country_4,1916,23.0
Country_4,1917,22.88
Country_4,1918,23.27
Country_4,1919,23.57
Country_4,1920,23.47
Country_4,1921,23.19
Country_4,1922,23.49
Country_4,1923,23.25
Country_4,1924,23.12
Country_4,1925,23.48
Country_4,1926,23.38
Country_4,1927,23.43
Country_4,1928,23.81
Country_4,1929,24.07
Country_4,1930,23.76
Country_4,1931,23.68
Country_4,1932,23.25
Country_4,1933,23.47
Country_4,1934,24.04
Country_4,1935,23.47
Country_4,1936,23.61
Country_4,1937,23.89
Country_4,1938,23.55
Country_4,1939,23.84
Country_4,1940,23.93
Country_4,1941,23.53
Country_4,1942,24.42
Country_4,1943,23.73
Country_4,1944,24.09
Country_4,1945,23.93
Country_4,1946,24.01
Country_4,1947,24.23
Country_4,1948,24.01
Country_4,1949,24.08
Country_4,1950,24.01
Country_4,1951,23.96
Country_4,1952,24.34
Country_4,1953,23.96
Country_4,1954,23.92
Country_4,1955,23.57
Country_4,1956,24.37
Country_4,1957,23.69
Country_4,1958,24.56
Country_4,1959,24.49
Country_4,1960,23.61
Country_4,1961,23.83
Country_4,1962,24.56
Country_4,1963,24.4
Country_4,1964,23.88
Country_4,1965,23.95
Country_4,1966,23.82
Country_4,1967,24.13
Country_4,1968,23.88
Country_4,1969,24.28
Country_4,1970,24.78
Country_4,1971,23.88
Country_4,1972,24.35
Country_4,1973,24.21
Country_4,1974,23.93
Country_4,1975,24.18
Country_4,1976,24.13
Country_4,1977,24.15
Country_4,1978,24.31
Country_4,1979,24.29
Country_4,1980,24.82
Country_4,1981,24.38
Country_4,1982,24.62
Country_4,1983,24.44
Country_4,1984,23.96
Country_4,1985,24.61
Country_4,1986,23.98
Country_4,1987,24.31
Country_4,1988,24.18
Country_4,1989,24.55
Country_4,1990,24.2
Country_4,1991,25.14
Country_4,1992,24.56
Country_4,1993,24.55
Country_4,1994,24.43
Country_4,1995,24.62
Country_4,1996,24.87
Country_4,1997,24.62
Country_4,1998,24.67
Country_4,1999,25.07
Country_4,2000,24.69
Country_4,2001,24.88
Country_4,2002,24.6
Country_4,2003,24.94
Country_4,2004,24.74
Country_4,2005,24.73
Country_4,2006,24.7
Country_4,2007,24.69
Country_4,2008,24.85
Country_4,2009,24.9
Country_4,2010,25.21
Country_4,2011,24.16
Country_4,2012,25.1
Country_4,2013,24.74
Country_4,2014,25.24
Country_4,2015,25.26
Country_4,2016,24.56
Country_4,2017,25.08
Country_4,2018,24.98
Country_4,2019,24.56
Country_4,2020,25.09
Country_4,2021,25.03
Country_4,2022,24.35
Country_4,2023,24.73
Country_5,1900,14.65
Country_5,1901,14.28
Country_5,1902,14.14
Country_5,1903,14.34
Country_5,1904,14.76
Country_5,1905,14.73
Country_5,1906,14.69
Country_5,1907,14.35
Country_5,1908,14.61
Country_5,1909,14.71
Country_5,1910,13.99
Country_5,1911,14.44
Country_5,1912,15.19
Country_5,1913,15.1
Country_5,1914,14.3
Country_5,1915,13.89
Country_5,1916,15.07
Country_5,1917,14.67
Country_5,1918,14.52
Country_5,1919,14.05
Country_5,1920,14.41
Country_5,1921,14.7
Country_5,1922,14.86
Country_5,1923,14.67
Country_5,1924,14.48
Country_5,1925,14.11
Country_5,1926,14.65
Country_5,1927,14.23
Country_5,1928,15.03
Country_5,1929,14.66
Country_5,1930,14.62
Country_5,1931,14.19
Country_5,1932,15.32
Country_5,1933,14.83
Country_5,1934,15.25
Country_5,1935,15.14
Country_5,1936,14.94
Country_5,1937,14.74
Country_5,1938,14.37
Country_5,1939,15.35
Country_5,1940,15.54
Country_5,1941,14.67
Country_5,1942,15.17
Country_5,1943,14.82
Country_5,1944,15.52
Country_5,1945,15.5
Country_5,1946,14.78
Country_5,1947,15.04
Country_5,1948,15.06
Country_5,1949,14.76
Country_5,1950,15.7
Country_5,1951,15.14
Country_5,1952,14.83
Country_5,1953,15.66
Country_5,1954,15.17
Country_5,1955,15.32
Country_5,1956,15.38
Country_5,1957,15.91
Country_5,1958,14.93
Country_5,1959,15.13
Country_5,1960,15.23
Country_5,1961,15.21
Country_5,1962,15.18
Country_5,1963,14.88
Country_5,1964,15.23
Country_5,1965,15.25
Country_5,1966,15.45
Country_5,1967,15.19
Country_5,1968,16.22
Country_5,1969,15.5
Country_5,1970,15.78
Country_5,1971,14.57
Country_5,1972,16.05
Country_5,1973,15.6
Country_5,1974,15.22
Country_5,1975,15.66
Country_5,1976,15.65
Country_5,1977,15.75
Country_5,1978,15.31
Country_5,1979,15.52
Country_5,1980,15.59
Country_5,1981,15.35
Country_5,1982,15.56
Country_5,1983,15.35
Country_5,1984,15.18
Country_5,1985,15.74
Country_5,1986,15.68
Country_5,1987,16.06
Country_5,1988,15.96
Country_5,1989,16.55
Country_5,1990,15.18
Country_5,1991,15.79
Country_5,1992,15.58
Country_5,1993,15.82
Country_5,1994,15.71
Country_5,1995,16.07
Country_5,1996,15.76
Country_5,1997,15.66
Country_5,1998,16.01
Country_5,1999,15.93
Country_5,2000,15.75
Country_5,2001,16.08
Country_5,2002,15.49
Country_5,2003,16.36
Country_5,2004,15.83
Country_5,2005,15.64
Country_5,2006,16.36
Country_5,2007,16.48
Country_5,2008,15.74
Country_5,2009,15.72
Country_5,2010,15.58
Country_5,2011,15.75
Country_5,2012,16.04
Country_5,2013,16.24
Country_5,2014,16.13
Country_5,2015,16.29
Country_5,2016,16.42
Country_5,2017,15.7
Country_5,2018,16.35
Country_5,2019,15.92
Country_5,2020,15.97
Country_5,2021,16.27
Country_5,2022,16.31
Country_5,2023,16.3
Country_6,1900,20.04
Country_6,1901,20.1
Country_6,1902,19.89
Country_6,1903,20.21
Country_6,1904,20.11
Country_6,1905,20.6
Country_6,1906,19.77
Country_6,1907,20.39
Country_6,1908,20.84
Country_6,1909,20.05
Country_6,1910,20.07
Country_6,1911,20.22
Country_6,1912,20.01
Country_6,1913,20.41
Country_6,1914,19.95
Country_6,1915,20.2
Country_6,1916,20.22
Country_6,1917,20.29
Country_6,1918,20.61
Country_6,1919,20.79
Country_6,1920,19.85
Country_6,1921,20.66
Country_6,1922,20.08
Country_6,1923,20.17
Country_6,1924,20.5
Country_6,1925,20.02
Country_6,1926,20.23
Country_6,1927,20.79
Country_6,1928,20.1
Country_6,1929,20.66
Country_6,1930,19.78
Country_6,1931,20.7
Country_6,1932,20.8
Country_6,1933,20.7
Country_6,1934,20.73
Country_6,1935,20.65
Country_6,1936,20.86
Country_6,1937,20.81
Country_6,1938,21.04
Country_6,1939,20.84
Country_6,1940,20.53
Country_6,1941,21.02
Country_6,1942,20.49
Country_6,1943,21.18
Country_6,1944,21.09
Country_6,1945,20.86
Country_6,1946,20.98
Country_6,1947,21.08
Country_6,1948,20.9
Country_6,1949,20.97
Country_6,1950,20.69
Country_6,1951,21.16
Country_6,1952,20.56
Country_6,1953,21.34
Country_6,1954,21.19
Country_6,1955,20.95
Country_6,1956,20.31
Country_6,1957,20.66
Country_6,1958,21.19
Country_6,1959,20.81
Country_6,1960,20.56
Country_6,1961,20.98
Country_6,1962,20.71
Country_6,1963,21.01
Country_6,1964,20.96
Country_6,1965,20.93
Country_6,1966,21.11
Country_6,1967,20.93
Country_6,1968,20.68
Country_6,1969,21.11
Country_6,1970,20.95
Country_6,1971,21.23
Country_6,1972,20.8
Country_6,1973,21.51
Country_6,1974,21.53
Country_6,1975,21.32
Country_6,1976,21.18
Country_6,1977,20.78
Country_6,1978,21.45
Country_6,1979,21.25
Country_6,1980,21.18
Country_6,1981,21.3
Country_6,1982,21.19
Country_6,1983,21.53
Country_6,1984,21.35
Country_6,1985,21.69
Country_6,1986,21.42
Country_6,1987,21.62
Country_6,1988,21.64
Country_6,1989,21.53
Country_6,1990,21.39
Country_6,1991,21.17
Country_6,1992,21.33
Country_6,1993,21.51
Country_6,1994,21.37
Country_6,1995,21.39
Country_6,1996,21.72
Country_6,1997,21.23
Country_6,1998,21.18
Country_6,1999,21.9
Country_6,2000,21.54
Country_6,2001,21.63
Country_6,2002,21.77
Country_6,2003,21.76
Country_6,2004,21.55
Country_6,2005,22.21
Country_6,2006,21.64
Country_6,2007,21.9
Country_6,2008,22.04
Country_6,2009,21.05
Country_6,2010,20.97
Country_6,2011,22.44
Country_6,2012,21.52
Country_6,2013,21.42
Country_6,2014,21.73
Country_6,2015,21.61
Country_6,2016,21.94
Country_6,2017,21.97
Country_6,2018,21.49
Country_6,2019,22.2
Country_6,2020,21.9
Country_6,2021,22.21
Country_6,2022,21.76
Country_6,2023,22.36
Country_7,1900,16.12
Country_7,1901,15.89
Country_7,1902,15.7
Country_7,1903,15.76
Country_7,1904,15.3
Country_7,1905,16.12
Country_7,1906,15.72
Country_7,1907,15.76
Country_7,1908,15.94
Country_7,1909,16.06
Country_7,1910,15.44
Country_7,1911,15.45
Country_7,1912,16.02
Country_7,1913,15.79
Country_7,1914,16.14
Country_7,1915,15.99
Country_7,1916,15.86
Country_7,1917,16.17
Country_7,1918,15.55
Country_7,1919,16.06
Country_7,1920,16.1
Country_7,1921,16.33
Country_7,1922,15.82
Country_7,1923,15.95
Country_7,1924,16.15
Country_7,1925,16.16
Country_7,1926,16.33
Country_7,1927,16.09
Country_7,1928,16.37
Country_7,1929,16.22
Country_7,1930,16.44
Country_7,1931,16.66
Country_7,1932,16.56
Country_7,1933,15.94
Country_7,1934,16.31
Country_7,1935,16.28
Country_7,1936,16.46
Country_7,1937,16.62
Country_7,1938,16.51
Country_7,1939,16.12
Country_7,1940,16.52
Country_7,1941,16.46
Country_7,1942,15.86
Country_7,1943,16.78
Country_7,1944,16.4
Country_7,1945,16.41
Country_7,1946,15.95
Country_7,1947,16.45
Country_7,1948,15.79
Country_7,1949,16.28
Country_7,1950,16.44
Country_7,1951,16.11
Country_7,1952,16.45
Country_7,1953,16.32
Country_7,1954,16.2
Country_7,1955,16.33
Country_7,1956,15.92
Country_7,1957,16.13
Country_7,1958,16.87
Country_7,1959,16.31
Country_7,1960,15.91
Country_7,1961,16.59
Country_7,1962,16.09
Country_7,1963,16.28
Country_7,1964,16.19
Country_7,1965,16.81
Country_7,1966,16.95
Country_7,1967,16.85
Country_7,1968,15.61
Country_7,1969,16.51
Country_7,1970,16.49
Country_7,1971,17.14
Country_7,1972,16.04
Country_7,1973,16.35
Country_7,1974,16.83
Country_7,1975,16.78
Country_7,1976,16.76
Country_7,1977,16.89
Country_7,1978,16.65
Country_7,1979,17.14
Country_7,1980,16.57
Country_7,1981,16.6
Country_7,1982,17.3
Country_7,1983,16.68
Country_7,1984,16.67
Country_7,1985,16.93
Country_7,1986,16.89
Country_7,1987,16.98
Country_7,1988,16.98
Country_7,1989,16.58
Country_7,1990,17.04
Country_7,1991,17.51
Country_7,1992,17.43
Country_7,1993,16.96
Country_7,1994,17.21
Country_7,1995,16.88
Country_7,1996,17.33
Country_7,1997,16.97
Country_7,1998,16.92
Country_7,1999,16.73
Country_7,2000,17.71
Country_7,2001,17.56
Country_7,2002,17.04
Country_7,2003,16.95
Country_7,2004,17.22
Country_7,2005,17.14
Country_7,2006,17.21
Country_7,2007,16.94
Country_7,2008,17.78
Country_7,2009,16.93
Country_7,2010,16.93
Country_7,2011,17.43
Country_7,2012,16.74
Country_7,2013,17.02
Country_7,2014,16.87
Country_7,2015,17.17
Country_7,2016,17.67
Country_7,2017,16.49
Country_7,2018,17.5
Country_7,2019,17.26
Country_7,2020,17.38
Country_7,2021,17.11
Country_7,2022,17.38
Country_7,2023,17.48
Country_8,1900,18.39
Country_8,1901,18.06
Country_8,1902,18.81
Country_8,1903,18.37
Country_8,1904,18.42
Country_8,1905,18.18
Country_8,1906,18.88
Country_8,1907,18.57
Country_8,1908,18.44
Country_8,1909,18.94
Country_8,1910,18.48
Country_8,1911,18.47
Country_8,1912,18.38
Country_8,1913,18.82
Country_8,1914,17.92
Country_8,1915,18.61
Country_8,1916,18.81
Country_8,1917,18.69
Country_8,1918,19.02
Country_8,1919,18.65
Country_8,1920,18.7
Country_8,1921,18.49
Country_8,1922,18.71
Country_8,1923,18.38
Country_8,1924,18.47
Country_8,1925,18.53
Country_8,1926,18.08
Country_8,1927,18.54
Country_8,1928,18.16
Country_8,1929,18.83
Country_8,1930,18.85
Country_8,1931,18.09
Country_8,1932,18.87
Country_8,1933,18.54
Country_8,1934,19.02
Country_8,1935,18.67
Country_8,1936,18.43
Country_8,1937,18.91
Country_8,1938,18.69
Country_8,1939,18.32
Country_8,1940,18.83
Country_8,1941,19.06
Country_8,1942,18.59
Country_8,1943,18.75
Country_8,1944,19.21
Country_8,1945,18.84
Country_8,1946,18.59
Country_8,1947,19.51
Country_8,1948,19.66
Country_8,1949,18.43
Country_8,1950,18.9
Country_8,1951,19.19
Country_8,1952,18.75
Country_8,1953,18.94
Country_8,1954,19.57
Country_8,1955,19.63
Country_8,1956,18.78
Country_8,1957,19.33
Country_8,1958,18.88
Country_8,1959,19.3
Country_8,1960,18.84
Country_8,1961,18.91
Country_8,1962,19.25
Country_8,1963,19.21
Country_8,1964,19.17
Country_8,1965,19.55
Country_8,1966,19.44
Country_8,1967,19.34
Country_8,1968,19.21
Country_8,1969,18.92
Country_8,1970,19.38
Country_8,1971,19.13
Country_8,1972,19.07
Country_8,1973,19.26
Country_8,1974,18.72
Country_8,1975,19.21
Country_8,1976,19.83
Country_8,1977,19.72
Country_8,1978,19.08
Country_8,1979,19.54
Country_8,1980,19.62
Country_8,1981,19.91
Country_8,1982,19.38
Country_8,1983,19.31
Country_8,1984,19.58
Country_8,1985,19.15
Country_8,1986,19.82
Country_8,1987,19.95
Country_8,1988,19.17
Country_8,1989,19.84
Country_8,1990,19.3
Country_8,1991,19.45
Country_8,1992,19.48
Country_8,1993,19.76
Country_8,1994,19.81
Country_8,1995,19.48
Country_8,1996,19.16
Country_8,1997,19.48
Country_8,1998,19.71
Country_8,1999,20.19
Country_8,2000,19.91
Country_8,2001,19.57
Country_8,2002,20.12
Country_8,2003,19.57
Country_8,2004,19.8
Country_8,2005,19.89
Country_8,2006,20.53
Country_8,2007,20.13
Country_8,2008,20.01
Country_8,2009,20.04
Country_8,2010,19.71
Country_8,2011,20.38
Country_8,2012,19.55
Country_8,2013,20.32
Country_8,2014,20.1
Country_8,2015,20.51
Country_8,2016,20.17
Country_8,2017,20.18
Country_8,2018,20.0
Country_8,2019,19.88
Country_8,2020,19.18
Country_8,2021,20.13
Country_8,2022,20.6
Country_8,2023,20.13
Country_9,1900,23.7
Country_9,1901,24.24
Country_9,1902,23.98
Country_9,1903,24.77
Country_9,1904,24.28
Country_9,1905,24.6
Country_9,1906,24.47
Country_9,1907,25.09
Country_9,1908,24.46
Country_9,1909,24.5
Country_9,1910,24.16
Country_9,1911,24.83
Country_9,1912,24.47
Country_9,1913,24.27
Country_9,1914,23.74
Country_9,1915,24.42
Country_9,1916,24.13
Country_9,1917,24.09
Country_9,1918,24.8
Country_9,1919,24.55
Country_9,1920,24.07
Country_9,1921,24.32
Country_9,1922,24.7
Country_9,1923,24.78
Country_9,1924,24.43
Country_9,1925,24.12
Country_9,1926,24.58
Country_9,1927,24.32
Country_9,1928,24.34
Country_9,1929,25.26
Country_9,1930,24.63
Country_9,1931,24.71
Country_9,1932,25.14
Country_9,1933,24.93
Country_9,1934,24.51
Country_9,1935,24.16
Country_9,1936,24.51
Country_9,1937,24.77
Country_9,1938,25.16
Country_9,1939,25.07
Country_9,1940,24.93
Country_9,1941,24.7
Country_9,1942,24.68
Country_9,1943,25.18
Country_9,1944,25.09
Country_9,1945,24.36
Country_9,1946,25.18
Country_9,1947,25.21
Country_9,1948,25.02
Country_9,1949,25.41
Country_9,1950,24.73
Country_9,1951,25.18
Country_9,1952,25.0
Country_9,1953,25.06
Country_9,1954,24.55
Country_9,1955,25.0
Country_9,1956,24.92
Country_9,1957,25.21
Country_9,1958,24.72
Country_9,1959,25.74
Country_9,1960,25.05
Country_9,1961,25.28
Country_9,1962,25.24
Country_9,1963,25.38
Country_9,1964,25.09
Country_9,1965,25.05
Country_9,1966,25.21
Country_9,1967,25.15
Country_9,1968,25.35
Country_9,1969,25.13
Country_9,1970,25.26
Country_9,1971,25.0
Country_9,1972,24.96
Country_9,1973,25.3
Country_9,1974,24.48
Country_9,1975,26.01
Country_9,1976,24.86
Country_9,1977,25.52
Country_9,1978,24.86
Country_9,1979,25.42
Country_9,1980,24.97
Country_9,1981,25.56
Country_9,1982,25.43
Country_9,1983,24.99
Country_9,1984,25.42
Country_9,1985,24.87
Country_9,1986,25.42
Country_9,1987,25.49
Country_9,1988,25.6
Country_9,1989,25.36
Country_9,1990,25.22
Country_9,1991,25.7
Country_9,1992,25.56
Country_9,1993,25.49
Country_9,1994,25.48
Country_9,1995,26.01
Country_9,1996,26.1
Country_9,1997,25.71
Country_9,1998,25.94
Country_9,1999,25.83
Country_9,2000,25.93
Country_9,2001,25.73
Country_9,2002,25.68
Country_9,2003,25.38
Country_9,2004,26.14
Country_9,2005,25.91
Country_9,2006,25.4
Country_9,2007,25.68
Country_9,2008,25.73
Country_9,2009,25.41
Country_9,2010,25.69
Country_9,2011,26.0
Country_9,2012,25.54
Country_9,2013,26.06
Country_9,2014,25.74
Country_9,2015,25.85
Country_9,2016,26.13
Country_9,2017,26.24
Country_9,2018,25.89
Country_9,2019,26.33
Country_9,2020,25.92
Country_9,2021,26.06
Country_9,2022,25.85
Country_9,2023,26.29
Country_10,1900,16.92
Country_10,1901,16.63
Country_10,1902,17.04
Country_10,1903,16.45
Country_10,1904,16.74
Country_10,1905,16.65
Country_10,1906,16.15
Country_10,1907,16.77
Country_10,1908,17.18
Country_10,1909,16.16
Country_10,1910,16.94
Country_10,1911,16.72
Country_10,1912,16.95
Country_10,1913,16.82
Country_10,1914,16.61
Country_10,1915,17.1
Country_10,1916,16.62
Country_10,1917,16.89
Country_10,1918,16.93
Country_10,1919,16.96
Country_10,1920,16.78
Country_10,1921,16.88
Country_10,1922,16.85
Country_10,1923,16.96
Country_10,1924,17.47
Country_10,1925,16.55
Country_10,1926,17.0
Country_10,1927,17.34
Country_10,1928,17.33
Country_10,1929,16.6
Country_10,1930,17.12
Country_10,1931,16.74
Country_10,1932,16.39
Country_10,1933,17.01
Country_10,1934,17.51
Country_10,1935,17.02
Country_10,1936,16.64
Country_10,1937,16.87
Country_10,1938,17.08
Country_10,1939,17.15
Country_10,1940,16.96
Country_10,1941,17.09
Country_10,1942,16.58
Country_10,1943,17.05
Country_10,1944,17.64
Country_10,1945,16.76
Country_10,1946,16.95
Country_10,1947,17.14
Country_10,1948,17.29
Country_10,1949,17.33
Country_10,1950,17.47
Country_10,1951,16.78
Country_10,1952,16.98
Country_10,1953,17.73
Country_10,1954,17.03
Country_10,1955,17.67
Country_10,1956,16.88
Country_10,1957,17.29
Country_10,1958,17.26
Country_10,1959,17.83
Country_10,1960,17.8
Country_10,1961,17.16
Country_10,1962,17.11
Country_10,1963,17.08
Country_10,1964,17.64
Country_10,1965,17.29
Country_10,1966,17.9
Country_10,1967,17.36
Country_10,1968,17.87
Country_10,1969,18.18
Country_10,1970,17.48
Country_10,1971,17.07
Country_10,1972,17.68
Country_10,1973,17.4
Country_10,1974,17.94
Country_10,1975,17.62
Country_10,1976,17.83
Country_10,1977,17.99
Country_10,1978,17.52
Country_10,1979,17.68
Country_10,1980,17.86
Country_10,1981,17.75
Country_10,1982,17.65
Country_10,1983,18.2
Country_10,1984,17.71
Country_10,1985,17.76
Country_10,1986,17.88
Country_10,1987,17.48
Country_10,1988,17.94
Country_10,1989,18.63
Country_10,1990,18.18
Country_10,1991,18.04
Country_10,1992,17.96
Country_10,1993,17.43
Country_10,1994,18.06
Country_10,1995,17.85
Country_10,1996,17.96
Country_10,1997,17.47
Country_10,1998,18.07
Country_10,1999,17.89
Country_10,2000,18.57
Country_10,2001,17.84
Country_10,2002,18.47
Country_10,2003,18.46
Country_10,2004,18.07
Country_10,2005,18.26
Country_10,2006,18.16
Country_10,2007,18.3
Country_10,2008,18.42
Country_10,2009,17.77
Country_10,2010,17.82
Country_10,2011,17.8
Country_10,2012,18.01
Country_10,2013,17.56
Country_10,2014,18.56
Country_10,2015,18.05
Country_10,2016,18.4
Country_10,2017,18.62
Country_10,2018,18.64
Country_10,2019,18.09
Country_10,2020,18.01
Country_10,2021,18.3
Country_10,2022,18.48
Country_10,2023,18.04
Country_11,1900,10.46
Country_11,1901,9.99
Country_11,1902,10.46
Country_11,1903,10.67
Country_11,1904,10.15
Country_11,1905,9.68
Country_11,1906,10.33
Country_11,1907,10.23
Country_11,1908,9.92
Country_11,1909,10.25
Country_11,1910,10.49
Country_11,1911,10.4
Country_11,1912,10.89
Country_11,1913,9.59
Country_11,1914,10.32
Country_11,1915,9.83
Country_11,1916,10.24
Country_11,1917,10.72
Country_11,1918,10.68
Country_11,1919,10.76
Country_11,1920,10.62
Country_11,1921,10.57
Country_11,1922,10.21
Country_11,1923,10.86
Country_11,1924,10.74
Country_11,1925,10.92
Country_11,1926,10.37
Country_11,1927,10.42
Country_11,1928,10.54
Country_11,1929,10.57
Country_11,1930,10.37
Country_11,1931,10.68
Country_11,1932,10.96
Country_11,1933,10.92
Country_11,1934,10.56
Country_11,1935,10.75
Country_11,1936,10.45
Country_11,1937,10.86
Country_11,1938,10.81
Country_11,1939,11.09
Country_11,1940,10.81
Country_11,1941,10.86
Country_11,1942,10.81
Country_11,1943,10.61
Country_11,1944,11.14
Country_11,1945,11.24
Country_11,1946,10.52
Country_11,1947,10.75
Country_11,1948,10.52
Country_11,1949,11.26
Country_11,1950,11.09
Country_11,1951,11.23
Country_11,1952,10.77
Country_11,1953,10.77
Country_11,1954,10.59
Country_11,1955,11.48
Country_11,1956,11.06
Country_11,1957,10.6
Country_11,1958,11.17
Country_11,1959,11.11
Country_11,1960,10.77
Country_11,1961,10.79
Country_11,1962,10.73
Country_11,1963,11.41
Country_11,1964,11.42
Country_11,1965,10.96
Country_11,1966,11.46
Country_11,1967,10.96
Country_11,1968,11.62
Country_11,1969,11.0
Country_11,1970,11.16
Country_11,1971,11.46
Country_11,1972,11.66
Country_11,1973,11.44
Country_11,1974,11.18
Country_11,1975,10.9
Country_11,1976,11.14
Country_11,1977,11.13
Country_11,1978,11.33
Country_11,1979,11.58
Country_11,1980,11.72
Country_11,1981,11.64
Country_11,1982,11.32
Country_11,1983,11.44
Country_11,1984,11.69
Country_11,1985,11.82
Country_11,1986,11.22
Country_11,1987,10.85
Country_11,1988,11.12
Country_11,1989,11.45
Country_11,1990,11.7
Country_11,1991,11.29
Country_11,1992,11.71
Country_11,1993,10.67
Country_11,1994,11.56
Country_11,1995,11.61
Country_11,1996,11.52
Country_11,1997,11.53
Country_11,1998,12.28
Country_11,1999,11.35
Country_11,2000,11.44
Country_11,2001,11.62
Country_11,2002,11.31
Country_11,2003,11.38
Country_11,2004,12.02
Country_11,2005,11.55
Country_11,2006,11.54
Country_11,2007,11.61
Country_11,2008,11.68
Country_11,2009,12.16
Country_11,2010,12.18
Country_11,2011,11.77
Country_11,2012,11.97
Country_11,2013,11.95
Country_11,2014,11.9
Country_11,2015,11.91
Country_11,2016,11.28
Country_11,2017,11.76
Country_11,2018,12.04
Country_11,2019,12.22
Country_11,2020,12.18
Country_11,2021,12.09
Country_11,2022,12.58
Country_11,2023,11.92
Country_12,1900,11.48
Country_12,1901,12.17
Country_12,1902,12.17
Country_12,1903,12.05
Country_12,1904,12.3
Country_12,1905,11.72
Country_12,1906,11.33
Country_12,1907,12.4
Country_12,1908,12.14
Country_12,1909,11.77
Country_12,1910,12.3
Country_12,1911,12.05
Country_12,1912,12.08
Country_12,1913,11.75
Country_12,1914,11.53
Country_12,1915,12.14
Country_12,1916,12.09
Country_12,1917,12.38
Country_12,1918,12.43
Country_12,1919,11.98
Country_12,1920,12.63
Country_12,1921,12.16
Country_12,1922,12.01
Country_12,1923,12.35
Country_12,1924,12.57
Country_12,1925,11.95
Country_12,1926,11.75
Country_12,1927,12.11
Country_12,1928,12.11
Country_12,1929,12.33
Country_12,1930,11.73
Country_12,1931,12.54
Country_12,1932,12.57
Country_12,1933,13.13
Country_12,1934,12.48
Country_12,1935,12.21
Country_12,1936,12.45
Country_12,1937,12.48
Country_12,1938,13.43
Country_12,1939,12.59
Country_12,1940,12.13
Country_12,1941,12.84
Country_12,1942,12.31
Country_12,1943,12.44
Country_12,1944,12.66
Country_12,1945,12.24
Country_12,1946,12.3
Country_12,1947,12.3
Country_12,1948,12.54
Country_12,1949,12.56
Country_12,1950,12.53
Country_12,1951,12.79
Country_12,1952,12.33
Country_12,1953,13.03
Country_12,1954,13.24
Country_12,1955,12.87
Country_12,1956,12.39
Country_12,1957,12.71
Country_12,1958,12.67
Country_12,1959,12.88
Country_12,1960,13.13
Country_12,1961,13.21
Country_12,1962,12.75
Country_12,1963,12.99
Country_12,1964,12.83
Country_12,1965,12.86
Country_12,1966,12.73
Country_12,1967,12.73
Country_12,1968,12.65
Country_12,1969,12.3
Country_12,1970,12.62
Country_12,1971,13.08
Country_12,1972,13.07
Country_12,1973,12.96
Country_12,1974,13.26
Country_12,1975,13.21
Country_12,1976,13.29
Country_12,1977,13.46
Country_12,1978,13.58
Country_12,1979,13.13
Country_12,1980,12.5
Country_12,1981,13.21
Country_12,1982,13.85
Country_12,1983,12.8
Country_12,1984,13.41
Country_12,1985,13.48
Country_12,1986,13.88
Country_12,1987,13.53
Country_12,1988,13.5
Country_12,1989,12.73
Country_12,1990,13.5
Country_12,1991,13.52
Country_12,1992,13.27
Country_12,1993,13.2
Country_12,1994,13.35
Country_12,1995,13.34
Country_12,1996,13.56
Country_12,1997,13.41
Country_12,1998,13.43
Country_12,1999,13.29
Country_12,2000,13.46
Country_12,2001,13.37
Country_12,2002,13.43
Country_12,2003,13.52
Country_12,2004,13.26
Country_12,2005,13.87
Country_12,2006,13.64
Country_12,2007,13.23
Country_12,2008,13.54
Country_12,2009,13.0
Country_12,2010,13.17
Country_12,2011,13.32
Country_12,2012,13.53
Country_12,2013,13.83
Country_12,2014,13.76
Country_12,2015,13.52
Country_12,2016,13.5
Country_12,2017,14.01
Country_12,2018,13.67
Country_12,2019,14.02
Country_12,2020,13.47
Country_12,2021,13.75
Country_12,2022,13.74
Country_12,2023,14.2
Country_13,1900,11.7
Country_13,1901,11.74
Country_13,1902,12.12
Country_13,1903,12.42
Country_13,1904,12.14
Country_13,1905,12.83
Country_13,1906,12.54
Country_13,1907,12.32
Country_13,1908,12.74
Country_13,1909,12.83
Country_13,1910,12.69
Country_13,1911,12.37
Country_13,1912,12.25
Country_13,1913,11.82
Country_13,1914,12.41
Country_13,1915,12.6
Country_13,1916,12.72
Country_13,1917,13.08
Country_13,1918,13.26
Country_13,1919,12.53
Country_13,1920,13.1
Country_13,1921,13.07
Country_13,1922,12.92
Country_13,1923,12.87
Country_13,1924,12.52
Country_13,1925,12.55
Country_13,1926,12.9
Country_13,1927,12.5
Country_13,1928,12.51
Country_13,1929,12.9
Country_13,1930,12.59
Country_13,1931,13.08
Country_13,1932,13.44
Country_13,1933,12.7
Country_13,1934,13.02
Country_13,1935,12.52
Country_13,1936,13.11
Country_13,1937,12.72
Country_13,1938,12.69
Country_13,1939,12.35
Country_13,1940,13.15
Country_13,1941,13.01
Country_13,1942,12.5
Country_13,1943,12.74
Country_13,1944,12.9
Country_13,1945,13.41
Country_13,1946,13.21
Country_13,1947,12.74
Country_13,1948,12.56
Country_13,1949,13.22
Country_13,1950,12.77
Country_13,1951,12.85
Country_13,1952,13.2
Country_13,1953,12.95
Country_13,1954,13.09
Country_13,1955,13.16
Country_13,1956,13.29
Country_13,1957,13.45
Country_13,1958,13.0
Country_13,1959,12.76
Country_13,1960,12.67
Country_13,1961,13.22
Country_13,1962,13.39
Country_13,1963,13.1
Country_13,1964,13.49
Country_13,1965,13.3
Country_13,1966,13.21
Country_13,1967,13.38
Country_13,1968,13.67
Country_13,1969,13.58
Country_13,1970,13.46
Country_13,1971,13.39
Country_13,1972,13.0
Country_13,1973,13.68
Country_13,1974,13.64
Country_13,1975,13.09
Country_13,1976,13.41
Country_13,1977,12.95
Country_13,1978,13.1
Country_13,1979,13.32
Country_13,1980,13.31
Country_13,1981,13.47
Country_13,1982,14.15
Country_13,1983,13.24
Country_13,1984,13.54
Country_13,1985,13.8
Country_13,1986,13.9
Country_13,1987,13.67
Country_13,1988,13.77
Country_13,1989,14.15
Country_13,1990,13.86
Country_13,1991,13.7
Country_13,1992,13.29
Country_13,1993,14.02
Country_13,1994,13.54
Country_13,1995,14.23
Country_13,1996,13.98
Country_13,1997,14.03
Country_13,1998,13.56
Country_13,1999,14.03
Country_13,2000,13.7
Country_13,2001,14.03
Country_13,2002,13.65
Country_13,2003,13.68
Country_13,2004,13.82
Country_13,2005,13.96
Country_13,2006,13.9
Country_13,2007,14.21
Country_13,2008,13.79
Country_13,2009,14.1
Country_13,2010,14.41
Country_13,2011,13.55
Country_13,2012,13.45
Country_13,2013,14.24
Country_13,2014,13.9
Country_13,2015,13.89
Country_13,2016,14.66
Country_13,2017,14.08
Country_13,2018,13.84
Country_13,2019,13.29
Country_13,2020,14.19
Country_13,2021,13.61
Country_13,2022,13.72
Country_13,2023,14.46
Country_14,1900,13.07
Country_14,1901,12.91
Country_14,1902,12.85
Country_14,1903,12.87
Country_14,1904,12.65
Country_14,1905,12.91
Country_14,1906,12.72
Country_14,1907,13.23
Country_14,1908,12.75
Country_14,1909,12.7
Country_14,1910,13.26
Country_14,1911,13.44
Country_14,1912,12.87
Country_14,1913,13.35
Country_14,1914,13.04
Country_14,1915,12.85
Country_14,1916,13.52
Country_14,1917,12.85
Country_14,1918,12.99
Country_14,1919,13.37
Country_14,1920,13.92
Country_14,1921,14.03
Country_14,1922,13.25
Country_14,1923,13.06
Country_14,1924,12.93
Country_14,1925,12.8
Country_14,1926,12.88
Country_14,1927,12.75
Country_14,1928,13.8
Country_14,1929,13.08
Country_14,1930,13.31
Country_14,1931,13.15
Country_14,1932,13.64
Country_14,1933,13.93
Country_14,1934,13.64
Country_14,1935,13.27
Country_14,1936,13.58
Country_14,1937,13.94
Country_14,1938,13.3
Country_14,1939,13.38
Country_14,1940,13.43
Country_14,1941,13.43
Country_14,1942,13.67
Country_14,1943,13.54
Country_14,1944,13.54
Country_14,1945,13.65
Country_14,1946,13.55
Country_14,1947,13.2
Country_14,1948,13.53
Country_14,1949,13.5
Country_14,1950,13.63
Country_14,1951,13.58
Country_14,1952,13.71
Country_14,1953,13.72
Country_14,1954,13.77
Country_14,1955,13.78
Country_14,1956,13.67
Country_14,1957,13.01
Country_14,1958,13.83
Country_14,1959,13.58
Country_14,1960,13.86
Country_14,1961,13.13
Country_14,1962,14.61
Country_14,1963,14.02
Country_14,1964,13.1
Country_14,1965,13.59
Country_14,1966,13.68
Country_14,1967,13.96
Country_14,1968,13.94
Country_14,1969,13.54
Country_14,1970,14.03
Country_14,1971,13.83
Country_14,1972,13.67
Country_14,1973,14.15
Country_14,1974,13.31
Country_14,1975,13.62
Country_14,1976,13.84
Country_14,1977,14.09
Country_14,1978,13.85
Country_14,1979,14.42
Country_14,1980,13.82
Country_14,1981,13.95
Country_14,1982,13.66
Country_14,1983,13.61
Country_14,1984,13.71
Country_14,1985,14.62
Country_14,1986,14.17
Country_14,1987,14.16
Country_14,1988,14.14
Country_14,1989,14.74
Country_14,1990,14.15
Country_14,1991,14.3
Country_14,1992,14.62
Country_14,1993,13.95
Country_14,1994,14.48
Country_14,1995,14.02
Country_14,1996,14.34
Country_14,1997,14.72
Country_14,1998,13.94
Country_14,1999,14.23
Country_14,2000,14.19
Country_14,2001,14.26
Country_14,2002,14.18
Country_14,2003,14.45
Country_14,2004,14.19
Country_14,2005,14.71
Country_14,2006,14.56
Country_14,2007,14.36
Country_14,2008,14.99
Country_14,2009,14.87
Country_14,2010,15.0
Country_14,2011,14.76
Country_14,2012,14.81
Country_14,2013,14.73
Country_14,2014,14.3
Country_14,2015,14.42
Country_14,2016,14.59
Country_14,2017,14.69
Country_14,2018,14.59
Country_14,2019,15.15
Country_14,2020,14.57
Country_14,2021,14.73
Country_14,2022,14.21
Country_14,2023,15.3
Country_15,1900,11.26
Country_15,1901,11.39
Country_15,1902,11.01
Country_15,1903,11.3
Country_15,1904,11.4
Country_15,1905,11.28
Country_15,1906,11.47
Country_15,1907,12.02
Country_15,1908,11.9
Country_15,1909,11.21
Country_15,1910,10.9
Country_15,1911,11.41
Country_15,1912,11.01
Country_15,1913,11.67
Country_15,1914,11.16
Country_15,1915,11.17
Country_15,1916,10.93
Country_15,1917,11.31
Country_15,1918,11.36
Country_15,1919,11.44
Country_15,1920,11.88
Country_15,1921,11.47
Country_15,1922,11.47
Country_15,1923,11.21
Country_15,1924,11.09
Country_15,1925,11.78
Country_15,1926,11.24
Country_15,1927,11.35
Country_15,1928,11.64
Country_15,1929,11.29
Country_15,1930,11.1
Country_15,1931,11.47
Country_15,1932,11.26
Country_15,1933,11.21
Country_15,1934,10.74
Country_15,1935,11.56
Country_15,1936,11.51
Country_15,1937,11.9
Country_15,1938,11.44
Country_15,1939,11.5
Country_15,1940,11.24
Country_15,1941,11.73
Country_15,1942,11.32
Country_15,1943,12.24
Country_15,1944,11.34
Country_15,1945,11.48
Country_15,1946,11.83
Country_15,1947,11.76
Country_15,1948,12.14
Country_15,1949,11.81
Country_15,1950,11.82
Country_15,1951,11.71
Country_15,1952,11.42
Country_15,1953,11.55
Country_15,1954,12.37
Country_15,1955,11.71
Country_15,1956,11.77
Country_15,1957,11.45
Country_15,1958,11.81
Country_15,1959,12.53
Country_15,1960,11.77
Country_15,1961,11.89
Country_15,1962,12.32
Country_15,1963,12.14
Country_15,1964,11.79
Country_15,1965,12.21
Country_15,1966,11.71
Country_15,1967,12.18
Country_15,1968,12.33
Country_15,1969,12.02
Country_15,1970,12.18
Country_15,1971,12.44
Country_15,1972,11.93
Country_15,1973,12.2
Country_15,1974,11.88
Country_15,1975,12.23
Country_15,1976,11.95
Country_15,1977,12.45
Country_15,1978,12.68
Country_15,1979,12.47
Country_15,1980,12.02
Country_15,1981,12.64
Country_15,1982,12.57
Country_15,1983,12.69
Country_15,1984,12.3
Country_15,1985,12.33
Country_15,1986,11.95
Country_15,1987,12.57
Country_15,1988,12.02
Country_15,1989,12.44
Country_15,1990,12.3
Country_15,1991,12.4
Country_15,1992,11.97
Country_15,1993,12.17
Country_15,1994,12.49
Country_15,1995,12.04
Country_15,1996,12.8
Country_15,1997,13.07
Country_15,1998,12.44
Country_15,1999,12.95
Country_15,2000,12.59
Country_15,2001,12.17
Country_15,2002,12.23
Country_15,2003,12.85
Country_15,2004,12.35
Country_15,2005,12.9
Country_15,2006,12.41
Country_15,2007,12.84
Country_15,2008,13.15
Country_15,2009,12.69
Country_15,2010,13.02
Country_15,2011,12.68
Country_15,2012,12.94
Country_15,2013,12.64
Country_15,2014,12.65
Country_15,2015,12.72
Country_15,2016,13.11
Country_15,2017,12.57
Country_15,2018,12.86
Country_15,2019,13.16
Country_15,2020,13.23
Country_15,2021,12.94
Country_15,2022,13.37
Country_15,2023,12.78
Country_16,1900,17.82
Country_16,1901,18.11
Country_16,1902,18.61
Country_16,1903,18.31
Country_16,1904,18.36
Country_16,1905,18.84
Country_16,1906,18.74
Country_16,1907,18.59
Country_16,1908,18.47
Country_16,1909,18.14
Country_16,1910,18.84
Country_16,1911,18.68
Country_16,1912,19.01
Country_16,1913,18.47
Country_16,1914,19.08
Country_16,1915,18.69
Country_16,1916,18.5
Country_16,1917,18.71
Country_16,1918,18.64
Country_16,1919,18.79
Country_16,1920,18.46
Country_16,1921,18.89
Country_16,1922,18.78
Country_16,1923,18.66
Country_16,1924,18.25
Country_16,1925,18.92
Country_16,1926,18.88
Country_16,1927,18.35
Country_16,1928,18.99
Country_16,1929,19.21
Country_16,1930,18.81
Country_16,1931,18.77
Country_16,1932,18.81
Country_16,1933,18.72
Country_16,1934,18.69
Country_16,1935,18.35
Country_16,1936,18.83
Country_16,1937,18.95
Country_16,1938,18.67
Country_16,1939,18.6
Country_16,1940,18.42
Country_16,1941,18.8
Country_16,1942,18.61
Country_16,1943,19.14
Country_16,1944,18.78
Country_16,1945,19.1
Country_16,1946,18.69
Country_16,1947,19.07
Country_16,1948,18.66
Country_16,1949,19.16
Country_16,1950,18.92
Country_16,1951,19.26
Country_16,1952,19.03
Country_16,1953,19.06
Country_16,1954,19.06
Country_16,1955,19.01
Country_16,1956,19.37
Country_16,1957,19.55
Country_16,1958,18.86
Country_16,1959,19.23
Country_16,1960,19.53
Country_16,1961,18.76
Country_16,1962,19.37
Country_16,1963,19.29
Country_16,1964,19.34
Country_16,1965,19.2
Country_16,1966,19.36
Country_16,1967,18.84
Country_16,1968,19.53
Country_16,1969,19.46
Country_16,1970,19.72
Country_16,1971,19.67
Country_16,1972,19.37
Country_16,1973,19.34
Country_16,1974,19.91
Country_16,1975,19.37
Country_16,1976,20.03
Country_16,1977,20.02
Country_16,1978,19.29
Country_16,1979,19.34
Country_16,1980,19.61
Country_16,1981,19.7
Country_16,1982,20.48
Country_16,1983,19.89
Country_16,1984,19.33
Country_16,1985,19.49
Country_16,1986,19.93
Country_16,1987,19.22
Country_16,1988,20.31
Country_16,1989,19.7
Country_16,1990,19.08
Country_16,1991,20.28
Country_16,1992,19.08
Country_16,1993,19.37
Country_16,1994,20.14
Country_16,1995,20.01
Country_16,1996,19.48
Country_16,1997,19.61
Country_16,1998,20.3
Country_16,1999,19.69
Country_16,2000,19.61
Country_16,2001,19.71
Country_16,2002,19.65
Country_16,2003,19.79
Country_16,2004,19.93
Country_16,2005,20.09
Country_16,2006,19.51
Country_16,2007,19.85
Country_16,2008,20.1
Country_16,2009,20.24
Country_16,2010,20.58
Country_16,2011,19.94
Country_16,2012,20.81
Country_16,2013,20.35
Country_16,2014,20.08
Country_16,2015,20.28
Country_16,2016,20.69
Country_16,2017,20.11
Country_16,2018,20.26
Country_16,2019,19.79
Country_16,2020,20.08
Country_16,2021,20.25
Country_16,2022,20.01
Country_16,2023,20.22
Country_17,1900,13.65
Country_17,1901,13.59
Country_17,1902,13.88
Country_17,1903,14.0
Country_17,1904,13.67
Country_17,1905,13.35
Country_17,1906,14.08
Country_17,1907,13.75
Country_17,1908,14.13
Country_17,1909,12.9
Country_17,1910,14.14
Country_17,1911,14.45
Country_17,1912,13.63
Country_17,1913,13.92
Country_17,1914,13.9
Country_17,1915,13.9
Country_17,1916,14.4
Country_17,1917,14.52
Country_17,1918,13.85
Country_17,1919,13.66
Country_17,1920,13.82
Country_17,1921,13.89
Country_17,1922,14.1
Country_17,1923,14.16
Country_17,1924,14.0
Country_17,1925,14.18
Country_17,1926,14.02
Country_17,1927,14.76
Country_17,1928,14.23
Country_17,1929,14.92
Country_17,1930,14.01
Country_17,1931,14.49
Country_17,1932,14.37
Country_17,1933,13.82
Country_17,1934,14.13
Country_17,1935,14.12
Country_17,1936,13.99
Country_17,1937,14.18
Country_17,1938,14.22
Country_17,1939,14.4
Country_17,1940,14.39
Country_17,1941,14.81
Country_17,1942,14.66
Country_17,1943,14.51
Country_17,1944,14.37
Country_17,1945,15.22
Country_17,1946,14.36
Country_17,1947,14.97
Country_17,1948,14.31
Country_17,1949,14.99
Country_17,1950,14.45
Country_17,1951,14.3
Country_17,1952,14.06
Country_17,1953,14.54
Country_17,1954,14.68
Country_17,1955,14.08
Country_17,1956,14.91
Country_17,1957,14.66
Country_17,1958,14.6
Country_17,1959,14.38
Country_17,1960,15.06
Country_17,1961,14.64
Country_17,1962,14.52
Country_17,1963,14.15
Country_17,1964,15.33
Country_17,1965,14.23
Country_17,1966,14.55
Country_17,1967,14.74
Country_17,1968,14.78
Country_17,1969,14.91
Country_17,1970,14.26
Country_17,1971,14.71
Country_17,1972,14.99
Country_17,1973,14.61
Country_17,1974,15.06
Country_17,1975,15.29
Country_17,1976,14.7
Country_17,1977,15.33
Country_17,1978,14.79
Country_17,1979,15.1
Country_17,1980,15.22
Country_17,1981,15.18
Country_17,1982,14.77
Country_17,1983,15.0
Country_17,1984,15.02
Country_17,1985,15.06
Country_17,1986,15.42
Country_17,1987,14.79
Country_17,1988,14.92
Country_17,1989,15.31
Country_17,1990,15.85
Country_17,1991,15.43
Country_17,1992,15.12
Country_17,1993,15.19
Country_17,1994,15.44
Country_17,1995,15.54
Country_17,1996,15.73
Country_17,1997,14.7
Country_17,1998,14.91
Country_17,1999,15.24
Country_17,2000,15.51
Country_17,2001,15.67
Country_17,2002,15.0
Country_17,2003,15.12
Country_17,2004,15.33
Country_17,2005,15.13
Country_17,2006,15.49
Country_17,2007,15.92
Country_17,2008,15.62
Country_17,2009,15.41
Country_17,2010,15.32
Country_17,2011,15.46
Country_17,2012,15.6
Country_17,2013,15.4
Country_17,2014,15.99
Country_17,2015,15.48
Country_17,2016,15.49
Country_17,2017,15.33
Country_17,2018,15.14
Country_17,2019,15.89
Country_17,2020,15.53
Country_17,2021,16.02
Country_17,2022,15.3
Country_17,2023,16.08
Country_18,1900,18.31
Country_18,1901,18.21
Country_18,1902,18.5
Country_18,1903,18.02
Country_18,1904,18.89
Country_18,1905,18.28
Country_18,1906,18.21
Country_18,1907,18.35
Country_18,1908,18.1
Country_18,1909,17.87
Country_18,1910,17.99
Country_18,1911,18.64
Country_18,1912,18.39
Country_18,1913,18.9
Country_18,1914,18.65
Country_18,1915,18.57
Country_18,1916,17.97
Country_18,1917,18.39
Country_18,1918,18.53
Country_18,1919,18.59
Country_18,1920,18.7
Country_18,1921,18.19
Country_18,1922,18.35
Country_18,1923,18.71
Country_18,1924,18.09
Country_18,1925,17.94
Country_18,1926,18.62
Country_18,1927,18.7
Country_18,1928,18.31
Country_18,1929,18.76
Country_18,1930,18.88
Country_18,1931,18.7
Country_18,1932,18.83
Country_18,1933,18.54
Country_18,1934,18.29
Country_18,1935,18.8
Country_18,1936,18.72
Country_18,1937,18.25
Country_18,1938,18.55
Country_18,1939,18.69
Country_18,1940,19.25
Country_18,1941,18.97
Country_18,1942,18.98
Country_18,1943,18.69
Country_18,1944,18.46
Country_18,1945,18.48
Country_18,1946,18.62
Country_18,1947,18.81
Country_18,1948,19.47
Country_18,1949,18.74
Country_18,1950,19.15
Country_18,1951,18.55
Country_18,1952,18.22
Country_18,1953,19.02
Country_18,1954,18.83
Country_18,1955,18.26
Country_18,1956,18.8
Country_18,1957,18.95
Country_18,1958,19.21
Country_18,1959,18.98
Country_18,1960,19.54
Country_18,1961,19.48
Country_18,1962,18.33
Country_18,1963,19.11
Country_18,1964,19.38
Country_18,1965,18.82
Country_18,1966,18.98
Country_18,1967,18.97
Country_18,1968,19.14
Country_18,1969,19.25
Country_18,1970,18.71
Country_18,1971,19.48
Country_18,1972,18.74
Country_18,1973,18.94
Country_18,1974,19.12
Country_18,1975,19.68
Country_18,1976,19.04
Country_18,1977,19.05
Country_18,1978,19.64
Country_18,1979,19.29
Country_18,1980,19.44
Country_18,1981,18.93
Country_18,1982,18.88
Country_18,1983,19.25
Country_18,1984,19.11
Country_18,1985,19.29
Country_18,1986,19.17
Country_18,1987,19.62
Country_18,1988,19.2
Country_18,1989,18.99
Country_18,1990,19.8
Country_18,1991,19.22
Country_18,1992,20.05
Country_18,1993,19.18
Country_18,1994,18.91
Country_18,1995,19.93
Country_18,1996,19.89
Country_18,1997,19.22
Country_18,1998,19.82
Country_18,1999,19.79
Country_18,2000,19.31
Country_18,2001,19.43
Country_18,2002,19.4
Country_18,2003,19.66
Country_18,2004,19.61
Country_18,2005,19.82
Country_18,2006,19.83
Country_18,2007,19.97
Country_18,2008,20.05
Country_18,2009,20.02
Country_18,2010,19.54
Country_18,2011,19.99
Country_18,2012,19.9
Country_18,2013,19.44
Country_18,2014,19.74
Country_18,2015,19.22
Country_18,2016,19.97
Country_18,2017,19.92
Country_18,2018,19.92
Country_18,2019,19.38
Country_18,2020,20.13
Country_18,2021,19.85
Country_18,2022,20.17
Country_18,2023,19.99
Country_19,1900,23.71
Country_19,1901,23.95
Country_19,1902,24.38
Country_19,1903,24.84
Country_19,1904,24.12
Country_19,1905,24.16
Country_19,1906,24.26
Country_19,1907,24.37
Country_19,1908,25.14
Country_19,1909,24.56
Country_19,1910,23.93
Country_19,1911,24.46
Country_19,1912,24.72
Country_19,1913,24.3
Country_19,1914,24.7
Country_19,1915,24.33
Country_19,1916,24.0
Country_19,1917,24.71
Country_19,1918,24.94
Country_19,1919,24.92
Country_19,1920,24.94
Country_19,1921,24.56
Country_19,1922,25.01
Country_19,1923,25.36
Country_19,1924,24.8
Country_19,1925,25.42
Country_19,1926,24.68
Country_19,1927,24.47
Country_19,1928,24.4
Country_19,1929,24.44
Country_19,1930,24.98
Country_19,1931,25.29
Country_19,1932,25.22
Country_19,1933,25.2
Country_19,1934,24.69
Country_19,1935,25.78
Country_19,1936,24.99
Country_19,1937,24.7
Country_19,1938,24.5
Country_19,1939,25.21
Country_19,1940,24.89
Country_19,1941,24.37
Country_19,1942,24.95
Country_19,1943,24.62
Country_19,1944,24.86
Country_19,1945,25.24
Country_19,1946,25.14
Country_19,1947,24.43
Country_19,1948,24.85
Country_19,1949,25.32
Country_19,1950,25.33
Country_19,1951,25.16
Country_19,1952,24.74
Country_19,1953,25.56
Country_19,1954,24.36
Country_19,1955,25.27
Country_19,1956,25.59
Country_19,1957,25.21
Country_19,1958,24.97
Country_19,1959,25.87
Country_19,1960,25.71
Country_19,1961,25.49
Country_19,1962,25.38
Country_19,1963,25.5
Country_19,1964,25.37
Country_19,1965,25.55
Country_19,1966,25.19
Country_19,1967,25.93
Country_19,1968,25.51
Country_19,1969,25.38
Country_19,1970,25.59
Country_19,1971,25.17
Country_19,1972,25.68
Country_19,1973,25.62
Country_19,1974,25.73
Country_19,1975,25.46
Country_19,1976,25.59
Country_19,1977,25.8
Country_19,1978,25.46
Country_19,1979,25.5
Country_19,1980,25.35
Country_19,1981,26.02
Country_19,1982,24.89
Country_19,1983,26.28
Country_19,1984,25.54
Country_19,1985,25.87
Country_19,1986,25.49
Country_19,1987,25.51
Country_19,1988,25.74
Country_19,1989,25.39
Country_19,1990,25.84
Country_19,1991,26.0
Country_19,1992,25.56
Country_19,1993,25.8
Country_19,1994,26.2
Country_19,1995,26.01
Country_19,1996,25.45
Country_19,1997,25.66
Country_19,1998,26.02
Country_19,1999,26.63
Country_19,2000,25.85
Country_19,2001,25.31
Country_19,2002,26.58
Country_19,2003,25.32
Country_19,2004,25.86
Country_19,2005,26.03
Country_19,2006,25.89
Country_19,2007,26.23
Country_19,2008,26.06
Country_19,2009,26.54
Country_19,2010,26.08
Country_19,2011,25.8
Country_19,2012,26.15
Country_19,2013,25.88
Country_19,2014,25.52
Country_19,2015,25.77
Country_19,2016,25.94
Country_19,2017,27.01
Country_19,2018,26.05
Country_19,2019,26.52
Country_19,2020,26.5
Country_19,2021,26.63
Country_19,2022,26.22
Country_19,2023,25.8
Country_20,1900,20.6
Country_20,1901,20.93
Country_20,1902,21.31
Country_20,1903,21.04
Country_20,1904,20.56
Country_20,1905,20.23
Country_20,1906,20.9
Country_20,1907,20.43
Country_20,1908,21.19
Country_20,1909,20.36
Country_20,1910,20.93
Country_20,1911,20.64
Country_20,1912,20.73
Country_20,1913,20.26
Country_20,1914,21.15
Country_20,1915,20.55
Country_20,1916,20.92
Country_20,1917,21.28
Country_20,1918,20.9
Country_20,1919,21.11
Country_20,1920,20.36
Country_20,1921,21.36
Country_20,1922,20.85
Country_20,1923,21.48
Country_20,1924,20.32
Country_20,1925,20.68
Country_20,1926,20.57
Country_20,1927,20.91
Country_20,1928,21.78
Country_20,1929,21.4
Country_20,1930,21.31
Country_20,1931,21.37
Country_20,1932,20.91
Country_20,1933,21.78
Country_20,1934,21.4
Country_20,1935,21.26
Country_20,1936,21.6
Country_20,1937,21.22
Country_20,1938,20.76
Country_20,1939,21.13
Country_20,1940,21.29
Country_20,1941,21.47
Country_20,1942,21.0
Country_20,1943,20.87
Country_20,1944,21.3
Country_20,1945,21.22
Country_20,1946,21.25
Country_20,1947,21.54
Country_20,1948,21.05
Country_20,1949,21.3
Country_20,1950,22.15
Country_20,1951,21.32
Country_20,1952,21.58
Country_20,1953,21.29
Country_20,1954,21.41
Country_20,1955,21.11
Country_20,1956,21.72
Country_20,1957,21.8
Country_20,1958,21.57
Country_20,1959,21.19
Country_20,1960,21.55
Country_20,1961,21.57
Country_20,1962,21.37
Country_20,1963,21.73
Country_20,1964,21.86
Country_20,1965,21.65
Country_20,1966,21.8
Country_20,1967,22.12
Country_20,1968,21.6
Country_20,1969,21.35
Country_20,1970,21.76
Country_20,1971,21.14
Country_20,1972,21.47
Country_20,1973,21.44
Country_20,1974,21.72
Country_20,1975,21.6
Country_20,1976,21.82
Country_20,1977,21.92
Country_20,1978,21.52
Country_20,1979,21.47
Country_20,1980,21.56
Country_20,1981,21.78
Country_20,1982,22.03
Country_20,1983,21.66
Country_20,1984,22.02
Country_20,1985,22.32
Country_20,1986,21.81
Country_20,1987,22.55
Country_20,1988,22.11
Country_20,1989,21.97
Country_20,1990,22.13
Country_20,1991,21.33
Country_20,1992,21.59
Country_20,1993,22.21
Country_20,1994,21.9
Country_20,1995,21.86
Country_20,1996,21.91
Country_20,1997,21.86
Country_20,1998,21.83
Country_20,1999,22.45
Country_20,2000,22.31
Country_20,2001,22.33
Country_20,2002,22.17
Country_20,2003,22.21
Country_20,2004,22.34
Country_20,2005,22.43
Country_20,2006,22.09
Country_20,2007,22.55
Country_20,2008,22.61
Country_20,2009,22.4
Country_20,2010,22.23
Country_20,2011,22.29
Country_20,2012,22.35
Country_20,2013,22.24
Country_20,2014,22.12
Country_20,2015,23.1
Country_20,2016,22.23
Country_20,2017,22.28
Country_20,2018,22.57
Country_20,2019,21.66
Country_20,2020,22.49
Country_20,2021,22.4
Country_20,2022,22.21
Country_20,2023,21.94
Country_21,1900,16.51
Country_21,1901,16.84
Country_21,1902,16.41
Country_21,1903,16.75
Country_21,1904,16.71
Country_21,1905,16.82
Country_21,1906,16.82
Country_21,1907,16.53
Country_21,1908,16.48
Country_21,1909,16.88
Country_21,1910,16.56
Country_21,1911,16.85
Country_21,1912,16.27
Country_21,1913,17.07
Country_21,1914,17.03
Country_21,1915,16.66
Country_21,1916,17.12
Country_21,1917,16.44
Country_21,1918,16.81
Country_21,1919,17.01
Country_21,1920,16.86
Country_21,1921,16.7
Country_21,1922,16.78
Country_21,1923,16.89
Country_21,1924,16.51
Country_21,1925,16.84
Country_21,1926,16.93
Country_21,1927,16.86
Country_21,1928,17.06
Country_21,1929,17.36
Country_21,1930,17.06
Country_21,1931,16.46
Country_21,1932,17.01
Country_21,1933,17.06
Country_21,1934,16.99
Country_21,1935,17.27
Country_21,1936,16.72
Country_21,1937,17.29
Country_21,1938,16.54
Country_21,1939,17.12
Country_21,1940,17.44
Country_21,1941,17.34
Country_21,1942,17.53
Country_21,1943,17.07
Country_21,1944,17.53
Country_21,1945,16.64
Country_21,1946,17.67
Country_21,1947,16.84
Country_21,1948,16.88
Country_21,1949,17.39
Country_21,1950,17.44
Country_21,1951,17.17
Country_21,1952,17.17
Country_21,1953,17.21
Country_21,1954,17.41
Country_21,1955,17.68
Country_21,1956,17.11
Country_21,1957,17.34
Country_21,1958,17.47
Country_21,1959,17.4
Country_21,1960,17.93
Country_21,1961,17.22
Country_21,1962,17.31
Country_21,1963,17.26
Country_21,1964,17.91
Country_21,1965,17.69
Country_21,1966,17.78
Country_21,1967,17.7
Country_21,1968,17.3
Country_21,1969,17.57
Country_21,1970,17.96
Country_21,1971,17.31
Country_21,1972,17.54
Country_21,1973,17.49
Country_21,1974,17.56
Country_21,1975,17.51
Country_21,1976,17.55
Country_21,1977,17.57
Country_21,1978,17.93
Country_21,1979,17.77
Country_21,1980,17.49
Country_21,1981,17.76
Country_21,1982,18.09
Country_21,1983,17.5
Country_21,1984,17.53
Country_21,1985,18.02
Country_21,1986,17.78
Country_21,1987,17.99
Country_21,1988,17.95
Country_21,1989,17.54
Country_21,1990,17.99
Country_21,1991,17.82
Country_21,1992,17.7
Country_21,1993,17.95
Country_21,1994,17.36
Country_21,1995,18.24
Country_21,1996,17.84
Country_21,1997,17.88
Country_21,1998,18.01
Country_21,1999,18.43
Country_21,2000,17.83
Country_21,2001,17.94
Country_21,2002,18.52
Country_21,2003,17.86
Country_21,2004,17.72
Country_21,2005,18.1
Country_21,2006,18.34
Country_21,2007,17.52
Country_21,2008,18.47
Country_21,2009,17.74
Country_21,2010,17.93
Country_21,2011,17.94
Country_21,2012,18.73
Country_21,2013,18.4
Country_21,2014,17.79
Country_21,2015,18.34
Country_21,2016,18.03
Country_21,2017,17.81
Country_21,2018,18.18
Country_21,2019,17.94
Country_21,2020,18.24
Country_21,2021,18.28
Country_21,2022,18.02
Country_21,2023,18.51
Country_22,1900,23.05
Country_22,1901,22.1
Country_22,1902,22.43
Country_22,1903,22.57
Country_22,1904,23.1
Country_22,1905,22.34
Country_22,1906,22.18
Country_22,1907,22.59
Country_22,1908,22.59
Country_22,1909,22.88
Country_22,1910,22.29
Country_22,1911,22.73
Country_22,1912,23.17
Country_22,1913,22.53
Country_22,1914,23.13
Country_22,1915,23.07
Country_22,1916,22.88
Country_22,1917,22.71
Country_22,1918,22.87
Country_22,1919,23.32
Country_22,1920,22.28
Country_22,1921,23.06
Country_22,1922,22.76
Country_22,1923,22.66
Country_22,1924,22.72
Country_22,1925,22.93
Country_22,1926,23.12
Country_22,1927,22.7
Country_22,1928,23.27
Country_22,1929,22.84
Country_22,1930,23.17
Country_22,1931,22.6
Country_22,1932,22.58
Country_22,1933,22.58
Country_22,1934,23.32
Country_22,1935,22.82
Country_22,1936,22.91
Country_22,1937,22.97
Country_22,1938,22.98
Country_22,1939,22.48
Country_22,1940,22.73
Country_22,1941,23.47
Country_22,1942,23.56
Country_22,1943,22.99
Country_22,1944,23.41
Country_22,1945,23.37
Country_22,1946,23.49
Country_22,1947,23.5
Country_22,1948,22.88
Country_22,1949,23.11
Country_22,1950,22.74
Country_22,1951,22.72
Country_22,1952,23.57
Country_22,1953,23.34
Country_22,1954,23.48
Country_22,1955,23.26
Country_22,1956,23.67
Country_22,1957,23.07
Country_22,1958,23.37
Country_22,1959,23.21
Country_22,1960,22.76
Country_22,1961,23.46
Country_22,1962,23.29
Country_22,1963,23.82
Country_22,1964,23.2
Country_22,1965,23.11
Country_22,1966,23.48
Country_22,1967,23.47
Country_22,1968,24.04
Country_22,1969,23.34
Country_22,1970,23.61
Country_22,1971,23.65
Country_22,1972,23.58
Country_22,1973,23.68
Country_22,1974,23.5
Country_22,1975,23.44
Country_22,1976,23.44
Country_22,1977,23.77
Country_22,1978,23.67
Country_22,1979,23.78
Country_22,1980,24.05
Country_22,1981,23.9
Country_22,1982,23.67
Country_22,1983,23.97
Country_22,1984,23.05
Country_22,1985,23.76
Country_22,1986,23.71
Country_22,1987,23.87
Country_22,1988,23.3
Country_22,1989,23.63
Country_22,1990,23.66
Country_22,1991,23.8
Country_22,1992,23.6
Country_22,1993,23.62
Country_22,1994,23.78
Country_22,1995,23.99
Country_22,1996,24.09
Country_22,1997,23.77
Country_22,1998,23.54
Country_22,1999,23.87
Country_22,2000,24.1
Country_22,2001,24.25
Country_22,2002,24.0
Country_22,2003,24.24
Country_22,2004,23.7
Country_22,2005,23.97
Country_22,2006,23.94
Country_22,2007,24.15
Country_22,2008,23.53
Country_22,2009,24.02
Country_22,2010,23.84
Country_22,2011,24.05
Country_22,2012,24.35
Country_22,2013,24.35
Country_22,2014,24.11
Country_22,2015,24.3
Country_22,2016,24.6
Country_22,2017,24.31
Country_22,2018,23.57
Country_22,2019,24.25
Country_22,2020,23.81
Country_22,2021,24.12
Country_22,2022,24.33
Country_22,2023,24.05
Country_23,1900,20.93
Country_23,1901,21.28
Country_23,1902,21.45
Country_23,1903,21.05
Country_23,1904,20.97
Country_23,1905,21.47
Country_23,1906,21.21
Country_23,1907,21.79
Country_23,1908,21.62
Country_23,1909,21.73
Country_23,1910,21.22
Country_23,1911,21.72
Country_23,1912,21.53
Country_23,1913,21.96
Country_23,1914,21.59
Country_23,1915,20.95
Country_23,1916,21.2
Country_23,1917,21.26
Country_23,1918,21.3
Country_23,1919,21.2
Country_23,1920,22.23
Country_23,1921,21.27
Country_23,1922,21.32
Country_23,1923,21.91
Country_23,1924,21.57
Country_23,1925,21.64
Country_23,1926,21.29
Country_23,1927,22.15
Country_23,1928,21.55
Country_23,1929,22.32
Country_23,1930,21.99
Country_23,1931,22.18
Country_23,1932,21.67
Country_23,1933,22.48
Country_23,1934,21.79
Country_23,1935,21.72
Country_23,1936,21.85
Country_23,1937,21.38
Country_23,1938,22.22
Country_23,1939,21.58
Country_23,1940,21.73
Country_23,1941,22.16
Country_23,1942,21.95
Country_23,1943,21.02
Country_23,1944,21.74
Country_23,1945,21.89
Country_23,1946,21.96
Country_23,1947,21.51
Country_23,1948,21.87
Country_23,1949,21.91
Country_23,1950,22.2
Country_23,1951,22.4
Country_23,1952,22.46
Country_23,1953,22.42
Country_23,1954,21.75
Country_23,1955,22.51
Country_23,1956,21.58
Country_23,1957,22.4
Country_23,1958,21.61
Country_23,1959,22.06
Country_23,1960,21.62
Country_23,1961,22.29
Country_23,1962,22.41
Country_23,1963,21.87
Country_23,1964,22.18
Country_23,1965,21.9
Country_23,1966,22.37
Country_23,1967,22.16
Country_23,1968,22.39
Country_23,1969,21.9
Country_23,1970,22.46
Country_23,1971,21.96
Country_23,1972,22.17
Country_23,1973,22.68
Country_23,1974,22.44
Country_23,1975,22.22
Country_23,1976,22.53
Country_23,1977,22.31
Country_23,1978,22.42
Country_23,1979,22.36
Country_23,1980,22.7
Country_23,1981,22.57
Country_23,1982,22.51
Country_23,1983,22.99
Country_23,1984,22.42
Country_23,1985,22.23
Country_23,1986,22.19
Country_23,1987,22.7
Country_23,1988,22.09
Country_23,1989,22.52
Country_23,1990,22.82
Country_23,1991,22.61
Country_23,1992,22.45
Country_23,1993,22.18
Country_23,1994,22.44
Country_23,1995,22.56
Country_23,1996,22.33
Country_23,1997,23.1
Country_23,1998,22.59
Country_23,1999,22.93
Country_23,2000,22.92
Country_23,2001,22.64
Country_23,2002,22.89
Country_23,2003,22.47
Country_23,2004,22.68
Country_23,2005,22.45
Country_23,2006,22.82
Country_23,2007,23.36
Country_23,2008,22.71
Country_23,2009,22.78
Country_23,2010,22.61
Country_23,2011,22.67
Country_23,2012,23.25
Country_23,2013,22.93
Country_23,2014,23.54
Country_23,2015,23.26
Country_23,2016,22.91
Country_23,2017,23.03
Country_23,2018,23.0
Country_23,2019,23.34
Country_23,2020,23.09
Country_23,2021,22.8
Country_23,2022,23.26
Country_23,2023,22.51
Country_24,1900,17.66
Country_24,1901,18.77
Country_24,1902,18.13
Country_24,1903,18.62
Country_24,1904,18.62
Country_24,1905,18.2
Country_24,1906,18.93
Country_24,1907,18.47
Country_24,1908,18.21
Country_24,1909,18.68
Country_24,1910,19.02
Country_24,1911,18.0
Country_24,1912,18.7
Country_24,1913,18.44
Country_24,1914,18.28
Country_24,1915,18.65
Country_24,1916,18.96
Country_24,1917,18.41
Country_24,1918,18.43
Country_24,1919,18.68
Country_24,1920,18.97
Country_24,1921,18.93
Country_24,1922,18.3
Country_24,1923,18.72
Country_24,1924,18.51
Country_24,1925,18.92
Country_24,1926,18.98
Country_24,1927,18.69
Country_24,1928,19.03
Country_24,1929,18.64
Country_24,1930,18.72
Country_24,1931,19.43
Country_24,1932,18.77
Country_24,1933,18.9
Country_24,1934,19.01
Country_24,1935,19.08
Country_24,1936,18.57
Country_24,1937,18.42
Country_24,1938,18.98
Country_24,1939,19.48
Country_24,1940,18.88
Country_24,1941,18.87
Country_24,1942,19.29
Country_24,1943,18.92
Country_24,1944,19.13
Country_24,1945,18.65
Country_24,1946,19.23
Country_24,1947,18.66
Country_24,1948,18.95
Country_24,1949,18.81
Country_24,1950,19.32
Country_24,1951,18.64
Country_24,1952,18.89
Country_24,1953,19.32
Country_24,1954,18.97
Country_24,1955,19.39
Country_24,1956,19.41
Country_24,1957,19.17
Country_24,1958,19.28
Country_24,1959,19.3
Country_24,1960,19.01
Country_24,1961,18.95
Country_24,1962,19.24
Country_24,1963,19.18
Country_24,1964,18.81
Country_24,1965,19.37
Country_24,1966,19.03
Country_24,1967,20.05
Country_24,1968,18.64
Country_24,1969,19.75
Country_24,1970,19.61
Country_24,1971,19.11
Country_24,1972,19.67
Country_24,1973,19.45
Country_24,1974,19.54
Country_24,1975,19.55
Country_24,1976,19.4
Country_24,1977,20.08
Country_24,1978,19.68
Country_24,1979,19.55
Country_24,1980,19.47
Country_24,1981,19.78
Country_24,1982,19.95
Country_24,1983,20.01
Country_24,1984,19.43
Country_24,1985,19.34
Country_24,1986,19.21
Country_24,1987,19.42
Country_24,1988,20.19
Country_24,1989,19.93
Country_24,1990,19.32
Country_24,1991,19.78
Country_24,1992,19.95
Country_24,1993,19.7
Country_24,1994,19.95
Country_24,1995,20.07
Country_24,1996,19.58
Country_24,1997,19.94
Country_24,1998,20.15
Country_24,1999,20.43
Country_24,2000,19.57
Country_24,2001,20.48
Country_24,2002,20.47
Country_24,2003,20.26
Country_24,2004,19.93
Country_24,2005,19.97
Country_24,2006,19.78
Country_24,2007,19.78
Country_24,2008,20.32
Country_24,2009,20.5
Country_24,2010,20.06
Country_24,2011,20.16
Country_24,2012,20.61
Country_24,2013,19.94
Country_24,2014,19.94
Country_24,2015,19.9
Country_24,2016,20.34
Country_24,2017,19.94
Country_24,2018,20.34
Country_24,2019,20.17
Country_24,2020,20.19
Country_24,2021,20.35
Country_24,2022,19.78
Country_24,2023,19.77
Country_25,1900,20.36
Country_25,1901,20.41
Country_25,1902,20.68
Country_25,1903,20.62
Country_25,1904,20.89
Country_25,1905,20.46
Country_25,1906,21.09
Country_25,1907,20.64
Country_25,1908,20.86
Country_25,1909,21.05
Country_25,1910,21.4
Country_25,1911,20.94
Country_25,1912,20.92
Country_25,1913,21.15
Country_25,1914,21.08
Country_25,1915,20.83
Country_25,1916,21.26
Country_25,1917,20.42
Country_25,1918,20.86
Country_25,1919,21.12
Country_25,1920,21.35
Country_25,1921,21.43
Country_25,1922,21.6
Country_25,1923,20.87
Country_25,1924,20.96
Country_25,1925,21.08
Country_25,1926,21.48
Country_25,1927,21.64
Country_25,1928,20.87
Country_25,1929,21.4
Country_25,1930,20.97
Country_25,1931,21.36
Country_25,1932,21.32
Country_25,1933,21.01
Country_25,1934,21.29
Country_25,1935,21.65
Country_25,1936,21.33
Country_25,1937,21.62
Country_25,1938,20.73
Country_25,1939,21.27
Country_25,1940,21.32
Country_25,1941,21.34
Country_25,1942,21.62
Country_25,1943,21.19
Country_25,1944,21.09
Country_25,1945,20.82
Country_25,1946,21.62
Country_25,1947,20.97
Country_25,1948,21.43
Country_25,1949,22.03
Country_25,1950,21.4
Country_25,1951,21.64
Country_25,1952,21.21
Country_25,1953,21.09
Country_25,1954,21.65
Country_25,1955,21.75
Country_25,1956,21.85
Country_25,1957,21.79
Country_25,1958,21.87
Country_25,1959,21.75
Country_25,1960,21.7
Country_25,1961,20.99
Country_25,1962,21.63
Country_25,1963,21.57
Country_25,1964,21.87
Country_25,1965,21.82
Country_25,1966,21.51
Country_25,1967,21.19
Country_25,1968,21.91
Country_25,1969,21.57
Country_25,1970,21.71
Country_25,1971,21.94
Country_25,1972,21.73
Country_25,1973,21.62
Country_25,1974,21.71
Country_25,1975,21.53
Country_25,1976,21.67
Country_25,1977,21.96
Country_25,1978,22.24
Country_25,1979,21.42
Country_25,1980,21.86
Country_25,1981,21.6
Country_25,1982,21.93
Country_25,1983,22.26
Country_25,1984,21.96
Country_25,1985,21.86
Country_25,1986,22.14
Country_25,1987,22.28
Country_25,1988,21.85
Country_25,1989,22.33
Country_25,1990,22.02
Country_25,1991,22.75
Country_25,1992,22.31
Country_25,1993,21.92
Country_25,1994,22.5
Country_25,1995,21.59
Country_25,1996,22.16
Country_25,1997,22.42
Country_25,1998,22.36
Country_25,1999,22.01
Country_25,2000,22.2
Country_25,2001,22.35
Country_25,2002,22.15
Country_25,2003,21.98
Country_25,2004,22.2
Country_25,2005,22.29
Country_25,2006,22.32
Country_25,2007,22.67
Country_25,2008,22.73
Country_25,2009,22.85
Country_25,2010,23.04
Country_25,2011,22.88
Country_25,2012,22.26
Country_25,2013,22.46
Country_25,2014,22.63
Country_25,2015,22.44
Country_25,2016,22.43
Country_25,2017,22.34
Country_25,2018,22.47
Country_25,2019,22.89
Country_25,2020,22.52
Country_25,2021,22.71
Country_25,2022,22.28
Country_25,2023,22.64
Country_26,1900,11.32
Country_26,1901,11.75
Country_26,1902,12.11
Country_26,1903,11.62
Country_26,1904,11.5
Country_26,1905,11.55
Country_26,1906,11.49
Country_26,1907,11.69
Country_26,1908,11.69
Country_26,1909,11.99
Country_26,1910,11.56
Country_26,1911,11.42
Country_26,1912,11.79
Country_26,1913,11.75
Country_26,1914,11.91
Country_26,1915,12.05
Country_26,1916,12.1
Country_26,1917,11.32
Country_26,1918,11.52
Country_26,1919,11.72
Country_26,1920,12.21
Country_26,1921,11.71
Country_26,1922,12.01
Country_26,1923,12.15
Country_26,1924,11.56
Country_26,1925,11.91
Country_26,1926,11.59
Country_26,1927,11.54
Country_26,1928,11.91
Country_26,1929,12.19
Country_26,1930,11.86
Country_26,1931,11.96
Country_26,1932,12.62
Country_26,1933,12.07
Country_26,1934,11.93
Country_26,1935,12.11
Country_26,1936,11.84
Country_26,1937,11.88
Country_26,1938,11.47
Country_26,1939,11.92
Country_26,1940,12.53
Country_26,1941,12.5
Country_26,1942,12.07
Country_26,1943,12.39
Country_26,1944,11.66
Country_26,1945,12.37
Country_26,1946,12.12
Country_26,1947,12.3
Country_26,1948,12.55
Country_26,1949,12.33
Country_26,1950,12.11
Country_26,1951,12.25
Country_26,1952,11.73
Country_26,1953,12.31
Country_26,1954,12.96
Country_26,1955,12.52
Country_26,1956,12.31
Country_26,1957,12.84
Country_26,1958,12.85
Country_26,1959,12.46
Country_26,1960,12.51
Country_26,1961,12.63
Country_26,1962,12.75
Country_26,1963,12.63
Country_26,1964,12.43
Country_26,1965,12.57
Country_26,1966,12.61
Country_26,1967,12.55
Country_26,1968,12.6
Country_26,1969,12.67
Country_26,1970,12.64
Country_26,1971,12.94
Country_26,1972,12.98
Country_26,1973,12.64
Country_26,1974,12.22
Country_26,1975,12.51
Country_26,1976,13.23
Country_26,1977,12.06
Country_26,1978,12.65
Country_26,1979,12.52
Country_26,1980,13.25
Country_26,1981,13.02
Country_26,1982,12.86
Country_26,1983,12.46
Country_26,1984,13.02
Country_26,1985,12.69
Country_26,1986,12.88
Country_26,1987,12.97
Country_26,1988,13.3
Country_26,1989,13.17
Country_26,1990,12.79
Country_26,1991,12.84
Country_26,1992,12.74
Country_26,1993,12.99
Country_26,1994,13.42
Country_26,1995,12.84
Country_26,1996,12.78
Country_26,1997,12.99
Country_26,1998,12.54
Country_26,1999,13.5
Country_26,2000,13.42
Country_26,2001,12.97
Country_26,2002,13.07
Country_26,2003,13.11
Country_26,2004,13.51
Country_26,2005,13.46
Country_26,2006,13.16
Country_26,2007,12.67
Country_26,2008,13.54
Country_26,2009,13.07
Country_26,2010,13.6
Country_26,2011,13.46
Country_26,2012,13.52
Country_26,2013,13.15
Country_26,2014,13.62
Country_26,2015,14.23
Country_26,2016,13.36
Country_26,2017,13.26
Country_26,2018,13.81
Country_26,2019,13.59
Country_26,2020,13.84
Country_26,2021,12.88
Country_26,2022,13.31
Country_26,2023,13.48
Country_27,1900,20.2
Country_27,1901,20.5
Country_27,1902,20.58
Country_27,1903,20.33
Country_27,1904,20.2
Country_27,1905,20.01
Country_27,1906,20.27
Country_27,1907,20.23
Country_27,1908,20.9
Country_27,1909,20.59
Country_27,1910,20.56
Country_27,1911,20.79
Country_27,1912,20.28
Country_27,1913,20.69
Country_27,1914,20.45
Country_27,1915,20.47
Country_27,1916,20.06
Country_27,1917,20.52
Country_27,1918,20.85
Country_27,1919,20.96
Country_27,1920,20.76
Country_27,1921,20.89
Country_27,1922,20.77
Country_27,1923,21.01
Country_27,1924,20.78
Country_27,1925,20.84
Country_27,1926,20.75
Country_27,1927,20.76
Country_27,1928,20.81
Country_27,1929,20.91
Country_27,1930,20.93
Country_27,1931,20.41
Country_27,1932,20.92
Country_27,1933,20.97
Country_27,1934,21.08
Country_27,1935,20.7
Country_27,1936,21.47
Country_27,1937,20.55
Country_27,1938,20.77
Country_27,1939,20.86
Country_27,1940,20.91
Country_27,1941,21.04
Country_27,1942,21.07
Country_27,1943,21.22
Country_27,1944,21.05
Country_27,1945,20.95
Country_27,1946,21.29
Country_27,1947,21.06
Country_27,1948,20.91
Country_27,1949,21.23
Country_27,1950,20.85
Country_27,1951,21.56
Country_27,1952,21.61
Country_27,1953,20.94
Country_27,1954,21.33
Country_27,1955,21.06
Country_27,1956,21.36
Country_27,1957,21.3
Country_27,1958,21.53
Country_27,1959,21.23
Country_27,1960,21.34
Country_27,1961,21.5
Country_27,1962,21.08
Country_27,1963,21.47
Country_27,1964,21.4
Country_27,1965,20.86
Country_27,1966,21.31
Country_27,1967,21.3
Country_27,1968,21.38
Country_27,1969,21.01
Country_27,1970,21.36
Country_27,1971,21.07
Country_27,1972,21.53
Country_27,1973,21.82
Country_27,1974,21.34
Country_27,1975,21.59
Country_27,1976,21.24
Country_27,1977,21.81
Country_27,1978,21.9
Country_27,1979,21.76
Country_27,1980,20.92
Country_27,1981,21.66
Country_27,1982,21.82
Country_27,1983,21.11
Country_27,1984,21.83
Country_27,1985,21.95
Country_27,1986,21.19
Country_27,1987,21.36
Country_27,1988,21.35
Country_27,1989,21.83
Country_27,1990,21.34
Country_27,1991,22.19
Country_27,1992,21.56
Country_27,1993,21.53
Country_27,1994,21.81
Country_27,1995,21.55
Country_27,1996,21.94
Country_27,1997,21.51
Country_27,1998,21.82
Country_27,1999,22.09
Country_27,2000,21.8
Country_27,2001,22.0
Country_27,2002,22.21
Country_27,2003,21.66
Country_27,2004,22.04
Country_27,2005,22.19
Country_27,2006,21.64
Country_27,2007,21.4
Country_27,2008,21.25
Country_27,2009,22.09
Country_27,2010,22.21
Country_27,2011,22.0
Country_27,2012,21.75
Country_27,2013,22.02
Country_27,2014,22.27
Country_27,2015,21.86
Country_27,2016,21.93
Country_27,2017,21.91
Country_27,2018,22.26
Country_27,2019,21.62
Country_27,2020,21.58
Country_27,2021,22.05
Country_27,2022,22.18
Country_27,2023,22.34
Country_28,1900,16.86
Country_28,1901,16.13
Country_28,1902,16.57
Country_28,1903,16.65
Country_28,1904,16.63
Country_28,1905,16.68
Country_28,1906,17.11
Country_28,1907,16.61
Country_28,1908,16.65
Country_28,1909,17.07
Country_28,1910,16.46
Country_28,1911,16.37
Country_28,1912,16.45
Country_28,1913,17.34
Country_28,1914,16.39
Country_28,1915,17.23
Country_28,1916,16.65
Country_28,1917,16.64
Country_28,1918,16.81
Country_28,1919,16.2
Country_28,1920,16.44
Country_28,1921,17.1
Country_28,1922,16.87
Country_28,1923,17.01
Country_28,1924,16.75
Country_28,1925,16.48
Country_28,1926,16.23
Country_28,1927,16.96
Country_28,1928,16.41
Country_28,1929,16.6
Country_28,1930,16.31
Country_28,1931,16.95
Country_28,1932,17.38
Country_28,1933,17.36
Country_28,1934,17.32
Country_28,1935,16.71
Country_28,1936,16.96
Country_28,1937,16.84
Country_28,1938,16.56
Country_28,1939,17.26
Country_28,1940,16.93
Country_28,1941,17.24
Country_28,1942,17.08
Country_28,1943,16.64
Country_28,1944,16.74
Country_28,1945,17.09
Country_28,1946,16.94
Country_28,1947,16.64
Country_28,1948,17.13
Country_28,1949,17.18
Country_28,1950,17.4
Country_28,1951,17.24
Country_28,1952,16.51
Country_28,1953,17.43
Country_28,1954,17.15
Country_28,1955,17.51
Country_28,1956,17.24
Country_28,1957,17.28
Country_28,1958,17.41
Country_28,1959,17.29
Country_28,1960,17.34
Country_28,1961,16.93
Country_28,1962,17.29
Country_28,1963,17.18
Country_28,1964,17.28
Country_28,1965,17.19
Country_28,1966,17.33
Country_28,1967,17.62
Country_28,1968,17.51
Country_28,1969,16.94
Country_28,1970,17.64
Country_28,1971,18.07
Country_28,1972,17.31
Country_28,1973,17.48
Country_28,1974,17.41
Country_28,1975,17.26
Country_28,1976,17.36
Country_28,1977,17.38
Country_28,1978,17.76
Country_28,1979,17.02
Country_28,1980,17.37
Country_28,1981,17.24
Country_28,1982,17.4
Country_28,1983,18.02
Country_28,1984,17.7
Country_28,1985,18.23
Country_28,1986,17.42
Country_28,1987,17.59
Country_28,1988,17.34
Country_28,1989,17.62
Country_28,1990,17.79
Country_28,1991,17.57
Country_28,1992,17.64
Country_28,1993,17.67
Country_28,1994,17.8
Country_28,1995,18.44
Country_28,1996,17.75
Country_28,1997,17.68
Country_28,1998,18.08
Country_28,1999,17.74
Country_28,2000,17.58
Country_28,2001,17.76
Country_28,2002,18.34
Country_28,2003,17.84
Country_28,2004,17.95
Country_28,2005,18.31
Country_28,2006,18.31
Country_28,2007,18.38
Country_28,2008,17.62
Country_28,2009,18.01
Country_28,2010,18.27
Country_28,2011,18.23
Country_28,2012,18.31
Country_28,2013,18.21
Country_28,2014,18.12
Country_28,2015,18.34
Country_28,2016,17.91
Country_28,2017,17.96
Country_28,2018,18.36
Country_28,2019,18.15
Country_28,2020,18.43
Country_28,2021,18.13
Country_28,2022,18.38
Country_28,2023,18.26
Country_29,1900,22.09
Country_29,1901,21.97
Country_29,1902,21.9
Country_29,1903,22.92
Country_29,1904,22.57
Country_29,1905,22.25
Country_29,1906,22.87
Country_29,1907,22.6
Country_29,1908,22.38
Country_29,1909,21.84
Country_29,1910,22.29
Country_29,1911,22.66
Country_29,1912,22.87
Country_29,1913,22.73
Country_29,1914,22.67
Country_29,1915,23.36
Country_29,1916,22.51
Country_29,1917,22.12
Country_29,1918,23.05
Country_29,1919,22.79
Country_29,1920,23.01
Country_29,1921,22.85
Country_29,1922,22.94
Country_29,1923,22.56
Country_29,1924,22.99
Country_29,1925,22.46
Country_29,1926,23.13
Country_29,1927,22.95
Country_29,1928,22.86
Country_29,1929,22.48
Country_29,1930,22.79
Country_29,1931,23.34
Country_29,1932,23.07
Country_29,1933,22.24
Country_29,1934,23.05
Country_29,1935,23.5
Country_29,1936,23.03
Country_29,1937,22.9
Country_29,1938,22.76
Country_29,1939,23.11
Country_29,1940,22.96
Country_29,1941,23.69
Country_29,1942,23.02
Country_29,1943,23.35
Country_29,1944,23.1
Country_29,1945,23.03
Country_29,1946,23.16
Country_29,1947,22.97
Country_29,1948,23.2
Country_29,1949,23.05
Country_29,1950,23.5
Country_29,1951,22.85
Country_29,1952,22.84
Country_29,1953,23.06
Country_29,1954,23.28
Country_29,1955,23.66
Country_29,1956,23.43
Country_29,1957,23.28
Country_29,1958,23.51
Country_29,1959,23.9
Country_29,1960,23.61
Country_29,1961,23.49
Country_29,1962,23.3
Country_29,1963,23.48
Country_29,1964,23.14
Country_29,1965,23.47
Country_29,1966,23.71
Country_29,1967,23.6
Country_29,1968,23.7
Country_29,1969,23.74
Country_29,1970,23.06
Country_29,1971,23.46
Country_29,1972,23.56
Country_29,1973,23.83
Country_29,1974,23.38
Country_29,1975,23.75
Country_29,1976,23.5
Country_29,1977,23.32
Country_29,1978,23.97
Country_29,1979,24.35
Country_29,1980,23.07
Country_29,1981,24.33
Country_29,1982,23.67
Country_29,1983,23.54
Country_29,1984,23.75
Country_29,1985,23.47
Country_29,1986,23.88
Country_29,1987,23.71
Country_29,1988,23.75
Country_29,1989,23.32
Country_29,1990,23.93
Country_29,1991,23.73
Country_29,1992,23.62
Country_29,1993,23.78
Country_29,1994,23.52
Country_29,1995,24.46
Country_29,1996,23.47
Country_29,1997,23.75
Country_29,1998,23.91
Country_29,1999,24.59
Country_29,2000,23.82
Country_29,2001,24.19
Country_29,2002,24.07
Country_29,2003,23.87
Country_29,2004,24.06
Country_29,2005,23.98
Country_29,2006,24.25
Country_29,2007,24.09
Country_29,2008,24.55
Country_29,2009,23.74
Country_29,2010,24.04
Country_29,2011,24.47
Country_29,2012,24.14
Country_29,2013,24.18
Country_29,2014,24.19
Country_29,2015,24.15
Country_29,2016,24.36
Country_29,2017,24.6
Country_29,2018,24.57
Country_29,2019,23.77
Country_29,2020,24.19
Country_29,2021,24.05
Country_29,2022,24.17
Country_29,2023,24.34
Country_30,1900,18.51
Country_30,1901,18.65
Country_30,1902,18.64
Country_30,1903,18.66
Country_30,1904,18.86
Country_30,1905,18.57
Country_30,1906,18.82
Country_30,1907,18.41
Country_30,1908,18.38
Country_30,1909,18.65
Country_30,1910,18.58
Country_30,1911,18.88
Country_30,1912,18.47
Country_30,1913,19.72
Country_30,1914,18.85
Country_30,1915,18.99
Country_30,1916,18.77
Country_30,1917,19.0
Country_30,1918,18.29
Country_30,1919,19.42
Country_30,1920,18.96
Country_30,1921,19.12
Country_30,1922,18.82
Country_30,1923,18.97
Country_30,1924,18.96
Country_30,1925,18.58
Country_30,1926,18.98
Country_30,1927,19.46
Country_30,1928,19.22
Country_30,1929,19.01
Country_30,1930,19.18
Country_30,1931,18.96
Country_30,1932,19.52
Country_30,1933,19.25
Country_30,1934,19.55
Country_30,1935,19.35
Country_30,1936,18.91
Country_30,1937,19.0
Country_30,1938,19.36
Country_30,1939,19.26
Country_30,1940,18.76
Country_30,1941,19.4
Country_30,1942,19.41
Country_30,1943,18.81
Country_30,1944,18.56
Country_30,1945,19.28
Country_30,1946,19.22
Country_30,1947,19.67
Country_30,1948,18.94
Country_30,1949,19.52
Country_30,1950,19.54
Country_30,1951,18.69
Country_30,1952,19.38
Country_30,1953,19.16
Country_30,1954,19.04
Country_30,1955,19.62
Country_30,1956,19.72
Country_30,1957,20.01
Country_30,1958,19.38
Country_30,1959,19.1
Country_30,1960,19.89
Country_30,1961,19.63
Country_30,1962,19.14
Country_30,1963,19.54
Country_30,1964,19.72
Country_30,1965,19.8
Country_30,1966,19.68
Country_30,1967,19.74
Country_30,1968,19.87
Country_30,1969,19.33
Country_30,1970,18.85
Country_30,1971,19.81
Country_30,1972,19.78
Country_30,1973,19.82
Country_30,1974,20.25
Country_30,1975,20.01
Country_30,1976,20.25
Country_30,1977,19.68
Country_30,1978,19.69
Country_30,1979,20.33
Country_30,1980,19.87
Country_30,1981,19.39
Country_30,1982,19.7
Country_30,1983,19.92
Country_30,1984,19.85
Country_30,1985,19.94
Country_30,1986,19.67
Country_30,1987,20.21
Country_30,1988,19.48
Country_30,1989,20.19
Country_30,1990,20.2
Country_30,1991,19.82
Country_30,1992,20.18
Country_30,1993,20.08
Country_30,1994,20.14
Country_30,1995,20.28
Country_30,1996,19.69
Country_30,1997,20.34
Country_30,1998,19.8
Country_30,1999,20.3
Country_30,2000,19.74
Country_30,2001,20.15
Country_30,2002,19.97
Country_30,2003,20.63
Country_30,2004,20.18
Country_30,2005,20.94
Country_30,2006,20.26
Country_30,2007,19.78
Country_30,2008,20.39
Country_30,2009,20.45
Country_30,2010,20.07
Country_30,2011,20.5
Country_30,2012,19.71
Country_30,2013,20.55
Country_30,2014,20.59
Country_30,2015,20.63
Country_30,2016,20.68
Country_30,2017,20.07
Country_30,2018,20.12
Country_30,2019,20.28
Country_30,2020,20.52
Country_30,2021,20.36
Country_30,2022,20.62
Country_30,2023,20.25
Country_31,1900,15.49
Country_31,1901,14.61
Country_31,1902,14.57
Country_31,1903,15.21
Country_31,1904,15.09
Country_31,1905,15.13
Country_31,1906,15.12
Country_31,1907,15.44
Country_31,1908,14.8
Country_31,1909,14.75
Country_31,1910,15.9
Country_31,1911,15.29
Country_31,1912,15.38
Country_31,1913,15.47
Country_31,1914,15.07
Country_31,1915,15.46
Country_31,1916,15.28
Country_31,1917,15.82
Country_31,1918,15.88
Country_31,1919,15.61
Country_31,1920,15.43
Country_31,1921,15.34
Country_31,1922,15.87
Country_31,1923,15.73
Country_31,1924,15.51
Country_31,1925,15.15
Country_31,1926,16.1
Country_31,1927,15.7
Country_31,1928,15.48
Country_31,1929,15.12
Country_31,1930,16.17
Country_31,1931,16.0
Country_31,1932,15.9
Country_31,1933,15.96
Country_31,1934,15.18
Country_31,1935,15.49
Country_31,1936,15.58
Country_31,1937,15.87
Country_31,1938,15.7
Country_31,1939,16.55
Country_31,1940,15.53
Country_31,1941,16.49
Country_31,1942,16.16
Country_31,1943,15.6
Country_31,1944,16.03
Country_31,1945,14.61
Country_31,1946,15.81
Country_31,1947,15.99
Country_31,1948,15.97
Country_31,1949,16.03
Country_31,1950,16.08
Country_31,1951,16.25
Country_31,1952,15.7
Country_31,1953,15.69
Country_31,1954,16.49
Country_31,1955,16.11
Country_31,1956,16.6
Country_31,1957,15.66
Country_31,1958,16.03
Country_31,1959,16.38
Country_31,1960,15.99
Country_31,1961,15.52
Country_31,1962,16.3
Country_31,1963,16.52
Country_31,1964,16.38
Country_31,1965,16.12
Country_31,1966,16.15
Country_31,1967,15.69
Country_31,1968,15.79
Country_31,1969,16.6
Country_31,1970,15.97
Country_31,1971,15.81
Country_31,1972,16.45
Country_31,1973,16.49
Country_31,1974,16.2
Country_31,1975,15.66
Country_31,1976,15.74
Country_31,1977,16.32
Country_31,1978,16.33
Country_31,1979,16.48
Country_31,1980,16.4
Country_31,1981,16.58
Country_31,1982,16.38
Country_31,1983,15.95
Country_31,1984,16.44
Country_31,1985,16.13
Country_31,1986,16.58
Country_31,1987,16.72
Country_31,1988,16.76
Country_31,1989,16.02
Country_31,1990,16.36
Country_31,1991,16.01
Country_31,1992,16.23
Country_31,1993,16.62
Country_31,1994,16.1
Country_31,1995,16.57
Country_31,1996,16.7
Country_31,1997,16.37
Country_31,1998,16.77
Country_31,1999,16.44
Country_31,2000,17.05
Country_31,2001,16.6
Country_31,2002,15.78
Country_31,2003,16.82
Country_31,2004,16.64
Country_31,2005,17.01
Country_31,2006,16.9
Country_31,2007,16.07
Country_31,2008,16.86
Country_31,2009,16.79
Country_31,2010,16.85
Country_31,2011,16.97
Country_31,2012,16.92
Country_31,2013,17.34
Country_31,2014,16.47
Country_31,2015,16.64
Country_31,2016,16.74
Country_31,2017,16.6
Country_31,2018,16.84
Country_31,2019,17.06
Country_31,2020,17.15
Country_31,2021,16.64
Country_31,2022,17.11
Country_31,2023,16.9
Country_32,1900,14.27
Country_32,1901,14.6
Country_32,1902,13.65
Country_32,1903,14.38
Country_32,1904,14.54
Country_32,1905,14.94
Country_32,1906,14.6
Country_32,1907,14.61
Country_32,1908,14.33
Country_32,1909,14.61
Country_32,1910,14.5
Country_32,1911,14.3
Country_32,1912,14.82
Country_32,1913,14.8
Country_32,1914,14.21
Country_32,1915,14.81
Country_32,1916,14.81
Country_32,1917,14.53
Country_32,1918,14.54
Country_32,1919,14.76
Country_32,1920,14.52
Country_32,1921,14.76
Country_32,1922,14.37
Country_32,1923,14.75
Country_32,1924,15.06
Country_32,1925,15.25
Country_32,1926,14.52
Country_32,1927,14.73
Country_32,1928,14.93
Country_32,1929,14.75
Country_32,1930,14.78
Country_32,1931,14.82
Country_32,1932,14.53
Country_32,1933,15.13
Country_32,1934,15.49
Country_32,1935,15.26
Country_32,1936,14.7
Country_32,1937,15.14
Country_32,1938,15.15
Country_32,1939,15.36
Country_32,1940,15.3
Country_32,1941,15.31
Country_32,1942,14.56
Country_32,1943,15.26
Country_32,1944,14.56
Country_32,1945,14.94
Country_32,1946,14.97
Country_32,1947,14.84
Country_32,1948,15.22
Country_32,1949,15.35
Country_32,1950,15.23
Country_32,1951,15.16
Country_32,1952,15.03
Country_32,1953,15.17
Country_32,1954,15.29
Country_32,1955,15.31
Country_32,1956,15.04
Country_32,1957,15.54
Country_32,1958,15.2
Country_32,1959,15.46
Country_32,1960,15.47
Country_32,1961,14.81
Country_32,1962,15.21
Country_32,1963,15.15
Country_32,1964,15.77
Country_32,1965,15.23
Country_32,1966,15.37
Country_32,1967,14.99
Country_32,1968,15.09
Country_32,1969,16.06
Country_32,1970,16.13
Country_32,1971,15.89
Country_32,1972,15.68
Country_32,1973,15.07
Country_32,1974,16.11
Country_32,1975,15.66
Country_32,1976,15.5
Country_32,1977,16.03
Country_32,1978,15.84
Country_32,1979,15.46
Country_32,1980,16.26
Country_32,1981,16.11
Country_32,1982,15.41
Country_32,1983,15.49
Country_32,1984,15.28
Country_32,1985,15.57
Country_32,1986,15.99
Country_32,1987,15.76
Country_32,1988,15.79
Country_32,1989,16.19
Country_32,1990,15.98
Country_32,1991,16.24
Country_32,1992,16.15
Country_32,1993,16.08
Country_32,1994,15.85
Country_32,1995,15.76
Country_32,1996,16.57
Country_32,1997,15.66
Country_32,1998,15.81
Country_32,1999,15.8
Country_32,2000,16.54
Country_32,2001,15.82
Country_32,2002,15.72
Country_32,2003,16.02
Country_32,2004,15.9
Country_32,2005,15.82
Country_32,2006,15.85
Country_32,2007,15.73
Country_32,2008,15.84
Country_32,2009,16.29
Country_32,2010,16.15
Country_32,2011,16.86
Country_32,2012,16.62
Country_32,2013,16.32
Country_32,2014,16.31
Country_32,2015,16.21
Country_32,2016,16.55
Country_32,2017,16.35
Country_32,2018,16.51
Country_32,2019,15.58
Country_32,2020,16.8
Country_32,2021,16.27
Country_32,2022,16.74
Country_32,2023,15.92
Country_33,1900,19.69
Country_33,1901,19.94
Country_33,1902,19.65
Country_33,1903,19.37
Country_33,1904,19.43
Country_33,1905,20.04
Country_33,1906,19.1
Country_33,1907,19.97
Country_33,1908,19.87
Country_33,1909,19.92
Country_33,1910,19.51
Country_33,1911,19.78
Country_33,1912,19.03
Country_33,1913,19.79
Country_33,1914,20.25
Country_33,1915,19.27
Country_33,1916,20.02
Country_33,1917,19.95
Country_33,1918,20.5
Country_33,1919,20.07
Country_33,1920,19.71
Country_33,1921,19.92
Country_33,1922,19.78
Country_33,1923,20.05
Country_33,1924,20.09
Country_33,1925,20.13
Country_33,1926,20.0
Country_33,1927,20.0
Country_33,1928,20.47
Country_33,1929,20.06
Country_33,1930,20.12
Country_33,1931,20.28
Country_33,1932,20.11
Country_33,1933,20.4
Country_33,1934,20.26
Country_33,1935,20.42
Country_33,1936,19.99
Country_33,1937,20.25
Country_33,1938,20.27
Country_33,1939,19.94
Country_33,1940,20.4
Country_33,1941,20.32
Country_33,1942,19.9
Country_33,1943,20.33
Country_33,1944,20.42
Country_33,1945,19.95
Country_33,1946,19.94
Country_33,1947,20.24
Country_33,1948,19.74
Country_33,1949,19.85
Country_33,1950,20.19
Country_33,1951,20.69
Country_33,1952,20.76
Country_33,1953,20.56
Country_33,1954,20.27
Country_33,1955,20.6
Country_33,1956,20.69
Country_33,1957,20.24
Country_33,1958,20.3
Country_33,1959,20.22
Country_33,1960,20.65
Country_33,1961,20.23
Country_33,1962,20.11
Country_33,1963,20.28
Country_33,1964,20.55
Country_33,1965,20.76
Country_33,1966,20.31
Country_33,1967,20.47
Country_33,1968,19.87
Country_33,1969,20.46
Country_33,1970,20.61
Country_33,1971,20.55
Country_33,1972,20.7
Country_33,1973,20.04
Country_33,1974,20.76
Country_33,1975,21.22
Country_33,1976,20.25
Country_33,1977,20.69
Country_33,1978,21.24
Country_33,1979,20.49
Country_33,1980,20.61
Country_33,1981,20.93
Country_33,1982,20.84
Country_33,1983,20.28
Country_33,1984,20.89
Country_33,1985,20.82
Country_33,1986,20.93
Country_33,1987,20.74
Country_33,1988,21.74
Country_33,1989,21.11
Country_33,1990,21.06
Country_33,1991,21.55
Country_33,1992,20.47
Country_33,1993,21.49
Country_33,1994,20.79
Country_33,1995,20.76
Country_33,1996,20.64
Country_33,1997,20.94
Country_33,1998,21.14
Country_33,1999,21.01
Country_33,2000,21.29
Country_33,2001,21.08
Country_33,2002,21.66
Country_33,2003,21.44
Country_33,2004,20.96
Country_33,2005,21.37
Country_33,2006,21.36
Country_33,2007,21.44
Country_33,2008,21.14
Country_33,2009,21.19
Country_33,2010,21.44
Country_33,2011,21.32
Country_33,2012,21.28
Country_33,2013,21.68
Country_33,2014,21.59
Country_33,2015,21.23
Country_33,2016,21.58
Country_33,2017,20.74
Country_33,2018,21.74
Country_33,2019,21.83
Country_33,2020,22.0
Country_33,2021,21.81
Country_33,2022,21.14
Country_33,2023,22.18
Country_34,1900,10.53
Country_34,1901,10.56
Country_34,1902,10.66
Country_34,1903,10.6
Country_34,1904,10.93
Country_34,1905,11.12
Country_34,1906,11.24
Country_34,1907,10.67
Country_34,1908,11.15
Country_34,1909,10.69
Country_34,1910,10.5
Country_34,1911,10.63
Country_34,1912,11.25
Country_34,1913,10.91
Country_34,1914,10.63
Country_34,1915,10.64
Country_34,1916,11.03
Country_34,1917,11.44
Country_34,1918,10.7
Country_34,1919,10.98
Country_34,1920,10.54
Country_34,1921,10.84
Country_34,1922,10.74
Country_34,1923,11.57
Country_34,1924,10.81
Country_34,1925,11.26
Country_34,1926,11.51
Country_34,1927,11.11
Country_34,1928,11.08
Country_34,1929,11.42
Country_34,1930,11.16
Country_34,1931,10.76
Country_34,1932,11.09
Country_34,1933,11.34
Country_34,1934,11.25
Country_34,1935,11.49
Country_34,1936,10.91
Country_34,1937,10.93
Country_34,1938,11.49
Country_34,1939,10.94
Country_34,1940,11.1
Country_34,1941,11.0
Country_34,1942,10.76
Country_34,1943,11.34
Country_34,1944,11.36
Country_34,1945,10.96
Country_34,1946,11.65
Country_34,1947,11.05
Country_34,1948,11.4
Country_34,1949,11.41
Country_34,1950,11.18
Country_34,1951,11.44
Country_34,1952,11.45
Country_34,1953,12.07
Country_34,1954,11.72
Country_34,1955,11.27
Country_34,1956,11.21
Country_34,1957,11.69
Country_34,1958,11.63
Country_34,1959,11.13
Country_34,1960,11.7
Country_34,1961,11.72
Country_34,1962,11.61
Country_34,1963,11.58
Country_34,1964,11.3
Country_34,1965,11.23
Country_34,1966,11.77
Country_34,1967,11.92
Country_34,1968,11.66
Country_34,1969,12.14
Country_34,1970,11.61
Country_34,1971,12.1
Country_34,1972,11.8
Country_34,1973,11.76
Country_34,1974,11.89
Country_34,1975,11.78
Country_34,1976,11.52
Country_34,1977,11.99
Country_34,1978,11.51
Country_34,1979,12.07
Country_34,1980,11.48
Country_34,1981,11.55
Country_34,1982,11.79
Country_34,1983,12.08
Country_34,1984,11.87
Country_34,1985,12.27
Country_34,1986,11.63
Country_34,1987,11.44
Country_34,1988,11.99
Country_34,1989,11.52
Country_34,1990,12.08
Country_34,1991,11.94
Country_34,1992,12.67
Country_34,1993,11.78
Country_34,1994,12.43
Country_34,1995,12.08
Country_34,1996,11.93
Country_34,1997,11.92
Country_34,1998,12.27
Country_34,1999,12.2
Country_34,2000,11.53
Country_34,2001,12.15
Country_34,2002,12.88
Country_34,2003,12.76
Country_34,2004,11.21
Country_34,2005,12.45
Country_34,2006,12.46
Country_34,2007,12.24
Country_34,2008,12.39
Country_34,2009,12.22
Country_34,2010,12.07
Country_34,2011,12.53
Country_34,2012,12.67
Country_34,2013,11.95
Country_34,2014,12.66
Country_34,2015,12.37
Country_34,2016,12.52
Country_34,2017,12.6
Country_34,2018,12.21
Country_34,2019,12.51
Country_34,2020,12.69
Country_34,2021,12.69
Country_34,2022,12.56
Country_34,2023,12.35
Country_35,1900,12.33
Country_35,1901,12.26
Country_35,1902,12.12
Country_35,1903,12.2
Country_35,1904,12.16
Country_35,1905,12.27
Country_35,1906,12.38
Country_35,1907,12.33
Country_35,1908,12.48
Country_35,1909,12.1
Country_35,1910,12.5
Country_35,1911,12.64
Country_35,1912,12.62
Country_35,1913,12.07
Country_35,1914,12.2
Country_35,1915,12.37
Country_35,1916,12.76
Country_35,1917,12.92
Country_35,1918,12.76
Country_35,1919,12.71
Country_35,1920,12.39
Country_35,1921,12.38
Country_35,1922,12.82
Country_35,1923,12.34
Country_35,1924,12.6
Country_35,1925,12.29
Country_35,1926,12.4
Country_35,1927,12.43
Country_35,1928,12.93
Country_35,1929,12.9
Country_35,1930,12.04
Country_35,1931,12.79
Country_35,1932,12.57
Country_35,1933,12.72
Country_35,1934,13.23
Country_35,1935,12.91
Country_35,1936,12.67
Country_35,1937,13.05
Country_35,1938,12.83
Country_35,1939,12.48
Country_35,1940,12.63
Country_35,1941,12.23
Country_35,1942,13.21
Country_35,1943,12.86
Country_35,1944,12.82
Country_35,1945,12.76
Country_35,1946,12.92
Country_35,1947,12.84
Country_35,1948,12.69
Country_35,1949,12.71
Country_35,1950,13.01
Country_35,1951,12.7
Country_35,1952,13.3
Country_35,1953,12.85
Country_35,1954,12.66
Country_35,1955,12.38
Country_35,1956,13.32
Country_35,1957,12.68
Country_35,1958,12.9
Country_35,1959,13.19
Country_35,1960,13.44
Country_35,1961,12.89
Country_35,1962,13.12
Country_35,1963,12.69
Country_35,1964,12.69
Country_35,1965,13.1
Country_35,1966,13.69
Country_35,1967,13.09
Country_35,1968,13.33
Country_35,1969,13.36
Country_35,1970,13.05
Country_35,1971,13.3
Country_35,1972,13.26
Country_35,1973,13.23
Country_35,1974,13.33
Country_35,1975,13.32
Country_35,1976,13.54
Country_35,1977,13.24
Country_35,1978,13.65
Country_35,1979,13.06
Country_35,1980,13.36
Country_35,1981,13.69
Country_35,1982,13.23
Country_35,1983,13.41
Country_35,1984,13.1
Country_35,1985,13.62
Country_35,1986,13.9
Country_35,1987,13.8
Country_35,1988,13.35
Country_35,1989,13.21
Country_35,1990,13.54
Country_35,1991,13.77
Country_35,1992,12.92
Country_35,1993,13.24
Country_35,1994,13.3
Country_35,1995,13.79
Country_35,1996,13.82
Country_35,1997,13.35
Country_35,1998,13.32
Country_35,1999,13.65
Country_35,2000,13.17
Country_35,2001,13.47
Country_35,2002,13.87
Country_35,2003,13.29
Country_35,2004,13.25
Country_35,2005,14.26
Country_35,2006,13.73
Country_35,2007,13.57
Country_35,2008,13.95
Country_35,2009,13.81
Country_35,2010,13.58
Country_35,2011,13.87
Country_35,2012,13.93
Country_35,2013,14.36
Country_35,2014,14.03
Country_35,2015,13.55
Country_35,2016,14.01
Country_35,2017,13.76
Country_35,2018,14.12
Country_35,2019,13.92
Country_35,2020,13.8
Country_35,2021,13.79
Country_35,2022,13.72
Country_35,2023,13.41
Country_36,1900,12.75
Country_36,1901,12.25
Country_36,1902,11.99
Country_36,1903,11.84
Country_36,1904,12.5
Country_36,1905,12.16
Country_36,1906,12.21
Country_36,1907,12.03
Country_36,1908,12.71
Country_36,1909,12.45
Country_36,1910,12.35
Country_36,1911,12.39
Country_36,1912,12.55
Country_36,1913,12.56
Country_36,1914,12.03
Country_36,1915,12.57
Country_36,1916,12.13
Country_36,1917,12.32
Country_36,1918,12.25
Country_36,1919,12.28
Country_36,1920,12.64
Country_36,1921,12.45
Country_36,1922,12.54
Country_36,1923,12.62
Country_36,1924,12.55
Country_36,1925,12.24
Country_36,1926,12.62
Country_36,1927,12.41
Country_36,1928,12.16
Country_36,1929,12.83
Country_36,1930,12.63
Country_36,1931,12.98
Country_36,1932,12.51
Country_36,1933,12.85
Country_36,1934,12.2
Country_36,1935,12.68
Country_36,1936,12.83
Country_36,1937,12.2
Country_36,1938,13.16
Country_36,1939,12.94
Country_36,1940,12.04
Country_36,1941,12.73
Country_36,1942,11.98
Country_36,1943,12.65
Country_36,1944,12.77
Country_36,1945,12.63
Country_36,1946,13.21
Country_36,1947,12.21
Country_36,1948,12.67
Country_36,1949,12.92
Country_36,1950,12.69
Country_36,1951,12.81
Country_36,1952,13.32
Country_36,1953,12.27
Country_36,1954,12.79
Country_36,1955,13.19
Country_36,1956,12.85
Country_36,1957,12.88
Country_36,1958,13.17
Country_36,1959,12.71
Country_36,1960,12.81
Country_36,1961,12.91
Country_36,1962,12.94
Country_36,1963,12.65
Country_36,1964,13.39
Country_36,1965,13.15
Country_36,1966,13.34
Country_36,1967,13.03
Country_36,1968,13.36
Country_36,1969,13.71
Country_36,1970,13.17
Country_36,1971,12.78
Country_36,1972,13.14
Country_36,1973,13.15
Country_36,1974,12.95
Country_36,1975,12.91
Country_36,1976,13.28
Country_36,1977,13.16
Country_36,1978,12.9
Country_36,1979,13.25
Country_36,1980,13.75
Country_36,1981,13.21
Country_36,1982,13.59
Country_36,1983,13.12
Country_36,1984,13.6
Country_36,1985,13.15
Country_36,1986,13.55
Country_36,1987,13.45
Country_36,1988,13.57
Country_36,1989,13.96
Country_36,1990,13.34
Country_36,1991,13.21
Country_36,1992,13.54
Country_36,1993,13.84
Country_36,1994,13.17
Country_36,1995,14.08
Country_36,1996,14.02
Country_36,1997,13.52
Country_36,1998,13.46
Country_36,1999,13.58
Country_36,2000,13.59
Country_36,2001,13.51
Country_36,2002,13.58
Country_36,2003,13.28
Country_36,2004,13.54
Country_36,2005,13.68
Country_36,2006,13.7
Country_36,2007,13.38
Country_36,2008,12.85
Country_36,2009,13.83
Country_36,2010,12.87
Country_36,2011,13.74
Country_36,2012,13.23
Country_36,2013,13.74
Country_36,2014,13.82
Country_36,2015,13.82
Country_36,2016,13.42
Country_36,2017,13.48
Country_36,2018,13.65
Country_36,2019,14.0
Country_36,2020,13.95
Country_36,2021,13.8
Country_36,2022,13.99
Country_36,2023,15.06
Country_37,1900,21.37
Country_37,1901,21.01
Country_37,1902,21.45
Country_37,1903,21.22
Country_37,1904,21.4
Country_37,1905,21.1
Country_37,1906,21.32
Country_37,1907,21.3
Country_37,1908,21.0
Country_37,1909,21.31
Country_37,1910,21.48
Country_37,1911,21.03
Country_37,1912,21.85
Country_37,1913,21.66
Country_37,1914,20.92
Country_37,1915,21.73
Country_37,1916,22.09
Country_37,1917,21.75
Country_37,1918,21.02
Country_37,1919,21.46
Country_37,1920,21.77
Country_37,1921,21.2
Country_37,1922,21.71
Country_37,1923,21.63
Country_37,1924,21.81
Country_37,1925,21.41
Country_37,1926,21.84
Country_37,1927,22.09
Country_37,1928,21.45
Country_37,1929,21.96
Country_37,1930,21.6
Country_37,1931,21.15
Country_37,1932,21.88
Country_37,1933,21.66
Country_37,1934,21.99
Country_37,1935,21.47
Country_37,1936,21.88
Country_37,1937,22.17
Country_37,1938,21.79
Country_37,1939,21.01
Country_37,1940,21.54
Country_37,1941,22.15
Country_37,1942,22.05
Country_37,1943,21.77
Country_37,1944,21.57
Country_37,1945,22.31
Country_37,1946,21.83
Country_37,1947,21.9
Country_37,1948,21.6
Country_37,1949,22.24
Country_37,1950,22.02
Country_37,1951,21.73
Country_37,1952,22.18
Country_37,1953,21.66
Country_37,1954,22.15
Country_37,1955,22.04
Country_37,1956,22.16
Country_37,1957,22.26
Country_37,1958,22.21
Country_37,1959,22.05
Country_37,1960,21.93
Country_37,1961,22.28
Country_37,1962,22.07
Country_37,1963,22.0
Country_37,1964,22.32
Country_37,1965,22.09
Country_37,1966,22.7
Country_37,1967,22.48
Country_37,1968,21.8
Country_37,1969,22.18
Country_37,1970,22.7
Country_37,1971,22.88
Country_37,1972,21.88
Country_37,1973,23.67
Country_37,1974,22.87
Country_37,1975,21.92
Country_37,1976,22.52
Country_37,1977,22.39
Country_37,1978,22.16
Country_37,1979,22.45
Country_37,1980,22.61
Country_37,1981,22.08
Country_37,1982,22.34
Country_37,1983,22.31
Country_37,1984,22.49
Country_37,1985,23.01
Country_37,1986,22.12
Country_37,1987,22.3
Country_37,1988,22.6
Country_37,1989,22.33
Country_37,1990,22.48
Country_37,1991,22.43
Country_37,1992,22.61
Country_37,1993,22.44
Country_37,1994,22.3
Country_37,1995,22.68
Country_37,1996,22.95
Country_37,1997,22.81
Country_37,1998,23.1
Country_37,1999,22.6
Country_37,2000,22.3
Country_37,2001,22.76
Country_37,2002,22.54
Country_37,2003,23.03
Country_37,2004,22.95
Country_37,2005,22.86
Country_37,2006,23.17
Country_37,2007,22.52
Country_37,2008,22.88
Country_37,2009,23.21
Country_37,2010,22.99
Country_37,2011,23.16
Country_37,2012,22.99
Country_37,2013,22.82
Country_37,2014,23.09
Country_37,2015,22.97
Country_37,2016,23.32
Country_37,2017,23.23
Country_37,2018,22.75
Country_37,2019,23.06
Country_37,2020,22.99
Country_37,2021,23.35
Country_37,2022,22.99
Country_37,2023,22.93
Country_38,1900,19.6
Country_38,1901,19.8
Country_38,1902,19.85
Country_38,1903,19.73
Country_38,1904,19.55
Country_38,1905,19.39
Country_38,1906,19.39
Country_38,1907,19.71
Country_38,1908,19.83
Country_38,1909,20.33
Country_38,1910,20.24
Country_38,1911,19.77
Country_38,1912,19.67
Country_38,1913,20.14
Country_38,1914,20.18
Country_38,1915,19.84
Country_38,1916,20.12
Country_38,1917,20.41
Country_38,1918,19.53
Country_38,1919,20.29
Country_38,1920,20.29
Country_38,1921,20.83
Country_38,1922,20.0
Country_38,1923,20.0
Country_38,1924,20.15
Country_38,1925,20.15
Country_38,1926,20.52
Country_38,1927,20.63
Country_38,1928,20.0
Country_38,1929,19.84
Country_38,1930,20.46
Country_38,1931,20.57
Country_38,1932,20.29
Country_38,1933,19.64
Country_38,1934,20.11
Country_38,1935,20.2
Country_38,1936,20.04
Country_38,1937,20.24
Country_38,1938,20.16
Country_38,1939,20.7
Country_38,1940,20.73
Country_38,1941,20.6
Country_38,1942,20.29
Country_38,1943,20.64
Country_38,1944,20.42
Country_38,1945,20.27
Country_38,1946,20.26
Country_38,1947,20.16
Country_38,1948,20.66
Country_38,1949,20.65
Country_38,1950,20.63
Country_38,1951,20.52
Country_38,1952,21.1
Country_38,1953,20.95
Country_38,1954,20.34
Country_38,1955,21.01
Country_38,1956,21.04
Country_38,1957,20.85
Country_38,1958,20.4
Country_38,1959,20.69
Country_38,1960,21.21
Country_38,1961,20.34
Country_38,1962,20.34
Country_38,1963,21.09
Country_38,1964,20.69
Country_38,1965,20.73
Country_38,1966,20.9
Country_38,1967,20.77
Country_38,1968,20.44
Country_38,1969,21.08
Country_38,1970,20.99
Country_38,1971,20.92
Country_38,1972,20.49
Country_38,1973,20.79
Country_38,1974,20.51
Country_38,1975,20.98
Country_38,1976,20.99
Country_38,1977,20.71
Country_38,1978,20.46
Country_38,1979,20.65
Country_38,1980,20.77
Country_38,1981,21.08
Country_38,1982,21.05
Country_38,1983,20.77
Country_38,1984,21.28
Country_38,1985,20.29
Country_38,1986,21.27
Country_38,1987,21.16
Country_38,1988,20.95
Country_38,1989,21.26
Country_38,1990,20.35
Country_38,1991,21.64
Country_38,1992,20.86
Country_38,1993,21.14
Country_38,1994,20.8
Country_38,1995,21.57
Country_38,1996,20.83
Country_38,1997,21.55
Country_38,1998,21.02
Country_38,1999,21.58
Country_38,2000,21.39
Country_38,2001,21.67
Country_38,2002,21.24
Country_38,2003,22.04
Country_38,2004,21.4
Country_38,2005,21.74
Country_38,2006,20.79
Country_38,2007,21.44
Country_38,2008,21.42
Country_38,2009,21.6
Country_38,2010,21.56
Country_38,2011,21.64
Country_38,2012,21.65
Country_38,2013,20.75
Country_38,2014,21.35
Country_38,2015,21.54
Country_38,2016,21.45
Country_38,2017,21.19
Country_38,2018,21.47
Country_38,2019,21.71
Country_38,2020,21.57
Country_38,2021,21.24
Country_38,2022,21.79
Country_38,2023,21.43
Country_39,1900,20.03
Country_39,1901,20.29
Country_39,1902,20.63
Country_39,1903,20.73
Country_39,1904,20.74
Country_39,1905,20.59
Country_39,1906,20.27
Country_39,1907,21.14
Country_39,1908,20.73
Country_39,1909,20.48
Country_39,1910,21.19
Country_39,1911,20.51
Country_39,1912,20.45
Country_39,1913,20.46
Country_39,1914,20.65
Country_39,1915,20.66
Country_39,1916,21.18
Country_39,1917,20.58
Country_39,1918,20.71
Country_39,1919,20.06
Country_39,1920,21.09
Country_39,1921,20.68
Country_39,1922,21.03
Country_39,1923,20.25
Country_39,1924,20.66
Country_39,1925,21.27
Country_39,1926,20.62
Country_39,1927,20.92
Country_39,1928,20.64
Country_39,1929,20.36
Country_39,1930,21.04
Country_39,1931,20.82
Country_39,1932,20.84
Country_39,1933,20.4
Country_39,1934,21.02
Country_39,1935,20.92
Country_39,1936,20.35
Country_39,1937,20.4
Country_39,1938,20.51
Country_39,1939,21.02
Country_39,1940,20.79
Country_39,1941,20.92
Country_39,1942,20.91
Country_39,1943,21.32
Country_39,1944,20.84
Country_39,1945,21.0
Country_39,1946,21.46
Country_39,1947,20.86
Country_39,1948,21.18
Country_39,1949,21.1
Country_39,1950,21.02
Country_39,1951,20.68
Country_39,1952,21.28
Country_39,1953,20.96
Country_39,1954,21.14
Country_39,1955,21.34
Country_39,1956,21.75
Country_39,1957,21.04
Country_39,1958,20.89
Country_39,1959,21.4
Country_39,1960,21.1
Country_39,1961,21.57
Country_39,1962,21.06
Country_39,1963,21.22
Country_39,1964,21.31
Country_39,1965,21.27
Country_39,1966,21.74
Country_39,1967,21.51
Country_39,1968,21.68
Country_39,1969,21.38
Country_39,1970,21.37
Country_39,1971,21.59
Country_39,1972,21.31
Country_39,1973,21.7
Country_39,1974,21.21
Country_39,1975,21.66
Country_39,1976,21.83
Country_39,1977,21.5
Country_39,1978,21.03
Country_39,1979,21.28
Country_39,1980,21.73
Country_39,1981,21.31
Country_39,1982,21.54
Country_39,1983,22.12
Country_39,1984,21.21
Country_39,1985,21.32
Country_39,1986,21.7
Country_39,1987,21.53
Country_39,1988,21.82
Country_39,1989,21.15
Country_39,1990,21.84
Country_39,1991,21.69
Country_39,1992,22.18
Country_39,1993,21.59
Country_39,1994,21.44
Country_39,1995,22.34
Country_39,1996,21.56
Country_39,1997,21.8
Country_39,1998,22.06
Country_39,1999,21.41
Country_39,2000,21.97
Country_39,2001,21.72
Country_39,2002,21.92
Country_39,2003,21.6
Country_39,2004,22.12
Country_39,2005,21.95
Country_39,2006,22.17
Country_39,2007,21.74
Country_39,2008,22.29
Country_39,2009,22.01
Country_39,2010,22.11
Country_39,2011,22.23
Country_39,2012,21.47
Country_39,2013,22.24
Country_39,2014,22.41
Country_39,2015,21.76
Country_39,2016,21.75
Country_39,2017,21.9
Country_39,2018,22.1
Country_39,2019,21.86
Country_39,2020,22.11
Country_39,2021,22.73
Country_39,2022,22.44
Country_39,2023,21.91
Country_40,1900,20.01
Country_40,1901,19.9
Country_40,1902,20.01
Country_40,1903,20.83
Country_40,1904,19.54
Country_40,1905,19.83
Country_40,1906,19.83
Country_40,1907,20.2
Country_40,1908,20.1
Country_40,1909,19.91
Country_40,1910,20.15
Country_40,1911,20.49
Country_40,1912,19.94
Country_40,1913,19.99
Country_40,1914,19.87
Country_40,1915,20.21
Country_40,1916,19.97
Country_40,1917,20.1
Country_40,1918,20.43
Country_40,1919,20.32
Country_40,1920,19.72
Country_40,1921,20.07
Country_40,1922,20.12
Country_40,1923,20.4
Country_40,1924,20.35
Country_40,1925,20.42
Country_40,1926,20.15
Country_40,1927,20.37
Country_40,1928,20.06
Country_40,1929,20.52
Country_40,1930,20.78
Country_40,1931,20.46
Country_40,1932,20.69
Country_40,1933,20.48
Country_40,1934,20.81
Country_40,1935,19.93
Country_40,1936,20.24
Country_40,1937,20.41
Country_40,1938,20.53
Country_40,1939,20.62
Country_40,1940,20.75
Country_40,1941,20.72
Country_40,1942,20.45
Country_40,1943,20.68
Country_40,1944,20.55
Country_40,1945,20.59
Country_40,1946,20.22
Country_40,1947,20.65
Country_40,1948,20.48
Country_40,1949,20.45
Country_40,1950,20.47
Country_40,1951,20.96
Country_40,1952,20.65
Country_40,1953,20.59
Country_40,1954,20.55
Country_40,1955,20.81
Country_40,1956,20.49
Country_40,1957,20.89
Country_40,1958,20.69
Country_40,1959,20.85
Country_40,1960,20.64
Country_40,1961,20.53
Country_40,1962,20.23
Country_40,1963,21.26
Country_40,1964,20.84
Country_40,1965,20.95
Country_40,1966,21.24
Country_40,1967,20.43
Country_40,1968,20.76
Country_40,1969,21.04
Country_40,1970,21.08
Country_40,1971,20.92
Country_40,1972,21.07
Country_40,1973,21.4
Country_40,1974,20.87
Country_40,1975,21.02
Country_40,1976,21.23
Country_40,1977,21.45
Country_40,1978,20.83
Country_40,1979,21.09
Country_40,1980,20.68
Country_40,1981,20.97
Country_40,1982,21.5
Country_40,1983,21.48
Country_40,1984,21.78
Country_40,1985,20.83
Country_40,1986,20.94
Country_40,1987,21.09
Country_40,1988,21.37
Country_40,1989,21.28
Country_40,1990,20.78
Country_40,1991,21.79
Country_40,1992,21.51
Country_40,1993,21.37
Country_40,1994,21.79
Country_40,1995,21.04
Country_40,1996,22.08
Country_40,1997,21.46
Country_40,1998,21.29
Country_40,1999,21.65
Country_40,2000,20.95
Country_40,2001,21.26
Country_40,2002,21.76
Country_40,2003,21.27
Country_40,2004,21.54
Country_40,2005,21.41
Country_40,2006,21.19
Country_40,2007,21.78
Country_40,2008,21.3
Country_40,2009,21.42
Country_40,2010,21.57
Country_40,2011,22.13
Country_40,2012,21.21
Country_40,2013,21.91
Country_40,2014,22.04
Country_40,2015,21.85
Country_40,2016,21.88
Country_40,2017,21.55
Country_40,2018,21.8
Country_40,2019,21.08
Country_40,2020,21.16
Country_40,2021,21.58
Country_40,2022,22.16
Country_40,2023,21.62
Country_41,1900,24.68
Country_41,1901,24.82
Country_41,1902,25.02
Country_41,1903,23.96
Country_41,1904,24.79
Country_41,1905,24.83
Country_41,1906,24.86
Country_41,1907,24.49
Country_41,1908,25.25
Country_41,1909,24.69
Country_41,1910,24.81
Country_41,1911,25.11
Country_41,1912,24.85
Country_41,1913,25.61
Country_41,1914,25.26
Country_41,1915,24.73
Country_41,1916,24.86
Country_41,1917,24.44
Country_41,1918,25.21
Country_41,1919,25.69
Country_41,1920,24.74
Country_41,1921,25.29
Country_41,1922,24.93
Country_41,1923,24.93
Country_41,1924,25.52
Country_41,1925,25.16
Country_41,1926,24.92
Country_41,1927,25.21
Country_41,1928,25.1
Country_41,1929,25.13
Country_41,1930,25.37
Country_41,1931,25.13
Country_41,1932,25.53
Country_41,1933,24.96
Country_41,1934,24.92
Country_41,1935,24.91
Country_41,1936,25.0
Country_41,1937,24.98
Country_41,1938,25.93
Country_41,1939,25.08
Country_41,1940,25.06
Country_41,1941,25.0
Country_41,1942,25.0
Country_41,1943,25.46
Country_41,1944,24.96
Country_41,1945,25.3
Country_41,1946,25.03
Country_41,1947,25.38
Country_41,1948,25.26
Country_41,1949,25.22
Country_41,1950,25.93
Country_41,1951,25.53
Country_41,1952,24.85
Country_41,1953,25.32
Country_41,1954,25.09
Country_41,1955,25.82
Country_41,1956,25.22
Country_41,1957,25.27
Country_41,1958,25.69
Country_41,1959,25.69
Country_41,1960,25.35
Country_41,1961,25.96
Country_41,1962,25.56
Country_41,1963,25.87
Country_41,1964,25.15
Country_41,1965,26.19
Country_41,1966,26.1
Country_41,1967,25.96
Country_41,1968,25.73
Country_41,1969,26.04
Country_41,1970,25.74
Country_41,1971,25.42
Country_41,1972,25.52
Country_41,1973,26.31
Country_41,1974,26.13
Country_41,1975,26.56
Country_41,1976,25.76
Country_41,1977,25.71
Country_41,1978,25.77
Country_41,1979,25.99
Country_41,1980,26.18
Country_41,1981,25.99
Country_41,1982,25.77
Country_41,1983,25.95
Country_41,1984,26.13
Country_41,1985,25.51
Country_41,1986,24.94
Country_41,1987,25.97
Country_41,1988,26.05
Country_41,1989,25.8
Country_41,1990,26.5
Country_41,1991,26.36
Country_41,1992,26.14
Country_41,1993,26.55
Country_41,1994,26.0
Country_41,1995,26.03
Country_41,1996,26.28
Country_41,1997,25.9
Country_41,1998,26.31
Country_41,1999,26.16
Country_41,2000,26.35
Country_41,2001,25.82
Country_41,2002,26.61
Country_41,2003,25.81
Country_41,2004,26.66
Country_41,2005,26.69
Country_41,2006,26.39
Country_41,2007,26.49
Country_41,2008,26.09
Country_41,2009,26.25
Country_41,2010,26.18
Country_41,2011,26.14
Country_41,2012,26.19
Country_41,2013,26.37
Country_41,2014,26.48
Country_41,2015,26.65
Country_41,2016,26.91
Country_41,2017,26.16
Country_41,2018,26.57
Country_41,2019,26.7
Country_41,2020,26.99
Country_41,2021,26.75
Country_41,2022,26.94
Country_41,2023,26.74
Country_42,1900,11.01
Country_42,1901,10.07
Country_42,1902,10.99
Country_42,1903,10.6
Country_42,1904,11.03
Country_42,1905,9.97
Country_42,1906,10.04
Country_42,1907,10.51
Country_42,1908,10.8
Country_42,1909,10.56
Country_42,1910,11.11
Country_42,1911,10.58
Country_42,1912,10.74
Country_42,1913,10.54
Country_42,1914,10.2
Country_42,1915,10.68
Country_42,1916,10.29
Country_42,1917,10.78
Country_42,1918,11.31
Country_42,1919,11.26
Country_42,1920,11.06
Country_42,1921,10.78
Country_42,1922,10.7
Country_42,1923,10.86
Country_42,1924,10.64
Country_42,1925,10.88
Country_42,1926,10.95
Country_42,1927,10.05
Country_42,1928,11.16
Country_42,1929,11.06
Country_42,1930,10.44
Country_42,1931,10.5
Country_42,1932,11.02
Country_42,1933,10.85
Country_42,1934,10.74
Country_42,1935,11.19
Country_42,1936,11.02
Country_42,1937,10.71
Country_42,1938,11.46
Country_42,1939,11.15
Country_42,1940,10.81
Country_42,1941,10.9
Country_42,1942,10.59
Country_42,1943,11.11
Country_42,1944,11.39
Country_42,1945,10.83
Country_42,1946,10.6
Country_42,1947,11.14
Country_42,1948,11.23
Country_42,1949,11.34
Country_42,1950,10.49
Country_42,1951,11.06
Country_42,1952,11.42
Country_42,1953,11.06
Country_42,1954,11.35
Country_42,1955,11.71
Country_42,1956,11.18
Country_42,1957,11.68
Country_42,1958,10.72
Country_42,1959,11.71
Country_42,1960,10.96
Country_42,1961,11.82
Country_42,1962,11.65
Country_42,1963,11.57
Country_42,1964,11.44
Country_42,1965,11.07
Country_42,1966,11.3
Country_42,1967,11.02
Country_42,1968,11.67
Country_42,1969,11.8
Country_42,1970,11.08
Country_42,1971,11.37
Country_42,1972,11.44
Country_42,1973,11.8
Country_42,1974,11.6
Country_42,1975,12.12
Country_42,1976,11.83
Country_42,1977,11.31
Country_42,1978,11.23
Country_42,1979,11.68
Country_42,1980,11.81
Country_42,1981,11.68
Country_42,1982,11.51
Country_42,1983,11.67
Country_42,1984,11.61
Country_42,1985,11.61
Country_42,1986,11.54
Country_42,1987,11.89
Country_42,1988,11.98
Country_42,1989,12.16
Country_42,1990,12.03
Country_42,1991,11.92
Country_42,1992,11.58
Country_42,1993,11.45
Country_42,1994,11.95
Country_42,1995,11.13
Country_42,1996,11.66
Country_42,1997,12.13
Country_42,1998,12.24
Country_42,1999,11.65
Country_42,2000,11.5
Country_42,2001,11.96
Country_42,2002,12.14
Country_42,2003,12.02
Country_42,2004,11.87
Country_42,2005,12.23
Country_42,2006,12.4
Country_42,2007,11.86
Country_42,2008,12.06
Country_42,2009,12.09
Country_42,2010,11.47
Country_42,2011,12.16
Country_42,2012,12.6
Country_42,2013,12.02
Country_42,2014,12.96
Country_42,2015,12.19
Country_42,2016,11.85
Country_42,2017,12.64
Country_42,2018,12.35
Country_42,2019,11.63
Country_42,2020,12.22
Country_42,2021,12.11
Country_42,2022,12.76
Country_42,2023,12.11
Country_43,1900,16.14
Country_43,1901,15.85
Country_43,1902,15.99
Country_43,1903,16.26
Country_43,1904,15.67
Country_43,1905,15.93
Country_43,1906,15.85
Country_43,1907,16.1
Country_43,1908,15.97
Country_43,1909,15.33
Country_43,1910,16.19
Country_43,1911,16.25
Country_43,1912,16.64
Country_43,1913,16.49
Country_43,1914,16.45
Country_43,1915,16.36
Country_43,1916,16.56
Country_43,1917,15.93
Country_43,1918,16.54
Country_43,1919,15.96
Country_43,1920,15.89
Country_43,1921,16.36
Country_43,1922,16.12
Country_43,1923,15.86
Country_43,1924,16.51
Country_43,1925,16.11
Country_43,1926,16.63
Country_43,1927,16.56
Country_43,1928,16.1
Country_43,1929,15.91
Country_43,1930,16.83
Country_43,1931,16.4
Country_43,1932,16.21
Country_43,1933,16.22
Country_43,1934,16.49
Country_43,1935,16.05
Country_43,1936,16.34
Country_43,1937,17.0
Country_43,1938,16.54
Country_43,1939,16.58
Country_43,1940,16.3
Country_43,1941,16.71
Country_43,1942,16.74
Country_43,1943,16.44
Country_43,1944,16.61
Country_43,1945,16.41
Country_43,1946,16.79
Country_43,1947,16.72
Country_43,1948,16.76
Country_43,1949,16.74
Country_43,1950,17.0
Country_43,1951,16.77
Country_43,1952,16.57
Country_43,1953,17.28
Country_43,1954,16.58
Country_43,1955,17.15
Country_43,1956,16.45
Country_43,1957,16.7
Country_43,1958,16.26
Country_43,1959,17.33
Country_43,1960,16.63
Country_43,1961,16.93
Country_43,1962,16.64
Country_43,1963,16.28
Country_43,1964,16.44
Country_43,1965,16.84
Country_43,1966,16.68
Country_43,1967,16.99
Country_43,1968,16.95
Country_43,1969,17.23
Country_43,1970,16.78
Country_43,1971,16.99
Country_43,1972,17.04
Country_43,1973,17.21
Country_43,1974,17.25
Country_43,1975,17.25
Country_43,1976,17.04
Country_43,1977,17.12
Country_43,1978,17.12
Country_43,1979,16.87
Country_43,1980,17.2
Country_43,1981,17.48
Country_43,1982,17.53
Country_43,1983,16.96
Country_43,1984,17.02
Country_43,1985,17.64
Country_43,1986,17.49
Country_43,1987,17.14
Country_43,1988,17.77
Country_43,1989,16.98
Country_43,1990,17.67
Country_43,1991,17.53
Country_43,1992,17.76
Country_43,1993,17.55
Country_43,1994,17.34
Country_43,1995,16.97
Country_43,1996,17.36
Country_43,1997,17.12
Country_43,1998,17.17
Country_43,1999,17.67
Country_43,2000,18.0
Country_43,2001,17.55
Country_43,2002,17.33
Country_43,2003,17.5
Country_43,2004,17.4
Country_43,2005,17.15
Country_43,2006,17.21
Country_43,2007,17.66
Country_43,2008,17.28
Country_43,2009,18.04
Country_43,2010,17.71
Country_43,2011,17.54
Country_43,2012,17.6
Country_43,2013,17.74
Country_43,2014,17.84
Country_43,2015,18.17
Country_43,2016,17.05
Country_43,2017,17.89
Country_43,2018,18.06
Country_43,2019,17.5
Country_43,2020,17.92
Country_43,2021,17.87
Country_43,2022,17.65
Country_43,2023,17.88
Country_44,1900,13.11
Country_44,1901,12.34
Country_44,1902,12.63
Country_44,1903,12.87
Country_44,1904,13.23
Country_44,1905,12.91
Country_44,1906,12.31
Country_44,1907,12.55
Country_44,1908,12.87
Country_44,1909,12.7
Country_44,1910,12.84
Country_44,1911,13.14
Country_44,1912,12.77
Country_44,1913,12.98
Country_44,1914,13.81
Country_44,1915,13.15
Country_44,1916,12.63
Country_44,1917,12.88
Country_44,1918,12.78
Country_44,1919,12.48
Country_44,1920,13.4
Country_44,1921,13.23
Country_44,1922,12.51
Country_44,1923,12.85
Country_44,1924,13.12
Country_44,1925,13.21
Country_44,1926,13.05
Country_44,1927,13.08
Country_44,1928,13.37
Country_44,1929,13.46
Country_44,1930,12.99
Country_44,1931,13.58
Country_44,1932,12.9
Country_44,1933,12.71
Country_44,1934,13.38
Country_44,1935,13.84
Country_44,1936,13.18
Country_44,1937,13.08
Country_44,1938,13.1
Country_44,1939,13.69
Country_44,1940,13.56
Country_44,1941,13.06
Country_44,1942,13.04
Country_44,1943,12.64
Country_44,1944,12.99
Country_44,1945,13.57
Country_44,1946,13.5
Country_44,1947,13.76
Country_44,1948,13.26
Country_44,1949,12.96
Country_44,1950,13.38
Country_44,1951,13.77
Country_44,1952,13.35
Country_44,1953,13.18
Country_44,1954,13.33
Country_44,1955,13.5
Country_44,1956,13.48
Country_44,1957,13.82
Country_44,1958,14.05
Country_44,1959,13.84
Country_44,1960,13.53
Country_44,1961,13.44
Country_44,1962,13.71
Country_44,1963,13.55
Country_44,1964,14.15
Country_44,1965,13.45
Country_44,1966,13.93
Country_44,1967,13.64
Country_44,1968,13.49
Country_44,1969,13.75
Country_44,1970,13.47
Country_44,1971,13.82
Country_44,1972,13.97
Country_44,1973,14.26
Country_44,1974,13.47
Country_44,1975,13.61
Country_44,1976,13.85
Country_44,1977,13.8
Country_44,1978,14.13
Country_44,1979,13.92
Country_44,1980,13.76
Country_44,1981,14.28
Country_44,1982,13.37
Country_44,1983,14.28
Country_44,1984,13.96
Country_44,1985,13.83
Country_44,1986,14.02
Country_44,1987,13.86
Country_44,1988,13.62
Country_44,1989,14.57
Country_44,1990,14.0
Country_44,1991,14.15
Country_44,1992,13.53
Country_44,1993,14.29
Country_44,1994,13.63
Country_44,1995,13.55
Country_44,1996,14.05
Country_44,1997,14.55
Country_44,1998,14.07
Country_44,1999,14.21
Country_44,2000,14.02
Country_44,2001,13.98
Country_44,2002,14.22
Country_44,2003,14.59
Country_44,2004,14.18
Country_44,2005,14.78
Country_44,2006,14.77
Country_44,2007,14.74
Country_44,2008,14.09
Country_44,2009,14.16
Country_44,2010,14.66
Country_44,2011,14.48
Country_44,2012,14.48
Country_44,2013,14.51
Country_44,2014,14.6
Country_44,2015,14.7
Country_44,2016,14.01
Country_44,2017,14.63
Country_44,2018,14.43
Country_44,2019,14.39
Country_44,2020,14.33
Country_44,2021,14.74
Country_44,2022,14.3
Country_44,2023,14.71
Country_45,1900,17.0
Country_45,1901,16.47
Country_45,1902,16.21
Country_45,1903,16.52
Country_45,1904,16.61
Country_45,1905,16.42
Country_45,1906,16.6
Country_45,1907,16.65
Country_45,1908,16.7
Country_45,1909,16.87
Country_45,1910,16.46
Country_45,1911,16.57
Country_45,1912,15.89
Country_45,1913,16.23
Country_45,1914,16.44
Country_45,1915,17.16
Country_45,1916,17.1
Country_45,1917,16.41
Country_45,1918,16.95
Country_45,1919,16.72
Country_45,1920,16.92
Country_45,1921,16.56
Country_45,1922,16.69
Country_45,1923,16.58
Country_45,1924,17.34
Country_45,1925,16.62
Country_45,1926,16.24
Country_45,1927,16.73
Country_45,1928,16.28
Country_45,1929,17.39
Country_45,1930,17.16
Country_45,1931,16.89
Country_45,1932,17.42
Country_45,1933,16.67
Country_45,1934,16.7
Country_45,1935,16.56
Country_45,1936,16.64
Country_45,1937,16.87
Country_45,1938,17.06
Country_45,1939,16.7
Country_45,1940,17.4
Country_45,1941,17.28
Country_45,1942,17.43
Country_45,1943,16.86
Country_45,1944,17.29
Country_45,1945,16.82
Country_45,1946,17.02
Country_45,1947,16.7
Country_45,1948,17.39
Country_45,1949,16.82
Country_45,1950,17.05
Country_45,1951,17.31
Country_45,1952,16.91
Country_45,1953,16.55
Country_45,1954,17.55
Country_45,1955,16.94
Country_45,1956,17.26
Country_45,1957,17.6
Country_45,1958,17.33
Country_45,1959,17.53
Country_45,1960,17.46
Country_45,1961,18.0
Country_45,1962,17.35
Country_45,1963,17.22
Country_45,1964,17.68
Country_45,1965,17.07
Country_45,1966,17.79
Country_45,1967,16.82
Country_45,1968,17.53
Country_45,1969,17.38
Country_45,1970,18.0
Country_45,1971,17.54
Country_45,1972,17.81
Country_45,1973,17.43
Country_45,1974,17.58
Country_45,1975,17.5
Country_45,1976,17.68
Country_45,1977,17.22
Country_45,1978,17.58
Country_45,1979,17.96
Country_45,1980,17.63
Country_45,1981,17.52
Country_45,1982,17.47
Country_45,1983,17.49
Country_45,1984,17.85
Country_45,1985,18.0
Country_45,1986,18.09
Country_45,1987,17.81
Country_45,1988,17.59
Country_45,1989,17.7
Country_45,1990,17.7
Country_45,1991,17.81
Country_45,1992,17.51
Country_45,1993,17.9
Country_45,1994,17.67
Country_45,1995,17.87
Country_45,1996,18.87
Country_45,1997,18.18
Country_45,1998,17.95
Country_45,1999,18.09
Country_45,2000,17.92
Country_45,2001,17.88
Country_45,2002,17.96
Country_45,2003,17.92
Country_45,2004,18.37
Country_45,2005,17.55
Country_45,2006,18.11
Country_45,2007,17.88
Country_45,2008,17.8
Country_45,2009,18.09
Country_45,2010,18.09
Country_45,2011,18.0
Country_45,2012,17.67
Country_45,2013,18.09
Country_45,2014,17.91
Country_45,2015,18.12
Country_45,2016,17.7
Country_45,2017,18.32
Country_45,2018,18.32
Country_45,2019,18.41
Country_45,2020,18.49
Country_45,2021,18.21
Country_45,2022,18.26
Country_45,2023,18.29
Country_46,1900,16.33
Country_46,1901,16.1
Country_46,1902,16.98
Country_46,1903,16.16
Country_46,1904,16.24
Country_46,1905,16.62
Country_46,1906,15.66
Country_46,1907,16.05
Country_46,1908,16.05
Country_46,1909,15.85
Country_46,1910,16.43
Country_46,1911,15.95
Country_46,1912,16.27
Country_46,1913,16.78
Country_46,1914,16.66
Country_46,1915,16.47
Country_46,1916,16.76
Country_46,1917,16.2
Country_46,1918,16.27
Country_46,1919,16.85
Country_46,1920,16.59
Country_46,1921,16.56
Country_46,1922,16.64
Country_46,1923,16.23
Country_46,1924,15.97
Country_46,1925,16.25
Country_46,1926,15.9
Country_46,1927,16.82
Country_46,1928,16.49
Country_46,1929,16.38
Country_46,1930,16.29
Country_46,1931,16.75
Country_46,1932,16.27
Country_46,1933,16.85
Country_46,1934,16.23
Country_46,1935,16.53
Country_46,1936,17.08
Country_46,1937,16.33
Country_46,1938,16.89
Country_46,1939,16.49
Country_46,1940,16.63
Country_46,1941,16.87
Country_46,1942,16.59
Country_46,1943,16.84
Country_46,1944,16.82
Country_46,1945,16.44
Country_46,1946,16.96
Country_46,1947,16.89
Country_46,1948,16.53
Country_46,1949,17.39
Country_46,1950,16.74
Country_46,1951,16.8
Country_46,1952,16.39
Country_46,1953,17.13
Country_46,1954,17.07
Country_46,1955,16.53
Country_46,1956,16.72
Country_46,1957,16.6
Country_46,1958,17.01
Country_46,1959,17.23
Country_46,1960,16.53
Country_46,1961,17.85
Country_46,1962,17.01
Country_46,1963,17.25
Country_46,1964,16.59
Country_46,1965,16.77
Country_46,1966,17.19
Country_46,1967,16.72
Country_46,1968,17.13
Country_46,1969,17.13
Country_46,1970,16.93
Country_46,1971,16.6
Country_46,1972,17.23
Country_46,1973,17.02
Country_46,1974,17.14
Country_46,1975,17.85
Country_46,1976,17.16
Country_46,1977,17.09
Country_46,1978,17.48
Country_46,1979,17.28
Country_46,1980,17.66
Country_46,1981,17.75
Country_46,1982,17.51
Country_46,1983,17.56
Country_46,1984,17.61
Country_46,1985,17.41
Country_46,1986,17.5
Country_46,1987,17.42
Country_46,1988,16.68
Country_46,1989,17.73
Country_46,1990,17.62
Country_46,1991,17.53
Country_46,1992,17.71
Country_46,1993,17.96
Country_46,1994,18.08
Country_46,1995,17.69
Country_46,1996,17.57
Country_46,1997,18.02
Country_46,1998,17.27
Country_46,1999,17.16
Country_46,2000,17.53
Country_46,2001,17.48
Country_46,2002,17.89
Country_46,2003,17.31
Country_46,2004,17.8
Country_46,2005,17.38
Country_46,2006,17.04
Country_46,2007,18.13
Country_46,2008,18.07
Country_46,2009,17.7
Country_46,2010,17.82
Country_46,2011,17.96
Country_46,2012,17.69
Country_46,2013,17.77
Country_46,2014,17.68
Country_46,2015,17.39
Country_46,2016,18.17
Country_46,2017,17.98
Country_46,2018,18.0
Country_46,2019,17.71
Country_46,2020,17.7
Country_46,2021,18.53
Country_46,2022,17.92
Country_46,2023,17.31
Country_47,1900,14.43
Country_47,1901,14.36
Country_47,1902,14.04
Country_47,1903,14.82
Country_47,1904,14.48
Country_47,1905,13.95
Country_47,1906,14.54
Country_47,1907,14.09
Country_47,1908,14.25
Country_47,1909,14.25
Country_47,1910,14.26
Country_47,1911,14.06
Country_47,1912,14.22
Country_47,1913,14.62
Country_47,1914,14.85
Country_47,1915,14.89
Country_47,1916,14.3
Country_47,1917,14.67
Country_47,1918,14.27
Country_47,1919,14.14
Country_47,1920,14.55
Country_47,1921,14.7
Country_47,1922,14.21
Country_47,1923,14.79
Country_47,1924,14.64
Country_47,1925,14.99
Country_47,1926,14.71
Country_47,1927,14.91
Country_47,1928,15.17
Country_47,1929,14.59
Country_47,1930,14.44
Country_47,1931,14.78
Country_47,1932,14.86
Country_47,1933,14.99
Country_47,1934,15.04
Country_47,1935,14.54
Country_47,1936,14.67
Country_47,1937,14.66
Country_47,1938,14.66
Country_47,1939,15.01
Country_47,1940,14.4
Country_47,1941,14.68
Country_47,1942,14.56
Country_47,1943,14.53
Country_47,1944,14.52
Country_47,1945,14.86
Country_47,1946,14.63
Country_47,1947,15.02
Country_47,1948,14.83
Country_47,1949,14.8
Country_47,1950,14.81
Country_47,1951,15.22
Country_47,1952,14.86
Country_47,1953,14.95
Country_47,1954,15.02
Country_47,1955,14.84
Country_47,1956,14.82
Country_47,1957,15.32
Country_47,1958,15.22
Country_47,1959,15.3
Country_47,1960,14.82
Country_47,1961,15.27
Country_47,1962,14.91
Country_47,1963,15.08
Country_47,1964,14.69
Country_47,1965,15.41
Country_47,1966,15.87
Country_47,1967,15.74
Country_47,1968,15.26
Country_47,1969,15.15
Country_47,1970,15.6
Country_47,1971,14.92
Country_47,1972,14.67
Country_47,1973,15.63
Country_47,1974,15.22
Country_47,1975,15.1
Country_47,1976,15.16
Country_47,1977,15.38
Country_47,1978,15.02
Country_47,1979,15.37
Country_47,1980,15.67
Country_47,1981,15.65
Country_47,1982,15.37
Country_47,1983,14.89
Country_47,1984,15.03
Country_47,1985,15.38
Country_47,1986,15.22
Country_47,1987,15.05
Country_47,1988,15.4
Country_47,1989,15.54
Country_47,1990,15.51
Country_47,1991,15.68
Country_47,1992,15.43
Country_47,1993,15.87
Country_47,1994,16.56
Country_47,1995,16.22
Country_47,1996,15.67
Country_47,1997,15.55
Country_47,1998,16.23
Country_47,1999,15.54
Country_47,2000,15.17
Country_47,2001,16.29
Country_47,2002,15.03
Country_47,2003,15.85
Country_47,2004,15.64
Country_47,2005,15.37
Country_47,2006,15.62
Country_47,2007,15.87
Country_47,2008,15.82
Country_47,2009,15.26
Country_47,2010,15.96
Country_47,2011,15.68
Country_47,2012,16.1
Country_47,2013,16.12
Country_47,2014,15.42
Country_47,2015,16.23
Country_47,2016,15.89
Country_47,2017,16.32
Country_47,2018,15.85
Country_47,2019,16.15
Country_47,2020,15.63
Country_47,2021,16.35
Country_47,2022,17.06
Country_47,2023,16.14
Country_48,1900,23.12
Country_48,1901,23.37
Country_48,1902,23.23
Country_48,1903,23.9
Country_48,1904,22.95
Country_48,1905,23.19
Country_48,1906,23.21
Country_48,1907,23.67
Country_48,1908,23.81
Country_48,1909,23.37
Country_48,1910,23.83
Country_48,1911,22.76
Country_48,1912,23.21
Country_48,1913,23.25
Country_48,1914,23.4
Country_48,1915,23.62
Country_48,1916,24.16
Country_48,1917,23.69
Country_48,1918,24.09
Country_48,1919,23.16
Country_48,1920,24.02
Country_48,1921,23.44
Country_48,1922,23.27
Country_48,1923,23.74
Country_48,1924,23.27
Country_48,1925,23.24
Country_48,1926,23.85
Country_48,1927,23.56
Country_48,1928,23.29
Country_48,1929,23.66
Country_48,1930,23.75
Country_48,1931,24.21
Country_48,1932,23.31
Country_48,1933,23.11
Country_48,1934,23.86
Country_48,1935,23.54
Country_48,1936,23.6
Country_48,1937,23.51
Country_48,1938,23.92
Country_48,1939,23.51
Country_48,1940,23.97
Country_48,1941,23.73
Country_48,1942,24.06
Country_48,1943,24.04
Country_48,1944,23.57
Country_48,1945,24.19
Country_48,1946,23.83
Country_48,1947,23.98
Country_48,1948,23.24
Country_48,1949,23.82
Country_48,1950,24.02
Country_48,1951,23.51
Country_48,1952,24.37
Country_48,1953,23.82
Country_48,1954,24.31
Country_48,1955,23.78
Country_48,1956,23.74
Country_48,1957,23.89
Country_48,1958,24.78
Country_48,1959,24.1
Country_48,1960,23.87
Country_48,1961,23.5
Country_48,1962,24.25
Country_48,1963,23.76
Country_48,1964,24.13
Country_48,1965,23.98
Country_48,1966,24.04
Country_48,1967,24.38
Country_48,1968,24.41
Country_48,1969,24.86
Country_48,1970,24.53
Country_48,1971,23.65
Country_48,1972,24.75
Country_48,1973,24.23
Country_48,1974,23.7
Country_48,1975,24.17
Country_48,1976,24.19
Country_48,1977,24.37
Country_48,1978,23.93
Country_48,1979,24.6
Country_48,1980,24.54
Country_48,1981,24.28
Country_48,1982,24.45
Country_48,1983,24.15
Country_48,1984,24.41
Country_48,1985,24.42
Country_48,1986,24.91
Country_48,1987,24.12
Country_48,1988,24.26
Country_48,1989,24.4
Country_48,1990,24.65
Country_48,1991,24.89
Country_48,1992,24.62
Country_48,1993,24.36
Country_48,1994,24.79
Country_48,1995,24.47
Country_48,1996,25.22
Country_48,1997,24.35
Country_48,1998,24.78
Country_48,1999,24.76
Country_48,2000,24.65
Country_48,2001,24.7
Country_48,2002,24.13
Country_48,2003,25.02
Country_48,2004,24.86
Country_48,2005,24.58
Country_48,2006,24.59
Country_48,2007,24.1
Country_48,2008,25.09
Country_48,2009,25.05
Country_48,2010,25.48
Country_48,2011,24.7
Country_48,2012,25.16
Country_48,2013,24.92
Country_48,2014,24.42
Country_48,2015,25.03
Country_48,2016,24.88
Country_48,2017,25.12
Country_48,2018,24.91
Country_48,2019,25.09
Country_48,2020,25.22
Country_48,2021,24.78
Country_48,2022,25.46
Country_48,2023,25.1
Country_49,1900,15.98
Country_49,1901,16.56
Country_49,1902,16.32
Country_49,1903,16.37
Country_49,1904,16.6
Country_49,1905,16.35
Country_49,1906,16.47
Country_49,1907,16.92
Country_49,1908,17.26
Country_49,1909,17.37
Country_49,1910,17.05
Country_49,1911,16.88
Country_49,1912,16.95
Country_49,1913,16.53
Country_49,1914,16.48
Country_49,1915,16.43
Country_49,1916,16.05
Country_49,1917,16.6
Country_49,1918,17.09
Country_49,1919,16.91
Country_49,1920,16.68
Country_49,1921,16.72
Country_49,1922,16.88
Country_49,1923,16.87
Country_49,1924,16.66
Country_49,1925,16.6
Country_49,1926,17.15
Country_49,1927,17.3
Country_49,1928,17.08
Country_49,1929,17.14
Country_49,1930,17.08
Country_49,1931,16.24
Country_49,1932,16.73
Country_49,1933,17.04
Country_49,1934,17.03
Country_49,1935,17.16
Country_49,1936,17.38
Country_49,1937,16.76
Country_49,1938,16.97
Country_49,1939,17.25
Country_49,1940,17.3
Country_49,1941,17.57
Country_49,1942,16.95
Country_49,1943,17.05
Country_49,1944,17.05
Country_49,1945,16.89
Country_49,1946,17.25
Country_49,1947,17.15
Country_49,1948,17.28
Country_49,1949,17.18
Country_49,1950,17.5
Country_49,1951,16.83
Country_49,1952,17.41
Country_49,1953,17.26
Country_49,1954,17.61
Country_49,1955,17.43
Country_49,1956,17.62
Country_49,1957,17.36
Country_49,1958,17.32
Country_49,1959,17.55
Country_49,1960,17.58
Country_49,1961,17.46
Country_49,1962,17.4
Country_49,1963,17.16
Country_49,1964,17.78
Country_49,1965,17.31
Country_49,1966,17.56
Country_49,1967,16.8
Country_49,1968,17.7
Country_49,1969,17.22
Country_49,1970,17.61
Country_49,1971,17.79
Country_49,1972,17.64
Country_49,1973,16.79
Country_49,1974,17.59
Country_49,1975,17.97
Country_49,1976,17.98
Country_49,1977,17.57
Country_49,1978,17.15
Country_49,1979,17.85
Country_49,1980,17.49
Country_49,1981,17.73
Country_49,1982,17.52
Country_49,1983,17.43
Country_49,1984,16.88
Country_49,1985,17.76
Country_49,1986,17.89
Country_49,1987,17.87
Country_49,1988,17.78
Country_49,1989,17.8
Country_49,1990,17.77
Country_49,1991,17.61
Country_49,1992,18.05
Country_49,1993,18.5
Country_49,1994,18.16
Country_49,1995,17.52
Country_49,1996,18.27
Country_49,1997,17.36
Country_49,1998,17.95
Country_49,1999,17.57
Country_49,2000,17.75
Country_49,2001,17.79
Country_49,2002,18.13
Country_49,2003,18.02
Country_49,2004,18.39
Country_49,2005,18.11
Country_49,2006,18.31
Country_49,2007,17.66
Country_49,2008,18.53
Country_49,2009,17.94
Country_49,2010,17.9
Country_49,2011,17.77
Country_49,2012,18.49
Country_49,2013,18.3
Country_49,2014,18.05
Country_49,2015,18.28
Country_49,2016,18.7
Country_49,2017,18.07
Country_49,2018,17.88
Country_49,2019,18.32
Country_49,2020,18.15
Country_49,2021,18.08
Country_49,2022,17.73
Country_49,2023,17.82
Country_50,1900,19.4
Country_50,1901,19.92
Country_50,1902,19.44
Country_50,1903,19.75
Country_50,1904,20.02
Country_50,1905,19.79
Country_50,1906,20.02
Country_50,1907,19.77
Country_50,1908,19.91
Country_50,1909,19.69
Country_50,1910,19.42
Country_50,1911,19.68
Country_50,1912,19.41
Country_50,1913,20.02
Country_50,1914,19.58
Country_50,1915,19.58
Country_50,1916,20.43
Country_50,1917,20.24
Country_50,1918,20.01
Country_50,1919,20.0
Country_50,1920,19.94
Country_50,1921,20.21
Country_50,1922,20.36
Country_50,1923,19.96
Country_50,1924,19.72
Country_50,1925,20.19
Country_50,1926,19.91
Country_50,1927,20.01
Country_50,1928,20.59
Country_50,1929,19.76
Country_50,1930,20.14
Country_50,1931,20.07
Country_50,1932,20.78
Country_50,1933,20.44
Country_50,1934,20.28
Country_50,1935,20.26
Country_50,1936,20.13
Country_50,1937,19.97
Country_50,1938,20.5
Country_50,1939,19.87
Country_50,1940,20.43
Country_50,1941,20.72
Country_50,1942,20.16
Country_50,1943,20.36
Country_50,1944,20.37
Country_50,1945,20.46
Country_50,1946,20.5
Country_50,1947,20.08
Country_50,1948,20.37
Country_50,1949,20.37
Country_50,1950,20.69
Country_50,1951,20.68
Country_50,1952,20.43
Country_50,1953,20.84
Country_50,1954,20.47
Country_50,1955,20.56
Country_50,1956,20.38
Country_50,1957,20.69
Country_50,1958,20.26
Country_50,1959,19.91
Country_50,1960,20.64
Country_50,1961,21.03
Country_50,1962,21.11
Country_50,1963,20.46
Country_50,1964,20.73
Country_50,1965,20.78
Country_50,1966,20.71
Country_50,1967,20.95
Country_50,1968,20.15
Country_50,1969,20.41
Country_50,1970,20.75
Country_50,1971,20.82
Country_50,1972,21.21
Country_50,1973,21.09
Country_50,1974,20.8
Country_50,1975,20.8
Country_50,1976,20.79
Country_50,1977,20.53
Country_50,1978,20.33
Country_50,1979,20.72
Country_50,1980,21.31
Country_50,1981,20.78
Country_50,1982,20.77
Country_50,1983,20.94
Country_50,1984,21.34
Country_50,1985,21.26
Country_50,1986,21.07
Country_50,1987,20.99
Country_50,1988,21.08
Country_50,1989,21.47
Country_50,1990,21.45
Country_50,1991,21.08
Country_50,1992,21.51
Country_50,1993,20.68
Country_50,1994,20.79
Country_50,1995,21.2
Country_50,1996,21.28
Country_50,1997,21.61
Country_50,1998,21.6
Country_50,1999,21.26
Country_50,2000,21.14
Country_50,2001,21.09
Country_50,2002,21.51
Country_50,2003,20.78
Country_50,2004,20.97
Country_50,2005,21.58
Country_50,2006,20.8
Country_50,2007,20.74
Country_50,2008,21.35
Country_50,2009,21.46
Country_50,2010,21.7
Country_50,2011,21.2
Country_50,2012,21.32
Country_50,2013,21.76
Country_50,2014,20.95
Country_50,2015,21.38
Country_50,2016,21.58
Country_50,2017,21.51
Country_50,2018,21.79
Country_50,2019,21.45
Country_50,2020,21.6
Country_50,2021,22.0
Country_50,2022,21.86
Country_50,2023,21.92
Country_51,1900,17.56
Country_51,1901,18.13
Country_51,1902,17.8
Country_51,1903,18.13
Country_51,1904,17.31
Country_51,1905,17.34
Country_51,1906,17.56
Country_51,1907,18.01
Country_51,1908,17.52
Country_51,1909,17.91
Country_51,1910,17.53
Country_51,1911,17.82
Country_51,1912,17.78
Country_51,1913,17.54
Country_51,1914,18.26
Country_51,1915,17.75
Country_51,1916,17.21
Country_51,1917,17.6
Country_51,1918,18.05
Country_51,1919,18.59
Country_51,1920,18.59
Country_51,1921,17.47
Country_51,1922,18.02
Country_51,1923,18.26
Country_51,1924,17.93
Country_51,1925,18.36
Country_51,1926,17.72
Country_51,1927,18.23
Country_51,1928,17.84
Country_51,1929,18.34
Country_51,1930,17.94
Country_51,1931,18.04
Country_51,1932,18.5
Country_51,1933,18.3
Country_51,1934,18.02
Country_51,1935,18.14
Country_51,1936,18.48
Country_51,1937,18.59
Country_51,1938,18.11
Country_51,1939,17.9
Country_51,1940,18.37
Country_51,1941,18.13
Country_51,1942,18.32
Country_51,1943,18.58
Country_51,1944,18.29
Country_51,1945,18.46
Country_51,1946,18.62
Country_51,1947,18.7
Country_51,1948,17.92
Country_51,1949,18.36
Country_51,1950,18.44
Country_51,1951,18.82
Country_51,1952,18.63
Country_51,1953,18.43
Country_51,1954,18.36
Country_51,1955,18.69
Country_51,1956,18.71
Country_51,1957,19.02
Country_51,1958,18.64
Country_51,1959,18.41
Country_51,1960,18.78
Country_51,1961,18.07
Country_51,1962,18.97
Country_51,1963,18.61
Country_51,1964,18.78
Country_51,1965,18.71
Country_51,1966,18.2
Country_51,1967,19.06
Country_51,1968,18.81
Country_51,1969,18.7
Country_51,1970,18.88
Country_51,1971,19.37
Country_51,1972,19.29
Country_51,1973,18.9
Country_51,1974,19.17
Country_51,1975,18.79
Country_51,1976,18.54
Country_51,1977,18.85
Country_51,1978,18.64
Country_51,1979,19.33
Country_51,1980,19.05
Country_51,1981,19.26
Country_51,1982,19.36
Country_51,1983,18.7
Country_51,1984,19.14
Country_51,1985,19.68
Country_51,1986,19.09
Country_51,1987,19.11
Country_51,1988,18.73
Country_51,1989,18.54
Country_51,1990,18.41
Country_51,1991,19.44
Country_51,1992,18.67
Country_51,1993,18.82
Country_51,1994,19.71
Country_51,1995,19.02
Country_51,1996,19.47
Country_51,1997,19.11
Country_51,1998,19.37
Country_51,1999,19.6
Country_51,2000,19.39
Country_51,2001,19.38
Country_51,2002,19.36
Country_51,2003,18.91
Country_51,2004,19.33
Country_51,2005,19.14
Country_51,2006,19.81
Country_51,2007,19.63
Country_51,2008,19.98
Country_51,2009,19.68
Country_51,2010,19.56
Country_51,2011,19.37
Country_51,2012,19.44
Country_51,2013,19.48
Country_51,2014,18.98
Country_51,2015,19.92
Country_51,2016,20.16
Country_51,2017,19.44
Country_51,2018,19.82
Country_51,2019,19.79
Country_51,2020,19.24
Country_51,2021,19.52
Country_51,2022,19.94
Country_51,2023,19.78
Country_52,1900,14.97
Country_52,1901,14.73
Country_52,1902,15.0
Country_52,1903,15.57
Country_52,1904,15.32
Country_52,1905,14.93
Country_52,1906,15.3
Country_52,1907,14.68
Country_52,1908,14.9
Country_52,1909,15.3
Country_52,1910,14.98
Country_52,1911,15.3
Country_52,1912,15.71
Country_52,1913,15.11
Country_52,1914,15.31
Country_52,1915,15.13
Country_52,1916,15.57
Country_52,1917,15.12
Country_52,1918,15.37
Country_52,1919,15.12
Country_52,1920,15.39
Country_52,1921,15.16
Country_52,1922,14.78
Country_52,1923,15.67
Country_52,1924,14.81
Country_52,1925,15.4
Country_52,1926,15.79
Country_52,1927,15.76
Country_52,1928,15.49
Country_52,1929,15.11
Country_52,1930,15.14
Country_52,1931,15.7
Country_52,1932,15.15
Country_52,1933,15.65
Country_52,1934,15.42
Country_52,1935,15.3
Country_52,1936,15.69
Country_52,1937,15.5
Country_52,1938,15.34
Country_52,1939,15.71
Country_52,1940,15.4
Country_52,1941,15.33
Country_52,1942,15.95
Country_52,1943,15.31
Country_52,1944,16.49
Country_52,1945,15.46
Country_52,1946,16.45
Country_52,1947,15.84
Country_52,1948,16.01
Country_52,1949,15.7
Country_52,1950,15.81
Country_52,1951,15.84
Country_52,1952,15.36
Country_52,1953,16.37
Country_52,1954,15.93
Country_52,1955,15.69
Country_52,1956,15.45
Country_52,1957,16.58
Country_52,1958,15.61
Country_52,1959,15.42
Country_52,1960,15.8
Country_52,1961,15.75
Country_52,1962,16.24
Country_52,1963,15.67
Country_52,1964,16.1
Country_52,1965,16.64
Country_52,1966,15.83
Country_52,1967,15.56
Country_52,1968,15.61
Country_52,1969,15.99
Country_52,1970,15.76
Country_52,1971,16.4
Country_52,1972,16.0
Country_52,1973,16.19
Country_52,1974,15.98
Country_52,1975,16.23
Country_52,1976,15.79
Country_52,1977,17.0
Country_52,1978,16.25
Country_52,1979,16.44
Country_52,1980,16.31
Country_52,1981,16.14
Country_52,1982,16.79
Country_52,1983,17.06
Country_52,1984,16.02
Country_52,1985,15.93
Country_52,1986,16.51
Country_52,1987,16.06
Country_52,1988,16.27
Country_52,1989,16.14
Country_52,1990,16.1
Country_52,1991,16.35
Country_52,1992,16.34
Country_52,1993,16.22
Country_52,1994,16.33
Country_52,1995,16.83
Country_52,1996,16.34
Country_52,1997,16.8
Country_52,1998,16.65
Country_52,1999,16.59
Country_52,2000,17.09
Country_52,2001,16.23
Country_52,2002,16.1
Country_52,2003,16.55
Country_52,2004,17.15
Country_52,2005,17.11
Country_52,2006,16.45
Country_52,2007,16.43
Country_52,2008,16.22
Country_52,2009,16.31
Country_52,2010,16.85
Country_52,2011,16.44
Country_52,2012,16.61
Country_52,2013,17.18
Country_52,2014,16.61
Country_52,2015,16.78
Country_52,2016,16.52
Country_52,2017,16.87
Country_52,2018,16.59
Country_52,2019,16.96
Country_52,2020,16.44
Country_52,2021,16.82
Country_52,2022,17.08
Country_52,2023,16.96
Country_53,1900,18.11
Country_53,1901,19.0
Country_53,1902,18.32
Country_53,1903,18.84
Country_53,1904,18.24
Country_53,1905,18.8
Country_53,1906,18.58
Country_53,1907,18.86
Country_53,1908,19.13
Country_53,1909,18.36
Country_53,1910,18.51
Country_53,1911,18.66
Country_53,1912,18.83
Country_53,1913,19.02
Country_53,1914,18.39
Country_53,1915,18.7
Country_53,1916,18.66
Country_53,1917,18.6
Country_53,1918,18.72
Country_53,1919,18.75
Country_53,1920,18.07
Country_53,1921,18.89
Country_53,1922,18.76
Country_53,1923,18.5
Country_53,1924,19.2
Country_53,1925,18.52
Country_53,1926,18.91
Country_53,1927,18.98
Country_53,1928,19.06
Country_53,1929,19.24
Country_53,1930,18.58
Country_53,1931,18.61
Country_53,1932,18.9
Country_53,1933,18.33
Country_53,1934,18.88
Country_53,1935,19.32
Country_53,1936,18.8
Country_53,1937,18.26
Country_53,1938,18.78
Country_53,1939,19.01
Country_53,1940,19.18
Country_53,1941,18.72
Country_53,1942,19.11
Country_53,1943,18.84
Country_53,1944,19.58
Country_53,1945,18.65
Country_53,1946,18.88
Country_53,1947,18.71
Country_53,1948,18.49
Country_53,1949,19.14
Country_53,1950,19.19
Country_53,1951,19.29
Country_53,1952,18.12
Country_53,1953,19.36
Country_53,1954,19.01
Country_53,1955,19.22
Country_53,1956,19.32
Country_53,1957,19.32
Country_53,1958,18.54
Country_53,1959,19.3
Country_53,1960,19.58
Country_53,1961,19.47
Country_53,1962,19.67
Country_53,1963,19.56
Country_53,1964,19.44
Country_53,1965,18.94
Country_53,1966,19.32
Country_53,1967,19.02
Country_53,1968,19.6
Country_53,1969,19.02
Country_53,1970,19.45
Country_53,1971,19.03
Country_53,1972,19.71
Country_53,1973,19.11
Country_53,1974,19.01
Country_53,1975,20.09
Country_53,1976,19.44
Country_53,1977,19.6
Country_53,1978,19.96
Country_53,1979,20.02
Country_53,1980,18.84
Country_53,1981,19.72
Country_53,1982,19.82
Country_53,1983,20.19
Country_53,1984,18.97
Country_53,1985,19.72
Country_53,1986,19.63
Country_53,1987,19.0
Country_53,1988,19.4
Country_53,1989,19.77
Country_53,1990,19.89
Country_53,1991,19.4
Country_53,1992,19.95
Country_53,1993,19.58
Country_53,1994,20.28
Country_53,1995,20.04
Country_53,1996,19.58
Country_53,1997,20.14
Country_53,1998,20.45
Country_53,1999,19.83
Country_53,2000,20.37
Country_53,2001,19.87
Country_53,2002,19.81
Country_53,2003,19.94
Country_53,2004,19.85
Country_53,2005,19.78
Country_53,2006,19.6
Country_53,2007,19.74
Country_53,2008,19.56
Country_53,2009,20.34
Country_53,2010,20.21
Country_53,2011,19.47
Country_53,2012,20.21
Country_53,2013,20.13
Country_53,2014,19.81
Country_53,2015,20.03
Country_53,2016,20.42
Country_53,2017,20.28
Country_53,2018,20.08
Country_53,2019,20.07
Country_53,2020,20.2
Country_53,2021,20.54
Country_53,2022,19.95
Country_53,2023,19.56
Country_54,1900,14.1
Country_54,1901,14.21
Country_54,1902,14.26
Country_54,1903,13.86
Country_54,1904,14.35
Country_54,1905,14.64
Country_54,1906,14.09
Country_54,1907,13.88
Country_54,1908,14.09
Country_54,1909,14.15
Country_54,1910,14.11
Country_54,1911,14.67
Country_54,1912,14.88
Country_54,1913,14.67
Country_54,1914,15.1
Country_54,1915,14.75
Country_54,1916,14.47
Country_54,1917,14.43
Country_54,1918,14.72
Country_54,1919,14.09
Country_54,1920,14.88
Country_54,1921,13.9
Country_54,1922,14.42
Country_54,1923,14.7
Country_54,1924,15.2
Country_54,1925,14.72
Country_54,1926,15.04
Country_54,1927,14.51
Country_54,1928,14.96
Country_54,1929,14.85
Country_54,1930,14.71
Country_54,1931,14.36
Country_54,1932,14.54
Country_54,1933,14.37
Country_54,1934,14.73
Country_54,1935,14.44
Country_54,1936,14.83
Country_54,1937,14.65
Country_54,1938,14.45
Country_54,1939,14.94
Country_54,1940,14.47
Country_54,1941,15.29
Country_54,1942,14.9
Country_54,1943,14.8
Country_54,1944,14.7
Country_54,1945,14.89
Country_54,1946,14.93
Country_54,1947,14.79
Country_54,1948,15.32
Country_54,1949,14.69
Country_54,1950,14.83
Country_54,1951,15.02
Country_54,1952,15.02
Country_54,1953,14.75
Country_54,1954,15.27
Country_54,1955,15.17
Country_54,1956,14.47
Country_54,1957,15.0
Country_54,1958,15.46
Country_54,1959,14.9
Country_54,1960,14.76
Country_54,1961,14.83
Country_54,1962,15.29
Country_54,1963,15.67
Country_54,1964,15.34
Country_54,1965,15.06
Country_54,1966,15.19
Country_54,1967,15.31
Country_54,1968,14.79
Country_54,1969,15.37
Country_54,1970,15.2
Country_54,1971,15.83
Country_54,1972,15.28
Country_54,1973,15.11
Country_54,1974,15.76
Country_54,1975,15.35
Country_54,1976,15.96
Country_54,1977,15.0
Country_54,1978,15.72
Country_54,1979,15.32
Country_54,1980,14.9
Country_54,1981,14.97
Country_54,1982,16.01
Country_54,1983,15.13
Country_54,1984,15.16
Country_54,1985,15.2
Country_54,1986,15.25
Country_54,1987,14.89
Country_54,1988,15.8
Country_54,1989,15.13
Country_54,1990,15.72
Country_54,1991,15.52
Country_54,1992,15.5
Country_54,1993,14.99
Country_54,1994,16.14
Country_54,1995,14.99
Country_54,1996,16.13
Country_54,1997,15.55
Country_54,1998,15.83
Country_54,1999,15.71
Country_54,2000,15.37
Country_54,2001,16.33
Country_54,2002,15.74
Country_54,2003,15.71
Country_54,2004,15.86
Country_54,2005,15.99
Country_54,2006,16.21
Country_54,2007,16.0
Country_54,2008,15.42
Country_54,2009,15.62
Country_54,2010,16.5
Country_54,2011,15.93
Country_54,2012,15.64
Country_54,2013,16.14
Country_54,2014,16.22
Country_54,2015,15.85
Country_54,2016,15.72
Country_54,2017,16.3
Country_54,2018,16.47
Country_54,2019,16.41
Country_54,2020,16.21
Country_54,2021,16.56
Country_54,2022,16.26
Country_54,2023,16.27
Country_55,1900,13.88
Country_55,1901,14.5
Country_55,1902,14.15
Country_55,1903,13.77
Country_55,1904,14.0
Country_55,1905,14.13
Country_55,1906,14.08
Country_55,1907,14.51
Country_55,1908,14.41
Country_55,1909,14.19
Country_55,1910,14.23
Country_55,1911,14.23
Country_55,1912,14.1
Country_55,1913,13.96
Country_55,1914,14.49
Country_55,1915,14.73
Country_55,1916,14.89
Country_55,1917,14.76
Country_55,1918,14.69
Country_55,1919,15.09
Country_55,1920,14.52
Country_55,1921,14.84
Country_55,1922,14.61
Country_55,1923,14.63
Country_55,1924,14.22
Country_55,1925,14.3
Country_55,1926,14.68
Country_55,1927,14.26
Country_55,1928,14.43
Country_55,1929,14.56
Country_55,1930,14.86
Country_55,1931,14.81
Country_55,1932,14.85
Country_55,1933,14.87
Country_55,1934,15.34
Country_55,1935,14.88
Country_55,1936,15.08
Country_55,1937,14.6
Country_55,1938,14.78
Country_55,1939,15.3
Country_55,1940,14.64
Country_55,1941,14.4
Country_55,1942,15.13
Country_55,1943,14.64
Country_55,1944,14.91
Country_55,1945,14.58
Country_55,1946,14.84
Country_55,1947,14.6
Country_55,1948,14.86
Country_55,1949,14.87
Country_55,1950,14.7
Country_55,1951,14.82
Country_55,1952,15.13
Country_55,1953,15.53
Country_55,1954,14.56
Country_55,1955,14.77
Country_55,1956,15.25
Country_55,1957,14.93
Country_55,1958,14.88
Country_55,1959,15.0
Country_55,1960,15.2
Country_55,1961,15.04
Country_55,1962,14.75
Country_55,1963,15.31
Country_55,1964,15.01
Country_55,1965,15.2
Country_55,1966,15.66
Country_55,1967,15.51
Country_55,1968,15.04
Country_55,1969,15.34
Country_55,1970,15.51
Country_55,1971,14.99
Country_55,1972,15.48
Country_55,1973,15.71
Country_55,1974,15.42
Country_55,1975,15.42
Country_55,1976,15.34
Country_55,1977,15.36
Country_55,1978,15.65
Country_55,1979,15.05
Country_55,1980,15.22
Country_55,1981,15.3
Country_55,1982,15.46
Country_55,1983,15.42
Country_55,1984,15.39
Country_55,1985,15.04
Country_55,1986,15.15
Country_55,1987,15.74
Country_55,1988,15.54
Country_55,1989,15.52
Country_55,1990,15.75
Country_55,1991,15.82
Country_55,1992,15.44
Country_55,1993,15.5
Country_55,1994,15.08
Country_55,1995,16.14
Country_55,1996,15.81
Country_55,1997,15.78
Country_55,1998,15.35
Country_55,1999,15.54
Country_55,2000,15.75
Country_55,2001,15.86
Country_55,2002,16.02
Country_55,2003,15.66
Country_55,2004,15.61
Country_55,2005,16.28
Country_55,2006,16.08
Country_55,2007,16.17
Country_55,2008,15.93
Country_55,2009,16.13
Country_55,2010,15.76
Country_55,2011,15.98
Country_55,2012,15.67
Country_55,2013,15.58
Country_55,2014,16.12
Country_55,2015,16.1
Country_55,2016,16.12
Country_55,2017,16.24
Country_55,2018,16.32
Country_55,2019,16.04
Country_55,2020,16.2
Country_55,2021,16.05
Country_55,2022,16.26
Country_55,2023,16.11
Country_56,1900,23.59
Country_56,1901,23.75
Country_56,1902,23.74
Country_56,1903,24.01
Country_56,1904,23.84
Country_56,1905,24.28
Country_56,1906,24.75
Country_56,1907,24.32
Country_56,1908,24.31
Country_56,1909,24.38
Country_56,1910,24.1
Country_56,1911,23.7
Country_56,1912,24.04
Country_56,1913,24.79
Country_56,1914,24.47
Country_56,1915,24.87
Country_56,1916,24.17
Country_56,1917,24.65
Country_56,1918,24.3
Country_56,1919,24.11
Country_56,1920,24.62
Country_56,1921,24.74
Country_56,1922,24.63
Country_56,1923,24.13
Country_56,1924,24.18
Country_56,1925,24.14
Country_56,1926,24.33
Country_56,1927,24.51
Country_56,1928,24.46
Country_56,1929,24.44
Country_56,1930,24.4
Country_56,1931,24.44
Country_56,1932,24.2
Country_56,1933,24.5
Country_56,1934,24.51
Country_56,1935,24.33
Country_56,1936,24.24
Country_56,1937,24.82
Country_56,1938,24.7
Country_56,1939,24.38
Country_56,1940,24.81
Country_56,1941,24.66
Country_56,1942,24.33
Country_56,1943,24.28
Country_56,1944,24.85
Country_56,1945,24.3
Country_56,1946,25.05
Country_56,1947,24.85
Country_56,1948,25.42
Country_56,1949,24.51
Country_56,1950,24.95
Country_56,1951,24.61
Country_56,1952,25.08
Country_56,1953,25.02
Country_56,1954,25.47
Country_56,1955,25.36
Country_56,1956,25.17
Country_56,1957,25.43
Country_56,1958,25.19
Country_56,1959,24.59
Country_56,1960,25.36
Country_56,1961,25.14
Country_56,1962,25.14
Country_56,1963,25.35
Country_56,1964,25.28
Country_56,1965,24.66
Country_56,1966,24.83
Country_56,1967,25.48
Country_56,1968,24.61
Country_56,1969,25.16
Country_56,1970,25.17
Country_56,1971,25.41
Country_56,1972,24.62
Country_56,1973,24.89
Country_56,1974,25.21
Country_56,1975,25.63
Country_56,1976,25.41
Country_56,1977,25.35
Country_56,1978,24.84
Country_56,1979,24.86
Country_56,1980,24.67
Country_56,1981,25.24
Country_56,1982,25.06
Country_56,1983,25.18
Country_56,1984,25.31
Country_56,1985,25.49
Country_56,1986,25.51
Country_56,1987,25.63
Country_56,1988,25.44
Country_56,1989,25.59
Country_56,1990,25.87
Country_56,1991,25.46
Country_56,1992,25.74
Country_56,1993,25.31
Country_56,1994,25.71
Country_56,1995,25.51
Country_56,1996,25.43
Country_56,1997,25.72
Country_56,1998,25.5
Country_56,1999,25.55
Country_56,2000,25.32
Country_56,2001,25.41
Country_56,2002,25.31
Country_56,2003,25.25
Country_56,2004,25.63
Country_56,2005,25.79
Country_56,2006,25.64
Country_56,2007,26.08
Country_56,2008,25.78
Country_56,2009,25.41
Country_56,2010,25.56
Country_56,2011,26.06
Country_56,2012,26.01
Country_56,2013,25.62
Country_56,2014,25.26
Country_56,2015,25.62
Country_56,2016,25.89
Country_56,2017,25.84
Country_56,2018,25.68
Country_56,2019,26.49
Country_56,2020,25.55
Country_56,2021,26.17
Country_56,2022,25.52
Country_56,2023,26.13
Country_57,1900,10.41
Country_57,1901,10.36
Country_57,1902,10.05
Country_57,1903,10.52
Country_57,1904,10.59
Country_57,1905,9.79
Country_57,1906,10.48
Country_57,1907,10.56
Country_57,1908,10.24
Country_57,1909,10.47
Country_57,1910,10.37
Country_57,1911,10.55
Country_57,1912,10.28
Country_57,1913,10.71
Country_57,1914,10.36
Country_57,1915,10.98
Country_57,1916,10.46
Country_57,1917,10.9
Country_57,1918,10.98
Country_57,1919,10.86
Country_57,1920,10.93
Country_57,1921,10.46
Country_57,1922,10.65
Country_57,1923,10.43
Country_57,1924,10.89
Country_57,1925,10.76
Country_57,1926,10.61
Country_57,1927,10.56
Country_57,1928,10.93
Country_57,1929,10.61
Country_57,1930,11.41
Country_57,1931,10.43
Country_57,1932,11.04
Country_57,1933,10.45
Country_57,1934,11.24
Country_57,1935,11.34
Country_57,1936,11.01
Country_57,1937,11.38
Country_57,1938,10.72
Country_57,1939,10.97
Country_57,1940,11.44
Country_57,1941,11.4
Country_57,1942,11.06
Country_57,1943,11.07
Country_57,1944,10.81
Country_57,1945,11.11
Country_57,1946,11.12
Country_57,1947,10.96
Country_57,1948,11.07
Country_57,1949,11.63
Country_57,1950,11.65
Country_57,1951,10.46
Country_57,1952,11.04
Country_57,1953,11.39
Country_57,1954,11.13
Country_57,1955,11.18
Country_57,1956,10.87
Country_57,1957,11.36
Country_57,1958,11.05
Country_57,1959,11.12
Country_57,1960,11.38
Country_57,1961,11.09
Country_57,1962,11.2
Country_57,1963,11.0
Country_57,1964,11.54
Country_57,1965,11.33
Country_57,1966,11.72
Country_57,1967,11.55
Country_57,1968,10.95
Country_57,1969,11.26
Country_57,1970,11.53
Country_57,1971,11.33
Country_57,1972,11.86
Country_57,1973,11.81
Country_57,1974,11.13
Country_57,1975,11.87
Country_57,1976,11.26
Country_57,1977,11.15
Country_57,1978,11.5
Country_57,1979,11.02
Country_57,1980,11.98
Country_57,1981,11.58
Country_57,1982,11.26
Country_57,1983,11.4
Country_57,1984,11.11
Country_57,1985,11.67
Country_57,1986,12.07
Country_57,1987,11.48
Country_57,1988,12.33
Country_57,1989,11.57
Country_57,1990,11.47
Country_57,1991,11.73
Country_57,1992,11.68
Country_57,1993,11.96
Country_57,1994,11.57
Country_57,1995,11.81
Country_57,1996,11.78
Country_57,1997,11.8
Country_57,1998,12.07
Country_57,1999,12.13
Country_57,2000,11.57
Country_57,2001,12.31
Country_57,2002,11.62
Country_57,2003,11.81
Country_57,2004,11.93
Country_57,2005,12.04
Country_57,2006,11.8
Country_57,2007,12.24
Country_57,2008,11.59
Country_57,2009,11.98
Country_57,2010,11.59
Country_57,2011,11.65
Country_57,2012,12.24
Country_57,2013,11.71
Country_57,2014,11.75
Country_57,2015,12.03
Country_57,2016,11.63
Country_57,2017,11.8
Country_57,2018,11.98
Country_57,2019,12.67
Country_57,2020,12.01
Country_57,2021,11.9
Country_57,2022,12.18
Country_57,2023,12.12
Country_58,1900,13.36
Country_58,1901,12.88
Country_58,1902,13.43
Country_58,1903,13.02
Country_58,1904,13.48
Country_58,1905,12.83
Country_58,1906,12.81
Country_58,1907,12.64
Country_58,1908,12.73
Country_58,1909,13.45
Country_58,1910,12.9
Country_58,1911,13.59
Country_58,1912,12.99
Country_58,1913,13.48
Country_58,1914,13.1
Country_58,1915,12.86
Country_58,1916,13.4
Country_58,1917,13.05
Country_58,1918,13.65
Country_58,1919,13.39
Country_58,1920,13.6
Country_58,1921,13.09
Country_58,1922,13.44
Country_58,1923,13.22
Country_58,1924,13.35
Country_58,1925,13.48
Country_58,1926,13.68
Country_58,1927,13.64
Country_58,1928,13.57
Country_58,1929,13.55
Country_58,1930,13.21
Country_58,1931,13.59
Country_58,1932,13.31
Country_58,1933,13.59
Country_58,1934,13.65
Country_58,1935,13.37
Country_58,1936,13.15
Country_58,1937,13.93
Country_58,1938,13.98
Country_58,1939,13.67
Country_58,1940,13.68
Country_58,1941,13.7
Country_58,1942,13.79
Country_58,1943,14.09
Country_58,1944,14.05
Country_58,1945,13.72
Country_58,1946,13.96
Country_58,1947,13.4
Country_58,1948,13.83
Country_58,1949,14.22
Country_58,1950,14.34
Country_58,1951,13.99
Country_58,1952,14.03
Country_58,1953,14.36
Country_58,1954,14.08
Country_58,1955,14.33
Country_58,1956,13.8
Country_58,1957,14.18
Country_58,1958,14.34
Country_58,1959,14.64
Country_58,1960,13.78
Country_58,1961,13.74
Country_58,1962,14.18
Country_58,1963,13.89
Country_58,1964,13.67
Country_58,1965,14.24
Country_58,1966,13.95
Country_58,1967,14.01
Country_58,1968,14.09
Country_58,1969,14.13
Country_58,1970,14.56
Country_58,1971,14.7
Country_58,1972,14.51
Country_58,1973,14.48
Country_58,1974,14.03
Country_58,1975,14.31
Country_58,1976,13.71
Country_58,1977,14.15
Country_58,1978,13.74
Country_58,1979,14.35
Country_58,1980,14.14
Country_58,1981,14.08
Country_58,1982,14.5
Country_58,1983,13.94
Country_58,1984,14.88
Country_58,1985,14.36
Country_58,1986,14.54
Country_58,1987,13.66
Country_58,1988,14.28
Country_58,1989,14.55
Country_58,1990,14.27
Country_58,1991,14.32
Country_58,1992,14.27
Country_58,1993,14.57
Country_58,1994,14.46
Country_58,1995,14.29
Country_58,1996,14.33
Country_58,1997,14.46
Country_58,1998,14.68
Country_58,1999,14.87
Country_58,2000,14.74
Country_58,2001,14.58
Country_58,2002,14.86
Country_58,2003,14.97
Country_58,2004,14.43
Country_58,2005,14.78
Country_58,2006,14.99
Country_58,2007,14.37
Country_58,2008,14.62
Country_58,2009,14.34
Country_58,2010,14.59
Country_58,2011,14.53
Country_58,2012,14.86
Country_58,2013,14.76
Country_58,2014,14.28
Country_58,2015,15.52
Country_58,2016,15.14
Country_58,2017,14.68
Country_58,2018,14.45
Country_58,2019,15.19
Country_58,2020,14.69
Country_58,2021,15.06
Country_58,2022,15.36
Country_58,2023,15.11
Country_59,1900,23.31
Country_59,1901,23.5
Country_59,1902,23.51
Country_59,1903,23.21
Country_59,1904,23.44
Country_59,1905,23.21
Country_59,1906,23.24
Country_59,1907,23.95
Country_59,1908,23.59
Country_59,1909,23.36
Country_59,1910,23.41
Country_59,1911,23.14
Country_59,1912,23.11
Country_59,1913,23.88
Country_59,1914,23.72
Country_59,1915,23.25
Country_59,1916,22.95
Country_59,1917,23.58
Country_59,1918,23.67
Country_59,1919,23.62
Country_59,1920,23.37
Country_59,1921,23.8
Country_59,1922,23.78
Country_59,1923,23.97
Country_59,1924,23.88
Country_59,1925,24.09
Country_59,1926,23.33
Country_59,1927,23.53
Country_59,1928,24.32
Country_59,1929,23.54
Country_59,1930,23.77
Country_59,1931,24.15
Country_59,1932,24.38
Country_59,1933,23.87
Country_59,1934,24.54
Country_59,1935,23.58
Country_59,1936,24.09
Country_59,1937,24.13
Country_59,1938,24.42
Country_59,1939,24.37
Country_59,1940,24.38
Country_59,1941,24.13
Country_59,1942,24.08
Country_59,1943,24.31
Country_59,1944,24.28
Country_59,1945,24.26
Country_59,1946,24.5
Country_59,1947,23.85
Country_59,1948,24.33
Country_59,1949,24.09
Country_59,1950,24.77
Country_59,1951,24.42
Country_59,1952,24.51
Country_59,1953,23.8
Country_59,1954,24.63
Country_59,1955,23.88
Country_59,1956,23.5
Country_59,1957,24.05
Country_59,1958,24.63
Country_59,1959,24.68
Country_59,1960,24.6
Country_59,1961,24.28
Country_59,1962,24.46
Country_59,1963,24.07
Country_59,1964,24.19
Country_59,1965,24.22
Country_59,1966,24.3
Country_59,1967,24.55
Country_59,1968,24.04
Country_59,1969,24.47
Country_59,1970,24.29
Country_59,1971,24.68
Country_59,1972,24.73
Country_59,1973,24.5
Country_59,1974,24.35
Country_59,1975,23.78
Country_59,1976,24.33
Country_59,1977,24.44
Country_59,1978,24.02
Country_59,1979,24.75
Country_59,1980,24.38
Country_59,1981,24.16
Country_59,1982,24.17
Country_59,1983,24.48
Country_59,1984,24.5
Country_59,1985,24.76
Country_59,1986,25.39
Country_59,1987,24.55
Country_59,1988,24.9
Country_59,1989,24.8
Country_59,1990,25.2
Country_59,1991,24.61
Country_59,1992,25.05
Country_59,1993,24.52
Country_59,1994,25.28
Country_59,1995,24.97
Country_59,1996,24.7
Country_59,1997,25.21
Country_59,1998,25.01
Country_59,1999,25.5
Country_59,2000,25.03
Country_59,2001,24.93
Country_59,2002,24.64
Country_59,2003,25.59
Country_59,2004,25.32
Country_59,2005,24.75
Country_59,2006,24.78
Country_59,2007,25.01
Country_59,2008,24.9
Country_59,2009,25.11
Country_59,2010,25.11
Country_59,2011,25.18
Country_59,2012,24.81
Country_59,2013,25.7
Country_59,2014,25.36
Country_59,2015,24.88
Country_59,2016,24.91
Country_59,2017,24.94
Country_59,2018,25.27
Country_59,2019,25.31
Country_59,2020,25.44
Country_59,2021,25.8
Country_59,2022,25.3
Country_59,2023,25.43
Country_60,1900,13.16
Country_60,1901,13.54
Country_60,1902,13.31
Country_60,1903,13.24
Country_60,1904,12.6
Country_60,1905,13.6
Country_60,1906,13.52
Country_60,1907,13.61
Country_60,1908,13.05
Country_60,1909,13.1
Country_60,1910,13.76
Country_60,1911,13.49
Country_60,1912,13.78
Country_60,1913,13.64
Country_60,1914,13.63
Country_60,1915,13.21
Country_60,1916,13.24
Country_60,1917,13.24
Country_60,1918,13.26
Country_60,1919,13.93
Country_60,1920,13.61
Country_60,1921,14.55
Country_60,1922,12.95
Country_60,1923,13.49
Country_60,1924,13.57
Country_60,1925,13.69
Country_60,1926,13.71
Country_60,1927,13.74
Country_60,1928,13.33
Country_60,1929,14.13
Country_60,1930,13.37
Country_60,1931,13.65
Country_60,1932,13.92
Country_60,1933,14.52
Country_60,1934,13.56
Country_60,1935,13.79
Country_60,1936,13.63
Country_60,1937,13.91
Country_60,1938,13.4
Country_60,1939,14.41
Country_60,1940,13.46
Country_60,1941,14.44
Country_60,1942,13.61
Country_60,1943,14.31
Country_60,1944,14.62
Country_60,1945,14.33
Country_60,1946,13.59
Country_60,1947,13.97
Country_60,1948,13.97
Country_60,1949,14.39
Country_60,1950,14.04
Country_60,1951,13.36
Country_60,1952,14.2
Country_60,1953,13.87
Country_60,1954,14.16
Country_60,1955,13.92
Country_60,1956,13.74
Country_60,1957,14.93
Country_60,1958,14.07
Country_60,1959,14.76
Country_60,1960,13.81
Country_60,1961,13.82
Country_60,1962,14.02
Country_60,1963,14.04
Country_60,1964,14.74
Country_60,1965,14.38
Country_60,1966,13.84
Country_60,1967,14.35
Country_60,1968,14.52
Country_60,1969,14.07
Country_60,1970,14.54
Country_60,1971,14.67
Country_60,1972,13.93
Country_60,1973,14.29
Country_60,1974,14.23
Country_60,1975,14.23
Country_60,1976,14.47
Country_60,1977,15.17
Country_60,1978,13.86
Country_60,1979,14.46
Country_60,1980,14.92
Country_60,1981,14.79
Country_60,1982,14.08
Country_60,1983,14.38
Country_60,1984,14.96
Country_60,1985,14.66
Country_60,1986,14.7
Country_60,1987,15.07
Country_60,1988,14.69
Country_60,1989,15.19
Country_60,1990,15.05
Country_60,1991,15.33
Country_60,1992,14.76
Country_60,1993,14.6
Country_60,1994,14.4
Country_60,1995,14.37
Country_60,1996,14.73
Country_60,1997,14.8
Country_60,1998,14.74
Country_60,1999,14.41
Country_60,2000,14.54
Country_60,2001,14.98
Country_60,2002,14.84
Country_60,2003,14.9
Country_60,2004,14.84
Country_60,2005,15.2
Country_60,2006,14.95
Country_60,2007,13.9
Country_60,2008,15.13
Country_60,2009,15.1
Country_60,2010,14.8
Country_60,2011,14.72
Country_60,2012,14.7
Country_60,2013,14.63
Country_60,2014,14.95
Country_60,2015,14.59
Country_60,2016,14.63
Country_60,2017,14.76
Country_60,2018,14.73
Country_60,2019,15.47
Country_60,2020,15.02
Country_60,2021,14.69
Country_60,2022,15.34
Country_60,2023,15.44
Country_61,1900,21.98
Country_61,1901,22.04
Country_61,1902,21.88
Country_61,1903,21.99
Country_61,1904,22.06
Country_61,1905,22.03
Country_61,1906,21.94
Country_61,1907,22.22
Country_61,1908,21.87
Country_61,1909,21.99
Country_61,1910,21.09
Country_61,1911,21.47
Country_61,1912,21.5
Country_61,1913,21.38
Country_61,1914,21.67
Country_61,1915,21.71
Country_61,1916,22.09
Country_61,1917,21.54
Country_61,1918,21.58
Country_61,1919,21.75
Country_61,1920,22.43
Country_61,1921,21.64
Country_61,1922,22.38
Country_61,1923,21.64
Country_61,1924,22.45
Country_61,1925,21.96
Country_61,1926,22.24
Country_61,1927,22.45
Country_61,1928,22.2
Country_61,1929,22.3
Country_61,1930,22.49
Country_61,1931,22.1
Country_61,1932,22.66
Country_61,1933,22.42
Country_61,1934,23.1
Country_61,1935,22.0
Country_61,1936,22.48
Country_61,1937,22.51
Country_61,1938,22.26
Country_61,1939,22.18
Country_61,1940,22.72
Country_61,1941,22.51
Country_61,1942,22.3
Country_61,1943,22.53
Country_61,1944,22.68
Country_61,1945,22.53
Country_61,1946,22.44
Country_61,1947,22.05
Country_61,1948,22.2
Country_61,1949,22.48
Country_61,1950,22.86
Country_61,1951,22.58
Country_61,1952,22.08
Country_61,1953,22.2
Country_61,1954,22.83
Country_61,1955,22.51
Country_61,1956,22.46
Country_61,1957,22.75
Country_61,1958,22.52
Country_61,1959,22.66
Country_61,1960,22.78
Country_61,1961,22.82
Country_61,1962,22.11
Country_61,1963,23.24
Country_61,1964,22.46
Country_61,1965,22.73
Country_61,1966,22.83
Country_61,1967,22.46
Country_61,1968,22.67
Country_61,1969,22.42
Country_61,1970,22.77
Country_61,1971,22.56
Country_61,1972,22.56
Country_61,1973,22.98
Country_61,1974,23.23
Country_61,1975,22.76
Country_61,1976,23.21
Country_61,1977,22.69
Country_61,1978,23.28
Country_61,1979,22.66
Country_61,1980,22.88
Country_61,1981,23.17
Country_61,1982,22.95
Country_61,1983,23.07
Country_61,1984,23.09
Country_61,1985,23.24
Country_61,1986,22.73
Country_61,1987,22.93
Country_61,1988,23.42
Country_61,1989,23.43
Country_61,1990,23.12
Country_61,1991,23.75
Country_61,1992,23.27
Country_61,1993,23.45
Country_61,1994,22.88
Country_61,1995,22.98
Country_61,1996,22.76
Country_61,1997,23.24
Country_61,1998,23.65
Country_61,1999,23.19
Country_61,2000,23.35
Country_61,2001,23.37
Country_61,2002,23.54
Country_61,2003,23.12
Country_61,2004,23.68
Country_61,2005,23.46
Country_61,2006,23.21
Country_61,2007,22.79
Country_61,2008,23.0
Country_61,2009,23.16
Country_61,2010,23.95
Country_61,2011,23.61
Country_61,2012,24.19
Country_61,2013,23.58
Country_61,2014,23.97
Country_61,2015,23.37
Country_61,2016,23.93
Country_61,2017,23.33
Country_61,2018,23.37
Country_61,2019,23.8
Country_61,2020,23.45
Country_61,2021,23.39
Country_61,2022,23.62
Country_61,2023,22.97
Country_62,1900,14.81
Country_62,1901,14.63
Country_62,1902,15.16
Country_62,1903,15.55
Country_62,1904,15.58
Country_62,1905,15.04
Country_62,1906,15.63
Country_62,1907,14.78
Country_62,1908,15.16
Country_62,1909,15.17
Country_62,1910,15.66
Country_62,1911,15.2
Country_62,1912,14.92
Country_62,1913,15.09
Country_62,1914,14.8
Country_62,1915,14.98
Country_62,1916,15.5
Country_62,1917,14.96
Country_62,1918,14.59
Country_62,1919,15.25
Country_62,1920,15.52
Country_62,1921,16.1
Country_62,1922,15.09
Country_62,1923,15.73
Country_62,1924,15.44
Country_62,1925,15.37
Country_62,1926,15.37
Country_62,1927,15.37
Country_62,1928,15.0
Country_62,1929,15.24
Country_62,1930,15.55
Country_62,1931,15.58
Country_62,1932,15.73
Country_62,1933,14.96
Country_62,1934,15.0
Country_62,1935,15.56
Country_62,1936,14.97
Country_62,1937,15.24
Country_62,1938,15.65
Country_62,1939,15.16
Country_62,1940,15.43
Country_62,1941,15.28
Country_62,1942,15.86
Country_62,1943,15.81
Country_62,1944,16.12
Country_62,1945,15.92
Country_62,1946,15.79
Country_62,1947,15.15
Country_62,1948,15.06
Country_62,1949,15.46
Country_62,1950,15.74
Country_62,1951,15.42
Country_62,1952,15.42
Country_62,1953,15.98
Country_62,1954,15.77
Country_62,1955,16.06
Country_62,1956,16.12
Country_62,1957,15.81
Country_62,1958,16.6
Country_62,1959,15.72
Country_62,1960,16.31
Country_62,1961,15.51
Country_62,1962,16.51
Country_62,1963,15.93
Country_62,1964,15.61
Country_62,1965,15.62
Country_62,1966,16.26
Country_62,1967,15.5
Country_62,1968,15.59
Country_62,1969,15.51
Country_62,1970,16.45
Country_62,1971,16.02
Country_62,1972,15.89
Country_62,1973,16.03
Country_62,1974,15.15
Country_62,1975,15.92
Country_62,1976,16.35
Country_62,1977,15.86
Country_62,1978,16.42
Country_62,1979,16.14
Country_62,1980,16.54
Country_62,1981,16.25
Country_62,1982,16.02
Country_62,1983,17.06
Country_62,1984,16.52
Country_62,1985,16.11
Country_62,1986,16.5
Country_62,1987,16.04
Country_62,1988,16.5
Country_62,1989,16.59
Country_62,1990,15.93
Country_62,1991,15.83
Country_62,1992,16.85
Country_62,1993,16.13
Country_62,1994,16.65
Country_62,1995,16.44
Country_62,1996,16.55
Country_62,1997,16.44
Country_62,1998,16.73
Country_62,1999,16.47
Country_62,2000,16.59
Country_62,2001,16.3
Country_62,2002,16.86
Country_62,2003,16.55
Country_62,2004,16.09
Country_62,2005,16.72
Country_62,2006,15.94
Country_62,2007,16.4
Country_62,2008,16.14
Country_62,2009,16.53
Country_62,2010,16.46
Country_62,2011,16.64
Country_62,2012,16.29
Country_62,2013,16.31
Country_62,2014,16.84
Country_62,2015,16.99
Country_62,2016,16.96
Country_62,2017,16.46
Country_62,2018,16.92
Country_62,2019,16.88
Country_62,2020,16.79
Country_62,2021,16.76
Country_62,2022,16.46
Country_62,2023,16.68
Country_63,1900,11.86
Country_63,1901,12.45
Country_63,1902,12.35
Country_63,1903,12.13
Country_63,1904,12.31
Country_63,1905,12.36
Country_63,1906,12.29
Country_63,1907,12.39
Country_63,1908,12.21
Country_63,1909,12.46
Country_63,1910,12.44
Country_63,1911,11.89
Country_63,1912,12.47
Country_63,1913,11.7
Country_63,1914,12.64
Country_63,1915,12.17
Country_63,1916,12.68
Country_63,1917,12.51
Country_63,1918,12.76
Country_63,1919,12.49
Country_63,1920,12.53
Country_63,1921,12.17
Country_63,1922,12.13
Country_63,1923,12.75
Country_63,1924,12.56
Country_63,1925,12.17
Country_63,1926,12.23
Country_63,1927,12.68
Country_63,1928,12.44
Country_63,1929,12.45
Country_63,1930,12.98
Country_63,1931,12.2
Country_63,1932,12.43
Country_63,1933,12.51
Country_63,1934,12.83
Country_63,1935,12.92
Country_63,1936,12.44
Country_63,1937,12.62
Country_63,1938,12.3
Country_63,1939,12.83
Country_63,1940,12.5
Country_63,1941,12.86
Country_63,1942,12.7
Country_63,1943,13.13
Country_63,1944,12.71
Country_63,1945,12.92
Country_63,1946,13.11
Country_63,1947,12.73
Country_63,1948,12.54
Country_63,1949,12.75
Country_63,1950,13.4
Country_63,1951,12.77
Country_63,1952,12.44
Country_63,1953,13.36
Country_63,1954,12.71
Country_63,1955,12.18
Country_63,1956,12.99
Country_63,1957,12.84
Country_63,1958,12.64
Country_63,1959,12.77
Country_63,1960,13.0
Country_63,1961,13.02
Country_63,1962,12.59
Country_63,1963,13.01
Country_63,1964,13.39
Country_63,1965,13.16
Country_63,1966,13.39
Country_63,1967,12.99
Country_63,1968,13.46
Country_63,1969,13.46
Country_63,1970,12.9
Country_63,1971,13.07
Country_63,1972,13.08
Country_63,1973,13.49
Country_63,1974,13.43
Country_63,1975,12.5
Country_63,1976,13.28
Country_63,1977,12.46
Country_63,1978,13.32
Country_63,1979,12.93
Country_63,1980,13.25
Country_63,1981,13.09
Country_63,1982,13.21
Country_63,1983,13.11
Country_63,1984,13.68
Country_63,1985,13.55
Country_63,1986,13.32
Country_63,1987,13.51
Country_63,1988,13.13
Country_63,1989,13.28
Country_63,1990,13.09
Country_63,1991,13.02
Country_63,1992,13.04
Country_63,1993,13.16
Country_63,1994,13.75
Country_63,1995,13.82
Country_63,1996,13.43
Country_63,1997,13.42
Country_63,1998,13.25
Country_63,1999,13.62
Country_63,2000,13.59
Country_63,2001,13.69
Country_63,2002,13.84
Country_63,2003,13.16
Country_63,2004,13.64
Country_63,2005,13.51
Country_63,2006,13.49
Country_63,2007,13.33
Country_63,2008,13.69
Country_63,2009,13.82
Country_63,2010,13.97
Country_63,2011,14.08
Country_63,2012,14.09
Country_63,2013,14.47
Country_63,2014,14.18
Country_63,2015,13.56
Country_63,2016,13.36
Country_63,2017,14.27
Country_63,2018,13.49
Country_63,2019,13.44
Country_63,2020,14.26
Country_63,2021,13.81
Country_63,2022,14.17
Country_63,2023,14.05
Country_64,1900,14.02
Country_64,1901,13.38
Country_64,1902,13.73
Country_64,1903,13.97
Country_64,1904,13.95
Country_64,1905,14.04
Country_64,1906,13.57
Country_64,1907,13.71
Country_64,1908,13.36
Country_64,1909,14.29
Country_64,1910,13.01
Country_64,1911,13.16
Country_64,1912,13.49
Country_64,1913,13.17
Country_64,1914,13.83
Country_64,1915,13.98
Country_64,1916,13.89
Country_64,1917,13.92
Country_64,1918,14.05
Country_64,1919,13.79
Country_64,1920,14.13
Country_64,1921,14.31
Country_64,1922,13.53
Country_64,1923,13.63
Country_64,1924,14.2
Country_64,1925,14.43
Country_64,1926,13.67
Country_64,1927,14.02
Country_64,1928,13.96
Country_64,1929,14.01
Country_64,1930,14.35
Country_64,1931,14.2
Country_64,1932,14.31
Country_64,1933,13.97
Country_64,1934,13.75
Country_64,1935,14.4
Country_64,1936,14.72
Country_64,1937,13.48
Country_64,1938,13.88
Country_64,1939,14.48
Country_64,1940,14.05
Country_64,1941,14.42
Country_64,1942,13.69
Country_64,1943,15.07
Country_64,1944,14.4
Country_64,1945,15.05
Country_64,1946,14.27
Country_64,1947,14.43
Country_64,1948,14.46
Country_64,1949,14.22
Country_64,1950,14.27
Country_64,1951,14.68
Country_64,1952,14.69
Country_64,1953,14.68
Country_64,1954,15.25
Country_64,1955,14.23
Country_64,1956,14.43
Country_64,1957,14.46
Country_64,1958,14.91
Country_64,1959,14.5
Country_64,1960,14.3
Country_64,1961,14.51
Country_64,1962,13.99
Country_64,1963,14.64
Country_64,1964,14.62
Country_64,1965,13.96
Country_64,1966,14.36
Country_64,1967,14.23
Country_64,1968,14.88
Country_64,1969,15.1
Country_64,1970,14.86
Country_64,1971,14.68
Country_64,1972,14.42
Country_64,1973,14.49
Country_64,1974,14.63
Country_64,1975,14.57
Country_64,1976,14.92
Country_64,1977,14.86
Country_64,1978,14.84
Country_64,1979,14.73
Country_64,1980,14.99
Country_64,1981,14.66
Country_64,1982,14.66
Country_64,1983,15.31
Country_64,1984,14.96
Country_64,1985,14.97
Country_64,1986,14.89
Country_64,1987,15.18
Country_64,1988,14.65
Country_64,1989,15.16
Country_64,1990,15.08
Country_64,1991,14.56
Country_64,1992,14.91
Country_64,1993,15.26
Country_64,1994,15.26
Country_64,1995,14.91
Country_64,1996,15.03
Country_64,1997,14.91
Country_64,1998,14.86
Country_64,1999,14.73
Country_64,2000,14.91
Country_64,2001,15.45
Country_64,2002,15.72
Country_64,2003,15.4
Country_64,2004,14.93
Country_64,2005,15.37
Country_64,2006,15.16
Country_64,2007,15.42
Country_64,2008,15.8
Country_64,2009,15.13
Country_64,2010,14.64
Country_64,2011,15.26
Country_64,2012,15.59
Country_64,2013,14.79
Country_64,2014,14.97
Country_64,2015,15.17
Country_64,2016,15.64
Country_64,2017,15.36
Country_64,2018,14.94
Country_64,2019,14.51
Country_64,2020,15.35
Country_64,2021,15.03
Country_64,2022,15.54
Country_64,2023,15.97
Country_65,1900,17.86
Country_65,1901,17.59
Country_65,1902,17.93
Country_65,1903,18.04
Country_65,1904,17.88
Country_65,1905,18.09
Country_65,1906,17.91
Country_65,1907,17.86
Country_65,1908,17.69
Country_65,1909,18.26
Country_65,1910,18.15
Country_65,1911,18.03
Country_65,1912,18.08
Country_65,1913,18.42
Country_65,1914,18.22
Country_65,1915,18.27
Country_65,1916,18.69
Country_65,1917,18.19
Country_65,1918,18.83
Country_65,1919,18.31
Country_65,1920,17.96
Country_65,1921,17.89
Country_65,1922,17.8
Country_65,1923,18.49
Country_65,1924,18.42
Country_65,1925,18.3
Country_65,1926,18.45
Country_65,1927,18.06
Country_65,1928,18.39
Country_65,1929,18.82
Country_65,1930,18.27
Country_65,1931,18.37
Country_65,1932,18.82
Country_65,1933,18.29
Country_65,1934,18.84
Country_65,1935,18.51
Country_65,1936,18.27
Country_65,1937,18.36
Country_65,1938,18.54
Country_65,1939,18.17
Country_65,1940,18.92
Country_65,1941,18.8
Country_65,1942,18.1
Country_65,1943,18.39
Country_65,1944,18.82
Country_65,1945,18.96
Country_65,1946,18.77
Country_65,1947,18.01
Country_65,1948,18.62
Country_65,1949,18.37
Country_65,1950,18.64
Country_65,1951,18.35
Country_65,1952,18.51
Country_65,1953,18.72
Country_65,1954,18.37
Country_65,1955,18.68
Country_65,1956,18.54
Country_65,1957,18.45
Country_65,1958,19.14
Country_65,1959,18.69
Country_65,1960,18.65
Country_65,1961,19.09
Country_65,1962,18.75
Country_65,1963,18.3
Country_65,1964,18.96
Country_65,1965,18.81
Country_65,1966,18.81
Country_65,1967,18.86
Country_65,1968,19.09
Country_65,1969,19.54
Country_65,1970,19.63
Country_65,1971,19.14
Country_65,1972,18.83
Country_65,1973,18.79
Country_65,1974,18.71
Country_65,1975,18.67
Country_65,1976,19.61
Country_65,1977,19.36
Country_65,1978,18.75
Country_65,1979,19.02
Country_65,1980,19.18
Country_65,1981,19.13
Country_65,1982,19.28
Country_65,1983,18.96
Country_65,1984,18.82
Country_65,1985,19.49
Country_65,1986,19.62
Country_65,1987,19.39
Country_65,1988,19.37
Country_65,1989,19.07
Country_65,1990,19.08
Country_65,1991,19.23
Country_65,1992,18.88
Country_65,1993,19.02
Country_65,1994,19.29
Country_65,1995,19.31
Country_65,1996,19.64
Country_65,1997,19.46
Country_65,1998,19.45
Country_65,1999,18.98
Country_65,2000,19.19
Country_65,2001,19.16
Country_65,2002,19.62
Country_65,2003,18.94
Country_65,2004,19.41
Country_65,2005,19.55
Country_65,2006,19.51
Country_65,2007,19.24
Country_65,2008,19.45
Country_65,2009,19.64
Country_65,2010,19.7
Country_65,2011,19.96
Country_65,2012,19.07
Country_65,2013,19.27
Country_65,2014,19.9
Country_65,2015,19.29
Country_65,2016,19.44
Country_65,2017,19.53
Country_65,2018,19.63
Country_65,2019,19.58
Country_65,2020,19.81
Country_65,2021,19.49
Country_65,2022,19.88
Country_65,2023,19.97
Country_66,1900,14.97
Country_66,1901,14.43
Country_66,1902,14.34
Country_66,1903,13.98
Country_66,1904,14.22
Country_66,1905,14.84
Country_66,1906,14.75
Country_66,1907,14.26
Country_66,1908,14.61
Country_66,1909,14.08
Country_66,1910,14.36
Country_66,1911,14.94
Country_66,1912,14.93
Country_66,1913,14.61
Country_66,1914,14.53
Country_66,1915,14.72
Country_66,1916,14.37
Country_66,1917,14.95
Country_66,1918,14.44
Country_66,1919,14.83
Country_66,1920,14.38
Country_66,1921,14.53
Country_66,1922,14.4
Country_66,1923,14.97
Country_66,1924,14.74
Country_66,1925,15.11
Country_66,1926,14.82
Country_66,1927,14.55
Country_66,1928,15.19
Country_66,1929,14.3
Country_66,1930,14.21
Country_66,1931,14.3
Country_66,1932,14.7
Country_66,1933,14.87
Country_66,1934,14.87
Country_66,1935,15.06
Country_66,1936,14.86
Country_66,1937,15.27
Country_66,1938,14.25
Country_66,1939,14.8
Country_66,1940,14.77
Country_66,1941,15.13
Country_66,1942,15.11
Country_66,1943,14.68
Country_66,1944,15.42
Country_66,1945,15.27
Country_66,1946,15.43
Country_66,1947,15.07
Country_66,1948,14.88
Country_66,1949,15.67
Country_66,1950,15.33
Country_66,1951,14.98
Country_66,1952,14.95
Country_66,1953,15.27
Country_66,1954,15.44
Country_66,1955,15.0
Country_66,1956,15.19
Country_66,1957,15.12
Country_66,1958,14.69
Country_66,1959,15.85
Country_66,1960,15.98
Country_66,1961,15.17
Country_66,1962,14.91
Country_66,1963,15.4
Country_66,1964,15.73
Country_66,1965,15.35
Country_66,1966,15.23
Country_66,1967,15.25
Country_66,1968,15.67
Country_66,1969,15.69
Country_66,1970,15.25
Country_66,1971,15.04
Country_66,1972,15.39
Country_66,1973,15.64
Country_66,1974,15.24
Country_66,1975,15.29
Country_66,1976,15.5
Country_66,1977,15.99
Country_66,1978,15.57
Country_66,1979,15.77
Country_66,1980,15.64
Country_66,1981,15.88
Country_66,1982,15.7
Country_66,1983,16.02
Country_66,1984,16.07
Country_66,1985,15.79
Country_66,1986,15.45
Country_66,1987,15.71
Country_66,1988,15.76
Country_66,1989,16.35
Country_66,1990,15.79
Country_66,1991,15.86
Country_66,1992,15.87
Country_66,1993,15.14
Country_66,1994,16.08
Country_66,1995,16.04
Country_66,1996,15.45
Country_66,1997,15.44
Country_66,1998,15.35
Country_66,1999,15.29
Country_66,2000,15.79
Country_66,2001,16.08
Country_66,2002,15.85
Country_66,2003,16.31
Country_66,2004,16.03
Country_66,2005,15.84
Country_66,2006,16.28
Country_66,2007,16.37
Country_66,2008,15.78
Country_66,2009,16.52
Country_66,2010,16.28
Country_66,2011,16.12
Country_66,2012,16.13
Country_66,2013,15.99
Country_66,2014,15.97
Country_66,2015,14.96
Country_66,2016,15.73
Country_66,2017,16.33
Country_66,2018,15.45
Country_66,2019,16.21
Country_66,2020,16.41
Country_66,2021,16.37
Country_66,2022,16.42
Country_66,2023,16.46
Country_67,1900,18.27
Country_67,1901,18.96
Country_67,1902,18.49
Country_67,1903,18.31
Country_67,1904,18.43
Country_67,1905,18.12
Country_67,1906,18.64
Country_67,1907,18.41
Country_67,1908,18.7
Country_67,1909,18.3
Country_67,1910,18.63
Country_67,1911,18.23
Country_67,1912,19.2
Country_67,1913,19.26
Country_67,1914,18.84
Country_67,1915,19.06
Country_67,1916,18.43
Country_67,1917,19.22
Country_67,1918,18.56
Country_67,1919,19.28
Country_67,1920,18.64
Country_67,1921,18.85
Country_67,1922,18.73
Country_67,1923,19.01
Country_67,1924,18.87
Country_67,1925,19.39
Country_67,1926,18.72
Country_67,1927,18.49
Country_67,1928,19.18
Country_67,1929,18.71
Country_67,1930,18.71
Country_67,1931,18.68
Country_67,1932,18.61
Country_67,1933,18.84
Country_67,1934,19.1
Country_67,1935,18.92
Country_67,1936,18.58
Country_67,1937,18.89
Country_67,1938,18.62
Country_67,1939,19.03
Country_67,1940,19.28
Country_67,1941,18.93
Country_67,1942,19.32
Country_67,1943,19.38
Country_67,1944,18.94
Country_67,1945,18.86
Country_67,1946,18.91
Country_67,1947,19.44
Country_67,1948,19.25
Country_67,1949,19.47
Country_67,1950,18.89
Country_67,1951,18.84
Country_67,1952,19.33
Country_67,1953,19.27
Country_67,1954,19.79
Country_67,1955,19.27
Country_67,1956,19.04
Country_67,1957,18.97
Country_67,1958,19.16
Country_67,1959,18.97
Country_67,1960,19.0
Country_67,1961,19.49
Country_67,1962,19.56
Country_67,1963,19.32
Country_67,1964,18.92
Country_67,1965,19.62
Country_67,1966,19.03
Country_67,1967,19.59
Country_67,1968,19.42
Country_67,1969,19.3
Country_67,1970,19.77
Country_67,1971,19.23
Country_67,1972,19.67
Country_67,1973,20.19
Country_67,1974,19.5
Country_67,1975,19.87
Country_67,1976,19.98
Country_67,1977,19.78
Country_67,1978,19.49
Country_67,1979,19.65
Country_67,1980,19.85
Country_67,1981,19.61
Country_67,1982,19.41
Country_67,1983,20.08
Country_67,1984,19.76
Country_67,1985,19.74
Country_67,1986,20.01
Country_67,1987,19.37
Country_67,1988,19.47
Country_67,1989,20.06
Country_67,1990,19.7
Country_67,1991,19.57
Country_67,1992,20.1
Country_67,1993,19.5
Country_67,1994,20.07
Country_67,1995,19.73
Country_67,1996,20.22
Country_67,1997,20.31
Country_67,1998,20.32
Country_67,1999,19.99
Country_67,2000,20.06
Country_67,2001,20.24
Country_67,2002,19.92
Country_67,2003,19.87
Country_67,2004,20.31
Country_67,2005,20.08
Country_67,2006,20.24
Country_67,2007,20.07
Country_67,2008,19.5
Country_67,2009,20.12
Country_67,2010,19.62
Country_67,2011,19.77
Country_67,2012,20.04
Country_67,2013,20.03
Country_67,2014,20.25
Country_67,2015,19.92
Country_67,2016,19.83
Country_67,2017,19.76
Country_67,2018,20.21
Country_67,2019,19.89
Country_67,2020,20.16
Country_67,2021,20.67
Country_67,2022,20.05
Country_67,2023,19.94
Country_68,1900,11.13
Country_68,1901,11.19
Country_68,1902,11.08
Country_68,1903,11.27
Country_68,1904,11.59
Country_68,1905,11.01
Country_68,1906,10.8
Country_68,1907,11.36
Country_68,1908,10.99
Country_68,1909,11.76
Country_68,1910,11.74
Country_68,1911,11.15
Country_68,1912,11.78
Country_68,1913,11.57
Country_68,1914,11.83
Country_68,1915,10.74
Country_68,1916,11.14
Country_68,1917,12.25
Country_68,1918,11.36
Country_68,1919,11.79
Country_68,1920,11.15
Country_68,1921,11.45
Country_68,1922,11.71
Country_68,1923,11.49
Country_68,1924,11.81
Country_68,1925,11.82
Country_68,1926,11.55
Country_68,1927,11.58
Country_68,1928,11.3
Country_68,1929,11.35
Country_68,1930,11.43
Country_68,1931,11.75
Country_68,1932,11.58
Country_68,1933,11.51
Country_68,1934,11.36
Country_68,1935,11.29
Country_68,1936,11.66
Country_68,1937,11.91
Country_68,1938,12.19
Country_68,1939,12.07
Country_68,1940,12.02
Country_68,1941,12.0
Country_68,1942,12.33
Country_68,1943,11.99
Country_68,1944,11.69
Country_68,1945,11.54
Country_68,1946,12.27
Country_68,1947,12.52
Country_68,1948,12.23
Country_68,1949,12.53
Country_68,1950,11.47
Country_68,1951,11.61
Country_68,1952,12.76
Country_68,1953,12.19
Country_68,1954,12.38
Country_68,1955,12.26
Country_68,1956,12.31
Country_68,1957,12.15
Country_68,1958,12.05
Country_68,1959,12.29
Country_68,1960,12.26
Country_68,1961,12.0
Country_68,1962,12.05
Country_68,1963,12.22
Country_68,1964,12.65
Country_68,1965,12.14
Country_68,1966,11.88
Country_68,1967,12.6
Country_68,1968,12.72
Country_68,1969,11.96
Country_68,1970,12.59
Country_68,1971,12.47
Country_68,1972,12.2
Country_68,1973,12.46
Country_68,1974,12.42
Country_68,1975,12.99
Country_68,1976,12.32
Country_68,1977,12.29
Country_68,1978,13.34
Country_68,1979,12.73
Country_68,1980,12.69
Country_68,1981,12.37
Country_68,1982,13.06
Country_68,1983,12.38
Country_68,1984,12.4
Country_68,1985,12.48
Country_68,1986,12.46
Country_68,1987,12.19
Country_68,1988,12.15
Country_68,1989,12.73
Country_68,1990,13.39
Country_68,1991,12.81
Country_68,1992,12.9
Country_68,1993,13.02
Country_68,1994,13.23
Country_68,1995,12.66
Country_68,1996,12.75
Country_68,1997,12.74
Country_68,1998,12.67
Country_68,1999,12.89
Country_68,2000,12.58
Country_68,2001,12.6
Country_68,2002,12.32
Country_68,2003,12.62
Country_68,2004,12.77
Country_68,2005,13.09
Country_68,2006,13.12
Country_68,2007,13.07
Country_68,2008,12.85
Country_68,2009,13.21
Country_68,2010,13.0
Country_68,2011,12.86
Country_68,2012,12.6
Country_68,2013,13.06
Country_68,2014,13.36
Country_68,2015,13.78
Country_68,2016,12.94
Country_68,2017,12.71
Country_68,2018,12.7
Country_68,2019,12.98
Country_68,2020,12.86
Country_68,2021,13.26
Country_68,2022,13.28
Country_68,2023,13.51
Country_69,1900,20.24
Country_69,1901,19.47
Country_69,1902,19.96
Country_69,1903,20.13
Country_69,1904,20.02
Country_69,1905,19.78
Country_69,1906,19.66
Country_69,1907,20.08
Country_69,1908,19.61
Country_69,1909,20.24
Country_69,1910,20.55
Country_69,1911,19.85
Country_69,1912,20.13
Country_69,1913,20.1
Country_69,1914,20.35
Country_69,1915,20.04
Country_69,1916,19.78
Country_69,1917,19.89
Country_69,1918,20.25
Country_69,1919,19.88
Country_69,1920,19.57
Country_69,1921,20.08
Country_69,1922,20.53
Country_69,1923,20.32
Country_69,1924,20.22
Country_69,1925,19.98
Country_69,1926,19.69
Country_69,1927,20.2
Country_69,1928,20.01
Country_69,1929,19.87
Country_69,1930,20.21
Country_69,1931,20.67
Country_69,1932,20.25
Country_69,1933,20.38
Country_69,1934,20.28
Country_69,1935,20.95
Country_69,1936,19.98
Country_69,1937,20.23
Country_69,1938,20.75
Country_69,1939,19.8
Country_69,1940,20.66
Country_69,1941,20.52
Country_69,1942,20.54
Country_69,1943,20.67
Country_69,1944,20.16
Country_69,1945,20.48
Country_69,1946,20.58
Country_69,1947,20.57
Country_69,1948,19.72
Country_69,1949,20.85
Country_69,1950,20.77
Country_69,1951,20.41
Country_69,1952,20.38
Country_69,1953,20.15
Country_69,1954,20.01
Country_69,1955,20.33
Country_69,1956,20.98
Country_69,1957,20.44
Country_69,1958,20.31
Country_69,1959,20.46
Country_69,1960,20.46
Country_69,1961,20.45
Country_69,1962,20.76
Country_69,1963,20.24
Country_69,1964,20.91
Country_69,1965,20.98
Country_69,1966,20.72
Country_69,1967,20.5
Country_69,1968,21.28
Country_69,1969,21.04
Country_69,1970,20.99
Country_69,1971,20.3
Country_69,1972,20.74
Country_69,1973,21.09
Country_69,1974,20.9
Country_69,1975,20.94
Country_69,1976,21.05
Country_69,1977,20.83
Country_69,1978,20.92
Country_69,1979,21.16
Country_69,1980,20.64
Country_69,1981,20.98
Country_69,1982,20.53
Country_69,1983,21.12
Country_69,1984,20.59
Country_69,1985,21.04
Country_69,1986,21.07
Country_69,1987,21.01
Country_69,1988,20.9
Country_69,1989,21.39
Country_69,1990,21.73
Country_69,1991,21.3
Country_69,1992,21.0
Country_69,1993,21.37
Country_69,1994,21.38
Country_69,1995,21.06
Country_69,1996,21.85
Country_69,1997,21.18
Country_69,1998,21.22
Country_69,1999,21.13
Country_69,2000,21.36
Country_69,2001,21.28
Country_69,2002,21.72
Country_69,2003,21.15
Country_69,2004,21.04
Country_69,2005,21.29
Country_69,2006,21.34
Country_69,2007,21.27
Country_69,2008,21.05
Country_69,2009,21.48
Country_69,2010,21.36
Country_69,2011,21.19
Country_69,2012,21.9
Country_69,2013,21.32
Country_69,2014,21.44
Country_69,2015,20.94
Country_69,2016,21.52
Country_69,2017,21.32
Country_69,2018,21.27
Country_69,2019,21.83
Country_69,2020,21.77
Country_69,2021,21.28
Country_69,2022,21.36
Country_69,2023,21.96
Country_70,1900,11.24
Country_70,1901,10.44
Country_70,1902,10.53
Country_70,1903,11.59
Country_70,1904,11.53
Country_70,1905,11.1
Country_70,1906,11.08
Country_70,1907,11.07
Country_70,1908,10.54
Country_70,1909,11.46
Country_70,1910,10.97
Country_70,1911,11.09
Country_70,1912,10.73
Country_70,1913,11.16
Country_70,1914,11.13
Country_70,1915,11.42
Country_70,1916,11.31
Country_70,1917,11.18
Country_70,1918,11.15
Country_70,1919,12.1
Country_70,1920,11.78
Country_70,1921,11.22
Country_70,1922,11.23
Country_70,1923,11.46
Country_70,1924,11.32
Country_70,1925,11.61
Country_70,1926,11.32
Country_70,1927,10.92
Country_70,1928,11.79
Country_70,1929,11.21
Country_70,1930,11.24
Country_70,1931,11.04
Country_70,1932,11.69
Country_70,1933,11.2
Country_70,1934,11.75
Country_70,1935,11.98
Country_70,1936,12.09
Country_70,1937,11.51
Country_70,1938,11.32
Country_70,1939,11.52
Country_70,1940,11.95
Country_70,1941,12.2
Country_70,1942,11.29
Country_70,1943,11.53
Country_70,1944,11.1
Country_70,1945,11.76
Country_70,1946,11.37
Country_70,1947,11.66
Country_70,1948,11.41
Country_70,1949,11.96
Country_70,1950,11.97
Country_70,1951,11.9
Country_70,1952,12.13
Country_70,1953,11.84
Country_70,1954,11.69
Country_70,1955,11.38
Country_70,1956,11.62
Country_70,1957,12.12
Country_70,1958,11.68
Country_70,1959,11.96
Country_70,1960,11.77
Country_70,1961,11.99
Country_70,1962,12.09
Country_70,1963,12.32
Country_70,1964,12.12
Country_70,1965,12.4
Country_70,1966,11.85
Country_70,1967,11.75
Country_70,1968,11.98
Country_70,1969,12.42
Country_70,1970,12.09
Country_70,1971,12.02
Country_70,1972,11.59
Country_70,1973,12.29
Country_70,1974,12.52
Country_70,1975,12.0
Country_70,1976,12.77
Country_70,1977,12.46
Country_70,1978,12.33
Country_70,1979,12.43
Country_70,1980,11.98
Country_70,1981,12.31
Country_70,1982,12.42
Country_70,1983,12.09
Country_70,1984,12.53
Country_70,1985,11.91
Country_70,1986,12.32
Country_70,1987,12.23
Country_70,1988,12.16
Country_70,1989,12.23
Country_70,1990,12.79
Country_70,1991,12.32
Country_70,1992,12.47
Country_70,1993,12.36
Country_70,1994,12.44
Country_70,1995,12.69
Country_70,1996,12.34
Country_70,1997,12.41
Country_70,1998,11.71
Country_70,1999,12.3
Country_70,2000,12.67
Country_70,2001,12.66
Country_70,2002,13.21
Country_70,2003,12.55
Country_70,2004,11.54
Country_70,2005,12.66
Country_70,2006,12.94
Country_70,2007,12.75
Country_70,2008,12.21
Country_70,2009,12.26
Country_70,2010,12.67
Country_70,2011,12.87
Country_70,2012,12.33
Country_70,2013,13.5
Country_70,2014,12.71
Country_70,2015,12.39
Country_70,2016,12.72
Country_70,2017,12.68
Country_70,2018,12.84
Country_70,2019,12.76
Country_70,2020,12.78
Country_70,2021,13.01
Country_70,2022,13.06
Country_70,2023,13.04
Country_71,1900,17.05
Country_71,1901,16.26
Country_71,1902,16.72
Country_71,1903,16.52
Country_71,1904,17.18
Country_71,1905,16.88
Country_71,1906,16.45
Country_71,1907,16.72
Country_71,1908,17.1
Country_71,1909,16.63
Country_71,1910,17.1
Country_71,1911,17.25
Country_71,1912,16.83
Country_71,1913,16.8
Country_71,1914,16.31
Country_71,1915,16.88
Country_71,1916,16.89
Country_71,1917,16.94
Country_71,1918,17.08
Country_71,1919,17.01
Country_71,1920,17.17
Country_71,1921,17.35
Country_71,1922,17.16
Country_71,1923,16.82
Country_71,1924,17.42
Country_71,1925,16.59
Country_71,1926,17.04
Country_71,1927,16.8
Country_71,1928,17.09
Country_71,1929,17.06
Country_71,1930,17.09
Country_71,1931,17.27
Country_71,1932,16.91
Country_71,1933,17.14
Country_71,1934,16.89
Country_71,1935,17.31
Country_71,1936,16.81
Country_71,1937,17.02
Country_71,1938,17.15
Country_71,1939,16.84
Country_71,1940,17.23
Country_71,1941,17.58
Country_71,1942,17.19
Country_71,1943,17.13
Country_71,1944,16.76
Country_71,1945,17.21
Country_71,1946,17.01
Country_71,1947,17.29
Country_71,1948,17.38
Country_71,1949,17.58
Country_71,1950,17.67
Country_71,1951,17.34
Country_71,1952,16.87
Country_71,1953,17.69
Country_71,1954,17.42
Country_71,1955,17.83
Country_71,1956,17.4
Country_71,1957,17.2
Country_71,1958,18.06
Country_71,1959,17.62
Country_71,1960,17.47
Country_71,1961,17.79
Country_71,1962,17.69
Country_71,1963,17.94
Country_71,1964,17.65
Country_71,1965,17.82
Country_71,1966,17.81
Country_71,1967,18.05
Country_71,1968,17.58
Country_71,1969,17.87
Country_71,1970,17.52
Country_71,1971,17.56
Country_71,1972,17.61
Country_71,1973,17.79
Country_71,1974,17.48
Country_71,1975,17.93
Country_71,1976,17.68
Country_71,1977,18.15
Country_71,1978,17.8
Country_71,1979,17.42
Country_71,1980,17.65
Country_71,1981,18.81
Country_71,1982,18.0
Country_71,1983,18.32
Country_71,1984,17.99
Country_71,1985,18.26
Country_71,1986,17.78
Country_71,1987,18.17
Country_71,1988,18.48
Country_71,1989,17.4
Country_71,1990,17.5
Country_71,1991,17.41
Country_71,1992,17.83
Country_71,1993,18.66
Country_71,1994,18.16
Country_71,1995,18.08
Country_71,1996,18.79
Country_71,1997,18.7
Country_71,1998,17.93
Country_71,1999,18.52
Country_71,2000,17.77
Country_71,2001,17.51
Country_71,2002,18.1
Country_71,2003,18.1
Country_71,2004,17.87
Country_71,2005,18.13
Country_71,2006,18.42
Country_71,2007,18.84
Country_71,2008,18.28
Country_71,2009,18.35
Country_71,2010,18.34
Country_71,2011,18.14
Country_71,2012,18.02
Country_71,2013,18.78
Country_71,2014,18.96
Country_71,2015,18.65
Country_71,2016,18.71
Country_71,2017,18.19
Country_71,2018,18.21
Country_71,2019,18.17
Country_71,2020,18.21
Country_71,2021,18.16
Country_71,2022,18.68
Country_71,2023,18.46
Country_72,1900,14.36
Country_72,1901,14.15
Country_72,1902,14.3
Country_72,1903,13.84
Country_72,1904,13.99
Country_72,1905,14.01
Country_72,1906,14.76
Country_72,1907,14.37
Country_72,1908,14.31
Country_72,1909,14.12
Country_72,1910,14.45
Country_72,1911,14.26
Country_72,1912,14.8
Country_72,1913,14.14
Country_72,1914,14.66
Country_72,1915,14.76
Country_72,1916,14.52
Country_72,1917,14.79
Country_72,1918,14.68
Country_72,1919,14.12
Country_72,1920,14.79
Country_72,1921,14.55
Country_72,1922,14.65
Country_72,1923,14.58
Country_72,1924,15.14
Country_72,1925,14.92
Country_72,1926,14.65
Country_72,1927,14.4
Country_72,1928,14.42
Country_72,1929,14.32
Country_72,1930,15.1
Country_72,1931,14.6
Country_72,1932,14.62
Country_72,1933,15.24
Country_72,1934,14.71
Country_72,1935,14.43
Country_72,1936,15.07
Country_72,1937,14.83
Country_72,1938,14.44
Country_72,1939,14.8
Country_72,1940,14.83
Country_72,1941,15.23
Country_72,1942,14.71
Country_72,1943,14.6
Country_72,1944,15.01
Country_72,1945,15.13
Country_72,1946,15.66
Country_72,1947,15.17
Country_72,1948,15.63
Country_72,1949,15.7
Country_72,1950,15.68
Country_72,1951,15.32
Country_72,1952,15.01
Country_72,1953,15.04
Country_72,1954,14.92
Country_72,1955,15.08
Country_72,1956,14.84
Country_72,1957,15.25
Country_72,1958,15.24
Country_72,1959,14.98
Country_72,1960,14.59
Country_72,1961,14.94
Country_72,1962,14.56
Country_72,1963,15.21
Country_72,1964,14.84
Country_72,1965,15.03
Country_72,1966,14.95
Country_72,1967,15.32
Country_72,1968,15.59
Country_72,1969,14.92
Country_72,1970,15.59
Country_72,1971,15.94
Country_72,1972,14.97
Country_72,1973,15.82
Country_72,1974,15.2
Country_72,1975,15.24
Country_72,1976,15.2
Country_72,1977,15.29
Country_72,1978,15.54
Country_72,1979,15.37
Country_72,1980,15.27
Country_72,1981,15.42
Country_72,1982,15.16
Country_72,1983,16.17
Country_72,1984,15.06
Country_72,1985,16.03
Country_72,1986,15.42
Country_72,1987,15.44
Country_72,1988,16.33
Country_72,1989,15.7
Country_72,1990,15.64
Country_72,1991,15.72
Country_72,1992,16.03
Country_72,1993,15.84
Country_72,1994,15.55
Country_72,1995,15.75
Country_72,1996,16.28
Country_72,1997,15.01
Country_72,1998,15.36
Country_72,1999,15.79
Country_72,2000,15.72
Country_72,2001,15.32
Country_72,2002,15.32
Country_72,2003,16.17
Country_72,2004,15.73
Country_72,2005,15.94
Country_72,2006,16.05
Country_72,2007,16.28
Country_72,2008,15.75
Country_72,2009,15.61
Country_72,2010,15.44
Country_72,2011,15.85
Country_72,2012,15.8
Country_72,2013,16.05
Country_72,2014,15.44
Country_72,2015,16.16
Country_72,2016,15.9
Country_72,2017,16.07
Country_72,2018,16.68
Country_72,2019,15.93
Country_72,2020,15.56
Country_72,2021,16.62
Country_72,2022,16.71
Country_72,2023,16.08
Country_73,1900,21.64
Country_73,1901,21.92
Country_73,1902,21.61
Country_73,1903,22.03
Country_73,1904,22.11
Country_73,1905,22.5
Country_73,1906,21.65
Country_73,1907,21.5
Country_73,1908,21.63
Country_73,1909,21.87
Country_73,1910,21.96
Country_73,1911,21.83
Country_73,1912,21.9
Country_73,1913,22.21
Country_73,1914,22.22
Country_73,1915,21.89
Country_73,1916,22.04
Country_73,1917,22.07
Country_73,1918,22.22
Country_73,1919,21.49
Country_73,1920,21.89
Country_73,1921,21.93
Country_73,1922,22.18
Country_73,1923,22.26
Country_73,1924,21.82
Country_73,1925,21.84
Country_73,1926,22.19
Country_73,1927,22.17
Country_73,1928,22.13
Country_73,1929,22.19
Country_73,1930,22.03
Country_73,1931,21.96
Country_73,1932,21.73
Country_73,1933,22.22
Country_73,1934,22.35
Country_73,1935,22.43
Country_73,1936,22.41
Country_73,1937,21.95
Country_73,1938,22.09
Country_73,1939,22.19
Country_73,1940,21.99
Country_73,1941,22.82
Country_73,1942,22.11
Country_73,1943,22.89
Country_73,1944,22.5
Country_73,1945,22.5
Country_73,1946,22.33
Country_73,1947,22.09
Country_73,1948,22.33
Country_73,1949,22.59
Country_73,1950,22.23
Country_73,1951,22.12
Country_73,1952,22.49
Country_73,1953,22.89
Country_73,1954,22.95
Country_73,1955,22.02
Country_73,1956,22.27
Country_73,1957,22.11
Country_73,1958,22.61
Country_73,1959,22.58
Country_73,1960,22.46
Country_73,1961,22.65
Country_73,1962,22.87
Country_73,1963,22.58
Country_73,1964,21.95
Country_73,1965,23.36
Country_73,1966,22.86
Country_73,1967,22.6
Country_73,1968,22.91
Country_73,1969,22.43
Country_73,1970,23.08
Country_73,1971,22.46
Country_73,1972,22.64
Country_73,1973,22.97
Country_73,1974,23.09
Country_73,1975,22.66
Country_73,1976,23.21
Country_73,1977,22.7
Country_73,1978,23.01
Country_73,1979,23.28
Country_73,1980,22.82
Country_73,1981,23.19
Country_73,1982,22.86
Country_73,1983,22.76
Country_73,1984,22.89
Country_73,1985,23.16
Country_73,1986,22.69
Country_73,1987,22.45
Country_73,1988,23.23
Country_73,1989,23.39
Country_73,1990,22.89
Country_73,1991,22.79
Country_73,1992,22.65
Country_73,1993,23.28
Country_73,1994,22.41
Country_73,1995,23.14
Country_73,1996,23.33
Country_73,1997,23.31
Country_73,1998,22.64
Country_73,1999,23.59
Country_73,2000,23.25
Country_73,2001,22.97
Country_73,2002,23.52
Country_73,2003,22.9
Country_73,2004,23.83
Country_73,2005,22.89
Country_73,2006,23.19
Country_73,2007,23.0
Country_73,2008,23.46
Country_73,2009,22.89
Country_73,2010,23.25
Country_73,2011,23.37
Country_73,2012,23.9
Country_73,2013,23.41
Country_73,2014,22.8
Country_73,2015,23.33
Country_73,2016,23.6
Country_73,2017,23.68
Country_73,2018,23.09
Country_73,2019,23.19
Country_73,2020,23.91
Country_73,2021,22.93
Country_73,2022,23.81
Country_73,2023,23.59
Country_74,1900,12.13
Country_74,1901,12.17
Country_74,1902,11.82
Country_74,1903,12.06
Country_74,1904,12.06
Country_74,1905,12.16
Country_74,1906,12.43
Country_74,1907,11.36
Country_74,1908,11.98
Country_74,1909,11.92
Country_74,1910,12.42
Country_74,1911,12.24
Country_74,1912,11.6
Country_74,1913,11.92
Country_74,1914,12.18
Country_74,1915,12.1
Country_74,1916,12.03
Country_74,1917,11.75
Country_74,1918,12.29
Country_74,1919,12.14
Country_74,1920,12.16
Country_74,1921,12.25
Country_74,1922,12.08
Country_74,1923,12.45
Country_74,1924,12.43
Country_74,1925,12.12
Country_74,1926,12.2
Country_74,1927,12.36
Country_74,1928,11.98
Country_74,1929,11.75
Country_74,1930,12.58
Country_74,1931,12.12
Country_74,1932,12.53
Country_74,1933,12.05
Country_74,1934,12.37
Country_74,1935,12.53
Country_74,1936,12.4
Country_74,1937,12.41
Country_74,1938,11.71
Country_74,1939,12.49
Country_74,1940,12.47
Country_74,1941,12.54
Country_74,1942,12.11
Country_74,1943,12.5
Country_74,1944,12.48
Country_74,1945,12.44
Country_74,1946,12.45
Country_74,1947,12.11
Country_74,1948,12.13
Country_74,1949,12.27
Country_74,1950,12.74
Country_74,1951,12.92
Country_74,1952,12.28
Country_74,1953,12.86
Country_74,1954,12.93
Country_74,1955,12.57
Country_74,1956,12.12
Country_74,1957,12.95
Country_74,1958,13.0
Country_74,1959,12.57
Country_74,1960,12.92
Country_74,1961,12.74
Country_74,1962,12.92
Country_74,1963,12.72
Country_74,1964,13.11
Country_74,1965,12.99
Country_74,1966,12.74
Country_74,1967,12.27
Country_74,1968,12.55
Country_74,1969,13.09
Country_74,1970,13.08
Country_74,1971,12.87
Country_74,1972,12.71
Country_74,1973,13.39
Country_74,1974,13.69
Country_74,1975,12.68
Country_74,1976,12.4
Country_74,1977,13.01
Country_74,1978,12.55
Country_74,1979,12.87
Country_74,1980,13.06
Country_74,1981,13.24
Country_74,1982,13.28
Country_74,1983,12.59
Country_74,1984,13.51
Country_74,1985,12.64
Country_74,1986,12.88
Country_74,1987,12.97
Country_74,1988,12.81
Country_74,1989,13.67
Country_74,1990,13.14
Country_74,1991,12.87
Country_74,1992,12.79
Country_74,1993,12.75
Country_74,1994,13.45
Country_74,1995,13.05
Country_74,1996,13.9
Country_74,1997,14.04
Country_74,1998,13.41
Country_74,1999,13.12
Country_74,2000,13.11
Country_74,2001,13.53
Country_74,2002,13.28
Country_74,2003,12.94
Country_74,2004,13.53
Country_74,2005,13.67
Country_74,2006,12.98
Country_74,2007,13.02
Country_74,2008,13.12
Country_74,2009,13.04
Country_74,2010,13.2
Country_74,2011,13.33
Country_74,2012,13.03
Country_74,2013,13.55
Country_74,2014,13.76
Country_74,2015,14.17
Country_74,2016,13.61
Country_74,2017,13.37
Country_74,2018,13.5
Country_74,2019,13.34
Country_74,2020,13.36
Country_74,2021,13.35
Country_74,2022,13.44
Country_74,2023,14.48
Country_75,1900,14.74
Country_75,1901,15.0
Country_75,1902,15.31
Country_75,1903,15.73
Country_75,1904,15.17
Country_75,1905,15.27
Country_75,1906,14.99
Country_75,1907,15.34
Country_75,1908,15.28
Country_75,1909,15.39
Country_75,1910,15.32
Country_75,1911,16.19
Country_75,1912,15.4
Country_75,1913,14.67
Country_75,1914,15.12
Country_75,1915,15.58
Country_75,1916,15.51
Country_75,1917,15.38
Country_75,1918,15.45
Country_75,1919,15.79
Country_75,1920,15.31
Country_75,1921,14.99
Country_75,1922,15.48
Country_75,1923,15.54
Country_75,1924,15.43
Country_75,1925,15.48
Country_75,1926,15.52
Country_75,1927,15.69
Country_75,1928,15.37
Country_75,1929,15.69
Country_75,1930,15.61
Country_75,1931,15.56
Country_75,1932,15.75
Country_75,1933,15.91
Country_75,1934,15.98
Country_75,1935,15.51
Country_75,1936,15.49
Country_75,1937,15.38
Country_75,1938,15.36
Country_75,1939,15.76
Country_75,1940,15.85
Country_75,1941,16.05
Country_75,1942,16.5
Country_75,1943,16.1
Country_75,1944,15.86
Country_75,1945,16.13
Country_75,1946,15.8
Country_75,1947,16.38
Country_75,1948,15.78
Country_75,1949,16.02
Country_75,1950,16.1
Country_75,1951,15.73
Country_75,1952,15.8
Country_75,1953,15.94
Country_75,1954,15.72
Country_75,1955,15.6
Country_75,1956,15.98
Country_75,1957,15.44
Country_75,1958,15.7
Country_75,1959,15.41
Country_75,1960,15.86
Country_75,1961,16.5
Country_75,1962,16.1
Country_75,1963,16.0
Country_75,1964,15.66
Country_75,1965,16.11
Country_75,1966,16.43
Country_75,1967,16.39
Country_75,1968,15.85
Country_75,1969,16.03
Country_75,1970,15.9
Country_75,1971,15.92
Country_75,1972,15.86
Country_75,1973,16.07
Country_75,1974,16.23
Country_75,1975,16.04
Country_75,1976,15.94
Country_75,1977,16.31
Country_75,1978,16.42
Country_75,1979,15.95
Country_75,1980,16.49
Country_75,1981,16.03
Country_75,1982,16.58
Country_75,1983,16.07
Country_75,1984,15.81
Country_75,1985,16.06
Country_75,1986,16.67
Country_75,1987,16.41
Country_75,1988,16.84
Country_75,1989,16.03
Country_75,1990,16.97
Country_75,1991,16.64
Country_75,1992,16.56
Country_75,1993,16.86
Country_75,1994,16.6
Country_75,1995,16.6
Country_75,1996,16.41
Country_75,1997,17.02
Country_75,1998,16.81
Country_75,1999,16.65
Country_75,2000,16.72
Country_75,2001,16.33
Country_75,2002,16.47
Country_75,2003,16.83
Country_75,2004,16.62
Country_75,2005,16.78
Country_75,2006,16.72
Country_75,2007,16.85
Country_75,2008,17.45
Country_75,2009,16.63
Country_75,2010,16.56
Country_75,2011,16.7
Country_75,2012,16.4
Country_75,2013,16.76
Country_75,2014,16.65
Country_75,2015,16.96
Country_75,2016,16.68
Country_75,2017,16.69
Country_75,2018,16.99
Country_75,2019,17.18
Country_75,2020,17.33
Country_75,2021,17.27
Country_75,2022,17.08
Country_75,2023,16.9
Country_76,1900,25.55
Country_76,1901,24.75
Country_76,1902,24.99
Country_76,1903,24.81
Country_76,1904,24.97
Country_76,1905,25.03
Country_76,1906,24.81
Country_76,1907,25.31
Country_76,1908,24.91
Country_76,1909,25.23
Country_76,1910,24.5
Country_76,1911,25.03
Country_76,1912,25.49
Country_76,1913,25.18
Country_76,1914,24.99
Country_76,1915,25.01
Country_76,1916,25.11
Country_76,1917,24.86
Country_76,1918,25.0
Country_76,1919,24.8
Country_76,1920,25.41
Country_76,1921,25.39
Country_76,1922,25.58
Country_76,1923,25.01
Country_76,1924,25.42
Country_76,1925,24.91
Country_76,1926,25.45
Country_76,1927,25.57
Country_76,1928,25.65
Country_76,1929,24.8
Country_76,1930,25.28
Country_76,1931,26.14
Country_76,1932,25.19
Country_76,1933,25.81
Country_76,1934,25.02
Country_76,1935,25.92
Country_76,1936,25.28
Country_76,1937,25.57
Country_76,1938,25.77
Country_76,1939,25.77
Country_76,1940,25.09
Country_76,1941,25.24
Country_76,1942,25.73
Country_76,1943,25.42
Country_76,1944,25.84
Country_76,1945,25.32
Country_76,1946,25.95
Country_76,1947,25.51
Country_76,1948,25.97
Country_76,1949,25.57
Country_76,1950,25.94
Country_76,1951,25.52
Country_76,1952,25.87
Country_76,1953,26.06
Country_76,1954,25.86
Country_76,1955,26.2
Country_76,1956,25.91
Country_76,1957,25.65
Country_76,1958,26.02
Country_76,1959,26.07
Country_76,1960,25.62
Country_76,1961,26.08
Country_76,1962,26.14
Country_76,1963,26.13
Country_76,1964,25.61
Country_76,1965,26.58
Country_76,1966,26.67
Country_76,1967,25.48
Country_76,1968,25.91
Country_76,1969,26.28
Country_76,1970,26.04
Country_76,1971,26.14
Country_76,1972,26.0
Country_76,1973,26.74
Country_76,1974,26.36
Country_76,1975,26.14
Country_76,1976,26.72
Country_76,1977,26.43
Country_76,1978,26.43
Country_76,1979,26.42
Country_76,1980,26.16
Country_76,1981,26.37
Country_76,1982,26.01
Country_76,1983,25.83
Country_76,1984,26.27
Country_76,1985,26.58
Country_76,1986,26.58
Country_76,1987,26.61
Country_76,1988,26.76
Country_76,1989,26.21
Country_76,1990,26.3
Country_76,1991,26.29
Country_76,1992,26.8
Country_76,1993,25.85
Country_76,1994,26.67
Country_76,1995,26.48
Country_76,1996,27.01
Country_76,1997,26.11
Country_76,1998,26.64
Country_76,1999,26.04
Country_76,2000,25.72
Country_76,2001,26.49
Country_76,2002,26.62
Country_76,2003,26.52
Country_76,2004,26.01
Country_76,2005,26.22
Country_76,2006,26.87
Country_76,2007,26.52
Country_76,2008,26.83
Country_76,2009,26.23
Country_76,2010,27.03
Country_76,2011,26.67
Country_76,2012,26.49
Country_76,2013,26.53
Country_76,2014,26.74
Country_76,2015,26.61
Country_76,2016,26.51
Country_76,2017,26.85
Country_76,2018,26.93
Country_76,2019,26.76
Country_76,2020,26.6
Country_76,2021,26.94
Country_76,2022,26.68
Country_76,2023,26.21
Country_77,1900,10.94
Country_77,1901,10.42
Country_77,1902,10.54
Country_77,1903,10.15
Country_77,1904,10.68
Country_77,1905,11.14
Country_77,1906,10.43
Country_77,1907,10.87
Country_77,1908,10.03
Country_77,1909,10.9
Country_77,1910,10.65
Country_77,1911,10.84
Country_77,1912,10.65
Country_77,1913,11.15
Country_77,1914,11.03
Country_77,1915,10.34
Country_77,1916,10.19
Country_77,1917,10.78
Country_77,1918,10.68
Country_77,1919,10.93
Country_77,1920,11.02
Country_77,1921,10.78
Country_77,1922,11.19
Country_77,1923,10.91
Country_77,1924,11.28
Country_77,1925,10.93
Country_77,1926,11.15
Country_77,1927,10.52
Country_77,1928,11.14
Country_77,1929,10.65
Country_77,1930,11.36
Country_77,1931,11.07
Country_77,1932,11.02
Country_77,1933,11.05
Country_77,1934,11.4
Country_77,1935,11.23
Country_77,1936,11.45
Country_77,1937,11.23
Country_77,1938,10.93
Country_77,1939,11.07
Country_77,1940,11.89
Country_77,1941,11.24
Country_77,1942,10.94
Country_77,1943,11.38
Country_77,1944,11.13
Country_77,1945,11.13
Country_77,1946,11.98
Country_77,1947,11.25
Country_77,1948,11.26
Country_77,1949,11.66
Country_77,1950,11.3
Country_77,1951,11.84
Country_77,1952,10.96
Country_77,1953,11.69
Country_77,1954,11.22
Country_77,1955,11.87
Country_77,1956,11.36
Country_77,1957,11.2
Country_77,1958,11.29
Country_77,1959,11.66
Country_77,1960,11.94
Country_77,1961,11.38
Country_77,1962,11.7
Country_77,1963,11.26
Country_77,1964,11.45
Country_77,1965,11.22
Country_77,1966,11.5
Country_77,1967,11.44
Country_77,1968,11.49
Country_77,1969,11.44
Country_77,1970,11.72
Country_77,1971,11.64
Country_77,1972,11.19
Country_77,1973,11.6
Country_77,1974,11.14
Country_77,1975,11.38
Country_77,1976,11.63
Country_77,1977,12.07
Country_77,1978,11.86
Country_77,1979,12.06
Country_77,1980,12.2
Country_77,1981,12.0
Country_77,1982,11.73
Country_77,1983,12.42
Country_77,1984,12.07
Country_77,1985,12.12
Country_77,1986,11.92
Country_77,1987,11.72
Country_77,1988,11.82
Country_77,1989,12.12
Country_77,1990,11.46
Country_77,1991,11.39
Country_77,1992,11.97
Country_77,1993,11.86
Country_77,1994,12.06
Country_77,1995,12.47
Country_77,1996,11.83
Country_77,1997,12.19
Country_77,1998,11.98
Country_77,1999,12.19
Country_77,2000,12.26
Country_77,2001,11.97
Country_77,2002,12.68
Country_77,2003,12.31
Country_77,2004,12.21
Country_77,2005,12.08
Country_77,2006,12.04
Country_77,2007,11.82
Country_77,2008,12.36
Country_77,2009,12.13
Country_77,2010,12.86
Country_77,2011,12.58
Country_77,2012,11.82
Country_77,2013,12.41
Country_77,2014,12.22
Country_77,2015,12.21
Country_77,2016,12.09
Country_77,2017,12.45
Country_77,2018,12.61
Country_77,2019,12.48
Country_77,2020,12.33
Country_77,2021,12.63
Country_77,2022,12.5
Country_77,2023,13.03
Country_78,1900,15.58
Country_78,1901,16.14
Country_78,1902,15.77
Country_78,1903,15.59
Country_78,1904,15.95
Country_78,1905,15.82
Country_78,1906,16.23
Country_78,1907,16.38
Country_78,1908,15.84
Country_78,1909,16.24
Country_78,1910,15.84
Country_78,1911,16.03
Country_78,1912,15.96
Country_78,1913,15.65
Country_78,1914,16.37
Country_78,1915,16.57
Country_78,1916,16.19
Country_78,1917,15.59
Country_78,1918,16.73
Country_78,1919,15.93
Country_78,1920,16.62
Country_78,1921,16.12
Country_78,1922,16.24
Country_78,1923,16.06
Country_78,1924,16.61
Country_78,1925,16.37
Country_78,1926,16.3
Country_78,1927,15.82
Country_78,1928,16.41
Country_78,1929,16.55
Country_78,1930,16.13
Country_78,1931,16.6
Country_78,1932,16.25
Country_78,1933,16.59
Country_78,1934,16.11
Country_78,1935,16.11
Country_78,1936,16.41
Country_78,1937,16.37
Country_78,1938,16.65
Country_78,1939,16.39
Country_78,1940,16.72
Country_78,1941,16.69
Country_78,1942,16.46
Country_78,1943,16.27
Country_78,1944,16.41
Country_78,1945,16.67
Country_78,1946,16.84
Country_78,1947,16.49
Country_78,1948,16.66
Country_78,1949,15.95
Country_78,1950,16.4
Country_78,1951,16.52
Country_78,1952,16.38
Country_78,1953,16.71
Country_78,1954,16.72
Country_78,1955,16.89
Country_78,1956,17.18
Country_78,1957,16.84
Country_78,1958,16.65
Country_78,1959,16.65
Country_78,1960,16.66
Country_78,1961,17.09
Country_78,1962,17.17
Country_78,1963,17.1
Country_78,1964,16.71
Country_78,1965,16.37
Country_78,1966,16.99
Country_78,1967,16.23
Country_78,1968,16.87
Country_78,1969,17.56
Country_78,1970,17.07
Country_78,1971,16.58
Country_78,1972,16.99
Country_78,1973,16.96
Country_78,1974,17.3
Country_78,1975,16.6
Country_78,1976,17.45
Country_78,1977,17.22
Country_78,1978,17.08
Country_78,1979,16.86
Country_78,1980,17.33
Country_78,1981,16.91
Country_78,1982,17.03
Country_78,1983,17.01
Country_78,1984,16.98
Country_78,1985,16.96
Country_78,1986,17.05
Country_78,1987,17.02
Country_78,1988,17.21
Country_78,1989,17.28
Country_78,1990,17.07
Country_78,1991,17.71
Country_78,1992,17.93
Country_78,1993,17.24
Country_78,1994,17.99
Country_78,1995,17.66
Country_78,1996,16.69
Country_78,1997,17.3
Country_78,1998,17.36
Country_78,1999,17.45
Country_78,2000,17.79
Country_78,2001,17.7
Country_78,2002,18.11
Country_78,2003,17.54
Country_78,2004,17.28
Country_78,2005,17.76
Country_78,2006,17.59
Country_78,2007,17.95
Country_78,2008,17.34
Country_78,2009,17.43
Country_78,2010,17.98
Country_78,2011,17.26
Country_78,2012,17.54
Country_78,2013,17.66
Country_78,2014,17.99
Country_78,2015,17.29
Country_78,2016,17.07
Country_78,2017,17.63
Country_78,2018,17.81
Country_78,2019,17.8
Country_78,2020,17.98
Country_78,2021,18.15
Country_78,2022,17.49
Country_78,2023,17.93
Country_79,1900,25.13
Country_79,1901,24.88
Country_79,1902,24.69
Country_79,1903,24.86
Country_79,1904,24.82
Country_79,1905,24.84
Country_79,1906,25.32
Country_79,1907,24.64
Country_79,1908,25.37
Country_79,1909,24.38
Country_79,1910,24.69
Country_79,1911,24.95
Country_79,1912,25.57
Country_79,1913,24.95
Country_79,1914,25.42
Country_79,1915,24.62
Country_79,1916,24.9
Country_79,1917,25.02
Country_79,1918,25.42
Country_79,1919,24.93
Country_79,1920,24.98
Country_79,1921,25.67
Country_79,1922,24.9
Country_79,1923,25.23
Country_79,1924,25.23
Country_79,1925,24.74
Country_79,1926,25.05
Country_79,1927,25.68
Country_79,1928,25.28
Country_79,1929,25.83
Country_79,1930,25.47
Country_79,1931,24.85
Country_79,1932,25.19
Country_79,1933,25.81
Country_79,1934,24.93
Country_79,1935,25.24
Country_79,1936,25.43
Country_79,1937,25.27
Country_79,1938,26.04
Country_79,1939,25.86
Country_79,1940,25.47
Country_79,1941,25.38
Country_79,1942,25.4
Country_79,1943,25.97
Country_79,1944,25.65
Country_79,1945,25.77
Country_79,1946,24.98
Country_79,1947,25.8
Country_79,1948,26.18
Country_79,1949,26.05
Country_79,1950,25.86
Country_79,1951,25.57
Country_79,1952,25.96
Country_79,1953,25.24
Country_79,1954,25.39
Country_79,1955,25.77
Country_79,1956,25.48
Country_79,1957,25.41
Country_79,1958,25.8
Country_79,1959,25.9
Country_79,1960,26.01
Country_79,1961,25.76
Country_79,1962,25.49
Country_79,1963,25.99
Country_79,1964,26.09
Country_79,1965,25.69
Country_79,1966,25.47
Country_79,1967,25.76
Country_79,1968,26.3
Country_79,1969,25.83
Country_79,1970,25.58
Country_79,1971,25.91
Country_79,1972,26.06
Country_79,1973,26.14
Country_79,1974,26.11
Country_79,1975,26.63
Country_79,1976,25.8
Country_79,1977,25.73
Country_79,1978,25.89
Country_79,1979,26.35
Country_79,1980,25.78
Country_79,1981,25.94
Country_79,1982,26.15
Country_79,1983,26.02
Country_79,1984,26.06
Country_79,1985,25.88
Country_79,1986,26.1
Country_79,1987,26.07
Country_79,1988,25.68
Country_79,1989,26.66
Country_79,1990,26.19
Country_79,1991,26.18
Country_79,1992,26.88
Country_79,1993,26.61
Country_79,1994,26.29
Country_79,1995,26.57
Country_79,1996,25.7
Country_79,1997,26.78
Country_79,1998,26.37
Country_79,1999,26.55
Country_79,2000,26.19
Country_79,2001,26.0
Country_79,2002,26.27
Country_79,2003,26.65
Country_79,2004,26.51
Country_79,2005,26.8
Country_79,2006,26.35
Country_79,2007,27.05
Country_79,2008,26.98
Country_79,2009,26.77
Country_79,2010,25.77
Country_79,2011,26.71
Country_79,2012,26.23
Country_79,2013,26.02
Country_79,2014,27.01
Country_79,2015,26.81
Country_79,2016,27.07
Country_79,2017,26.67
Country_79,2018,26.73
Country_79,2019,26.86
Country_79,2020,26.93
Country_79,2021,26.32
Country_79,2022,26.86
Country_79,2023,26.89
Country_80,1900,22.84
Country_80,1901,22.57
Country_80,1902,22.44
Country_80,1903,22.4
Country_80,1904,22.57
Country_80,1905,22.25
Country_80,1906,23.13
Country_80,1907,22.48
Country_80,1908,22.37
Country_80,1909,22.47
Country_80,1910,22.7
Country_80,1911,22.84
Country_80,1912,22.31
Country_80,1913,22.83
Country_80,1914,22.46
Country_80,1915,22.86
Country_80,1916,22.99
Country_80,1917,23.06
Country_80,1918,22.74
Country_80,1919,22.5
Country_80,1920,23.07
Country_80,1921,23.27
Country_80,1922,22.71
Country_80,1923,22.74
Country_80,1924,23.15
Country_80,1925,22.99
Country_80,1926,23.01
Country_80,1927,22.58
Country_80,1928,22.98
Country_80,1929,23.5
Country_80,1930,22.79
Country_80,1931,22.89
Country_80,1932,22.85
Country_80,1933,23.45
Country_80,1934,22.91
Country_80,1935,23.03
Country_80,1936,22.55
Country_80,1937,23.18
Country_80,1938,23.2
Country_80,1939,23.08
Country_80,1940,23.0
Country_80,1941,23.23
Country_80,1942,22.91
Country_80,1943,23.38
Country_80,1944,22.72
Country_80,1945,23.6
Country_80,1946,23.26
Country_80,1947,23.1
Country_80,1948,23.87
Country_80,1949,23.38
Country_80,1950,22.97
Country_80,1951,23.13
Country_80,1952,22.34
Country_80,1953,23.44
Country_80,1954,23.19
Country_80,1955,23.11
Country_80,1956,23.6
Country_80,1957,23.33
Country_80,1958,23.14
Country_80,1959,23.78
Country_80,1960,23.27
Country_80,1961,23.42
Country_80,1962,24.06
Country_80,1963,23.37
Country_80,1964,23.48
Country_80,1965,23.72
Country_80,1966,23.95
Country_80,1967,23.39
Country_80,1968,23.68
Country_80,1969,23.49
Country_80,1970,23.83
Country_80,1971,23.88
Country_80,1972,23.32
Country_80,1973,23.77
Country_80,1974,23.01
Country_80,1975,24.37
Country_80,1976,23.79
Country_80,1977,23.53
Country_80,1978,24.08
Country_80,1979,23.92
Country_80,1980,23.59
Country_80,1981,23.67
Country_80,1982,23.48
Country_80,1983,23.72
Country_80,1984,24.54
Country_80,1985,23.17
Country_80,1986,23.6
Country_80,1987,23.65
Country_80,1988,23.75
Country_80,1989,24.33
Country_80,1990,23.74
Country_80,1991,23.43
Country_80,1992,23.35
Country_80,1993,23.65
Country_80,1994,24.07
Country_80,1995,23.36
Country_80,1996,23.85
Country_80,1997,23.8
Country_80,1998,24.4
Country_80,1999,24.19
Country_80,2000,24.14
Country_80,2001,24.26
Country_80,2002,24.4
Country_80,2003,23.91
Country_80,2004,24.07
Country_80,2005,24.15
Country_80,2006,24.25
Country_80,2007,24.17
Country_80,2008,23.93
Country_80,2009,23.96
Country_80,2010,24.05
Country_80,2011,24.25
Country_80,2012,24.53
Country_80,2013,24.68
Country_80,2014,23.97
Country_80,2015,24.32
Country_80,2016,25.07
Country_80,2017,24.73
Country_80,2018,23.95
Country_80,2019,23.76
Country_80,2020,24.33
Country_80,2021,24.18
Country_80,2022,24.51
Country_80,2023,24.03
Country_81,1900,15.62
Country_81,1901,16.25
Country_81,1902,15.8
Country_81,1903,15.9
Country_81,1904,15.58
Country_81,1905,15.77
Country_81,1906,16.19
Country_81,1907,15.62
Country_81,1908,15.5
Country_81,1909,16.09
Country_81,1910,15.75
Country_81,1911,15.82
Country_81,1912,16.43
Country_81,1913,15.85
Country_81,1914,16.01
Country_81,1915,16.12
Country_81,1916,16.85
Country_81,1917,15.88
Country_81,1918,16.39
Country_81,1919,15.5
Country_81,1920,16.07
Country_81,1921,16.69
Country_81,1922,15.97
Country_81,1923,16.31
Country_81,1924,16.47
Country_81,1925,16.09
Country_81,1926,16.99
Country_81,1927,16.09
Country_81,1928,16.7
Country_81,1929,15.68
Country_81,1930,16.34
Country_81,1931,15.85
Country_81,1932,16.06
Country_81,1933,16.54
Country_81,1934,15.99
Country_81,1935,16.16
Country_81,1936,16.47
Country_81,1937,16.92
Country_81,1938,15.91
Country_81,1939,16.52
Country_81,1940,16.71
Country_81,1941,15.96
Country_81,1942,15.89
Country_81,1943,16.41
Country_81,1944,16.44
Country_81,1945,16.43
Country_81,1946,16.92
Country_81,1947,16.44
Country_81,1948,16.19
Country_81,1949,16.53
Country_81,1950,16.05
Country_81,1951,16.46
Country_81,1952,16.69
Country_81,1953,16.3
Country_81,1954,17.24
Country_81,1955,17.2
Country_81,1956,16.63
Country_81,1957,16.69
Country_81,1958,16.78
Country_81,1959,16.69
Country_81,1960,16.63
Country_81,1961,16.23
Country_81,1962,16.9
Country_81,1963,16.47
Country_81,1964,16.62
Country_81,1965,17.32
Country_81,1966,16.55
Country_81,1967,16.06
Country_81,1968,16.73
Country_81,1969,17.27
Country_81,1970,17.02
Country_81,1971,16.79
Country_81,1972,16.33
Country_81,1973,16.68
Country_81,1974,16.88
Country_81,1975,16.07
Country_81,1976,16.86
Country_81,1977,17.22
Country_81,1978,16.88
Country_81,1979,16.64
Country_81,1980,17.23
Country_81,1981,16.94
Country_81,1982,17.31
Country_81,1983,16.89
Country_81,1984,17.14
Country_81,1985,17.13
Country_81,1986,16.37
Country_81,1987,16.83
Country_81,1988,17.33
Country_81,1989,17.46
Country_81,1990,17.63
Country_81,1991,17.0
Country_81,1992,17.29
Country_81,1993,16.71
Country_81,1994,17.24
Country_81,1995,16.86
Country_81,1996,17.36
Country_81,1997,17.13
Country_81,1998,17.68
Country_81,1999,16.83
Country_81,2000,17.34
Country_81,2001,17.02
Country_81,2002,17.28
Country_81,2003,17.22
Country_81,2004,17.48
Country_81,2005,17.1
Country_81,2006,17.42
Country_81,2007,16.4
Country_81,2008,16.96
Country_81,2009,17.54
Country_81,2010,17.87
Country_81,2011,17.5
Country_81,2012,17.27
Country_81,2013,17.56
Country_81,2014,17.9
Country_81,2015,17.39
Country_81,2016,17.25
Country_81,2017,17.07
Country_81,2018,17.64
Country_81,2019,17.54
Country_81,2020,17.19
Country_81,2021,17.42
Country_81,2022,17.22
Country_81,2023,17.41
Country_82,1900,23.32
Country_82,1901,23.15
Country_82,1902,23.38
Country_82,1903,23.5
Country_82,1904,23.36
Country_82,1905,23.68
Country_82,1906,23.28
Country_82,1907,23.68
Country_82,1908,23.23
Country_82,1909,23.04
Country_82,1910,23.56
Country_82,1911,23.35
Country_82,1912,23.05
Country_82,1913,23.05
Country_82,1914,23.4
Country_82,1915,23.96
Country_82,1916,23.43
Country_82,1917,23.59
Country_82,1918,23.65
Country_82,1919,23.74
Country_82,1920,23.54
Country_82,1921,23.9
Country_82,1922,22.79
Country_82,1923,23.4
Country_82,1924,23.53
Country_82,1925,23.41
Country_82,1926,23.2
Country_82,1927,23.67
Country_82,1928,23.38
Country_82,1929,23.94
Country_82,1930,23.57
Country_82,1931,23.6
Country_82,1932,23.81
Country_82,1933,24.28
Country_82,1934,23.29
Country_82,1935,23.66
Country_82,1936,23.78
Country_82,1937,23.91
Country_82,1938,23.0
Country_82,1939,23.53
Country_82,1940,24.17
Country_82,1941,24.24
Country_82,1942,24.22
Country_82,1943,23.85
Country_82,1944,23.75
Country_82,1945,24.01
Country_82,1946,23.8
Country_82,1947,24.36
Country_82,1948,23.43
Country_82,1949,24.57
Country_82,1950,24.17
Country_82,1951,24.49
Country_82,1952,24.3
Country_82,1953,24.2
Country_82,1954,23.38
Country_82,1955,23.96
Country_82,1956,24.24
Country_82,1957,24.27
Country_82,1958,23.99
Country_82,1959,24.13
Country_82,1960,24.41
Country_82,1961,24.06
Country_82,1962,23.97
Country_82,1963,24.22
Country_82,1964,23.53
Country_82,1965,23.97
Country_82,1966,24.3
Country_82,1967,24.09
Country_82,1968,23.88
Country_82,1969,23.98
Country_82,1970,24.48
Country_82,1971,23.85
Country_82,1972,24.16
Country_82,1973,24.26
Country_82,1974,24.68
Country_82,1975,24.37
Country_82,1976,24.54
Country_82,1977,24.93
Country_82,1978,24.18
Country_82,1979,24.27
Country_82,1980,24.45
Country_82,1981,24.43
Country_82,1982,25.05
Country_82,1983,24.78
Country_82,1984,23.92
Country_82,1985,24.53
Country_82,1986,24.06
Country_82,1987,24.32
Country_82,1988,24.44
Country_82,1989,24.67
Country_82,1990,24.72
Country_82,1991,24.5
Country_82,1992,24.77
Country_82,1993,24.33
Country_82,1994,24.11
Country_82,1995,24.43
Country_82,1996,24.68
Country_82,1997,25.22
Country_82,1998,24.57
Country_82,1999,24.55
Country_82,2000,24.17
Country_82,2001,24.94
Country_82,2002,24.3
Country_82,2003,24.66
Country_82,2004,24.84
Country_82,2005,24.53
Country_82,2006,25.16
Country_82,2007,25.16
Country_82,2008,25.0
Country_82,2009,24.75
Country_82,2010,25.05
Country_82,2011,24.46
Country_82,2012,24.93
Country_82,2013,25.11
Country_82,2014,24.97
Country_82,2015,25.02
Country_82,2016,25.05
Country_82,2017,25.07
Country_82,2018,24.84
Country_82,2019,25.24
Country_82,2020,24.97
Country_82,2021,24.81
Country_82,2022,24.87
Country_82,2023,25.14
Country_83,1900,12.26
Country_83,1901,12.23
Country_83,1902,12.49
Country_83,1903,12.79
Country_83,1904,12.09
Country_83,1905,12.03
Country_83,1906,12.62
Country_83,1907,12.82
Country_83,1908,12.62
Country_83,1909,12.47
Country_83,1910,11.66
Country_83,1911,12.04
Country_83,1912,12.57
Country_83,1913,12.68
Country_83,1914,12.74
Country_83,1915,13.09
Country_83,1916,12.84
Country_83,1917,12.77
Country_83,1918,12.29
Country_83,1919,12.59
Country_83,1920,12.94
Country_83,1921,12.57
Country_83,1922,12.5
Country_83,1923,13.04
Country_83,1924,12.77
Country_83,1925,13.29
Country_83,1926,13.2
Country_83,1927,12.45
Country_83,1928,12.9
Country_83,1929,12.85
Country_83,1930,12.08
Country_83,1931,12.57
Country_83,1932,12.92
Country_83,1933,12.45
Country_83,1934,12.38
Country_83,1935,12.97
Country_83,1936,12.65
Country_83,1937,13.08
Country_83,1938,12.99
Country_83,1939,12.72
Country_83,1940,12.66
Country_83,1941,12.85
Country_83,1942,13.11
Country_83,1943,12.88
Country_83,1944,13.49
Country_83,1945,13.13
Country_83,1946,12.76
Country_83,1947,13.06
Country_83,1948,13.13
Country_83,1949,13.01
Country_83,1950,13.22
Country_83,1951,13.17
Country_83,1952,12.68
Country_83,1953,13.41
Country_83,1954,13.13
Country_83,1955,13.08
Country_83,1956,12.99
Country_83,1957,13.36
Country_83,1958,13.38
Country_83,1959,13.51
Country_83,1960,13.02
Country_83,1961,13.49
Country_83,1962,13.58
Country_83,1963,13.35
Country_83,1964,13.43
Country_83,1965,13.34
Country_83,1966,13.01
Country_83,1967,13.26
Country_83,1968,13.89
Country_83,1969,13.77
Country_83,1970,13.67
Country_83,1971,13.35
Country_83,1972,13.18
Country_83,1973,13.58
Country_83,1974,13.71
Country_83,1975,13.91
Country_83,1976,13.11
Country_83,1977,13.35
Country_83,1978,13.77
Country_83,1979,13.78
Country_83,1980,13.35
Country_83,1981,13.71
Country_83,1982,14.28
Country_83,1983,13.65
Country_83,1984,13.59
Country_83,1985,13.57
Country_83,1986,13.26
Country_83,1987,13.39
Country_83,1988,13.87
Country_83,1989,14.41
Country_83,1990,13.42
Country_83,1991,13.53
Country_83,1992,13.84
Country_83,1993,13.89
Country_83,1994,13.45
Country_83,1995,14.01
Country_83,1996,14.08
Country_83,1997,13.41
Country_83,1998,14.12
Country_83,1999,13.63
Country_83,2000,13.69
Country_83,2001,13.82
Country_83,2002,13.47
Country_83,2003,13.94
Country_83,2004,13.94
Country_83,2005,13.59
Country_83,2006,14.26
Country_83,2007,14.09
Country_83,2008,14.6
Country_83,2009,13.98
Country_83,2010,14.12
Country_83,2011,13.87
Country_83,2012,14.06
Country_83,2013,14.28
Country_83,2014,13.78
Country_83,2015,14.62
Country_83,2016,14.01
Country_83,2017,14.13
Country_83,2018,14.3
Country_83,2019,14.34
Country_83,2020,13.93
Country_83,2021,14.25
Country_83,2022,13.97
Country_83,2023,14.64
Country_84,1900,12.76
Country_84,1901,12.51
Country_84,1902,12.4
Country_84,1903,12.41
Country_84,1904,12.92
Country_84,1905,12.86
Country_84,1906,13.22
Country_84,1907,12.46
Country_84,1908,12.86
Country_84,1909,13.22
Country_84,1910,12.32
Country_84,1911,12.84
Country_84,1912,12.17
Country_84,1913,12.26
Country_84,1914,12.86
Country_84,1915,12.6
Country_84,1916,13.39
Country_84,1917,12.7
Country_84,1918,12.62
Country_84,1919,12.79
Country_84,1920,12.38
Country_84,1921,12.94
Country_84,1922,12.48
Country_84,1923,12.87
Country_84,1924,12.1
Country_84,1925,12.92
Country_84,1926,13.59
Country_84,1927,12.46
Country_84,1928,12.97
Country_84,1929,12.51
Country_84,1930,13.2
Country_84,1931,12.91
Country_84,1932,13.31
Country_84,1933,12.97
Country_84,1934,13.02
Country_84,1935,13.2
Country_84,1936,13.25
Country_84,1937,12.38
Country_84,1938,13.26
Country_84,1939,12.92
Country_84,1940,12.94
Country_84,1941,12.45
Country_84,1942,13.7
Country_84,1943,13.61
Country_84,1944,13.05
Country_84,1945,13.25
Country_84,1946,13.26
Country_84,1947,13.33
Country_84,1948,13.07
Country_84,1949,13.25
Country_84,1950,13.36
Country_84,1951,13.03
Country_84,1952,12.93
Country_84,1953,13.41
Country_84,1954,13.47
Country_84,1955,13.11
Country_84,1956,13.39
Country_84,1957,13.8
Country_84,1958,13.34
Country_84,1959,13.87
Country_84,1960,13.54
Country_84,1961,13.03
Country_84,1962,13.41
Country_84,1963,13.22
Country_84,1964,13.45
Country_84,1965,13.41
Country_84,1966,13.16
Country_84,1967,13.55
Country_84,1968,13.85
Country_84,1969,13.61
Country_84,1970,13.64
Country_84,1971,13.1
Country_84,1972,14.0
Country_84,1973,13.53
Country_84,1974,13.46
Country_84,1975,14.12
Country_84,1976,13.67
Country_84,1977,13.48
Country_84,1978,13.51
Country_84,1979,13.58
Country_84,1980,13.45
Country_84,1981,13.96
Country_84,1982,13.44
Country_84,1983,13.92
Country_84,1984,13.81
Country_84,1985,13.43
Country_84,1986,13.84
Country_84,1987,13.97
Country_84,1988,13.64
Country_84,1989,14.32
Country_84,1990,13.55
Country_84,1991,13.69
Country_84,1992,13.83
Country_84,1993,13.64
Country_84,1994,14.08
Country_84,1995,13.06
Country_84,1996,13.71
Country_84,1997,13.69
Country_84,1998,13.76
Country_84,1999,14.51
Country_84,2000,14.19
Country_84,2001,13.98
Country_84,2002,13.89
Country_84,2003,13.28
Country_84,2004,14.15
Country_84,2005,14.05
Country_84,2006,13.67
Country_84,2007,14.4
Country_84,2008,13.9
Country_84,2009,14.08
Country_84,2010,14.06
Country_84,2011,14.38
Country_84,2012,13.65
Country_84,2013,14.26
Country_84,2014,14.56
Country_84,2015,13.98
Country_84,2016,14.6
Country_84,2017,13.97
Country_84,2018,13.86
Country_84,2019,13.77
Country_84,2020,14.28
Country_84,2021,14.4
Country_84,2022,14.2
Country_84,2023,14.09
Country_85,1900,19.24
Country_85,1901,19.39
Country_85,1902,19.14
Country_85,1903,19.12
Country_85,1904,18.99
Country_85,1905,19.02
Country_85,1906,19.18
Country_85,1907,18.94
Country_85,1908,19.51
Country_85,1909,19.3
Country_85,1910,19.02
Country_85,1911,19.41
Country_85,1912,19.23
Country_85,1913,19.58
Country_85,1914,18.94
Country_85,1915,19.71
Country_85,1916,19.11
Country_85,1917,18.99
Country_85,1918,19.76
Country_85,1919,19.38
Country_85,1920,19.05
Country_85,1921,19.39
Country_85,1922,19.83
Country_85,1923,19.48
Country_85,1924,19.49
Country_85,1925,19.02
Country_85,1926,20.15
Country_85,1927,20.34
Country_85,1928,19.44
Country_85,1929,19.71
Country_85,1930,19.42
Country_85,1931,19.34
Country_85,1932,19.77
Country_85,1933,19.65
Country_85,1934,19.61
Country_85,1935,19.74
Country_85,1936,19.48
Country_85,1937,19.66
Country_85,1938,19.68
Country_85,1939,19.82
Country_85,1940,19.57
Country_85,1941,19.81
Country_85,1942,19.76
Country_85,1943,19.84
Country_85,1944,19.85
Country_85,1945,19.9
Country_85,1946,20.05
Country_85,1947,20.14
Country_85,1948,19.72
Country_85,1949,20.34
Country_85,1950,20.22
Country_85,1951,20.19
Country_85,1952,19.71
Country_85,1953,20.27
Country_85,1954,19.95
Country_85,1955,19.55
Country_85,1956,19.63
Country_85,1957,19.73
Country_85,1958,20.21
Country_85,1959,20.03
Country_85,1960,19.9
Country_85,1961,20.21
Country_85,1962,19.64
Country_85,1963,20.5
Country_85,1964,19.95
Country_85,1965,20.12
Country_85,1966,20.24
Country_85,1967,20.11
Country_85,1968,20.39
Country_85,1969,20.52
Country_85,1970,20.03
Country_85,1971,20.38
Country_85,1972,19.91
Country_85,1973,20.01
Country_85,1974,20.48
Country_85,1975,20.15
Country_85,1976,20.1
Country_85,1977,20.18
Country_85,1978,20.24
Country_85,1979,19.93
Country_85,1980,19.64
Country_85,1981,20.7
Country_85,1982,20.06
Country_85,1983,20.68
Country_85,1984,20.38
Country_85,1985,20.52
Country_85,1986,20.17
Country_85,1987,20.04
Country_85,1988,20.53
Country_85,1989,20.08
Country_85,1990,20.08
Country_85,1991,20.43
Country_85,1992,20.92
Country_85,1993,21.32
Country_85,1994,20.28
Country_85,1995,20.69
Country_85,1996,20.99
Country_85,1997,20.15
Country_85,1998,20.38
Country_85,1999,21.3
Country_85,2000,20.74
Country_85,2001,20.65
Country_85,2002,20.95
Country_85,2003,20.0
Country_85,2004,20.65
Country_85,2005,20.37
Country_85,2006,20.97
Country_85,2007,21.16
Country_85,2008,21.23
Country_85,2009,21.08
Country_85,2010,20.57
Country_85,2011,21.03
Country_85,2012,20.94
Country_85,2013,20.74
Country_85,2014,20.69
Country_85,2015,21.4
Country_85,2016,20.74
Country_85,2017,20.88
Country_85,2018,21.02
Country_85,2019,20.92
Country_85,2020,21.2
Country_85,2021,21.3
Country_85,2022,20.59
Country_85,2023,20.63
Country_86,1900,18.22
Country_86,1901,17.77
Country_86,1902,17.97
Country_86,1903,18.15
Country_86,1904,18.11
Country_86,1905,18.04
Country_86,1906,18.06
Country_86,1907,17.72
Country_86,1908,17.75
Country_86,1909,18.34
Country_86,1910,18.21
Country_86,1911,17.66
Country_86,1912,18.16
Country_86,1913,17.98
Country_86,1914,18.15
Country_86,1915,18.27
Country_86,1916,17.47
Country_86,1917,17.46
Country_86,1918,18.12
Country_86,1919,18.24
Country_86,1920,18.55
Country_86,1921,18.35
Country_86,1922,18.4
Country_86,1923,18.29
Country_86,1924,18.28
Country_86,1925,18.57
Country_86,1926,18.18
Country_86,1927,17.58
Country_86,1928,18.51
Country_86,1929,18.35
Country_86,1930,18.08
Country_86,1931,19.07
Country_86,1932,18.03
Country_86,1933,18.41
Country_86,1934,18.29
Country_86,1935,18.17
Country_86,1936,18.61
Country_86,1937,18.12
Country_86,1938,18.81
Country_86,1939,18.88
Country_86,1940,18.47
Country_86,1941,18.43
Country_86,1942,18.55
Country_86,1943,18.62
Country_86,1944,18.85
Country_86,1945,18.77
Country_86,1946,18.53
Country_86,1947,18.37
Country_86,1948,18.65
Country_86,1949,18.55
Country_86,1950,18.74
Country_86,1951,18.08
Country_86,1952,18.78
Country_86,1953,18.49
Country_86,1954,18.71
Country_86,1955,18.68
Country_86,1956,18.59
Country_86,1957,19.18
Country_86,1958,19.04
Country_86,1959,18.93
Country_86,1960,18.8
Country_86,1961,18.79
Country_86,1962,18.78
Country_86,1963,19.47
Country_86,1964,19.04
Country_86,1965,18.38
Country_86,1966,18.58
Country_86,1967,18.58
Country_86,1968,19.15
Country_86,1969,18.63
Country_86,1970,19.37
Country_86,1971,18.63
Country_86,1972,19.0
Country_86,1973,18.28
Country_86,1974,18.61
Country_86,1975,19.29
Country_86,1976,18.77
Country_86,1977,19.21
Country_86,1978,18.91
Country_86,1979,19.76
Country_86,1980,19.29
Country_86,1981,18.98
Country_86,1982,18.76
Country_86,1983,19.32
Country_86,1984,19.27
Country_86,1985,19.58
Country_86,1986,18.8
Country_86,1987,18.84
Country_86,1988,19.42
Country_86,1989,18.95
Country_86,1990,19.33
Country_86,1991,19.11
Country_86,1992,19.75
Country_86,1993,19.31
Country_86,1994,19.39
Country_86,1995,19.41
Country_86,1996,19.18
Country_86,1997,19.66
Country_86,1998,19.46
Country_86,1999,19.11
Country_86,2000,19.48
Country_86,2001,19.72
Country_86,2002,19.08
Country_86,2003,19.14
Country_86,2004,19.17
Country_86,2005,19.5
Country_86,2006,19.71
Country_86,2007,19.8
Country_86,2008,19.35
Country_86,2009,19.33
Country_86,2010,19.91
Country_86,2011,19.61
Country_86,2012,20.52
Country_86,2013,20.01
Country_86,2014,19.67
Country_86,2015,19.54
Country_86,2016,19.77
Country_86,2017,19.41
Country_86,2018,19.38
Country_86,2019,19.91
Country_86,2020,19.29
Country_86,2021,20.07
Country_86,2022,19.94
Country_86,2023,19.78
Country_87,1900,17.45
Country_87,1901,17.65
Country_87,1902,17.56
Country_87,1903,17.66
Country_87,1904,18.27
Country_87,1905,17.73
Country_87,1906,18.29
Country_87,1907,17.65
Country_87,1908,17.81
Country_87,1909,18.27
Country_87,1910,17.98
Country_87,1911,17.84
Country_87,1912,17.79
Country_87,1913,18.33
Country_87,1914,17.63
Country_87,1915,17.78
Country_87,1916,18.04
Country_87,1917,17.85
Country_87,1918,18.25
Country_87,1919,17.27
Country_87,1920,17.9
Country_87,1921,18.05
Country_87,1922,17.83
Country_87,1923,17.65
Country_87,1924,18.14
Country_87,1925,18.05
Country_87,1926,18.14
Country_87,1927,18.22
Country_87,1928,18.38
Country_87,1929,17.72
Country_87,1930,18.13
Country_87,1931,18.04
Country_87,1932,17.57
Country_87,1933,18.17
Country_87,1934,18.44
Country_87,1935,18.59
Country_87,1936,18.25
Country_87,1937,18.22
Country_87,1938,18.08
Country_87,1939,18.44
Country_87,1940,18.16
Country_87,1941,18.41
Country_87,1942,18.48
Country_87,1943,18.28
Country_87,1944,18.26
Country_87,1945,18.64
Country_87,1946,17.81
Country_87,1947,17.87
Country_87,1948,18.51
Country_87,1949,18.23
Country_87,1950,18.01
Country_87,1951,18.32
Country_87,1952,18.35
Country_87,1953,18.53
Country_87,1954,18.69
Country_87,1955,18.76
Country_87,1956,18.54
Country_87,1957,18.45
Country_87,1958,18.65
Country_87,1959,18.66
Country_87,1960,18.69
Country_87,1961,18.63
Country_87,1962,18.69
Country_87,1963,19.1
Country_87,1964,18.53
Country_87,1965,18.45
Country_87,1966,18.91
Country_87,1967,18.95
Country_87,1968,18.6
Country_87,1969,18.69
Country_87,1970,19.28
Country_87,1971,18.9
Country_87,1972,18.99
Country_87,1973,19.21
Country_87,1974,18.42
Country_87,1975,18.85
Country_87,1976,19.12
Country_87,1977,18.77
Country_87,1978,18.14
Country_87,1979,18.36
Country_87,1980,18.96
Country_87,1981,18.66
Country_87,1982,19.05
Country_87,1983,18.61
Country_87,1984,19.03
Country_87,1985,18.69
Country_87,1986,18.74
Country_87,1987,19.23
Country_87,1988,18.71
Country_87,1989,19.29
Country_87,1990,18.61
Country_87,1991,18.83
Country_87,1992,19.08
Country_87,1993,19.71
Country_87,1994,19.24
Country_87,1995,19.22
Country_87,1996,18.99
Country_87,1997,18.9
Country_87,1998,18.88
Country_87,1999,18.78
Country_87,2000,18.75
Country_87,2001,19.46
Country_87,2002,18.91
Country_87,2003,19.34
Country_87,2004,19.43
Country_87,2005,19.53
Country_87,2006,18.75
Country_87,2007,19.46
Country_87,2008,19.36
Country_87,2009,18.78
Country_87,2010,19.29
Country_87,2011,19.42
Country_87,2012,19.19
Country_87,2013,19.71
Country_87,2014,19.49
Country_87,2015,19.53
Country_87,2016,19.07
Country_87,2017,19.13
Country_87,2018,19.47
Country_87,2019,19.6
Country_87,2020,19.61
Country_87,2021,19.59
Country_87,2022,19.78
Country_87,2023,19.24
Country_88,1900,15.45
Country_88,1901,14.72
Country_88,1902,15.53
Country_88,1903,15.32
Country_88,1904,14.45
Country_88,1905,14.81
Country_88,1906,14.64
Country_88,1907,15.06
Country_88,1908,15.32
Country_88,1909,14.44
Country_88,1910,14.71
Country_88,1911,15.16
Country_88,1912,15.21
Country_88,1913,15.09
Country_88,1914,15.2
Country_88,1915,14.78
Country_88,1916,15.06
Country_88,1917,15.16
Country_88,1918,14.83
Country_88,1919,15.02
Country_88,1920,15.32
Country_88,1921,14.7
Country_88,1922,14.9
Country_88,1923,15.28
Country_88,1924,15.79
Country_88,1925,15.51
Country_88,1926,15.38
Country_88,1927,15.1
Country_88,1928,15.62
Country_88,1929,15.55
Country_88,1930,15.05
Country_88,1931,15.08
Country_88,1932,15.36
Country_88,1933,15.2
Country_88,1934,15.82
Country_88,1935,15.2
Country_88,1936,15.9
Country_88,1937,15.24
Country_88,1938,15.52
Country_88,1939,15.33
Country_88,1940,15.77
Country_88,1941,15.81
Country_88,1942,15.78
Country_88,1943,15.46
Country_88,1944,15.2
Country_88,1945,15.45
Country_88,1946,15.72
Country_88,1947,16.04
Country_88,1948,15.9
Country_88,1949,15.41
Country_88,1950,15.55
Country_88,1951,15.87
Country_88,1952,15.58
Country_88,1953,15.81
Country_88,1954,15.52
Country_88,1955,15.47
Country_88,1956,15.85
Country_88,1957,15.12
Country_88,1958,15.7
Country_88,1959,15.81
Country_88,1960,15.37
Country_88,1961,15.28
Country_88,1962,15.68
Country_88,1963,16.14
Country_88,1964,16.03
Country_88,1965,15.75
Country_88,1966,15.3
Country_88,1967,15.99
Country_88,1968,15.7
Country_88,1969,15.63
Country_88,1970,16.18
Country_88,1971,15.91
Country_88,1972,16.13
Country_88,1973,15.89
Country_88,1974,16.13
Country_88,1975,16.24
Country_88,1976,16.11
Country_88,1977,15.87
Country_88,1978,16.17
Country_88,1979,15.56
Country_88,1980,16.38
Country_88,1981,16.12
Country_88,1982,15.91
Country_88,1983,15.92
Country_88,1984,16.37
Country_88,1985,15.99
Country_88,1986,15.9
Country_88,1987,16.33
Country_88,1988,16.51
Country_88,1989,16.09
Country_88,1990,16.66
Country_88,1991,15.97
Country_88,1992,16.2
Country_88,1993,16.16
Country_88,1994,16.72
Country_88,1995,15.96
Country_88,1996,16.63
Country_88,1997,16.65
Country_88,1998,16.58
Country_88,1999,16.48
Country_88,2000,16.37
Country_88,2001,16.08
Country_88,2002,16.56
Country_88,2003,16.01
Country_88,2004,16.44
Country_88,2005,16.24
Country_88,2006,16.85
Country_88,2007,16.44
Country_88,2008,16.46
Country_88,2009,17.39
Country_88,2010,16.36
Country_88,2011,16.09
Country_88,2012,16.6
Country_88,2013,16.52
Country_88,2014,16.46
Country_88,2015,16.2
Country_88,2016,16.56
Country_88,2017,16.41
Country_88,2018,16.69
Country_88,2019,15.91
Country_88,2020,16.39
Country_88,2021,16.51
Country_88,2022,16.89
Country_88,2023,17.06
Country_89,1900,9.82
Country_89,1901,10.23
Country_89,1902,10.0
Country_89,1903,10.75
Country_89,1904,10.43
Country_89,1905,10.79
Country_89,1906,10.7
Country_89,1907,10.25
Country_89,1908,10.26
Country_89,1909,10.39
Country_89,1910,10.54
Country_89,1911,10.16
Country_89,1912,10.25
Country_89,1913,10.63
Country_89,1914,10.62
Country_89,1915,10.04
Country_89,1916,10.86
Country_89,1917,10.31
Country_89,1918,10.86
Country_89,1919,9.97
Country_89,1920,10.52
Country_89,1921,10.82
Country_89,1922,11.37
Country_89,1923,10.51
Country_89,1924,10.8
Country_89,1925,10.8
Country_89,1926,10.54
Country_89,1927,10.83
Country_89,1928,10.64
Country_89,1929,10.81
Country_89,1930,10.89
Country_89,1931,10.24
Country_89,1932,10.58
Country_89,1933,10.76
Country_89,1934,10.71
Country_89,1935,10.47
Country_89,1936,11.22
Country_89,1937,10.48
Country_89,1938,10.71
Country_89,1939,11.05
Country_89,1940,10.24
Country_89,1941,10.88
Country_89,1942,10.77
Country_89,1943,11.1
Country_89,1944,11.02
Country_89,1945,11.46
Country_89,1946,11.0
Country_89,1947,11.11
Country_89,1948,11.27
Country_89,1949,11.67
Country_89,1950,11.38
Country_89,1951,10.9
Country_89,1952,11.31
Country_89,1953,11.0
Country_89,1954,11.47
Country_89,1955,11.12
Country_89,1956,11.38
Country_89,1957,10.32
Country_89,1958,11.02
Country_89,1959,11.29
Country_89,1960,11.11
Country_89,1961,11.32
Country_89,1962,11.19
Country_89,1963,11.5
Country_89,1964,11.42
Country_89,1965,10.95
Country_89,1966,11.87
Country_89,1967,11.03
Country_89,1968,11.37
Country_89,1969,11.6
Country_89,1970,11.43
Country_89,1971,11.71
Country_89,1972,11.46
Country_89,1973,11.26
Country_89,1974,11.85
Country_89,1975,11.53
Country_89,1976,11.47
Country_89,1977,11.43
Country_89,1978,11.45
Country_89,1979,10.72
Country_89,1980,10.95
Country_89,1981,11.2
Country_89,1982,11.22
Country_89,1983,11.45
Country_89,1984,12.02
Country_89,1985,11.84
Country_89,1986,11.07
Country_89,1987,11.15
Country_89,1988,11.87
Country_89,1989,11.33
Country_89,1990,11.81
Country_89,1991,12.14
Country_89,1992,11.33
Country_89,1993,11.65
Country_89,1994,11.39
Country_89,1995,11.43
Country_89,1996,11.51
Country_89,1997,11.6
Country_89,1998,12.7
Country_89,1999,11.53
Country_89,2000,11.36
Country_89,2001,11.65
Country_89,2002,12.29
Country_89,2003,11.9
Country_89,2004,11.67
Country_89,2005,11.49
Country_89,2006,11.71
Country_89,2007,11.84
Country_89,2008,11.59
Country_89,2009,11.6
Country_89,2010,11.45
Country_89,2011,12.42
Country_89,2012,12.32
Country_89,2013,12.09
Country_89,2014,11.88
Country_89,2015,12.05
Country_89,2016,12.41
Country_89,2017,12.5
Country_89,2018,12.16
Country_89,2019,11.66
Country_89,2020,11.76
Country_89,2021,12.1
Country_89,2022,11.76
Country_89,2023,12.55
Country_90,1900,19.83
Country_90,1901,19.47
Country_90,1902,19.91
Country_90,1903,19.57
Country_90,1904,20.01
Country_90,1905,20.21
Country_90,1906,20.22
Country_90,1907,19.93
Country_90,1908,20.23
Country_90,1909,20.35
Country_90,1910,19.78
Country_90,1911,20.04
Country_90,1912,20.12
Country_90,1913,20.1
Country_90,1914,19.96
Country_90,1915,20.26
Country_90,1916,19.44
Country_90,1917,20.11
Country_90,1918,20.61
Country_90,1919,20.14
Country_90,1920,20.05
Country_90,1921,20.32
Country_90,1922,19.42
Country_90,1923,20.68
Country_90,1924,19.85
Country_90,1925,20.53
Country_90,1926,20.1
Country_90,1927,20.02
Country_90,1928,19.97
Country_90,1929,20.11
Country_90,1930,20.32
Country_90,1931,20.62
Country_90,1932,20.49
Country_90,1933,20.38
Country_90,1934,20.39
Country_90,1935,20.71
Country_90,1936,20.58
Country_90,1937,20.51
Country_90,1938,20.48
Country_90,1939,20.46
Country_90,1940,20.41
Country_90,1941,20.06
Country_90,1942,20.55
Country_90,1943,20.0
Country_90,1944,20.9
Country_90,1945,20.85
Country_90,1946,20.28
Country_90,1947,21.05
Country_90,1948,20.67
Country_90,1949,20.68
Country_90,1950,20.34
Country_90,1951,20.09
Country_90,1952,20.7
Country_90,1953,20.44
Country_90,1954,19.98
Country_90,1955,20.46
Country_90,1956,20.24
Country_90,1957,20.35
Country_90,1958,20.28
Country_90,1959,20.91
Country_90,1960,21.0
Country_90,1961,20.94
Country_90,1962,20.53
Country_90,1963,20.57
Country_90,1964,20.73
Country_90,1965,20.73
Country_90,1966,21.01
Country_90,1967,20.0
Country_90,1968,20.86
Country_90,1969,21.04
Country_90,1970,21.17
Country_90,1971,21.27
Country_90,1972,21.4
Country_90,1973,20.79
Country_90,1974,20.58
Country_90,1975,21.17
Country_90,1976,20.93
Country_90,1977,20.73
Country_90,1978,20.74
Country_90,1979,21.21
Country_90,1980,21.38
Country_90,1981,21.32
Country_90,1982,20.9
Country_90,1983,21.61
Country_90,1984,21.12
Country_90,1985,21.55
Country_90,1986,21.25
Country_90,1987,21.0
Country_90,1988,21.34
Country_90,1989,20.99
Country_90,1990,21.27
Country_90,1991,21.19
Country_90,1992,21.09
Country_90,1993,21.09
Country_90,1994,21.66
Country_90,1995,21.42
Country_90,1996,21.38
Country_90,1997,21.76
Country_90,1998,20.66
Country_90,1999,21.22
Country_90,2000,21.59
Country_90,2001,21.84
Country_90,2002,21.19
Country_90,2003,21.11
Country_90,2004,21.68
Country_90,2005,21.47
Country_90,2006,21.21
Country_90,2007,21.6
Country_90,2008,22.05
Country_90,2009,21.64
Country_90,2010,21.52
Country_90,2011,21.32
Country_90,2012,21.52
Country_90,2013,21.15
Country_90,2014,21.84
Country_90,2015,21.5
Country_90,2016,21.52
Country_90,2017,21.8
Country_90,2018,21.54
Country_90,2019,21.45
Country_90,2020,21.33
Country_90,2021,21.83
Country_90,2022,21.7
Country_90,2023,21.94
Country_91,1900,17.5
Country_91,1901,18.26
Country_91,1902,17.7
Country_91,1903,17.7
Country_91,1904,17.35
Country_91,1905,17.36
Country_91,1906,17.74
Country_91,1907,17.96
Country_91,1908,17.58
Country_91,1909,18.16
Country_91,1910,17.87
Country_91,1911,18.06
Country_91,1912,17.84
Country_91,1913,17.53
Country_91,1914,17.61
Country_91,1915,17.38
Country_91,1916,18.04
Country_91,1917,18.08
Country_91,1918,17.89
Country_91,1919,17.94
Country_91,1920,17.87
Country_91,1921,18.57
Country_91,1922,17.87
Country_91,1923,17.93
Country_91,1924,17.8
Country_91,1925,18.26
Country_91,1926,17.82
Country_91,1927,18.34
Country_91,1928,18.19
Country_91,1929,18.41
Country_91,1930,18.79
Country_91,1931,17.95
Country_91,1932,17.92
Country_91,1933,18.38
Country_91,1934,17.95
Country_91,1935,18.58
Country_91,1936,18.81
Country_91,1937,18.0
Country_91,1938,18.5
Country_91,1939,18.1
Country_91,1940,18.43
Country_91,1941,18.27
Country_91,1942,18.79
Country_91,1943,18.16
Country_91,1944,18.07
Country_91,1945,17.91
Country_91,1946,18.51
Country_91,1947,18.29
Country_91,1948,18.58
Country_91,1949,18.62
Country_91,1950,18.12
Country_91,1951,18.67
Country_91,1952,18.26
Country_91,1953,18.38
Country_91,1954,18.45
Country_91,1955,18.61
Country_91,1956,18.26
Country_91,1957,18.6
Country_91,1958,18.74
Country_91,1959,18.65
Country_91,1960,17.99
Country_91,1961,18.36
Country_91,1962,18.96
Country_91,1963,18.24
Country_91,1964,18.76
Country_91,1965,18.81
Country_91,1966,18.52
Country_91,1967,19.08
Country_91,1968,19.06
Country_91,1969,18.49
Country_91,1970,18.84
Country_91,1971,18.79
Country_91,1972,18.95
Country_91,1973,18.84
Country_91,1974,18.62
Country_91,1975,18.48
Country_91,1976,18.66
Country_91,1977,19.18
Country_91,1978,19.05
Country_91,1979,18.11
Country_91,1980,18.47
Country_91,1981,18.6
Country_91,1982,19.12
Country_91,1983,19.64
Country_91,1984,18.97
Country_91,1985,18.7
Country_91,1986,19.41
Country_91,1987,19.43
Country_91,1988,18.56
Country_91,1989,19.31
Country_91,1990,18.91
Country_91,1991,18.7
Country_91,1992,18.72
Country_91,1993,19.18
Country_91,1994,19.48
Country_91,1995,18.83
Country_91,1996,19.3
Country_91,1997,19.3
Country_91,1998,18.93
Country_91,1999,19.16
Country_91,2000,19.35
Country_91,2001,19.26
Country_91,2002,18.55
Country_91,2003,19.13
Country_91,2004,18.95
Country_91,2005,18.81
Country_91,2006,19.16
Country_91,2007,19.33
Country_91,2008,19.15
Country_91,2009,19.31
Country_91,2010,19.35
Country_91,2011,19.3
Country_91,2012,19.99
Country_91,2013,19.2
Country_91,2014,19.27
Country_91,2015,19.17
Country_91,2016,19.01
Country_91,2017,18.99
Country_91,2018,20.01
Country_91,2019,19.34
Country_91,2020,19.17
Country_91,2021,19.68
Country_91,2022,19.26
Country_91,2023,19.8
Country_92,1900,15.74
Country_92,1901,16.26
Country_92,1902,15.76
Country_92,1903,16.19
Country_92,1904,16.21
Country_92,1905,16.17
Country_92,1906,15.44
Country_92,1907,15.84
Country_92,1908,16.09
Country_92,1909,15.69
Country_92,1910,16.03
Country_92,1911,16.35
Country_92,1912,16.26
Country_92,1913,15.82
Country_92,1914,16.61
Country_92,1915,15.57
Country_92,1916,15.37
Country_92,1917,15.97
Country_92,1918,16.07
Country_92,1919,16.26
Country_92,1920,15.89
Country_92,1921,16.11
Country_92,1922,16.05
Country_92,1923,16.77
Country_92,1924,16.46
Country_92,1925,16.78
Country_92,1926,15.82
Country_92,1927,15.92
Country_92,1928,15.69
Country_92,1929,16.58
Country_92,1930,16.77
Country_92,1931,16.37
Country_92,1932,16.34
Country_92,1933,16.56
Country_92,1934,16.49
Country_92,1935,17.08
Country_92,1936,16.36
Country_92,1937,16.22
Country_92,1938,16.79
Country_92,1939,16.46
Country_92,1940,16.5
Country_92,1941,16.43
Country_92,1942,16.87
Country_92,1943,16.47
Country_92,1944,16.65
Country_92,1945,16.96
Country_92,1946,16.68
Country_92,1947,16.59
Country_92,1948,16.91
Country_92,1949,16.28
Country_92,1950,17.15
Country_92,1951,16.72
Country_92,1952,16.86
Country_92,1953,16.49
Country_92,1954,16.59
Country_92,1955,16.97
Country_92,1956,17.03
Country_92,1957,17.32
Country_92,1958,16.86
Country_92,1959,16.74
Country_92,1960,16.93
Country_92,1961,17.07
Country_92,1962,16.66
Country_92,1963,16.77
Country_92,1964,16.71
Country_92,1965,16.82
Country_92,1966,16.99
Country_92,1967,16.88
Country_92,1968,17.11
Country_92,1969,17.08
Country_92,1970,17.08
Country_92,1971,17.09
Country_92,1972,16.84
Country_92,1973,16.95
Country_92,1974,17.16
Country_92,1975,16.42
Country_92,1976,17.76
Country_92,1977,17.37
Country_92,1978,17.04
Country_92,1979,17.13
Country_92,1980,17.08
Country_92,1981,17.2
Country_92,1982,17.07
Country_92,1983,16.68
Country_92,1984,17.66
Country_92,1985,17.64
Country_92,1986,16.19
Country_92,1987,17.2
Country_92,1988,16.93
Country_92,1989,17.85
Country_92,1990,16.69
Country_92,1991,17.47
Country_92,1992,17.63
Country_92,1993,17.42
Country_92,1994,17.82
Country_92,1995,17.31
Country_92,1996,17.24
Country_92,1997,17.79
Country_92,1998,17.72
Country_92,1999,17.53
Country_92,2000,17.37
Country_92,2001,17.47
Country_92,2002,17.8
Country_92,2003,17.32
Country_92,2004,17.45
Country_92,2005,17.93
Country_92,2006,17.45
Country_92,2007,17.81
Country_92,2008,17.74
Country_92,2009,17.55
Country_92,2010,17.83
Country_92,2011,17.57
Country_92,2012,17.53
Country_92,2013,17.8
Country_92,2014,17.78
Country_92,2015,17.8
Country_92,2016,17.47
Country_92,2017,17.67
Country_92,2018,18.09
Country_92,2019,17.64
Country_92,2020,17.83
Country_92,2021,18.04
Country_92,2022,18.02
Country_92,2023,17.94
Country_93,1900,20.41
Country_93,1901,20.11
Country_93,1902,20.36
Country_93,1903,20.14
Country_93,1904,19.93
Country_93,1905,20.12
Country_93,1906,19.78
Country_93,1907,20.4
Country_93,1908,20.35
Country_93,1909,20.12
Country_93,1910,20.63
Country_93,1911,20.31
Country_93,1912,20.57
Country_93,1913,19.78
Country_93,1914,20.56
Country_93,1915,20.08
Country_93,1916,20.27
Country_93,1917,19.99
Country_93,1918,20.31
Country_93,1919,20.61
Country_93,1920,19.96
Country_93,1921,20.78
Country_93,1922,20.23
Country_93,1923,20.08
Country_93,1924,20.28
Country_93,1925,20.32
Country_93,1926,21.01
Country_93,1927,20.48
Country_93,1928,20.86
Country_93,1929,20.49
Country_93,1930,20.66
Country_93,1931,20.61
Country_93,1932,20.63
Country_93,1933,20.72
Country_93,1934,20.3
Country_93,1935,20.92
Country_93,1936,20.95
Country_93,1937,21.11
Country_93,1938,20.52
Country_93,1939,19.87
Country_93,1940,20.32
Country_93,1941,21.08
Country_93,1942,20.72
Country_93,1943,20.83
Country_93,1944,20.96
Country_93,1945,20.16
Country_93,1946,20.82
Country_93,1947,20.52
Country_93,1948,20.04
Country_93,1949,21.02
Country_93,1950,20.89
Country_93,1951,20.67
Country_93,1952,20.83
Country_93,1953,21.14
Country_93,1954,20.71
Country_93,1955,20.83
Country_93,1956,21.29
Country_93,1957,21.06
Country_93,1958,20.9
Country_93,1959,20.92
Country_93,1960,21.0
Country_93,1961,20.92
Country_93,1962,21.3
Country_93,1963,21.37
Country_93,1964,21.44
Country_93,1965,20.74
Country_93,1966,21.11
Country_93,1967,20.87
Country_93,1968,20.92
Country_93,1969,21.22
Country_93,1970,21.52
Country_93,1971,21.02
Country_93,1972,20.96
Country_93,1973,21.47
Country_93,1974,21.54
Country_93,1975,21.15
Country_93,1976,21.73
Country_93,1977,21.2
Country_93,1978,21.38
Country_93,1979,21.05
Country_93,1980,21.3
Country_93,1981,21.15
Country_93,1982,20.86
Country_93,1983,21.07
Country_93,1984,20.73
Country_93,1985,21.41
Country_93,1986,21.43
Country_93,1987,22.0
Country_93,1988,21.58
Country_93,1989,21.18
Country_93,1990,21.16
Country_93,1991,21.14
Country_93,1992,20.98
Country_93,1993,21.79
Country_93,1994,21.84
Country_93,1995,21.51
Country_93,1996,21.38
Country_93,1997,21.18
Country_93,1998,21.7
Country_93,1999,21.7
Country_93,2000,21.7
Country_93,2001,21.82
Country_93,2002,21.3
Country_93,2003,21.88
Country_93,2004,22.06
Country_93,2005,21.91
Country_93,2006,21.82
Country_93,2007,21.59
Country_93,2008,21.52
Country_93,2009,21.97
Country_93,2010,20.68
Country_93,2011,21.86
Country_93,2012,21.56
Country_93,2013,22.04
Country_93,2014,22.33
Country_93,2015,21.76
Country_93,2016,21.28
Country_93,2017,21.46
Country_93,2018,22.18
Country_93,2019,22.09
Country_93,2020,22.07
Country_93,2021,21.72
Country_93,2022,21.88
Country_93,2023,21.99
Country_94,1900,19.61
Country_94,1901,19.49
Country_94,1902,19.41
Country_94,1903,19.73
Country_94,1904,19.46
Country_94,1905,19.58
Country_94,1906,19.56
Country_94,1907,18.7
Country_94,1908,19.18
Country_94,1909,18.92
Country_94,1910,19.29
Country_94,1911,19.79
Country_94,1912,19.39
Country_94,1913,19.3
Country_94,1914,19.14
Country_94,1915,19.32
Country_94,1916,18.89
Country_94,1917,19.07
Country_94,1918,19.86
Country_94,1919,20.04
Country_94,1920,19.8
Country_94,1921,19.89
Country_94,1922,19.3
Country_94,1923,20.07
Country_94,1924,19.82
Country_94,1925,19.29
Country_94,1926,19.38
Country_94,1927,20.06
Country_94,1928,19.9
Country_94,1929,19.47
Country_94,1930,19.73
Country_94,1931,19.88
Country_94,1932,19.61
Country_94,1933,19.66
Country_94,1934,20.0
Country_94,1935,19.97
Country_94,1936,20.21
Country_94,1937,19.99
Country_94,1938,20.04
Country_94,1939,19.2
Country_94,1940,19.66
Country_94,1941,20.15
Country_94,1942,19.77
Country_94,1943,20.02
Country_94,1944,20.13
Country_94,1945,19.47
Country_94,1946,19.49
Country_94,1947,19.78
Country_94,1948,20.04
Country_94,1949,20.2
Country_94,1950,19.95
Country_94,1951,20.27
Country_94,1952,20.14
Country_94,1953,20.13
Country_94,1954,20.09
Country_94,1955,20.01
Country_94,1956,20.55
Country_94,1957,20.65
Country_94,1958,20.23
Country_94,1959,20.28
Country_94,1960,19.61
Country_94,1961,20.58
Country_94,1962,20.43
Country_94,1963,20.72
Country_94,1964,20.51
Country_94,1965,20.06
Country_94,1966,20.47
Country_94,1967,20.49
Country_94,1968,20.28
Country_94,1969,20.38
Country_94,1970,20.83
Country_94,1971,20.87
Country_94,1972,20.63
Country_94,1973,20.49
Country_94,1974,20.47
Country_94,1975,20.77
Country_94,1976,20.69
Country_94,1977,20.37
Country_94,1978,20.25
Country_94,1979,20.52
Country_94,1980,20.41
Country_94,1981,20.07
Country_94,1982,21.13
Country_94,1983,20.56
Country_94,1984,21.09
Country_94,1985,20.35
Country_94,1986,20.41
Country_94,1987,20.51
Country_94,1988,21.14
Country_94,1989,20.85
Country_94,1990,20.38
Country_94,1991,20.75
Country_94,1992,20.98
Country_94,1993,20.89
Country_94,1994,20.32
Country_94,1995,20.82
Country_94,1996,20.87
Country_94,1997,20.93
Country_94,1998,21.11
Country_94,1999,20.94
Country_94,2000,20.79
Country_94,2001,20.83
Country_94,2002,20.78
Country_94,2003,21.27
Country_94,2004,20.43
Country_94,2005,20.65
Country_94,2006,20.93
Country_94,2007,20.11
Country_94,2008,20.87
Country_94,2009,20.45
Country_94,2010,20.6
Country_94,2011,20.84
Country_94,2012,21.31
Country_94,2013,21.22
Country_94,2014,21.48
Country_94,2015,21.38
Country_94,2016,21.0
Country_94,2017,20.52
Country_94,2018,21.39
Country_94,2019,20.83
Country_94,2020,21.08
Country_94,2021,20.91
Country_94,2022,21.36
Country_94,2023,21.1
Country_95,1900,11.83
Country_95,1901,11.94
Country_95,1902,12.02
Country_95,1903,11.0
Country_95,1904,12.17
Country_95,1905,11.62
Country_95,1906,11.73
Country_95,1907,12.12
Country_95,1908,11.87
Country_95,1909,11.44
Country_95,1910,11.8
Country_95,1911,11.43
Country_95,1912,12.43
Country_95,1913,11.98
Country_95,1914,12.09
Country_95,1915,11.66
Country_95,1916,12.25
Country_95,1917,11.95
Country_95,1918,11.69
Country_95,1919,11.89
Country_95,1920,11.73
Country_95,1921,12.13
Country_95,1922,11.87
Country_95,1923,12.04
Country_95,1924,12.01
Country_95,1925,11.7
Country_95,1926,11.88
Country_95,1927,11.8
Country_95,1928,11.99
Country_95,1929,11.97
Country_95,1930,11.76
Country_95,1931,12.13
Country_95,1932,11.68
Country_95,1933,12.3
Country_95,1934,11.85
Country_95,1935,12.41
Country_95,1936,12.2
Country_95,1937,12.36
Country_95,1938,12.45
Country_95,1939,12.62
Country_95,1940,12.36
Country_95,1941,12.02
Country_95,1942,12.15
Country_95,1943,12.15
Country_95,1944,12.14
Country_95,1945,11.83
Country_95,1946,12.76
Country_95,1947,12.37
Country_95,1948,12.4
Country_95,1949,11.8
Country_95,1950,12.11
Country_95,1951,11.81
Country_95,1952,12.76
Country_95,1953,12.48
Country_95,1954,12.04
Country_95,1955,13.29
Country_95,1956,12.12
Country_95,1957,12.21
Country_95,1958,12.67
Country_95,1959,12.47
Country_95,1960,12.81
Country_95,1961,12.78
Country_95,1962,13.09
Country_95,1963,12.33
Country_95,1964,12.87
Country_95,1965,12.53
Country_95,1966,12.24
Country_95,1967,12.19
Country_95,1968,12.79
Country_95,1969,12.6
Country_95,1970,12.48
Country_95,1971,12.82
Country_95,1972,12.2
Country_95,1973,13.11
Country_95,1974,12.54
Country_95,1975,12.97
Country_95,1976,12.68
Country_95,1977,12.57
Country_95,1978,12.75
Country_95,1979,13.29
Country_95,1980,12.83
Country_95,1981,12.72
Country_95,1982,12.88
Country_95,1983,12.98
Country_95,1984,12.57
Country_95,1985,12.72
Country_95,1986,13.02
Country_95,1987,13.33
Country_95,1988,12.53
Country_95,1989,13.2
Country_95,1990,12.18
Country_95,1991,13.35
Country_95,1992,13.6
Country_95,1993,12.59
Country_95,1994,12.84
Country_95,1995,13.29
Country_95,1996,12.87
Country_95,1997,12.78
Country_95,1998,13.2
Country_95,1999,13.29
Country_95,2000,13.17
Country_95,2001,13.43
Country_95,2002,12.77
Country_95,2003,13.26
Country_95,2004,13.07
Country_95,2005,13.03
Country_95,2006,12.69
Country_95,2007,13.3
Country_95,2008,12.9
Country_95,2009,12.88
Country_95,2010,13.05
Country_95,2011,13.09
Country_95,2012,13.17
Country_95,2013,13.26
Country_95,2014,12.94
Country_95,2015,13.82
Country_95,2016,13.88
Country_95,2017,13.4
Country_95,2018,12.82
Country_95,2019,13.18
Country_95,2020,13.24
Country_95,2021,13.14
Country_95,2022,14.04
Country_95,2023,14.16
Country_96,1900,14.93
Country_96,1901,14.41
Country_96,1902,14.67
Country_96,1903,14.63
Country_96,1904,14.41
Country_96,1905,15.22
Country_96,1906,14.61
Country_96,1907,15.34
Country_96,1908,15.07
Country_96,1909,14.97
Country_96,1910,15.63
Country_96,1911,15.17
Country_96,1912,14.92
Country_96,1913,14.89
Country_96,1914,14.7
Country_96,1915,15.22
Country_96,1916,14.86
Country_96,1917,14.74
Country_96,1918,14.9
Country_96,1919,14.74
Country_96,1920,14.57
Country_96,1921,14.68
Country_96,1922,14.9
Country_96,1923,14.65
Country_96,1924,15.08
Country_96,1925,14.54
Country_96,1926,15.05
Country_96,1927,14.7
Country_96,1928,14.99
Country_96,1929,15.12
Country_96,1930,14.81
Country_96,1931,15.25
Country_96,1932,15.04
Country_96,1933,15.38
Country_96,1934,15.2
Country_96,1935,14.67
Country_96,1936,15.29
Country_96,1937,15.22
Country_96,1938,14.97
Country_96,1939,14.84
Country_96,1940,15.26
Country_96,1941,15.15
Country_96,1942,15.0
Country_96,1943,15.16
Country_96,1944,14.78
Country_96,1945,14.82
Country_96,1946,15.35
Country_96,1947,15.17
Country_96,1948,15.08
Country_96,1949,15.05
Country_96,1950,15.28
Country_96,1951,15.06
Country_96,1952,15.04
Country_96,1953,14.97
Country_96,1954,15.31
Country_96,1955,15.06
Country_96,1956,15.01
Country_96,1957,15.65
Country_96,1958,15.79
Country_96,1959,15.44
Country_96,1960,15.37
Country_96,1961,15.44
Country_96,1962,15.62
Country_96,1963,15.84
Country_96,1964,15.46
Country_96,1965,16.0
Country_96,1966,15.7
Country_96,1967,15.69
Country_96,1968,15.46
Country_96,1969,15.26
Country_96,1970,15.29
Country_96,1971,15.91
Country_96,1972,15.61
Country_96,1973,15.76
Country_96,1974,15.3
Country_96,1975,16.23
Country_96,1976,15.82
Country_96,1977,15.62
Country_96,1978,16.06
Country_96,1979,15.82
Country_96,1980,15.72
Country_96,1981,15.49
Country_96,1982,15.91
Country_96,1983,15.56
Country_96,1984,15.74
Country_96,1985,15.86
Country_96,1986,15.51
Country_96,1987,15.97
Country_96,1988,16.05
Country_96,1989,15.82
Country_96,1990,15.6
Country_96,1991,16.12
Country_96,1992,15.43
Country_96,1993,15.77
Country_96,1994,15.81
Country_96,1995,16.11
Country_96,1996,15.95
Country_96,1997,15.6
Country_96,1998,15.79
Country_96,1999,16.25
Country_96,2000,16.1
Country_96,2001,15.85
Country_96,2002,16.17
Country_96,2003,16.29
Country_96,2004,16.38
Country_96,2005,16.33
Country_96,2006,16.12
Country_96,2007,16.12
Country_96,2008,16.45
Country_96,2009,16.1
Country_96,2010,16.23
Country_96,2011,16.18
Country_96,2012,15.35
Country_96,2013,16.76
Country_96,2014,16.81
Country_96,2015,16.61
Country_96,2016,16.23
Country_96,2017,16.31
Country_96,2018,17.07
Country_96,2019,16.91
Country_96,2020,16.42
Country_96,2021,16.66
Country_96,2022,16.85
Country_96,2023,16.3
Country_97,1900,15.76
Country_97,1901,15.55
Country_97,1902,15.94
Country_97,1903,15.77
Country_97,1904,15.45
Country_97,1905,16.15
Country_97,1906,15.88
Country_97,1907,16.16
Country_97,1908,15.82
Country_97,1909,16.08
Country_97,1910,16.02
Country_97,1911,16.28
Country_97,1912,15.83
Country_97,1913,15.97
Country_97,1914,16.2
Country_97,1915,16.15
Country_97,1916,16.55
Country_97,1917,16.27
Country_97,1918,16.23
Country_97,1919,16.74
Country_97,1920,16.07
Country_97,1921,16.06
Country_97,1922,15.96
Country_97,1923,15.99
Country_97,1924,16.21
Country_97,1925,16.36
Country_97,1926,16.44
Country_97,1927,16.14
Country_97,1928,16.25
Country_97,1929,16.14
Country_97,1930,15.74
Country_97,1931,16.34
Country_97,1932,16.32
Country_97,1933,16.55
Country_97,1934,16.76
Country_97,1935,16.1
Country_97,1936,16.65
Country_97,1937,16.4
Country_97,1938,16.33
Country_97,1939,16.37
Country_97,1940,16.42
Country_97,1941,16.26
Country_97,1942,16.34
Country_97,1943,17.18
Country_97,1944,16.68
Country_97,1945,16.22
Country_97,1946,16.45
Country_97,1947,16.59
Country_97,1948,16.99
Country_97,1949,16.57
Country_97,1950,17.02
Country_97,1951,16.75
Country_97,1952,16.57
Country_97,1953,16.98
Country_97,1954,17.15
Country_97,1955,17.19
Country_97,1956,16.46
Country_97,1957,17.0
Country_97,1958,16.43
Country_97,1959,17.0
Country_97,1960,16.49
Country_97,1961,16.96
Country_97,1962,16.68
Country_97,1963,17.25
Country_97,1964,16.8
Country_97,1965,16.54
Country_97,1966,17.22
Country_97,1967,16.4
Country_97,1968,16.83
Country_97,1969,16.75
Country_97,1970,16.69
Country_97,1971,17.3
Country_97,1972,17.13
Country_97,1973,16.86
Country_97,1974,16.38
Country_97,1975,16.72
Country_97,1976,17.29
Country_97,1977,17.05
Country_97,1978,17.08
Country_97,1979,17.06
Country_97,1980,16.76
Country_97,1981,16.88
Country_97,1982,17.27
Country_97,1983,17.72
Country_97,1984,17.23
Country_97,1985,17.12
Country_97,1986,17.03
Country_97,1987,16.93
Country_97,1988,17.23
Country_97,1989,16.8
Country_97,1990,17.42
Country_97,1991,17.13
Country_97,1992,16.66
Country_97,1993,17.54
Country_97,1994,17.26
Country_97,1995,17.13
Country_97,1996,17.54
Country_97,1997,17.66
Country_97,1998,18.02
Country_97,1999,17.36
Country_97,2000,17.52
Country_97,2001,17.25
Country_97,2002,17.58
Country_97,2003,17.3
Country_97,2004,17.07
Country_97,2005,17.42
Country_97,2006,17.18
Country_97,2007,17.4
Country_97,2008,17.73
Country_97,2009,17.39
Country_97,2010,17.52
Country_97,2011,17.53
Country_97,2012,17.62
Country_97,2013,17.64
Country_97,2014,17.41
Country_97,2015,16.93
Country_97,2016,17.46
Country_97,2017,17.86
Country_97,2018,17.99
Country_97,2019,17.57
Country_97,2020,17.62
Country_97,2021,17.56
Country_97,2022,18.03
Country_97,2023,17.99
Country_98,1900,19.0
Country_98,1901,18.78
Country_98,1902,19.57
Country_98,1903,19.81
Country_98,1904,19.21
Country_98,1905,18.93
Country_98,1906,19.0
Country_98,1907,18.59
Country_98,1908,19.64
Country_98,1909,18.65
Country_98,1910,18.9
Country_98,1911,18.95
Country_98,1912,19.32
Country_98,1913,19.3
Country_98,1914,19.18
Country_98,1915,19.02
Country_98,1916,19.12
Country_98,1917,19.05
Country_98,1918,19.36
Country_98,1919,18.86
Country_98,1920,19.35
Country_98,1921,19.46
Country_98,1922,19.58
Country_98,1923,19.06
Country_98,1924,19.2
Country_98,1925,19.34
Country_98,1926,19.13
Country_98,1927,19.8
Country_98,1928,19.22
Country_98,1929,19.49
Country_98,1930,19.98
Country_98,1931,19.34
Country_98,1932,19.5
Country_98,1933,19.74
Country_98,1934,19.47
Country_98,1935,19.37
Country_98,1936,19.49
Country_98,1937,19.12
Country_98,1938,19.21
Country_98,1939,19.08
Country_98,1940,19.74
Country_98,1941,19.71
Country_98,1942,19.58
Country_98,1943,19.41
Country_98,1944,19.85
Country_98,1945,19.76
Country_98,1946,19.73
Country_98,1947,19.43
Country_98,1948,19.95
Country_98,1949,19.96
Country_98,1950,19.82
Country_98,1951,19.67
Country_98,1952,19.37
Country_98,1953,20.07
Country_98,1954,19.67
Country_98,1955,19.76
Country_98,1956,19.87
Country_98,1957,19.89
Country_98,1958,19.83
Country_98,1959,19.75
Country_98,1960,19.99
Country_98,1961,19.69
Country_98,1962,19.38
Country_98,1963,20.31
Country_98,1964,19.69
Country_98,1965,19.78
Country_98,1966,19.87
Country_98,1967,20.23
Country_98,1968,20.15
Country_98,1969,19.67
Country_98,1970,19.78
Country_98,1971,19.88
Country_98,1972,19.91
Country_98,1973,20.34
Country_98,1974,20.39
Country_98,1975,20.25
Country_98,1976,20.44
Country_98,1977,20.13
Country_98,1978,19.95
Country_98,1979,20.77
Country_98,1980,19.66
Country_98,1981,20.11
Country_98,1982,20.19
Country_98,1983,20.12
Country_98,1984,20.31
Country_98,1985,20.31
Country_98,1986,20.16
Country_98,1987,19.95
Country_98,1988,19.88
Country_98,1989,20.23
Country_98,1990,20.21
Country_98,1991,20.7
Country_98,1992,21.02
Country_98,1993,20.43
Country_98,1994,20.64
Country_98,1995,19.9
Country_98,1996,20.43
Country_98,1997,21.02
Country_98,1998,21.03
Country_98,1999,20.65
Country_98,2000,20.56
Country_98,2001,21.03
Country_98,2002,20.96
Country_98,2003,20.96
Country_98,2004,20.66
Country_98,2005,20.66
Country_98,2006,20.58
Country_98,2007,20.55
Country_98,2008,20.5
Country_98,2009,20.66
Country_98,2010,20.63
Country_98,2011,20.46
Country_98,2012,20.51
Country_98,2013,20.82
Country_98,2014,20.76
Country_98,2015,20.27
Country_98,2016,20.69
Country_98,2017,20.88
Country_98,2018,20.71
Country_98,2019,20.52
Country_98,2020,20.8
Country_98,2021,20.77
Country_98,2022,20.77
Country_98,2023,20.79
Country_99,1900,24.14
Country_99,1901,23.73
Country_99,1902,23.84
Country_99,1903,24.31
Country_99,1904,24.35
Country_99,1905,24.17
Country_99,1906,23.75
Country_99,1907,24.3
Country_99,1908,24.19
Country_99,1909,23.73
Country_99,1910,24.45
Country_99,1911,24.34
Country_99,1912,23.7
Country_99,1913,23.65
Country_99,1914,24.54
Country_99,1915,24.33
Country_99,1916,24.34
Country_99,1917,24.01
Country_99,1918,24.15
Country_99,1919,23.74
Country_99,1920,24.39
Country_99,1921,24.34
Country_99,1922,23.78
Country_99,1923,24.17
Country_99,1924,24.52
Country_99,1925,24.12
Country_99,1926,24.05
Country_99,1927,24.44
Country_99,1928,24.54
Country_99,1929,24.6
Country_99,1930,24.18
Country_99,1931,24.93
Country_99,1932,24.61
Country_99,1933,24.11
Country_99,1934,23.98
Country_99,1935,24.12
Country_99,1936,24.46
Country_99,1937,25.03
Country_99,1938,24.7
Country_99,1939,24.83
Country_99,1940,25.01
Country_99,1941,24.61
Country_99,1942,24.59
Country_99,1943,24.74
Country_99,1944,24.64
Country_99,1945,24.12
Country_99,1946,24.94
Country_99,1947,24.67
Country_99,1948,25.02
Country_99,1949,24.53
Country_99,1950,24.82
Country_99,1951,24.72
Country_99,1952,24.87
Country_99,1953,25.11
Country_99,1954,24.3
Country_99,1955,25.21
Country_99,1956,24.93
Country_99,1957,24.66
Country_99,1958,25.12
Country_99,1959,24.49
Country_99,1960,24.81
Country_99,1961,24.71
Country_99,1962,24.34
Country_99,1963,25.26
Country_99,1964,24.85
Country_99,1965,24.58
Country_99,1966,25.1
Country_99,1967,24.99
Country_99,1968,25.03
Country_99,1969,25.21
Country_99,1970,24.5
Country_99,1971,25.34
Country_99,1972,24.5
Country_99,1973,25.07
Country_99,1974,24.95
Country_99,1975,24.89
Country_99,1976,25.08
Country_99,1977,24.83
Country_99,1978,24.84
Country_99,1979,24.48
Country_99,1980,24.72
Country_99,1981,25.34
Country_99,1982,25.8
Country_99,1983,24.92
Country_99,1984,25.15
Country_99,1985,25.2
Country_99,1986,25.43
Country_99,1987,25.32
Country_99,1988,25.06
Country_99,1989,25.46
Country_99,1990,25.64
Country_99,1991,25.11
Country_99,1992,25.64
Country_99,1993,25.91
Country_99,1994,25.16
Country_99,1995,25.47
Country_99,1996,25.13
Country_99,1997,25.61
Country_99,1998,25.0
Country_99,1999,25.75
Country_99,2000,25.19
Country_99,2001,25.55
Country_99,2002,25.43
Country_99,2003,24.9
Country_99,2004,25.12
Country_99,2005,25.39
Country_99,2006,25.18
Country_99,2007,25.78
Country_99,2008,25.65
Country_99,2009,25.55
Country_99,2010,25.28
Country_99,2011,25.11
Country_99,2012,25.72
Country_99,2013,26.03
Country_99,2014,25.67
Country_99,2015,25.26
Country_99,2016,25.54
Country_99,2017,25.8
Country_99,2018,26.02
Country_99,2019,26.31
Country_99,2020,25.79
Country_99,2021,25.87
Country_99,2022,25.91
Country_99,2023,25.54
Country_100,1900,11.99
Country_100,1901,12.48
Country_100,1902,12.4
Country_100,1903,12.49
Country_100,1904,12.62
Country_100,1905,12.61
Country_100,1906,12.35
Country_100,1907,12.35
Country_100,1908,12.64
Country_100,1909,12.14
Country_100,1910,13.04
Country_100,1911,12.63
Country_100,1912,12.37
Country_100,1913,13.29
Country_100,1914,12.1
Country_100,1915,12.88
Country_100,1916,12.26
Country_100,1917,12.65
Country_100,1918,12.97
Country_100,1919,12.68
Country_100,1920,12.74
Country_100,1921,12.13
Country_100,1922,12.35
Country_100,1923,13.34
Country_100,1924,12.62
Country_100,1925,12.76
Country_100,1926,12.91
Country_100,1927,12.73
Country_100,1928,12.69
Country_100,1929,12.94
Country_100,1930,13.07
Country_100,1931,13.01
Country_100,1932,12.76
Country_100,1933,13.07
Country_100,1934,13.03
Country_100,1935,12.35
Country_100,1936,12.35
Country_100,1937,12.81
Country_100,1938,12.8
Country_100,1939,12.91
Country_100,1940,12.21
Country_100,1941,12.31
Country_100,1942,12.87
Country_100,1943,12.35
Country_100,1944,12.28
Country_100,1945,12.94
Country_100,1946,13.25
Country_100,1947,13.17
Country_100,1948,12.76
Country_100,1949,12.73
Country_100,1950,13.23
Country_100,1951,12.99
Country_100,1952,12.64
Country_100,1953,13.81
Country_100,1954,13.43
Country_100,1955,12.94
Country_100,1956,13.12
Country_100,1957,13.3
Country_100,1958,13.4
Country_100,1959,13.58
Country_100,1960,13.18
Country_100,1961,13.0
Country_100,1962,13.07
Country_100,1963,13.32
Country_100,1964,13.66
Country_100,1965,13.64
Country_100,1966,12.91
Country_100,1967,13.02
Country_100,1968,13.17
Country_100,1969,13.68
Country_100,1970,13.04
Country_100,1971,13.55
Country_100,1972,13.27
Country_100,1973,13.48
Country_100,1974,12.95
Country_100,1975,13.84
Country_100,1976,13.18
Country_100,1977,13.89
Country_100,1978,13.27
Country_100,1979,13.33
Country_100,1980,13.8
Country_100,1981,13.48
Country_100,1982,13.36
Country_100,1983,13.12
Country_100,1984,13.35
Country_100,1985,13.76
Country_100,1986,12.89
Country_100,1987,13.82
Country_100,1988,13.2
Country_100,1989,13.76
Country_100,1990,13.87
Country_100,1991,13.44
Country_100,1992,13.64
Country_100,1993,13.94
Country_100,1994,13.73
Country_100,1995,14.06
Country_100,1996,13.33
Country_100,1997,13.67
Country_100,1998,14.22
Country_100,1999,13.72
Country_100,2000,13.88
Country_100,2001,13.78
Country_100,2002,13.57
Country_100,2003,13.64
Country_100,2004,14.14
Country_100,2005,14.03
Country_100,2006,13.84
Country_100,2007,14.0
Country_100,2008,13.44
Country_100,2009,14.11
Country_100,2010,13.85
Country_100,2011,13.72
Country_100,2012,14.25
Country_100,2013,13.89
Country_100,2014,13.94
Country_100,2015,13.76
Country_100,2016,14.1
Country_100,2017,14.54
Country_100,2018,14.48
Country_100,2019,14.61
Country_100,2020,14.0
Country_100,2021,14.2
Country_100,2022,14.39
Country_100,2023,14.12
Country_101,1900,11.57
Country_101,1901,11.5
Country_101,1902,10.99
Country_101,1903,11.47
Country_101,1904,11.44
Country_101,1905,11.38
Country_101,1906,11.61
Country_101,1907,11.1
Country_101,1908,10.83
Country_101,1909,11.57
Country_101,1910,11.71
Country_101,1911,12.37
Country_101,1912,11.88
Country_101,1913,11.59
Country_101,1914,11.64
Country_101,1915,12.24
Country_101,1916,11.33
Country_101,1917,11.44
Country_101,1918,11.22
Country_101,1919,12.11
Country_101,1920,11.64
Country_101,1921,11.48
Country_101,1922,11.61
Country_101,1923,11.75
Country_101,1924,11.5
Country_101,1925,11.29
Country_101,1926,11.54
Country_101,1927,11.6
Country_101,1928,11.83
Country_101,1929,12.1
Country_101,1930,11.26
Country_101,1931,11.9
Country_101,1932,11.81
Country_101,1933,12.16
Country_101,1934,12.07
Country_101,1935,12.4
Country_101,1936,11.93
Country_101,1937,12.18
Country_101,1938,12.15
Country_101,1939,12.14
Country_101,1940,11.69
Country_101,1941,11.71
Country_101,1942,12.21
Country_101,1943,11.84
Country_101,1944,11.64
Country_101,1945,12.21
Country_101,1946,11.91
Country_101,1947,11.91
Country_101,1948,11.82
Country_101,1949,11.96
Country_101,1950,11.97
Country_101,1951,11.97
Country_101,1952,12.82
Country_101,1953,12.66
Country_101,1954,12.16
Country_101,1955,12.49
Country_101,1956,11.95
Country_101,1957,12.26
Country_101,1958,12.1
Country_101,1959,12.28
Country_101,1960,12.3
Country_101,1961,12.19
Country_101,1962,12.08
Country_101,1963,12.72
Country_101,1964,11.71
Country_101,1965,12.45
Country_101,1966,12.25
Country_101,1967,12.1
Country_101,1968,11.43
Country_101,1969,12.95
Country_101,1970,12.46
Country_101,1971,12.51
Country_101,1972,12.58
Country_101,1973,12.79
Country_101,1974,12.37
Country_101,1975,12.31
Country_101,1976,13.01
Country_101,1977,12.7
Country_101,1978,13.06
Country_101,1979,12.31
Country_101,1980,12.68
Country_101,1981,12.62
Country_101,1982,12.49
Country_101,1983,12.66
Country_101,1984,12.34
Country_101,1985,13.1
Country_101,1986,12.84
Country_101,1987,12.72
Country_101,1988,12.18
Country_101,1989,12.4
Country_101,1990,13.09
Country_101,1991,12.64
Country_101,1992,12.35
Country_101,1993,12.34
Country_101,1994,12.72
Country_101,1995,13.3
Country_101,1996,13.29
Country_101,1997,12.58
Country_101,1998,13.12
Country_101,1999,12.53
Country_101,2000,13.31
Country_101,2001,13.35
Country_101,2002,12.79
Country_101,2003,12.4
Country_101,2004,12.98
Country_101,2005,12.8
Country_101,2006,13.42
Country_101,2007,13.06
Country_101,2008,13.52
Country_101,2009,12.68
Country_101,2010,13.29
Country_101,2011,12.93
Country_101,2012,13.17
Country_101,2013,12.56
Country_101,2014,13.65
Country_101,2015,13.03
Country_101,2016,13.46
Country_101,2017,13.66
Country_101,2018,12.81
Country_101,2019,13.37
Country_101,2020,12.8
Country_101,2021,13.08
Country_101,2022,13.25
Country_101,2023,13.32
Country_102,1900,12.75
Country_102,1901,13.23
Country_102,1902,12.62
Country_102,1903,13.43
Country_102,1904,13.42
Country_102,1905,12.84
Country_102,1906,12.69
Country_102,1907,12.72
Country_102,1908,13.35
Country_102,1909,13.14
Country_102,1910,13.17
Country_102,1911,13.29
Country_102,1912,13.5
Country_102,1913,13.15
Country_102,1914,13.55
Country_102,1915,12.83
Country_102,1916,13.19
Country_102,1917,13.48
Country_102,1918,13.78
Country_102,1919,13.22
Country_102,1920,13.71
Country_102,1921,13.56
Country_102,1922,13.68
Country_102,1923,13.47
Country_102,1924,13.43
Country_102,1925,13.4
Country_102,1926,13.44
Country_102,1927,13.32
Country_102,1928,14.24
Country_102,1929,13.44
Country_102,1930,13.62
Country_102,1931,13.69
Country_102,1932,13.86
Country_102,1933,13.75
Country_102,1934,13.89
Country_102,1935,13.87
Country_102,1936,13.95
Country_102,1937,14.17
Country_102,1938,13.52
Country_102,1939,14.27
Country_102,1940,13.7
Country_102,1941,13.95
Country_102,1942,13.14
Country_102,1943,13.53
Country_102,1944,13.91
Country_102,1945,14.02
Country_102,1946,13.76
Country_102,1947,13.78
Country_102,1948,13.92
Country_102,1949,14.14
Country_102,1950,14.18
Country_102,1951,14.67
Country_102,1952,13.71
Country_102,1953,13.81
Country_102,1954,14.37
Country_102,1955,14.21
Country_102,1956,13.25
Country_102,1957,13.95
Country_102,1958,14.1
Country_102,1959,14.64
Country_102,1960,13.86
Country_102,1961,13.74
Country_102,1962,13.98
Country_102,1963,14.56
Country_102,1964,14.29
Country_102,1965,13.47
Country_102,1966,13.81
Country_102,1967,14.61
Country_102,1968,14.75
Country_102,1969,13.75
Country_102,1970,13.77
Country_102,1971,14.14
Country_102,1972,14.26
Country_102,1973,14.59
Country_102,1974,14.22
Country_102,1975,14.37
Country_102,1976,14.11
Country_102,1977,14.05
Country_102,1978,14.47
Country_102,1979,14.04
Country_102,1980,14.27
Country_102,1981,14.35
Country_102,1982,14.15
Country_102,1983,14.9
Country_102,1984,14.46
Country_102,1985,14.31
Country_102,1986,14.56
Country_102,1987,14.22
Country_102,1988,14.31
Country_102,1989,14.07
Country_102,1990,14.18
Country_102,1991,14.32
Country_102,1992,14.91
Country_102,1993,14.7
Country_102,1994,14.78
Country_102,1995,14.57
Country_102,1996,14.58
Country_102,1997,14.79
Country_102,1998,14.93
Country_102,1999,14.87
Country_102,2000,15.02
Country_102,2001,14.79
Country_102,2002,14.91
Country_102,2003,14.77
Country_102,2004,14.57
Country_102,2005,14.66
Country_102,2006,14.7
Country_102,2007,14.81
Country_102,2008,15.14
Country_102,2009,14.73
Country_102,2010,14.78
Country_102,2011,14.79
Country_102,2012,14.89
Country_102,2013,15.45
Country_102,2014,15.3
Country_102,2015,15.6
Country_102,2016,15.19
Country_102,2017,15.26
Country_102,2018,14.19
Country_102,2019,15.11
Country_102,2020,15.38
Country_102,2021,15.18
Country_102,2022,14.96
Country_102,2023,15.32
Country_103,1900,18.5
Country_103,1901,19.04
Country_103,1902,18.53
Country_103,1903,18.25
Country_103,1904,18.7
Country_103,1905,19.0
Country_103,1906,19.1
Country_103,1907,18.71
Country_103,1908,18.76
Country_103,1909,18.81
Country_103,1910,18.56
Country_103,1911,18.89
Country_103,1912,19.23
Country_103,1913,18.86
Country_103,1914,18.71
Country_103,1915,19.2
Country_103,1916,18.88
Country_103,1917,18.66
Country_103,1918,18.98
Country_103,1919,18.56
Country_103,1920,19.2
Country_103,1921,19.06
Country_103,1922,19.28
Country_103,1923,18.76
Country_103,1924,19.04
Country_103,1925,18.67
Country_103,1926,18.61
Country_103,1927,19.03
Country_103,1928,18.81
Country_103,1929,19.08
Country_103,1930,19.37
Country_103,1931,18.91
Country_103,1932,19.29
Country_103,1933,19.45
Country_103,1934,19.21
Country_103,1935,19.25
Country_103,1936,18.86
Country_103,1937,19.16
Country_103,1938,19.33
Country_103,1939,19.28
Country_103,1940,19.2
Country_103,1941,19.41
Country_103,1942,19.06
Country_103,1943,19.38
Country_103,1944,19.11
Country_103,1945,19.16
Country_103,1946,19.97
Country_103,1947,19.35
Country_103,1948,19.42
Country_103,1949,19.48
Country_103,1950,18.81
Country_103,1951,19.55
Country_103,1952,19.21
Country_103,1953,19.27
Country_103,1954,19.68
Country_103,1955,19.58
Country_103,1956,19.29
Country_103,1957,19.83
Country_103,1958,19.39
Country_103,1959,19.82
Country_103,1960,19.65
Country_103,1961,19.34
Country_103,1962,19.46
Country_103,1963,19.73
Country_103,1964,19.07
Country_103,1965,19.07
Country_103,1966,19.83
Country_103,1967,19.87
Country_103,1968,19.52
Country_103,1969,19.75
Country_103,1970,19.99
Country_103,1971,19.89
Country_103,1972,19.41
Country_103,1973,19.64
Country_103,1974,19.98
Country_103,1975,19.68
Country_103,1976,19.68
Country_103,1977,19.79
Country_103,1978,19.67
Country_103,1979,19.6
Country_103,1980,19.6
Country_103,1981,19.43
Country_103,1982,20.18
Country_103,1983,19.88
Country_103,1984,20.05
Country_103,1985,20.01
Country_103,1986,20.32
Country_103,1987,20.35
Country_103,1988,19.46
Country_103,1989,19.91
Country_103,1990,20.21
Country_103,1991,20.03
Country_103,1992,20.47
Country_103,1993,20.43
Country_103,1994,20.0
Country_103,1995,20.84
Country_103,1996,19.5
Country_103,1997,20.37
Country_103,1998,19.98
Country_103,1999,20.06
Country_103,2000,20.07
Country_103,2001,20.74
Country_103,2002,20.24
Country_103,2003,19.75
Country_103,2004,20.3
Country_103,2005,20.25
Country_103,2006,20.01
Country_103,2007,20.68
Country_103,2008,20.93
Country_103,2009,20.06
Country_103,2010,20.0
Country_103,2011,20.04
Country_103,2012,20.47
Country_103,2013,20.35
Country_103,2014,20.37
Country_103,2015,20.76
Country_103,2016,19.92
Country_103,2017,20.71
Country_103,2018,20.09
Country_103,2019,20.29
Country_103,2020,20.38
Country_103,2021,20.77
Country_103,2022,20.67
Country_103,2023,20.77
Country_104,1900,20.49
Country_104,1901,20.76
Country_104,1902,19.89
Country_104,1903,20.11
Country_104,1904,21.1
Country_104,1905,20.65
Country_104,1906,20.14
Country_104,1907,20.4
Country_104,1908,20.57
Country_104,1909,20.71
Country_104,1910,20.9
Country_104,1911,20.27
Country_104,1912,20.72
Country_104,1913,21.1
Country_104,1914,20.25
Country_104,1915,20.74
Country_104,1916,20.32
Country_104,1917,20.75
Country_104,1918,21.16
Country_104,1919,20.86
Country_104,1920,20.32
Country_104,1921,20.31
Country_104,1922,20.7
Country_104,1923,20.61
Country_104,1924,21.21
Country_104,1925,20.88
Country_104,1926,20.82
Country_104,1927,21.06
Country_104,1928,20.14
Country_104,1929,20.91
Country_104,1930,20.69
Country_104,1931,21.11
Country_104,1932,20.42
Country_104,1933,21.05
Country_104,1934,20.39
Country_104,1935,20.81
Country_104,1936,21.25
Country_104,1937,20.73
Country_104,1938,21.07
Country_104,1939,21.03
Country_104,1940,21.04
Country_104,1941,21.38
Country_104,1942,20.66
Country_104,1943,21.41
Country_104,1944,21.21
Country_104,1945,20.92
Country_104,1946,20.87
Country_104,1947,21.29
Country_104,1948,21.15
Country_104,1949,21.3
Country_104,1950,20.81
Country_104,1951,21.11
Country_104,1952,21.24
Country_104,1953,20.99
Country_104,1954,21.18
Country_104,1955,21.39
Country_104,1956,20.76
Country_104,1957,21.39
Country_104,1958,20.52
Country_104,1959,21.16
Country_104,1960,21.26
Country_104,1961,21.59
Country_104,1962,21.75
Country_104,1963,21.68
Country_104,1964,21.45
Country_104,1965,21.93
Country_104,1966,21.62
Country_104,1967,21.88
Country_104,1968,21.22
Country_104,1969,21.45
Country_104,1970,21.11
Country_104,1971,21.55
Country_104,1972,21.72
Country_104,1973,21.44
Country_104,1974,21.33
Country_104,1975,21.5
Country_104,1976,21.7
Country_104,1977,21.86
Country_104,1978,21.96
Country_104,1979,21.52
Country_104,1980,21.02
Country_104,1981,21.54
Country_104,1982,21.6
Country_104,1983,21.57
Country_104,1984,21.58
Country_104,1985,21.63
Country_104,1986,21.79
Country_104,1987,21.95
Country_104,1988,21.39
Country_104,1989,21.38
Country_104,1990,21.95
Country_104,1991,21.7
Country_104,1992,21.61
Country_104,1993,21.9
Country_104,1994,21.48
Country_104,1995,22.06
Country_104,1996,22.15
Country_104,1997,21.52
Country_104,1998,21.58
Country_104,1999,22.05
Country_104,2000,22.16
Country_104,2001,21.57
Country_104,2002,21.5
Country_104,2003,21.8
Country_104,2004,22.18
Country_104,2005,21.91
Country_104,2006,21.94
Country_104,2007,22.3
Country_104,2008,21.98
Country_104,2009,21.5
Country_104,2010,21.99
Country_104,2011,22.23
Country_104,2012,22.35
Country_104,2013,22.36
Country_104,2014,22.41
Country_104,2015,21.34
Country_104,2016,22.43
Country_104,2017,22.13
Country_104,2018,22.54
Country_104,2019,22.21
Country_104,2020,22.21
Country_104,2021,21.84
Country_104,2022,22.6
Country_104,2023,22.47
Country_105,1900,22.29
Country_105,1901,23.09
Country_105,1902,22.98
Country_105,1903,22.47
Country_105,1904,22.85
Country_105,1905,22.92
Country_105,1906,22.63
Country_105,1907,23.0
Country_105,1908,22.75
Country_105,1909,22.9
Country_105,1910,23.21
Country_105,1911,22.75
Country_105,1912,22.89
Country_105,1913,23.01
Country_105,1914,23.14
Country_105,1915,22.67
Country_105,1916,22.73
Country_105,1917,23.21
Country_105,1918,23.02
Country_105,1919,22.62
Country_105,1920,23.13
Country_105,1921,22.55
Country_105,1922,22.82
Country_105,1923,23.08
Country_105,1924,22.56
Country_105,1925,23.63
Country_105,1926,23.47
Country_105,1927,22.82
Country_105,1928,23.07
Country_105,1929,23.27
Country_105,1930,23.22
Country_105,1931,23.42
Country_105,1932,23.97
Country_105,1933,23.29
Country_105,1934,23.38
Country_105,1935,23.0
Country_105,1936,23.49
Country_105,1937,23.15
Country_105,1938,23.13
Country_105,1939,23.26
Country_105,1940,23.3
Country_105,1941,23.21
Country_105,1942,23.79
Country_105,1943,23.18
Country_105,1944,23.18
Country_105,1945,23.42
Country_105,1946,23.79
Country_105,1947,23.61
Country_105,1948,23.68
Country_105,1949,23.47
Country_105,1950,23.38
Country_105,1951,23.91
Country_105,1952,23.64
Country_105,1953,23.65
Country_105,1954,23.37
Country_105,1955,23.72
Country_105,1956,23.31
Country_105,1957,23.6
Country_105,1958,23.46
Country_105,1959,23.21
Country_105,1960,23.7
Country_105,1961,24.22
Country_105,1962,23.66
Country_105,1963,23.96
Country_105,1964,24.01
Country_105,1965,24.3
Country_105,1966,23.63
Country_105,1967,24.03
Country_105,1968,23.58
Country_105,1969,23.39
Country_105,1970,23.73
Country_105,1971,23.66
Country_105,1972,23.84
Country_105,1973,24.04
Country_105,1974,23.92
Country_105,1975,23.99
Country_105,1976,24.3
Country_105,1977,23.88
Country_105,1978,24.0
Country_105,1979,24.25
Country_105,1980,24.19
Country_105,1981,24.04
Country_105,1982,24.26
Country_105,1983,23.46
Country_105,1984,23.59
Country_105,1985,23.98
Country_105,1986,24.03
Country_105,1987,24.16
Country_105,1988,24.26
Country_105,1989,23.93
Country_105,1990,23.76
Country_105,1991,24.64
Country_105,1992,24.23
Country_105,1993,24.37
Country_105,1994,24.21
Country_105,1995,23.99
Country_105,1996,23.74
Country_105,1997,24.26
Country_105,1998,23.82
Country_105,1999,24.12
Country_105,2000,24.27
Country_105,2001,23.89
Country_105,2002,25.02
Country_105,2003,24.35
Country_105,2004,24.29
Country_105,2005,24.14
Country_105,2006,24.34
Country_105,2007,24.22
Country_105,2008,24.82
Country_105,2009,24.22
Country_105,2010,24.56
Country_105,2011,24.32
Country_105,2012,24.57
Country_105,2013,24.35
Country_105,2014,24.41
Country_105,2015,24.47
Country_105,2016,24.53
Country_105,2017,24.52
Country_105,2018,24.25
Country_105,2019,24.78
Country_105,2020,24.65
Country_105,2021,24.94
Country_105,2022,24.7
Country_105,2023,25.19
Country_106,1900,17.85
Country_106,1901,18.34
Country_106,1902,17.54
Country_106,1903,17.96
Country_106,1904,17.17
Country_106,1905,17.64
Country_106,1906,17.67
Country_106,1907,18.07
Country_106,1908,18.02
Country_106,1909,17.75
Country_106,1910,17.98
Country_106,1911,17.67
Country_106,1912,17.08
Country_106,1913,17.62
Country_106,1914,17.75
Country_106,1915,16.97
Country_106,1916,17.94
Country_106,1917,17.64
Country_106,1918,17.46
Country_106,1919,18.08
Country_106,1920,17.87
Country_106,1921,18.23
Country_106,1922,17.72
Country_106,1923,18.18
Country_106,1924,18.13
Country_106,1925,17.99
Country_106,1926,18.21
Country_106,1927,17.9
Country_106,1928,18.5
Country_106,1929,18.21
Country_106,1930,18.38
Country_106,1931,18.35
Country_106,1932,18.08
Country_106,1933,17.9
Country_106,1934,18.17
Country_106,1935,17.97
Country_106,1936,18.06
Country_106,1937,17.72
Country_106,1938,18.07
Country_106,1939,17.72
Country_106,1940,18.07
Country_106,1941,18.38
Country_106,1942,18.06
Country_106,1943,18.0
Country_106,1944,18.26
Country_106,1945,17.98
Country_106,1946,17.92
Country_106,1947,18.67
Country_106,1948,18.35
Country_106,1949,18.4
Country_106,1950,18.25
Country_106,1951,18.17
Country_106,1952,17.95
Country_106,1953,18.4
Country_106,1954,17.58
Country_106,1955,18.14
Country_106,1956,18.68
Country_106,1957,18.26
Country_106,1958,18.76
Country_106,1959,18.74
Country_106,1960,18.51
Country_106,1961,17.77
Country_106,1962,18.39
Country_106,1963,18.45
Country_106,1964,18.95
Country_106,1965,18.68
Country_106,1966,18.34
Country_106,1967,18.98
Country_106,1968,17.99
Country_106,1969,18.45
Country_106,1970,18.05
Country_106,1971,18.58
Country_106,1972,18.76
Country_106,1973,18.45
Country_106,1974,18.36
Country_106,1975,18.71
Country_106,1976,18.46
Country_106,1977,18.56
Country_106,1978,18.64
Country_106,1979,18.97
Country_106,1980,18.76
Country_106,1981,18.44
Country_106,1982,18.27
Country_106,1983,18.84
Country_106,1984,19.0
Country_106,1985,19.54
Country_106,1986,18.26
Country_106,1987,19.14
Country_106,1988,19.1
Country_106,1989,18.65
Country_106,1990,18.7
Country_106,1991,18.75
Country_106,1992,19.28
Country_106,1993,18.49
Country_106,1994,19.53
Country_106,1995,19.74
Country_106,1996,18.77
Country_106,1997,18.93
Country_106,1998,19.58
Country_106,1999,18.12
Country_106,2000,19.02
Country_106,2001,18.92
Country_106,2002,19.45
Country_106,2003,19.44
Country_106,2004,18.66
Country_106,2005,19.57
Country_106,2006,19.08
Country_106,2007,19.35
Country_106,2008,19.3
Country_106,2009,18.82
Country_106,2010,19.64
Country_106,2011,19.24
Country_106,2012,19.36
Country_106,2013,19.46
Country_106,2014,18.81
Country_106,2015,18.92
Country_106,2016,19.13
Country_106,2017,19.04
Country_106,2018,19.54
Country_106,2019,19.74
Country_106,2020,19.29
Country_106,2021,18.86
Country_106,2022,20.04
Country_106,2023,19.55
Country_107,1900,15.75
Country_107,1901,16.05
Country_107,1902,16.01
Country_107,1903,15.62
Country_107,1904,15.88
Country_107,1905,16.06
Country_107,1906,15.76
Country_107,1907,15.83
Country_107,1908,15.51
Country_107,1909,15.61
Country_107,1910,15.75
Country_107,1911,15.89
Country_107,1912,16.36
Country_107,1913,15.78
Country_107,1914,15.99
Country_107,1915,15.98
Country_107,1916,16.11
Country_107,1917,15.99
Country_107,1918,15.67
Country_107,1919,15.88
Country_107,1920,16.33
Country_107,1921,16.46
Country_107,1922,16.37
Country_107,1923,15.69
Country_107,1924,15.98
Country_107,1925,16.21
Country_107,1926,15.72
Country_107,1927,15.72
Country_107,1928,16.74
Country_107,1929,16.36
Country_107,1930,15.93
Country_107,1931,16.1
Country_107,1932,16.28
Country_107,1933,16.2
Country_107,1934,16.57
Country_107,1935,16.86
Country_107,1936,16.24
Country_107,1937,16.06
Country_107,1938,16.46
Country_107,1939,16.25
Country_107,1940,15.57
Country_107,1941,16.22
Country_107,1942,16.69
Country_107,1943,16.73
Country_107,1944,16.59
Country_107,1945,16.41
Country_107,1946,16.71
Country_107,1947,16.32
Country_107,1948,16.92
Country_107,1949,16.64
Country_107,1950,16.53
Country_107,1951,16.34
Country_107,1952,15.92
Country_107,1953,16.59
Country_107,1954,17.09
Country_107,1955,16.98
Country_107,1956,16.65
Country_107,1957,16.31
Country_107,1958,16.45
Country_107,1959,16.35
Country_107,1960,17.31
Country_107,1961,16.32
Country_107,1962,16.82
Country_107,1963,16.47
Country_107,1964,16.48
Country_107,1965,16.53
Country_107,1966,16.44
Country_107,1967,16.55
Country_107,1968,16.01
Country_107,1969,16.72
Country_107,1970,15.94
Country_107,1971,16.52
Country_107,1972,17.12
Country_107,1973,16.82
Country_107,1974,16.74
Country_107,1975,16.71
Country_107,1976,16.94
Country_107,1977,16.57
Country_107,1978,16.51
Country_107,1979,16.84
Country_107,1980,16.99
Country_107,1981,16.67
Country_107,1982,16.71
Country_107,1983,16.97
Country_107,1984,16.78
Country_107,1985,16.49
Country_107,1986,17.11
Country_107,1987,16.92
Country_107,1988,17.08
Country_107,1989,17.0
Country_107,1990,17.47
Country_107,1991,17.23
Country_107,1992,17.3
Country_107,1993,16.94
Country_107,1994,16.99
Country_107,1995,17.1
Country_107,1996,17.14
Country_107,1997,17.09
Country_107,1998,17.58
Country_107,1999,16.97
Country_107,2000,17.03
Country_107,2001,17.0
Country_107,2002,17.97
Country_107,2003,17.29
Country_107,2004,17.24
Country_107,2005,17.69
Country_107,2006,17.35
Country_107,2007,17.37
Country_107,2008,17.21
Country_107,2009,17.26
Country_107,2010,17.39
Country_107,2011,17.23
Country_107,2012,17.38
Country_107,2013,17.43
Country_107,2014,17.69
Country_107,2015,16.94
Country_107,2016,17.75
Country_107,2017,17.24
Country_107,2018,17.63
Country_107,2019,17.13
Country_107,2020,17.81
Country_107,2021,18.05
Country_107,2022,17.78
Country_107,2023,17.62
Country_108,1900,14.14
Country_108,1901,13.58
Country_108,1902,14.47
Country_108,1903,14.39
Country_108,1904,14.13
Country_108,1905,14.25
Country_108,1906,14.12
Country_108,1907,13.7
Country_108,1908,14.32
Country_108,1909,13.72
Country_108,1910,14.21
Country_108,1911,14.37
Country_108,1912,14.4
Country_108,1913,13.86
Country_108,1914,13.42
Country_108,1915,14.26
Country_108,1916,14.45
Country_108,1917,14.56
Country_108,1918,14.32
Country_108,1919,14.18
Country_108,1920,14.47
Country_108,1921,14.43
Country_108,1922,14.29
Country_108,1923,14.13
Country_108,1924,14.51
Country_108,1925,13.89
Country_108,1926,14.12
Country_108,1927,14.59
Country_108,1928,14.78
Country_108,1929,14.28
Country_108,1930,14.2
Country_108,1931,14.67
Country_108,1932,14.02
Country_108,1933,14.09
Country_108,1934,14.42
Country_108,1935,14.63
Country_108,1936,14.58
Country_108,1937,14.02
Country_108,1938,14.48
Country_108,1939,14.59
Country_108,1940,14.04
Country_108,1941,14.26
Country_108,1942,14.26
Country_108,1943,14.65
Country_108,1944,14.91
Country_108,1945,14.45
Country_108,1946,15.08
Country_108,1947,14.66
Country_108,1948,14.54
Country_108,1949,15.33
Country_108,1950,14.71
Country_108,1951,14.02
Country_108,1952,14.65
Country_108,1953,14.55
Country_108,1954,14.65
Country_108,1955,15.13
Country_108,1956,15.26
Country_108,1957,14.78
Country_108,1958,15.46
Country_108,1959,14.63
Country_108,1960,14.8
Country_108,1961,15.16
Country_108,1962,15.26
Country_108,1963,14.67
Country_108,1964,14.75
Country_108,1965,14.65
Country_108,1966,14.92
Country_108,1967,14.47
Country_108,1968,14.54
Country_108,1969,15.42
Country_108,1970,14.75
Country_108,1971,14.82
Country_108,1972,15.16
Country_108,1973,15.07
Country_108,1974,14.96
Country_108,1975,14.86
Country_108,1976,15.46
Country_108,1977,15.85
Country_108,1978,14.86
Country_108,1979,15.32
Country_108,1980,15.05
Country_108,1981,15.43
Country_108,1982,15.34
Country_108,1983,15.44
Country_108,1984,15.74
Country_108,1985,15.26
Country_108,1986,15.85
Country_108,1987,15.15
Country_108,1988,15.61
Country_108,1989,15.06
Country_108,1990,14.94
Country_108,1991,15.29
Country_108,1992,15.53
Country_108,1993,14.95
Country_108,1994,15.3
Country_108,1995,15.6
Country_108,1996,15.29
Country_108,1997,15.23
Country_108,1998,15.65
Country_108,1999,15.56
Country_108,2000,15.54
Country_108,2001,15.19
Country_108,2002,15.7
Country_108,2003,16.15
Country_108,2004,15.45
Country_108,2005,15.38
Country_108,2006,16.22
Country_108,2007,15.4
Country_108,2008,15.98
Country_108,2009,15.9
Country_108,2010,15.42
Country_108,2011,15.41
Country_108,2012,15.7
Country_108,2013,16.42
Country_108,2014,15.75
Country_108,2015,15.82
Country_108,2016,15.5
Country_108,2017,16.3
Country_108,2018,16.04
Country_108,2019,15.79
Country_108,2020,16.03
Country_108,2021,16.07
Country_108,2022,15.49
Country_108,2023,16.28
Country_109,1900,20.48
Country_109,1901,20.41
Country_109,1902,21.02
Country_109,1903,20.47
Country_109,1904,20.9
Country_109,1905,20.81
Country_109,1906,20.71
Country_109,1907,21.18
Country_109,1908,20.77
Country_109,1909,20.76
Country_109,1910,21.05
Country_109,1911,20.79
Country_109,1912,20.63
Country_109,1913,21.18
Country_109,1914,20.8
Country_109,1915,20.92
Country_109,1916,20.66
Country_109,1917,20.93
Country_109,1918,20.95
Country_109,1919,21.56
Country_109,1920,21.1
Country_109,1921,21.34
Country_109,1922,21.1
Country_109,1923,21.27
Country_109,1924,20.66
Country_109,1925,20.3
Country_109,1926,21.69
Country_109,1927,20.5
Country_109,1928,21.46
Country_109,1929,21.47
Country_109,1930,21.12
Country_109,1931,21.09
Country_109,1932,20.84
Country_109,1933,21.2
Country_109,1934,21.5
Country_109,1935,21.55
Country_109,1936,21.05
Country_109,1937,20.92
Country_109,1938,21.08
Country_109,1939,22.06
Country_109,1940,21.2
Country_109,1941,21.55
Country_109,1942,21.13
Country_109,1943,21.7
Country_109,1944,21.1
Country_109,1945,21.67
Country_109,1946,21.39
Country_109,1947,21.31
Country_109,1948,21.38
Country_109,1949,21.77
Country_109,1950,22.0
Country_109,1951,21.54
Country_109,1952,21.51
Country_109,1953,21.14
Country_109,1954,21.53
Country_109,1955,21.6
Country_109,1956,21.51
Country_109,1957,21.08
Country_109,1958,22.01
Country_109,1959,21.3
Country_109,1960,21.57
Country_109,1961,21.44
Country_109,1962,22.0
Country_109,1963,21.9
Country_109,1964,21.67
Country_109,1965,21.97
Country_109,1966,21.71
Country_109,1967,21.71
Country_109,1968,21.73
Country_109,1969,22.01
Country_109,1970,21.61
Country_109,1971,21.66
Country_109,1972,22.47
Country_109,1973,21.59
Country_109,1974,22.0
Country_109,1975,21.78
Country_109,1976,22.21
Country_109,1977,21.79
Country_109,1978,22.14
Country_109,1979,22.27
Country_109,1980,21.91
Country_109,1981,21.46
Country_109,1982,21.95
Country_109,1983,21.93
Country_109,1984,22.59
Country_109,1985,21.53
Country_109,1986,21.96
Country_109,1987,22.22
Country_109,1988,21.95
Country_109,1989,21.5
Country_109,1990,21.83
Country_109,1991,22.73
Country_109,1992,21.95
Country_109,1993,21.95
Country_109,1994,21.6
Country_109,1995,22.62
Country_109,1996,21.76
Country_109,1997,21.63
Country_109,1998,22.17
Country_109,1999,21.89
Country_109,2000,22.21
Country_109,2001,22.01
Country_109,2002,22.17
Country_109,2003,21.98
Country_109,2004,22.26
Country_109,2005,22.54
Country_109,2006,22.66
Country_109,2007,22.94
Country_109,2008,22.74
Country_109,2009,21.87
Country_109,2010,22.12
Country_109,2011,23.12
Country_109,2012,22.51
Country_109,2013,22.71
Country_109,2014,22.82
Country_109,2015,22.59
Country_109,2016,22.32
Country_109,2017,22.04
Country_109,2018,22.28
Country_109,2019,22.54
Country_109,2020,22.49
Country_109,2021,22.58
Country_109,2022,22.9
Country_109,2023,22.59
Country_110,1900,14.92
Country_110,1901,15.13
Country_110,1902,14.99
Country_110,1903,14.85
Country_110,1904,15.14
Country_110,1905,14.87
Country_110,1906,14.98
Country_110,1907,14.7
Country_110,1908,14.89
Country_110,1909,15.11
Country_110,1910,14.62
Country_110,1911,15.04
Country_110,1912,15.15
Country_110,1913,14.95
Country_110,1914,15.16
Country_110,1915,15.25
Country_110,1916,15.28
Country_110,1917,15.13
Country_110,1918,14.95
Country_110,1919,14.63
Country_110,1920,15.57
Country_110,1921,14.96
Country_110,1922,15.53
Country_110,1923,15.41
Country_110,1924,14.96
Country_110,1925,15.25
Country_110,1926,15.23
Country_110,1927,15.47
Country_110,1928,15.05
Country_110,1929,15.44
Country_110,1930,15.16
Country_110,1931,15.37
Country_110,1932,14.97
Country_110,1933,15.83
Country_110,1934,15.44
Country_110,1935,15.18
Country_110,1936,15.38
Country_110,1937,15.15
Country_110,1938,15.11
Country_110,1939,15.8
Country_110,1940,15.37
Country_110,1941,15.2
Country_110,1942,15.66
Country_110,1943,15.42
Country_110,1944,15.36
Country_110,1945,15.47
Country_110,1946,15.77
Country_110,1947,15.28
Country_110,1948,15.08
Country_110,1949,15.35
Country_110,1950,15.76
Country_110,1951,15.19
Country_110,1952,15.67
Country_110,1953,15.68
Country_110,1954,15.05
Country_110,1955,15.48
Country_110,1956,15.4
Country_110,1957,15.97
Country_110,1958,15.47
Country_110,1959,15.38
Country_110,1960,15.46
Country_110,1961,15.5
Country_110,1962,16.01
Country_110,1963,15.6
Country_110,1964,16.37
Country_110,1965,15.09
Country_110,1966,15.83
Country_110,1967,15.75
Country_110,1968,16.0
Country_110,1969,15.89
Country_110,1970,15.73
Country_110,1971,15.56
Country_110,1972,16.05
Country_110,1973,15.8
Country_110,1974,15.54
Country_110,1975,15.88
Country_110,1976,16.02
Country_110,1977,15.86
Country_110,1978,16.51
Country_110,1979,15.81
Country_110,1980,16.35
Country_110,1981,16.62
Country_110,1982,16.43
Country_110,1983,15.86
Country_110,1984,16.35
Country_110,1985,15.72
Country_110,1986,16.37
Country_110,1987,16.12
Country_110,1988,16.08
Country_110,1989,15.43
Country_110,1990,16.49
Country_110,1991,16.4
Country_110,1992,16.85
Country_110,1993,16.29
Country_110,1994,16.36
Country_110,1995,16.58
Country_110,1996,16.17
Country_110,1997,16.38
Country_110,1998,16.11
Country_110,1999,16.69
Country_110,2000,15.77
Country_110,2001,16.28
Country_110,2002,16.03
Country_110,2003,16.48
Country_110,2004,17.09
Country_110,2005,15.89
Country_110,2006,16.28
Country_110,2007,16.73
Country_110,2008,16.04
Country_110,2009,16.72
Country_110,2010,16.91
Country_110,2011,16.86
Country_110,2012,16.47
Country_110,2013,16.84
Country_110,2014,16.4
Country_110,2015,16.36
Country_110,2016,16.45
Country_110,2017,16.35
Country_110,2018,17.11
Country_110,2019,16.43
Country_110,2020,16.28
Country_110,2021,16.98
Country_110,2022,16.69
Country_110,2023,17.13
Country_111,1900,22.62
Country_111,1901,23.27
Country_111,1902,22.59
Country_111,1903,23.13
Country_111,1904,22.81
Country_111,1905,22.95
Country_111,1906,22.96
Country_111,1907,23.26
Country_111,1908,22.59
Country_111,1909,23.3
Country_111,1910,23.7
Country_111,1911,22.7
Country_111,1912,23.12
Country_111,1913,23.22
Country_111,1914,23.47
Country_111,1915,23.17
Country_111,1916,23.21
Country_111,1917,22.85
Country_111,1918,22.65
Country_111,1919,22.99
Country_111,1920,23.58
Country_111,1921,22.96
Country_111,1922,22.93
Country_111,1923,23.21
Country_111,1924,23.33
Country_111,1925,23.15
Country_111,1926,22.54
Country_111,1927,23.37
Country_111,1928,22.81
Country_111,1929,23.4
Country_111,1930,22.66
Country_111,1931,23.58
Country_111,1932,23.07
Country_111,1933,23.85
Country_111,1934,23.62
Country_111,1935,23.85
Country_111,1936,23.63
Country_111,1937,23.17
Country_111,1938,23.01
Country_111,1939,24.04
Country_111,1940,23.77
Country_111,1941,24.28
Country_111,1942,23.55
Country_111,1943,23.76
Country_111,1944,23.2
Country_111,1945,23.48
Country_111,1946,23.63
Country_111,1947,23.29
Country_111,1948,23.45
Country_111,1949,23.61
Country_111,1950,23.77
Country_111,1951,24.15
Country_111,1952,23.8
Country_111,1953,24.23
Country_111,1954,23.7
Country_111,1955,24.1
Country_111,1956,23.73
Country_111,1957,24.05
Country_111,1958,23.62
Country_111,1959,24.14
Country_111,1960,24.04
Country_111,1961,23.34
Country_111,1962,23.42
Country_111,1963,24.14
Country_111,1964,23.75
Country_111,1965,23.54
Country_111,1966,24.09
Country_111,1967,24.12
Country_111,1968,23.86
Country_111,1969,23.98
Country_111,1970,24.23
Country_111,1971,23.91
Country_111,1972,23.82
Country_111,1973,23.86
Country_111,1974,23.77
Country_111,1975,24.67
Country_111,1976,24.39
Country_111,1977,24.37
Country_111,1978,24.55
Country_111,1979,23.85
Country_111,1980,24.54
Country_111,1981,23.99
Country_111,1982,24.94
Country_111,1983,24.08
Country_111,1984,23.81
Country_111,1985,24.32
Country_111,1986,24.6
Country_111,1987,24.11
Country_111,1988,23.89
Country_111,1989,24.46
Country_111,1990,23.91
Country_111,1991,24.19
Country_111,1992,24.02
Country_111,1993,23.63
Country_111,1994,24.22
Country_111,1995,23.94
Country_111,1996,24.55
Country_111,1997,24.0
Country_111,1998,23.72
Country_111,1999,24.6
Country_111,2000,24.21
Country_111,2001,24.63
Country_111,2002,23.85
Country_111,2003,24.97
Country_111,2004,24.69
Country_111,2005,24.37
Country_111,2006,24.87
Country_111,2007,24.67
Country_111,2008,24.6
Country_111,2009,24.68
Country_111,2010,24.66
Country_111,2011,25.0
Country_111,2012,24.56
Country_111,2013,24.84
Country_111,2014,24.1
Country_111,2015,25.11
Country_111,2016,23.92
Country_111,2017,24.45
Country_111,2018,24.66
Country_111,2019,24.42
Country_111,2020,24.56
Country_111,2021,25.27
Country_111,2022,24.69
Country_111,2023,24.36
Country_112,1900,14.42
Country_112,1901,14.51
Country_112,1902,14.64
Country_112,1903,14.71
Country_112,1904,14.32
Country_112,1905,14.19
Country_112,1906,14.26
Country_112,1907,14.46
Country_112,1908,14.67
Country_112,1909,14.47
Country_112,1910,15.01
Country_112,1911,14.59
Country_112,1912,14.46
Country_112,1913,14.54
Country_112,1914,14.63
Country_112,1915,14.57
Country_112,1916,14.8
Country_112,1917,14.91
Country_112,1918,15.08
Country_112,1919,15.24
Country_112,1920,15.07
Country_112,1921,15.17
Country_112,1922,14.75
Country_112,1923,15.17
Country_112,1924,15.52
Country_112,1925,15.28
Country_112,1926,14.94
Country_112,1927,15.18
Country_112,1928,15.55
Country_112,1929,15.13
Country_112,1930,14.64
Country_112,1931,15.37
Country_112,1932,14.74
Country_112,1933,15.4
Country_112,1934,14.59
Country_112,1935,14.96
Country_112,1936,15.11
Country_112,1937,14.99
Country_112,1938,15.28
Country_112,1939,15.06
Country_112,1940,14.7
Country_112,1941,15.23
Country_112,1942,14.9
Country_112,1943,15.28
Country_112,1944,15.09
Country_112,1945,15.53
Country_112,1946,15.42
Country_112,1947,15.44
Country_112,1948,15.69
Country_112,1949,15.14
Country_112,1950,15.6
Country_112,1951,15.59
Country_112,1952,15.26
Country_112,1953,15.34
Country_112,1954,15.41
Country_112,1955,15.92
Country_112,1956,15.35
Country_112,1957,15.5
Country_112,1958,15.73
Country_112,1959,15.51
Country_112,1960,16.09
Country_112,1961,15.83
Country_112,1962,15.66
Country_112,1963,15.07
Country_112,1964,15.58
Country_112,1965,15.33
Country_112,1966,15.41
Country_112,1967,15.24
Country_112,1968,15.41
Country_112,1969,16.04
Country_112,1970,15.75
Country_112,1971,15.26
Country_112,1972,15.59
Country_112,1973,15.63
Country_112,1974,15.36
Country_112,1975,15.71
Country_112,1976,15.76
Country_112,1977,16.12
Country_112,1978,15.66
Country_112,1979,15.62
Country_112,1980,15.86
Country_112,1981,15.67
Country_112,1982,15.81
Country_112,1983,15.68
Country_112,1984,15.44
Country_112,1985,15.68
Country_112,1986,16.3
Country_112,1987,16.14
Country_112,1988,16.02
Country_112,1989,16.12
Country_112,1990,16.08
Country_112,1991,16.19
Country_112,1992,15.65
Country_112,1993,15.58
Country_112,1994,16.2
Country_112,1995,15.9
Country_112,1996,15.61
Country_112,1997,15.71
Country_112,1998,15.81
Country_112,1999,15.83
Country_112,2000,15.71
Country_112,2001,15.96
Country_112,2002,15.79
Country_112,2003,15.97
Country_112,2004,16.35
Country_112,2005,16.61
Country_112,2006,16.2
Country_112,2007,15.62
Country_112,2008,16.36
Country_112,2009,16.28
Country_112,2010,16.03
Country_112,2011,16.31
Country_112,2012,16.36
Country_112,2013,15.87
Country_112,2014,16.05
Country_112,2015,16.25
Country_112,2016,15.84
Country_112,2017,15.74
Country_112,2018,16.26
Country_112,2019,16.19
Country_112,2020,16.23
Country_112,2021,16.41
Country_112,2022,16.07
Country_112,2023,16.36
Country_113,1900,19.35
Country_113,1901,19.48
Country_113,1902,19.58
Country_113,1903,20.14
Country_113,1904,19.89
Country_113,1905,20.08
Country_113,1906,19.59
Country_113,1907,19.76
Country_113,1908,19.96
Country_113,1909,19.94
Country_113,1910,19.68
Country_113,1911,20.16
Country_113,1912,19.76
Country_113,1913,19.84
Country_113,1914,19.89
Country_113,1915,20.0
Country_113,1916,19.87
Country_113,1917,19.88
Country_113,1918,20.1
Country_113,1919,20.07
Country_113,1920,20.11
Country_113,1921,20.17
Country_113,1922,19.88
Country_113,1923,20.51
Country_113,1924,20.0
Country_113,1925,20.25
Country_113,1926,20.24
Country_113,1927,19.96
Country_113,1928,20.31
Country_113,1929,19.91
Country_113,1930,20.1
Country_113,1931,19.86
Country_113,1932,20.29
Country_113,1933,20.06
Country_113,1934,20.71
Country_113,1935,20.55
Country_113,1936,20.66
Country_113,1937,20.29
Country_113,1938,20.38
Country_113,1939,20.43
Country_113,1940,19.75
Country_113,1941,19.86
Country_113,1942,20.06
Country_113,1943,20.28
Country_113,1944,20.3
Country_113,1945,20.13
Country_113,1946,20.75
Country_113,1947,20.44
Country_113,1948,20.02
Country_113,1949,20.18
Country_113,1950,20.67
Country_113,1951,20.07
Country_113,1952,20.49
Country_113,1953,19.85
Country_113,1954,20.38
Country_113,1955,20.74
Country_113,1956,20.62
Country_113,1957,20.7
Country_113,1958,20.57
Country_113,1959,20.83
Country_113,1960,20.75
Country_113,1961,20.4
Country_113,1962,20.91
Country_113,1963,21.26
Country_113,1964,20.66
Country_113,1965,20.75
Country_113,1966,20.38
Country_113,1967,20.54
Country_113,1968,20.77
Country_113,1969,20.29
Country_113,1970,20.43
Country_113,1971,21.0
Country_113,1972,20.98
Country_113,1973,20.62
Country_113,1974,20.9
Country_113,1975,21.26
Country_113,1976,21.18
Country_113,1977,20.37
Country_113,1978,20.44
Country_113,1979,20.78
Country_113,1980,20.99
Country_113,1981,21.21
Country_113,1982,20.94
Country_113,1983,20.76
Country_113,1984,21.29
Country_113,1985,21.14
Country_113,1986,20.75
Country_113,1987,20.64
Country_113,1988,21.03
Country_113,1989,20.47
Country_113,1990,21.65
Country_113,1991,20.86
Country_113,1992,21.6
Country_113,1993,21.12
Country_113,1994,20.87
Country_113,1995,21.48
Country_113,1996,20.87
Country_113,1997,21.76
Country_113,1998,21.21
Country_113,1999,21.21
Country_113,2000,21.67
Country_113,2001,20.48
Country_113,2002,21.07
Country_113,2003,21.18
Country_113,2004,21.46
Country_113,2005,21.75
Country_113,2006,21.51
Country_113,2007,21.52
Country_113,2008,21.44
Country_113,2009,21.07
Country_113,2010,21.23
Country_113,2011,21.46
Country_113,2012,21.65
Country_113,2013,21.4
Country_113,2014,21.59
Country_113,2015,21.41
Country_113,2016,21.44
Country_113,2017,21.47
Country_113,2018,21.87
Country_113,2019,21.31
Country_113,2020,21.57
Country_113,2021,21.07
Country_113,2022,21.8
Country_113,2023,21.32
Country_114,1900,23.51
Country_114,1901,23.79
Country_114,1902,23.53
Country_114,1903,23.66
Country_114,1904,23.7
Country_114,1905,23.81
Country_114,1906,23.78
Country_114,1907,24.13
Country_114,1908,23.52
Country_114,1909,23.95
Country_114,1910,24.15
Country_114,1911,24.0
Country_114,1912,24.07
Country_114,1913,24.24
Country_114,1914,23.76
Country_114,1915,24.06
Country_114,1916,23.74
Country_114,1917,24.78
Country_114,1918,23.6
Country_114,1919,24.31
Country_114,1920,23.58
Country_114,1921,24.26
Country_114,1922,24.31
Country_114,1923,24.02
Country_114,1924,24.12
Country_114,1925,23.51
Country_114,1926,24.32
Country_114,1927,24.38
Country_114,1928,24.73
Country_114,1929,23.85
Country_114,1930,24.4
Country_114,1931,23.83
Country_114,1932,24.25
Country_114,1933,24.05
Country_114,1934,24.17
Country_114,1935,24.43
Country_114,1936,24.78
Country_114,1937,24.44
Country_114,1938,24.42
Country_114,1939,24.33
Country_114,1940,24.36
Country_114,1941,23.84
Country_114,1942,23.89
Country_114,1943,24.67
Country_114,1944,24.12
Country_114,1945,24.27
Country_114,1946,25.07
Country_114,1947,24.76
Country_114,1948,24.34
Country_114,1949,24.47
Country_114,1950,24.84
Country_114,1951,24.18
Country_114,1952,24.56
Country_114,1953,24.71
Country_114,1954,24.99
Country_114,1955,24.25
Country_114,1956,24.64
Country_114,1957,24.63
Country_114,1958,24.67
Country_114,1959,24.21
Country_114,1960,24.36
Country_114,1961,24.38
Country_114,1962,24.81
Country_114,1963,24.37
Country_114,1964,24.68
Country_114,1965,24.74
Country_114,1966,25.2
Country_114,1967,24.8
Country_114,1968,24.7
Country_114,1969,25.06
Country_114,1970,24.78
Country_114,1971,24.87
Country_114,1972,24.79
Country_114,1973,24.99
Country_114,1974,25.03
Country_114,1975,24.64
Country_114,1976,24.83
Country_114,1977,25.25
Country_114,1978,24.95
Country_114,1979,25.03
Country_114,1980,24.64
Country_114,1981,24.75
Country_114,1982,25.45
Country_114,1983,24.92
Country_114,1984,25.13
Country_114,1985,25.32
Country_114,1986,24.87
Country_114,1987,25.71
Country_114,1988,24.89
Country_114,1989,24.8
Country_114,1990,25.54
Country_114,1991,25.82
Country_114,1992,25.14
Country_114,1993,24.73
Country_114,1994,25.53
Country_114,1995,24.97
Country_114,1996,24.92
Country_114,1997,25.29
Country_114,1998,24.92
Country_114,1999,25.02
Country_114,2000,25.06
Country_114,2001,25.3
Country_114,2002,26.09
Country_114,2003,25.56
Country_114,2004,24.99
Country_114,2005,25.37
Country_114,2006,25.45
Country_114,2007,25.29
Country_114,2008,25.4
Country_114,2009,25.2
Country_114,2010,25.76
Country_114,2011,24.95
Country_114,2012,25.55
Country_114,2013,25.46
Country_114,2014,25.59
Country_114,2015,25.51
Country_114,2016,25.32
Country_114,2017,25.79
Country_114,2018,25.33
Country_114,2019,25.6
Country_114,2020,25.76
Country_114,2021,25.64
Country_114,2022,25.24
Country_114,2023,25.72
Country_115,1900,14.19
Country_115,1901,14.37
Country_115,1902,14.24
Country_115,1903,13.79
Country_115,1904,14.8
Country_115,1905,14.46
Country_115,1906,14.77
Country_115,1907,14.18
Country_115,1908,14.28
Country_115,1909,14.57
Country_115,1910,14.32
Country_115,1911,14.35
Country_115,1912,14.61
Country_115,1913,14.3
Country_115,1914,14.51
Country_115,1915,14.7
Country_115,1916,14.23
Country_115,1917,14.95
Country_115,1918,14.05
Country_115,1919,14.11
Country_115,1920,14.41
Country_115,1921,14.73
Country_115,1922,14.72
Country_115,1923,14.04
Country_115,1924,14.24
Country_115,1925,14.73
Country_115,1926,14.5
Country_115,1927,14.26
Country_115,1928,14.54
Country_115,1929,14.52
Country_115,1930,14.58
Country_115,1931,14.24
Country_115,1932,15.02
Country_115,1933,15.38
Country_115,1934,15.01
Country_115,1935,14.4
Country_115,1936,14.69
Country_115,1937,14.59
Country_115,1938,14.66
Country_115,1939,14.74
Country_115,1940,15.37
Country_115,1941,14.93
Country_115,1942,14.9
Country_115,1943,14.93
Country_115,1944,15.15
Country_115,1945,14.91
Country_115,1946,15.23
Country_115,1947,14.97
Country_115,1948,14.76
Country_115,1949,15.15
Country_115,1950,15.18
Country_115,1951,14.81
Country_115,1952,14.88
Country_115,1953,14.72
Country_115,1954,15.51
Country_115,1955,14.96
Country_115,1956,15.3
Country_115,1957,14.86
Country_115,1958,15.55
Country_115,1959,15.04
Country_115,1960,14.57
Country_115,1961,15.01
Country_115,1962,15.36
Country_115,1963,14.54
Country_115,1964,15.36
Country_115,1965,14.71
Country_115,1966,15.32
Country_115,1967,15.15
Country_115,1968,15.21
Country_115,1969,14.88
Country_115,1970,15.56
Country_115,1971,15.07
Country_115,1972,14.76
Country_115,1973,15.12
Country_115,1974,15.07
Country_115,1975,15.78
Country_115,1976,15.09
Country_115,1977,15.49
Country_115,1978,15.19
Country_115,1979,14.95
Country_115,1980,15.72
Country_115,1981,15.46
Country_115,1982,15.58
Country_115,1983,15.55
Country_115,1984,15.62
Country_115,1985,15.72
Country_115,1986,15.57
Country_115,1987,15.58
Country_115,1988,15.52
Country_115,1989,15.37
Country_115,1990,14.58
Country_115,1991,15.53
Country_115,1992,15.54
Country_115,1993,15.46
Country_115,1994,15.6
Country_115,1995,15.99
Country_115,1996,15.3
Country_115,1997,16.15
Country_115,1998,15.45
Country_115,1999,15.56
Country_115,2000,15.81
Country_115,2001,16.09
Country_115,2002,15.95
Country_115,2003,16.09
Country_115,2004,15.54
Country_115,2005,16.24
Country_115,2006,15.64
Country_115,2007,15.96
Country_115,2008,15.63
Country_115,2009,15.59
Country_115,2010,15.12
Country_115,2011,15.4
Country_115,2012,16.27
Country_115,2013,16.48
Country_115,2014,16.43
Country_115,2015,15.28
Country_115,2016,15.6
Country_115,2017,15.74
Country_115,2018,16.59
Country_115,2019,16.09
Country_115,2020,16.55
Country_115,2021,16.25
Country_115,2022,15.78
Country_115,2023,16.13
Country_116,1900,16.78
Country_116,1901,16.7
Country_116,1902,16.23
Country_116,1903,16.56
Country_116,1904,16.55
Country_116,1905,16.66
Country_116,1906,16.6
Country_116,1907,16.22
Country_116,1908,16.65
Country_116,1909,16.68
Country_116,1910,16.88
Country_116,1911,17.08
Country_116,1912,16.29
Country_116,1913,16.66
Country_116,1914,16.57
Country_116,1915,16.77
Country_116,1916,16.31
Country_116,1917,16.42
Country_116,1918,16.63
Country_116,1919,16.37
Country_116,1920,16.65
Country_116,1921,15.76
Country_116,1922,16.72
Country_116,1923,16.53
Country_116,1924,17.02
Country_116,1925,16.62
Country_116,1926,16.96
Country_116,1927,17.06
Country_116,1928,16.8
Country_116,1929,16.88
Country_116,1930,17.22
Country_116,1931,17.28
Country_116,1932,16.81
Country_116,1933,16.66
Country_116,1934,17.13
Country_116,1935,17.08
Country_116,1936,17.25
Country_116,1937,16.9
Country_116,1938,16.42
Country_116,1939,16.39
Country_116,1940,16.95
Country_116,1941,17.08
Country_116,1942,16.86
Country_116,1943,16.87
Country_116,1944,16.95
Country_116,1945,17.61
Country_116,1946,16.87
Country_116,1947,17.34
Country_116,1948,17.08
Country_116,1949,17.24
Country_116,1950,17.27
Country_116,1951,17.34
Country_116,1952,17.42
Country_116,1953,17.18
Country_116,1954,16.98
Country_116,1955,17.09
Country_116,1956,16.87
Country_116,1957,17.41
Country_116,1958,17.2
Country_116,1959,17.14
Country_116,1960,16.74
Country_116,1961,16.82
Country_116,1962,17.28
Country_116,1963,17.31
Country_116,1964,17.48
Country_116,1965,17.69
Country_116,1966,17.32
Country_116,1967,17.2
Country_116,1968,17.62
Country_116,1969,17.83
Country_116,1970,17.5
Country_116,1971,17.6
Country_116,1972,18.05
Country_116,1973,17.16
Country_116,1974,17.31
Country_116,1975,17.76
Country_116,1976,17.82
Country_116,1977,17.64
Country_116,1978,17.67
Country_116,1979,17.38
Country_116,1980,17.59
Country_116,1981,17.63
Country_116,1982,17.41
Country_116,1983,17.99
Country_116,1984,17.09
Country_116,1985,17.71
Country_116,1986,17.61
Country_116,1987,17.28
Country_116,1988,17.81
Country_116,1989,17.5
Country_116,1990,17.91
Country_116,1991,17.75
Country_116,1992,18.21
Country_116,1993,17.89
Country_116,1994,17.89
Country_116,1995,17.92
Country_116,1996,17.71
Country_116,1997,17.8
Country_116,1998,17.92
Country_116,1999,17.79
Country_116,2000,18.15
Country_116,2001,18.14
Country_116,2002,17.83
Country_116,2003,18.3
Country_116,2004,17.76
Country_116,2005,17.76
Country_116,2006,18.08
Country_116,2007,17.77
Country_116,2008,17.94
Country_116,2009,17.83
Country_116,2010,17.57
Country_116,2011,17.96
Country_116,2012,17.56
Country_116,2013,17.66
Country_116,2014,17.77
Country_116,2015,18.03
Country_116,2016,18.4
Country_116,2017,18.17
Country_116,2018,18.39
Country_116,2019,18.57
Country_116,2020,18.01
Country_116,2021,18.88
Country_116,2022,18.44
Country_116,2023,18.29
Country_117,1900,25.24
Country_117,1901,24.58
Country_117,1902,25.1
Country_117,1903,25.05
Country_117,1904,25.27
Country_117,1905,24.98
Country_117,1906,24.6
Country_117,1907,25.25
Country_117,1908,25.38
Country_117,1909,25.06
Country_117,1910,25.33
Country_117,1911,25.02
Country_117,1912,24.61
Country_117,1913,24.78
Country_117,1914,24.93
Country_117,1915,25.34
Country_117,1916,25.7
Country_117,1917,25.46
Country_117,1918,25.35
Country_117,1919,25.26
Country_117,1920,25.16
Country_117,1921,25.57
Country_117,1922,25.13
Country_117,1923,25.09
Country_117,1924,25.28
Country_117,1925,25.39
Country_117,1926,25.34
Country_117,1927,25.11
Country_117,1928,24.94
Country_117,1929,24.99
Country_117,1930,25.9
Country_117,1931,25.21
Country_117,1932,25.86
Country_117,1933,25.43
Country_117,1934,25.37
Country_117,1935,25.7
Country_117,1936,25.33
Country_117,1937,25.84
Country_117,1938,25.4
Country_117,1939,25.44
Country_117,1940,25.57
Country_117,1941,25.61
Country_117,1942,25.55
Country_117,1943,25.47
Country_117,1944,26.09
Country_117,1945,25.54
Country_117,1946,26.37
Country_117,1947,25.19
Country_117,1948,24.8
Country_117,1949,25.9
Country_117,1950,26.06
Country_117,1951,25.81
Country_117,1952,25.78
Country_117,1953,25.32
Country_117,1954,26.07
Country_117,1955,25.59
Country_117,1956,26.35
Country_117,1957,25.94
Country_117,1958,25.65
Country_117,1959,25.87
Country_117,1960,25.55
Country_117,1961,25.83
Country_117,1962,25.92
Country_117,1963,25.67
Country_117,1964,26.04
Country_117,1965,26.2
Country_117,1966,26.02
Country_117,1967,25.97
Country_117,1968,25.8
Country_117,1969,26.23
Country_117,1970,26.02
Country_117,1971,26.17
Country_117,1972,26.03
Country_117,1973,26.2
Country_117,1974,26.33
Country_117,1975,26.54
Country_117,1976,25.74
Country_117,1977,25.83
Country_117,1978,26.0
Country_117,1979,26.06
Country_117,1980,26.04
Country_117,1981,25.57
Country_117,1982,25.91
Country_117,1983,26.27
Country_117,1984,25.85
Country_117,1985,25.93
Country_117,1986,26.17
Country_117,1987,26.24
Country_117,1988,26.19
Country_117,1989,26.08
Country_117,1990,26.26
Country_117,1991,26.58
Country_117,1992,26.45
Country_117,1993,26.87
Country_117,1994,26.23
Country_117,1995,26.39
Country_117,1996,26.17
Country_117,1997,26.23
Country_117,1998,26.24
Country_117,1999,26.63
Country_117,2000,26.87
Country_117,2001,26.61
Country_117,2002,26.42
Country_117,2003,26.62
Country_117,2004,26.38
Country_117,2005,26.24
Country_117,2006,26.42
Country_117,2007,26.56
Country_117,2008,26.66
Country_117,2009,26.81
Country_117,2010,26.64
Country_117,2011,26.48
Country_117,2012,26.43
Country_117,2013,26.68
Country_117,2014,26.81
Country_117,2015,26.81
Country_117,2016,26.33
Country_117,2017,26.71
Country_117,2018,26.39
Country_117,2019,27.12
Country_117,2020,27.01
Country_117,2021,26.8
Country_117,2022,27.35
Country_117,2023,26.35
Country_118,1900,11.3
Country_118,1901,11.97
Country_118,1902,12.12
Country_118,1903,11.95
Country_118,1904,11.78
Country_118,1905,11.55
Country_118,1906,11.23
Country_118,1907,11.66
Country_118,1908,12.05
Country_118,1909,11.69
Country_118,1910,11.79
Country_118,1911,11.89
Country_118,1912,11.73
Country_118,1913,11.96
Country_118,1914,11.53
Country_118,1915,11.94
Country_118,1916,12.26
Country_118,1917,11.99
Country_118,1918,11.52
Country_118,1919,12.13
Country_118,1920,12.08
Country_118,1921,11.87
Country_118,1922,11.54
Country_118,1923,11.45
Country_118,1924,11.39
Country_118,1925,11.55
Country_118,1926,12.12
Country_118,1927,12.34
Country_118,1928,12.76
Country_118,1929,12.63
Country_118,1930,12.06
Country_118,1931,12.41
Country_118,1932,12.44
Country_118,1933,12.11
Country_118,1934,11.72
Country_118,1935,11.71
Country_118,1936,11.6
Country_118,1937,12.01
Country_118,1938,12.35
Country_118,1939,12.38
Country_118,1940,12.2
Country_118,1941,12.5
Country_118,1942,11.87
Country_118,1943,12.4
Country_118,1944,12.21
Country_118,1945,11.92
Country_118,1946,11.95
Country_118,1947,12.26
Country_118,1948,12.48
Country_118,1949,12.53
Country_118,1950,12.83
Country_118,1951,12.5
Country_118,1952,11.62
Country_118,1953,12.88
Country_118,1954,12.92
Country_118,1955,12.56
Country_118,1956,12.31
Country_118,1957,12.21
Country_118,1958,12.73
Country_118,1959,12.56
Country_118,1960,12.45
Country_118,1961,12.87
Country_118,1962,12.32
Country_118,1963,13.04
Country_118,1964,12.9
Country_118,1965,12.77
Country_118,1966,13.21
Country_118,1967,12.06
Country_118,1968,12.89
Country_118,1969,12.74
Country_118,1970,12.83
Country_118,1971,12.74
Country_118,1972,12.73
Country_118,1973,13.03
Country_118,1974,12.71
Country_118,1975,12.68
Country_118,1976,12.64
Country_118,1977,13.16
Country_118,1978,12.95
Country_118,1979,13.22
Country_118,1980,13.08
Country_118,1981,13.13
Country_118,1982,12.96
Country_118,1983,12.44
Country_118,1984,13.13
Country_118,1985,13.15
Country_118,1986,13.08
Country_118,1987,12.82
Country_118,1988,12.4
Country_118,1989,12.72
Country_118,1990,13.0
Country_118,1991,12.65
Country_118,1992,13.1
Country_118,1993,12.65
Country_118,1994,12.91
Country_118,1995,12.88
Country_118,1996,13.07
Country_118,1997,13.25
Country_118,1998,12.86
Country_118,1999,12.88
Country_118,2000,13.16
Country_118,2001,13.69
Country_118,2002,13.28
Country_118,2003,13.29
Country_118,2004,12.78
Country_118,2005,13.08
Country_118,2006,13.24
Country_118,2007,13.84
Country_118,2008,13.07
Country_118,2009,13.66
Country_118,2010,13.67
Country_118,2011,12.63
Country_118,2012,13.44
Country_118,2013,13.24
Country_118,2014,12.99
Country_118,2015,13.41
Country_118,2016,13.33
Country_118,2017,12.91
Country_118,2018,13.51
Country_118,2019,13.58
Country_118,2020,12.93
Country_118,2021,13.85
Country_118,2022,13.35
Country_118,2023,13.79
Country_119,1900,14.04
Country_119,1901,14.04
Country_119,1902,14.09
Country_119,1903,14.63
Country_119,1904,13.4
Country_119,1905,14.68
Country_119,1906,14.84
Country_119,1907,14.6
Country_119,1908,14.46
Country_119,1909,15.01
Country_119,1910,15.01
Country_119,1911,14.66
Country_119,1912,14.9
Country_119,1913,13.97
Country_119,1914,14.36
Country_119,1915,13.85
Country_119,1916,14.73
Country_119,1917,14.95
Country_119,1918,14.67
Country_119,1919,14.7
Country_119,1920,14.66
Country_119,1921,14.22
Country_119,1922,14.5
Country_119,1923,14.76
Country_119,1924,14.24
Country_119,1925,14.33
Country_119,1926,14.26
Country_119,1927,14.56
Country_119,1928,14.72
Country_119,1929,14.71
Country_119,1930,14.86
Country_119,1931,14.87
Country_119,1932,14.29
Country_119,1933,15.12
Country_119,1934,14.47
Country_119,1935,15.07
Country_119,1936,14.8
Country_119,1937,14.38
Country_119,1938,14.91
Country_119,1939,14.63
Country_119,1940,15.32
Country_119,1941,14.55
Country_119,1942,14.72
Country_119,1943,14.77
Country_119,1944,14.29
Country_119,1945,15.6
Country_119,1946,14.93
Country_119,1947,14.92
Country_119,1948,15.31
Country_119,1949,14.42
Country_119,1950,15.09
Country_119,1951,14.63
Country_119,1952,15.12
Country_119,1953,15.17
Country_119,1954,14.92
Country_119,1955,15.01
Country_119,1956,14.91
Country_119,1957,15.54
Country_119,1958,14.83
Country_119,1959,15.41
Country_119,1960,14.85
Country_119,1961,15.07
Country_119,1962,14.66
Country_119,1963,14.75
Country_119,1964,15.65
Country_119,1965,14.93
Country_119,1966,15.05
Country_119,1967,15.15
Country_119,1968,14.73
Country_119,1969,15.07
Country_119,1970,15.0
Country_119,1971,15.37
Country_119,1972,16.06
Country_119,1973,15.14
Country_119,1974,15.27
Country_119,1975,15.35
Country_119,1976,15.39
Country_119,1977,15.59
Country_119,1978,14.74
Country_119,1979,15.28
Country_119,1980,15.49
Country_119,1981,15.49
Country_119,1982,15.66
Country_119,1983,15.45
Country_119,1984,15.44
Country_119,1985,15.47
Country_119,1986,15.54
Country_119,1987,15.35
Country_119,1988,14.98
Country_119,1989,15.69
Country_119,1990,15.68
Country_119,1991,15.82
Country_119,1992,15.69
Country_119,1993,15.37
Country_119,1994,16.23
Country_119,1995,15.78
Country_119,1996,15.28
Country_119,1997,15.73
Country_119,1998,15.7
Country_119,1999,16.11
Country_119,2000,15.22
Country_119,2001,15.43
Country_119,2002,15.14
Country_119,2003,15.8
Country_119,2004,15.86
Country_119,2005,15.77
Country_119,2006,15.64
Country_119,2007,15.61
Country_119,2008,16.32
Country_119,2009,15.96
Country_119,2010,15.88
Country_119,2011,15.93
Country_119,2012,15.61
Country_119,2013,16.49
Country_119,2014,15.56
Country_119,2015,15.78
Country_119,2016,15.9
Country_119,2017,15.82
Country_119,2018,16.05
Country_119,2019,16.13
Country_119,2020,16.62
Country_119,2021,16.03
Country_119,2022,16.33
Country_119,2023,15.71
Country_120,1900,11.51
Country_120,1901,11.25
Country_120,1902,11.36
Country_120,1903,11.43
Country_120,1904,11.95
Country_120,1905,11.11
Country_120,1906,11.71
Country_120,1907,11.88
Country_120,1908,12.03
Country_120,1909,11.9
Country_120,1910,12.22
Country_120,1911,11.61
Country_120,1912,11.81
Country_120,1913,12.4
Country_120,1914,11.21
Country_120,1915,11.92
Country_120,1916,12.17
Country_120,1917,11.57
Country_120,1918,11.86
Country_120,1919,11.82
Country_120,1920,11.61
Country_120,1921,11.91
Country_120,1922,11.69
Country_120,1923,11.74
Country_120,1924,11.94
Country_120,1925,11.67
Country_120,1926,11.43
Country_120,1927,12.25
Country_120,1928,11.77
Country_120,1929,11.95
Country_120,1930,12.47
Country_120,1931,11.77
Country_120,1932,11.71
Country_120,1933,12.25
Country_120,1934,11.89
Country_120,1935,12.87
Country_120,1936,11.86
Country_120,1937,11.73
Country_120,1938,12.09
Country_120,1939,12.18
Country_120,1940,12.27
Country_120,1941,12.27
Country_120,1942,11.8
Country_120,1943,11.97
Country_120,1944,11.93
Country_120,1945,11.88
Country_120,1946,12.6
Country_120,1947,12.32
Country_120,1948,11.84
Country_120,1949,12.15
Country_120,1950,12.63
Country_120,1951,12.4
Country_120,1952,11.85
Country_120,1953,12.6
Country_120,1954,12.68
Country_120,1955,12.41
Country_120,1956,11.79
Country_120,1957,12.56
Country_120,1958,12.25
Country_120,1959,12.39
Country_120,1960,12.59
Country_120,1961,12.76
Country_120,1962,12.92
Country_120,1963,12.28
Country_120,1964,12.4
Country_120,1965,12.63
Country_120,1966,12.58
Country_120,1967,12.55
Country_120,1968,12.69
Country_120,1969,13.1
Country_120,1970,12.68
Country_120,1971,12.68
Country_120,1972,12.47
Country_120,1973,12.56
Country_120,1974,12.49
Country_120,1975,12.91
Country_120,1976,12.78
Country_120,1977,12.66
Country_120,1978,12.34
Country_120,1979,12.84
Country_120,1980,12.56
Country_120,1981,12.61
Country_120,1982,12.9
Country_120,1983,12.71
Country_120,1984,12.58
Country_120,1985,12.71
Country_120,1986,13.37
Country_120,1987,12.64
Country_120,1988,13.18
Country_120,1989,12.84
Country_120,1990,13.04
Country_120,1991,12.73
Country_120,1992,13.22
Country_120,1993,13.2
Country_120,1994,12.6
Country_120,1995,13.15
Country_120,1996,13.3
Country_120,1997,13.18
Country_120,1998,12.91
Country_120,1999,12.77
Country_120,2000,12.47
Country_120,2001,13.47
Country_120,2002,12.65
Country_120,2003,12.8
Country_120,2004,12.72
Country_120,2005,13.66
Country_120,2006,12.91
Country_120,2007,12.7
Country_120,2008,12.9
Country_120,2009,13.21
Country_120,2010,12.98
Country_120,2011,13.45
Country_120,2012,13.07
Country_120,2013,13.23
Country_120,2014,13.1
Country_120,2015,13.53
Country_120,2016,13.13
Country_120,2017,13.3
Country_120,2018,13.59
Country_120,2019,13.34
Country_120,2020,13.36
Country_120,2021,13.13
Country_120,2022,13.57
Country_120,2023,13.26
Country_121,1900,13.81
Country_121,1901,13.85
Country_121,1902,13.55
Country_121,1903,14.04
Country_121,1904,14.16
Country_121,1905,14.05
Country_121,1906,14.11
Country_121,1907,14.28
Country_121,1908,13.76
Country_121,1909,13.55
Country_121,1910,14.35
Country_121,1911,14.19
Country_121,1912,14.14
Country_121,1913,14.64
Country_121,1914,14.42
Country_121,1915,13.92
Country_121,1916,13.9
Country_121,1917,13.87
Country_121,1918,14.12
Country_121,1919,13.64
Country_121,1920,14.24
Country_121,1921,13.85
Country_121,1922,13.83
Country_121,1923,14.1
Country_121,1924,13.81
Country_121,1925,14.45
Country_121,1926,13.88
Country_121,1927,14.21
Country_121,1928,13.89
Country_121,1929,13.55
Country_121,1930,13.98
Country_121,1931,14.12
Country_121,1932,14.41
Country_121,1933,14.15
Country_121,1934,14.46
Country_121,1935,13.69
Country_121,1936,13.64
Country_121,1937,14.07
Country_121,1938,14.26
Country_121,1939,14.36
Country_121,1940,14.29
Country_121,1941,14.23
Country_121,1942,14.42
Country_121,1943,14.36
Country_121,1944,14.33
Country_121,1945,14.73
Country_121,1946,14.09
Country_121,1947,14.82
Country_121,1948,14.21
Country_121,1949,14.63
Country_121,1950,14.68
Country_121,1951,14.38
Country_121,1952,15.01
Country_121,1953,14.31
Country_121,1954,14.46
Country_121,1955,14.6
Country_121,1956,14.8
Country_121,1957,14.95
Country_121,1958,14.27
Country_121,1959,14.68
Country_121,1960,14.72
Country_121,1961,14.59
Country_121,1962,14.73
Country_121,1963,14.71
Country_121,1964,14.75
Country_121,1965,14.57
Country_121,1966,14.21
Country_121,1967,14.65
Country_121,1968,14.91
Country_121,1969,14.84
Country_121,1970,15.17
Country_121,1971,14.96
Country_121,1972,14.77
Country_121,1973,14.27
Country_121,1974,14.65
Country_121,1975,15.64
Country_121,1976,15.05
Country_121,1977,14.42
Country_121,1978,14.35
Country_121,1979,14.91
Country_121,1980,14.76
Country_121,1981,15.34
Country_121,1982,14.87
Country_121,1983,15.22
Country_121,1984,15.13
Country_121,1985,15.4
Country_121,1986,14.77
Country_121,1987,14.94
Country_121,1988,15.26
Country_121,1989,15.1
Country_121,1990,15.55
Country_121,1991,14.56
Country_121,1992,15.42
Country_121,1993,14.74
Country_121,1994,15.16
Country_121,1995,15.71
Country_121,1996,15.18
Country_121,1997,15.33
Country_121,1998,14.71
Country_121,1999,15.27
Country_121,2000,15.02
Country_121,2001,14.94
Country_121,2002,15.19
Country_121,2003,15.64
Country_121,2004,15.44
Country_121,2005,15.55
Country_121,2006,15.54
Country_121,2007,15.62
Country_121,2008,15.24
Country_121,2009,15.67
Country_121,2010,15.42
Country_121,2011,15.86
Country_121,2012,15.88
Country_121,2013,14.98
Country_121,2014,15.53
Country_121,2015,15.2
Country_121,2016,15.43
Country_121,2017,15.73
Country_121,2018,15.34
Country_121,2019,15.39
Country_121,2020,15.29
Country_121,2021,15.0
Country_121,2022,15.26
Country_121,2023,15.29
Country_122,1900,23.05
Country_122,1901,23.36
Country_122,1902,23.4
Country_122,1903,23.6
Country_122,1904,23.72
Country_122,1905,23.35
Country_122,1906,23.77
Country_122,1907,23.66
Country_122,1908,23.68
Country_122,1909,23.97
Country_122,1910,23.1
Country_122,1911,23.81
Country_122,1912,23.53
Country_122,1913,23.85
Country_122,1914,23.34
Country_122,1915,23.81
Country_122,1916,23.65
Country_122,1917,23.25
Country_122,1918,23.63
Country_122,1919,23.47
Country_122,1920,23.67
Country_122,1921,23.62
Country_122,1922,23.73
Country_122,1923,23.85
Country_122,1924,23.61
Country_122,1925,23.26
Country_122,1926,23.91
Country_122,1927,23.77
Country_122,1928,24.0
Country_122,1929,23.96
Country_122,1930,23.43
Country_122,1931,23.75
Country_122,1932,24.33
Country_122,1933,24.33
Country_122,1934,23.72
Country_122,1935,23.4
Country_122,1936,23.74
Country_122,1937,23.76
Country_122,1938,23.34
Country_122,1939,23.61
Country_122,1940,24.11
Country_122,1941,24.24
Country_122,1942,23.87
Country_122,1943,23.77
Country_122,1944,23.95
Country_122,1945,24.23
Country_122,1946,24.11
Country_122,1947,23.72
Country_122,1948,24.32
Country_122,1949,24.44
Country_122,1950,24.23
Country_122,1951,24.35
Country_122,1952,24.31
Country_122,1953,24.12
Country_122,1954,24.11
Country_122,1955,24.69
Country_122,1956,24.52
Country_122,1957,23.85
Country_122,1958,24.31
Country_122,1959,24.42
Country_122,1960,24.2
Country_122,1961,24.72
Country_122,1962,24.25
Country_122,1963,24.2
Country_122,1964,24.25
Country_122,1965,24.54
Country_122,1966,24.36
Country_122,1967,24.23
Country_122,1968,24.85
Country_122,1969,24.48
Country_122,1970,24.5
Country_122,1971,24.26
Country_122,1972,24.42
Country_122,1973,24.12
Country_122,1974,23.88
Country_122,1975,24.72
Country_122,1976,24.53
Country_122,1977,24.29
Country_122,1978,24.38
Country_122,1979,24.47
Country_122,1980,24.53
Country_122,1981,24.85
Country_122,1982,24.95
Country_122,1983,24.44
Country_122,1984,24.52
Country_122,1985,24.42
Country_122,1986,24.5
Country_122,1987,24.63
Country_122,1988,24.42
Country_122,1989,24.89
Country_122,1990,24.29
Country_122,1991,24.62
Country_122,1992,24.53
Country_122,1993,23.92
Country_122,1994,24.62
Country_122,1995,24.56
Country_122,1996,24.66
Country_122,1997,24.81
Country_122,1998,25.36
Country_122,1999,25.3
Country_122,2000,25.09
Country_122,2001,24.9
Country_122,2002,25.44
Country_122,2003,24.6
Country_122,2004,24.93
Country_122,2005,24.72
Country_122,2006,25.28
Country_122,2007,24.91
Country_122,2008,24.86
Country_122,2009,25.13
Country_122,2010,25.26
Country_122,2011,25.24
Country_122,2012,24.76
Country_122,2013,25.0
Country_122,2014,24.75
Country_122,2015,25.25
Country_122,2016,24.73
Country_122,2017,24.64
Country_122,2018,25.18
Country_122,2019,25.2
Country_122,2020,25.03
Country_122,2021,25.39
Country_122,2022,25.32
Country_122,2023,25.85
Country_123,1900,25.11
Country_123,1901,24.21
Country_123,1902,24.27
Country_123,1903,24.93
Country_123,1904,24.25
Country_123,1905,24.54
Country_123,1906,24.38
Country_123,1907,25.12
Country_123,1908,24.83
Country_123,1909,24.76
Country_123,1910,24.89
Country_123,1911,24.78
Country_123,1912,24.42
Country_123,1913,25.29
Country_123,1914,24.83
Country_123,1915,24.86
Country_123,1916,24.24
Country_123,1917,24.17
Country_123,1918,24.81
Country_123,1919,24.77
Country_123,1920,24.52
Country_123,1921,24.96
Country_123,1922,24.81
Country_123,1923,25.22
Country_123,1924,23.89
Country_123,1925,24.9
Country_123,1926,24.68
Country_123,1927,25.29
Country_123,1928,25.07
Country_123,1929,24.76
Country_123,1930,25.07
Country_123,1931,25.13
Country_123,1932,24.6
Country_123,1933,25.36
Country_123,1934,24.85
Country_123,1935,24.92
Country_123,1936,25.39
Country_123,1937,24.39
Country_123,1938,24.49
Country_123,1939,25.4
Country_123,1940,25.57
Country_123,1941,25.57
Country_123,1942,25.1
Country_123,1943,25.09
Country_123,1944,25.2
Country_123,1945,24.84
Country_123,1946,25.26
Country_123,1947,25.85
Country_123,1948,25.15
Country_123,1949,25.43
Country_123,1950,25.31
Country_123,1951,25.51
Country_123,1952,25.44
Country_123,1953,25.04
Country_123,1954,25.3
Country_123,1955,25.14
Country_123,1956,25.08
Country_123,1957,25.18
Country_123,1958,25.59
Country_123,1959,25.72
Country_123,1960,25.78
Country_123,1961,25.43
Country_123,1962,25.66
Country_123,1963,25.66
Country_123,1964,25.94
Country_123,1965,24.64
Country_123,1966,25.11
Country_123,1967,24.99
Country_123,1968,25.43
Country_123,1969,25.17
Country_123,1970,26.11
Country_123,1971,25.91
Country_123,1972,25.81
Country_123,1973,25.57
Country_123,1974,25.56
Country_123,1975,25.52
Country_123,1976,25.31
Country_123,1977,25.86
Country_123,1978,25.41
Country_123,1979,25.92
Country_123,1980,25.59
Country_123,1981,25.85
Country_123,1982,25.96
Country_123,1983,25.63
Country_123,1984,26.06
Country_123,1985,26.2
Country_123,1986,25.95
Country_123,1987,25.72
Country_123,1988,25.97
Country_123,1989,25.93
Country_123,1990,26.2
Country_123,1991,26.29
Country_123,1992,25.53
Country_123,1993,26.03
Country_123,1994,25.41
Country_123,1995,24.99
Country_123,1996,25.79
Country_123,1997,25.54
Country_123,1998,25.99
Country_123,1999,26.36
Country_123,2000,26.01
Country_123,2001,25.96
Country_123,2002,25.96
Country_123,2003,26.39
Country_123,2004,25.81
Country_123,2005,26.51
Country_123,2006,26.25
Country_123,2007,26.03
Country_123,2008,26.44
Country_123,2009,26.21
Country_123,2010,26.16
Country_123,2011,26.46
Country_123,2012,26.12
Country_123,2013,26.19
Country_123,2014,26.23
Country_123,2015,26.37
Country_123,2016,25.64
Country_123,2017,26.45
Country_123,2018,26.52
Country_123,2019,26.44
Country_123,2020,26.45
Country_123,2021,26.23
Country_123,2022,25.57
Country_123,2023,25.82
Country_124,1900,19.88
Country_124,1901,19.58
Country_124,1902,20.12
Country_124,1903,19.83
Country_124,1904,20.29
Country_124,1905,20.28
Country_124,1906,20.16
Country_124,1907,20.06
Country_124,1908,20.23
Country_124,1909,20.32
Country_124,1910,20.01
Country_124,1911,20.09
Country_124,1912,20.01
Country_124,1913,19.88
Country_124,1914,20.43
Country_124,1915,19.92
Country_124,1916,20.27
Country_124,1917,20.66
Country_124,1918,20.28
Country_124,1919,19.83
Country_124,1920,19.91
Country_124,1921,21.09
Country_124,1922,20.92
Country_124,1923,20.31
Country_124,1924,20.46
Country_124,1925,20.85
Country_124,1926,20.81
Country_124,1927,21.02
Country_124,1928,20.72
Country_124,1929,20.4
Country_124,1930,20.48
Country_124,1931,20.92
Country_124,1932,21.16
Country_124,1933,20.43
Country_124,1934,20.72
Country_124,1935,20.25
Country_124,1936,20.89
Country_124,1937,21.1
Country_124,1938,20.81
Country_124,1939,21.54
Country_124,1940,21.18
Country_124,1941,20.36
Country_124,1942,20.87
Country_124,1943,21.07
Country_124,1944,20.62
Country_124,1945,21.1
Country_124,1946,21.35
Country_124,1947,20.73
Country_124,1948,20.36
Country_124,1949,21.02
Country_124,1950,20.47
Country_124,1951,20.44
Country_124,1952,21.54
Country_124,1953,20.59
Country_124,1954,21.39
Country_124,1955,20.35
Country_124,1956,21.29
Country_124,1957,20.91
Country_124,1958,21.49
Country_124,1959,20.76
Country_124,1960,20.67
Country_124,1961,21.01
Country_124,1962,21.38
Country_124,1963,21.15
Country_124,1964,20.91
Country_124,1965,21.12
Country_124,1966,21.71
Country_124,1967,20.93
Country_124,1968,21.34
Country_124,1969,21.31
Country_124,1970,21.03
Country_124,1971,21.82
Country_124,1972,21.21
Country_124,1973,21.22
Country_124,1974,21.2
Country_124,1975,21.41
Country_124,1976,21.16
Country_124,1977,21.19
Country_124,1978,20.89
Country_124,1979,21.39
Country_124,1980,21.41
Country_124,1981,21.29
Country_124,1982,21.46
Country_124,1983,21.48
Country_124,1984,20.73
Country_124,1985,21.86
Country_124,1986,21.47
Country_124,1987,21.14
Country_124,1988,21.53
Country_124,1989,21.63
Country_124,1990,21.46
Country_124,1991,21.59
Country_124,1992,21.52
Country_124,1993,21.71
Country_124,1994,21.9
Country_124,1995,21.57
Country_124,1996,21.99
Country_124,1997,21.48
Country_124,1998,21.66
Country_124,1999,21.67
Country_124,2000,21.83
Country_124,2001,21.83
Country_124,2002,21.64
Country_124,2003,21.73
Country_124,2004,21.44
Country_124,2005,21.63
Country_124,2006,21.92
Country_124,2007,21.53
Country_124,2008,22.27
Country_124,2009,21.22
Country_124,2010,21.74
Country_124,2011,22.26
Country_124,2012,21.55
Country_124,2013,22.16
Country_124,2014,22.36
Country_124,2015,21.93
Country_124,2016,22.33
Country_124,2017,21.96
Country_124,2018,21.98
Country_124,2019,21.98
Country_124,2020,22.33
Country_124,2021,21.97
Country_124,2022,22.27
Country_124,2023,21.73
Country_125,1900,19.27
Country_125,1901,19.24
Country_125,1902,19.69
Country_125,1903,19.91
Country_125,1904,19.76
Country_125,1905,19.48
Country_125,1906,19.35
Country_125,1907,19.24
Country_125,1908,19.72
Country_125,1909,19.64
Country_125,1910,19.05
Country_125,1911,19.87
Country_125,1912,19.55
Country_125,1913,19.18
Country_125,1914,19.16
Country_125,1915,19.27
Country_125,1916,19.47
Country_125,1917,19.36
Country_125,1918,19.78
Country_125,1919,19.52
Country_125,1920,19.82
Country_125,1921,19.51
Country_125,1922,19.47
Country_125,1923,19.06
Country_125,1924,20.33
Country_125,1925,19.98
Country_125,1926,19.62
Country_125,1927,19.37
Country_125,1928,19.65
Country_125,1929,19.75
Country_125,1930,19.45
Country_125,1931,19.64
Country_125,1932,19.75
Country_125,1933,19.9
Country_125,1934,19.95
Country_125,1935,19.78
Country_125,1936,19.74
Country_125,1937,19.88
Country_125,1938,19.33
Country_125,1939,20.32
Country_125,1940,20.02
Country_125,1941,20.01
Country_125,1942,19.69
Country_125,1943,19.98
Country_125,1944,20.58
Country_125,1945,19.97
Country_125,1946,19.99
Country_125,1947,19.82
Country_125,1948,20.17
Country_125,1949,20.28
Country_125,1950,20.38
Country_125,1951,19.71
Country_125,1952,19.94
Country_125,1953,20.48
Country_125,1954,19.86
Country_125,1955,20.33
Country_125,1956,19.97
Country_125,1957,19.81
Country_125,1958,20.18
Country_125,1959,20.33
Country_125,1960,20.09
Country_125,1961,20.18
Country_125,1962,19.86
Country_125,1963,20.22
Country_125,1964,20.04
Country_125,1965,20.33
Country_125,1966,20.12
Country_125,1967,20.31
Country_125,1968,19.9
Country_125,1969,20.75
Country_125,1970,20.51
Country_125,1971,20.41
Country_125,1972,20.37
Country_125,1973,20.32
Country_125,1974,20.9
Country_125,1975,20.02
Country_125,1976,20.78
Country_125,1977,20.97
Country_125,1978,20.16
Country_125,1979,20.48
Country_125,1980,21.26
Country_125,1981,20.73
Country_125,1982,20.94
Country_125,1983,20.56
Country_125,1984,20.19
Country_125,1985,20.3
Country_125,1986,20.43
Country_125,1987,20.83
Country_125,1988,20.36
Country_125,1989,20.67
Country_125,1990,20.33
Country_125,1991,20.9
Country_125,1992,21.08
Country_125,1993,20.67
Country_125,1994,20.56
Country_125,1995,20.52
Country_125,1996,20.64
Country_125,1997,21.08
Country_125,1998,20.47
Country_125,1999,20.85
Country_125,2000,21.13
Country_125,2001,20.95
Country_125,2002,20.93
Country_125,2003,21.11
Country_125,2004,20.93
Country_125,2005,21.42
Country_125,2006,20.71
Country_125,2007,20.85
Country_125,2008,20.61
Country_125,2009,21.17
Country_125,2010,20.96
Country_125,2011,21.0
Country_125,2012,21.17
Country_125,2013,21.7
Country_125,2014,20.75
Country_125,2015,21.41
Country_125,2016,20.71
Country_125,2017,20.97
Country_125,2018,20.98
Country_125,2019,21.15
Country_125,2020,21.18
Country_125,2021,20.88
Country_125,2022,20.58
Country_125,2023,21.57
Country_126,1900,12.37
Country_126,1901,12.54
Country_126,1902,12.53
Country_126,1903,12.34
Country_126,1904,12.51
Country_126,1905,12.75
Country_126,1906,12.52
Country_126,1907,13.18
Country_126,1908,12.42
Country_126,1909,13.46
Country_126,1910,13.12
Country_126,1911,13.2
Country_126,1912,12.48
Country_126,1913,13.2
Country_126,1914,12.4
Country_126,1915,12.86
Country_126,1916,12.86
Country_126,1917,13.32
Country_126,1918,12.3
Country_126,1919,12.84
Country_126,1920,13.75
Country_126,1921,12.72
Country_126,1922,12.78
Country_126,1923,12.93
Country_126,1924,13.05
Country_126,1925,13.11
Country_126,1926,12.71
Country_126,1927,13.24
Country_126,1928,13.74
Country_126,1929,13.27
Country_126,1930,13.41
Country_126,1931,12.82
Country_126,1932,12.98
Country_126,1933,13.1
Country_126,1934,12.79
Country_126,1935,12.55
Country_126,1936,12.94
Country_126,1937,13.36
Country_126,1938,13.23
Country_126,1939,13.04
Country_126,1940,12.84
Country_126,1941,13.26
Country_126,1942,13.42
Country_126,1943,13.19
Country_126,1944,13.58
Country_126,1945,13.34
Country_126,1946,13.04
Country_126,1947,13.44
Country_126,1948,13.11
Country_126,1949,13.11
Country_126,1950,13.67
Country_126,1951,12.9
Country_126,1952,13.77
Country_126,1953,13.64
Country_126,1954,13.14
Country_126,1955,12.96
Country_126,1956,13.36
Country_126,1957,13.34
Country_126,1958,13.06
Country_126,1959,13.73
Country_126,1960,13.87
Country_126,1961,13.57
Country_126,1962,13.54
Country_126,1963,13.51
Country_126,1964,13.75
Country_126,1965,13.65
Country_126,1966,13.42
Country_126,1967,14.19
Country_126,1968,13.44
Country_126,1969,14.0
Country_126,1970,13.37
Country_126,1971,13.91
Country_126,1972,14.04
Country_126,1973,13.42
Country_126,1974,13.59
Country_126,1975,13.95
Country_126,1976,13.82
Country_126,1977,13.96
Country_126,1978,13.62
Country_126,1979,13.92
Country_126,1980,13.9
Country_126,1981,13.59
Country_126,1982,14.22
Country_126,1983,13.66
Country_126,1984,14.36
Country_126,1985,13.62
Country_126,1986,13.81
Country_126,1987,13.52
Country_126,1988,13.66
Country_126,1989,13.79
Country_126,1990,14.12
Country_126,1991,14.64
Country_126,1992,14.22
Country_126,1993,14.05
Country_126,1994,14.31
Country_126,1995,13.68
Country_126,1996,14.66
Country_126,1997,14.47
Country_126,1998,14.49
Country_126,1999,13.72
Country_126,2000,14.72
Country_126,2001,14.06
Country_126,2002,14.08
Country_126,2003,14.35
Country_126,2004,14.44
Country_126,2005,14.45
Country_126,2006,13.94
Country_126,2007,14.26
Country_126,2008,14.36
Country_126,2009,14.38
Country_126,2010,13.82
Country_126,2011,14.07
Country_126,2012,14.81
Country_126,2013,14.29
Country_126,2014,14.18
Country_126,2015,14.25
Country_126,2016,14.47
Country_126,2017,13.87
Country_126,2018,14.53
Country_126,2019,14.28
Country_126,2020,14.23
Country_126,2021,14.14
Country_126,2022,14.14
Country_126,2023,14.3
Country_127,1900,13.42
Country_127,1901,13.46
Country_127,1902,13.48
Country_127,1903,13.92
Country_127,1904,13.52
Country_127,1905,14.21
Country_127,1906,13.28
Country_127,1907,13.89
Country_127,1908,13.23
Country_127,1909,14.05
Country_127,1910,13.51
Country_127,1911,13.6
Country_127,1912,13.21
Country_127,1913,13.73
Country_127,1914,13.67
Country_127,1915,13.71
Country_127,1916,13.54
Country_127,1917,13.86
Country_127,1918,14.0
Country_127,1919,13.69
Country_127,1920,13.64
Country_127,1921,13.82
Country_127,1922,13.39
Country_127,1923,13.85
Country_127,1924,13.88
Country_127,1925,14.08
Country_127,1926,14.04
Country_127,1927,14.35
Country_127,1928,13.79
Country_127,1929,14.22
Country_127,1930,14.04
Country_127,1931,13.87
Country_127,1932,13.52
Country_127,1933,13.74
Country_127,1934,13.84
Country_127,1935,13.93
Country_127,1936,14.25
Country_127,1937,13.85
Country_127,1938,14.0
Country_127,1939,14.08
Country_127,1940,14.43
Country_127,1941,14.16
Country_127,1942,14.17
Country_127,1943,13.71
Country_127,1944,14.23
Country_127,1945,14.05
Country_127,1946,14.39
Country_127,1947,14.16
Country_127,1948,14.54
Country_127,1949,14.74
Country_127,1950,14.11
Country_127,1951,13.73
Country_127,1952,13.81
Country_127,1953,14.3
Country_127,1954,14.09
Country_127,1955,14.44
Country_127,1956,14.9
Country_127,1957,14.61
Country_127,1958,14.64
Country_127,1959,14.22
Country_127,1960,14.47
Country_127,1961,14.44
Country_127,1962,14.47
Country_127,1963,14.09
Country_127,1964,14.45
Country_127,1965,14.61
Country_127,1966,14.58
Country_127,1967,14.14
Country_127,1968,14.88
Country_127,1969,14.51
Country_127,1970,14.08
Country_127,1971,14.55
Country_127,1972,14.36
Country_127,1973,14.39
Country_127,1974,14.75
Country_127,1975,14.48
Country_127,1976,14.59
Country_127,1977,14.83
Country_127,1978,14.43
Country_127,1979,14.81
Country_127,1980,14.54
Country_127,1981,14.76
Country_127,1982,15.22
Country_127,1983,14.25
Country_127,1984,14.89
Country_127,1985,14.87
Country_127,1986,14.93
Country_127,1987,13.97
Country_127,1988,14.71
Country_127,1989,14.72
Country_127,1990,14.65
Country_127,1991,14.99
Country_127,1992,14.94
Country_127,1993,15.27
Country_127,1994,15.11
Country_127,1995,14.8
Country_127,1996,14.65
Country_127,1997,14.89
Country_127,1998,14.73
Country_127,1999,15.18
Country_127,2000,14.98
Country_127,2001,15.29
Country_127,2002,14.92
Country_127,2003,15.33
Country_127,2004,15.02
Country_127,2005,15.1
Country_127,2006,15.49
Country_127,2007,14.55
Country_127,2008,14.52
Country_127,2009,16.06
Country_127,2010,14.55
Country_127,2011,15.24
Country_127,2012,15.33
Country_127,2013,14.6
Country_127,2014,15.41
Country_127,2015,14.96
Country_127,2016,15.14
Country_127,2017,15.36
Country_127,2018,15.4
Country_127,2019,15.11
Country_127,2020,15.18
Country_127,2021,15.71
Country_127,2022,15.71
Country_127,2023,15.37
Country_128,1900,17.7
Country_128,1901,17.74
Country_128,1902,16.88
Country_128,1903,17.69
Country_128,1904,17.04
Country_128,1905,17.43
Country_128,1906,17.54
Country_128,1907,18.0
Country_128,1908,16.86
Country_128,1909,17.34
Country_128,1910,17.22
Country_128,1911,17.76
Country_128,1912,17.66
Country_128,1913,17.91
Country_128,1914,17.84
Country_128,1915,17.6
Country_128,1916,17.33
Country_128,1917,17.81
Country_128,1918,18.01
Country_128,1919,17.69
Country_128,1920,17.82
Country_128,1921,17.17
Country_128,1922,17.67
Country_128,1923,17.81
Country_128,1924,18.09
Country_128,1925,17.94
Country_128,1926,18.05
Country_128,1927,17.95
Country_128,1928,17.67
Country_128,1929,18.08
Country_128,1930,17.66
Country_128,1931,18.09
Country_128,1932,17.96
Country_128,1933,17.45
Country_128,1934,18.0
Country_128,1935,17.43
Country_128,1936,18.4
Country_128,1937,17.75
Country_128,1938,18.47
Country_128,1939,18.14
Country_128,1940,17.99
Country_128,1941,18.55
Country_128,1942,18.16
Country_128,1943,17.57
Country_128,1944,17.53
Country_128,1945,18.3
Country_128,1946,17.67
Country_128,1947,17.87
Country_128,1948,17.96
Country_128,1949,18.33
Country_128,1950,18.08
Country_128,1951,17.9
Country_128,1952,17.68
Country_128,1953,18.5
Country_128,1954,18.07
Country_128,1955,17.87
Country_128,1956,18.15
Country_128,1957,18.2
Country_128,1958,18.13
Country_128,1959,18.21
Country_128,1960,18.3
Country_128,1961,18.06
Country_128,1962,18.38
Country_128,1963,18.53
Country_128,1964,18.35
Country_128,1965,18.28
Country_128,1966,18.08
Country_128,1967,18.51
Country_128,1968,18.03
Country_128,1969,18.8
Country_128,1970,18.24
Country_128,1971,17.97
Country_128,1972,18.26
Country_128,1973,18.29
Country_128,1974,18.33
Country_128,1975,18.39
Country_128,1976,18.47
Country_128,1977,18.11
Country_128,1978,18.63
Country_128,1979,17.8
Country_128,1980,17.78
Country_128,1981,18.34
Country_128,1982,18.87
Country_128,1983,18.59
Country_128,1984,18.66
Country_128,1985,18.39
Country_128,1986,18.87
Country_128,1987,18.56
Country_128,1988,18.96
Country_128,1989,18.31
Country_128,1990,18.64
Country_128,1991,18.72
Country_128,1992,18.52
Country_128,1993,18.81
Country_128,1994,18.87
Country_128,1995,19.2
Country_128,1996,18.75
Country_128,1997,18.83
Country_128,1998,18.97
Country_128,1999,18.69
Country_128,2000,18.94
Country_128,2001,18.75
Country_128,2002,19.15
Country_128,2003,18.69
Country_128,2004,18.82
Country_128,2005,18.13
Country_128,2006,18.65
Country_128,2007,18.81
Country_128,2008,18.57
Country_128,2009,18.87
Country_128,2010,18.67
Country_128,2011,18.66
Country_128,2012,19.13
Country_128,2013,18.74
Country_128,2014,19.01
Country_128,2015,19.59
Country_128,2016,19.08
Country_128,2017,19.53
Country_128,2018,18.9
Country_128,2019,19.1
Country_128,2020,18.85
Country_128,2021,19.23
Country_128,2022,19.54
Country_128,2023,19.51
Country_129,1900,15.77
Country_129,1901,15.07
Country_129,1902,15.15
Country_129,1903,15.91
Country_129,1904,14.99
Country_129,1905,15.57
Country_129,1906,15.44
Country_129,1907,15.83
Country_129,1908,15.4
Country_129,1909,15.47
Country_129,1910,15.22
Country_129,1911,14.99
Country_129,1912,15.31
Country_129,1913,15.99
Country_129,1914,15.43
Country_129,1915,15.12
Country_129,1916,15.52
Country_129,1917,15.83
Country_129,1918,15.28
Country_129,1919,14.99
Country_129,1920,16.29
Country_129,1921,15.36
Country_129,1922,15.55
Country_129,1923,15.51
Country_129,1924,15.37
Country_129,1925,15.75
Country_129,1926,15.96
Country_129,1927,15.8
Country_129,1928,16.23
Country_129,1929,16.06
Country_129,1930,16.07
Country_129,1931,15.98
Country_129,1932,15.86
Country_129,1933,15.35
Country_129,1934,15.93
Country_129,1935,15.91
Country_129,1936,15.96
Country_129,1937,15.86
Country_129,1938,16.61
Country_129,1939,16.23
Country_129,1940,16.39
Country_129,1941,15.79
Country_129,1942,15.75
Country_129,1943,15.91
Country_129,1944,15.61
Country_129,1945,15.74
Country_129,1946,16.2
Country_129,1947,15.92
Country_129,1948,15.87
Country_129,1949,15.96
Country_129,1950,15.96
Country_129,1951,15.86
Country_129,1952,16.31
Country_129,1953,15.9
Country_129,1954,16.46
Country_129,1955,16.17
Country_129,1956,16.1
Country_129,1957,15.79
Country_129,1958,15.78
Country_129,1959,16.1
Country_129,1960,15.98
Country_129,1961,15.81
Country_129,1962,15.8
Country_129,1963,16.77
Country_129,1964,16.62
Country_129,1965,16.39
Country_129,1966,15.82
Country_129,1967,16.42
Country_129,1968,16.85
Country_129,1969,16.23
Country_129,1970,16.21
Country_129,1971,16.62
Country_129,1972,16.66
Country_129,1973,16.44
Country_129,1974,16.2
Country_129,1975,16.25
Country_129,1976,16.84
Country_129,1977,16.46
Country_129,1978,16.91
Country_129,1979,17.14
Country_129,1980,16.76
Country_129,1981,17.4
Country_129,1982,16.54
Country_129,1983,16.45
Country_129,1984,16.34
Country_129,1985,16.64
Country_129,1986,16.96
Country_129,1987,16.53
Country_129,1988,16.52
Country_129,1989,16.25
Country_129,1990,16.73
Country_129,1991,16.41
Country_129,1992,16.89
Country_129,1993,17.41
Country_129,1994,16.63
Country_129,1995,17.04
Country_129,1996,17.39
Country_129,1997,17.25
Country_129,1998,17.28
Country_129,1999,17.33
Country_129,2000,17.23
Country_129,2001,17.02
Country_129,2002,16.26
Country_129,2003,16.67
Country_129,2004,17.07
Country_129,2005,16.87
Country_129,2006,17.47
Country_129,2007,17.37
Country_129,2008,16.91
Country_129,2009,17.05
Country_129,2010,17.35
Country_129,2011,17.2
Country_129,2012,16.82
Country_129,2013,16.95
Country_129,2014,17.1
Country_129,2015,17.15
Country_129,2016,17.07
Country_129,2017,16.67
Country_129,2018,17.16
Country_129,2019,16.91
Country_129,2020,17.27
Country_129,2021,16.63
Country_129,2022,17.63
Country_129,2023,17.32
Country_130,1900,14.17
Country_130,1901,14.06
Country_130,1902,14.51
Country_130,1903,14.35
Country_130,1904,14.46
Country_130,1905,13.93
Country_130,1906,14.6
Country_130,1907,14.11
Country_130,1908,14.23
Country_130,1909,14.1
Country_130,1910,14.52
Country_130,1911,14.69
Country_130,1912,14.81
Country_130,1913,14.4
Country_130,1914,14.78
Country_130,1915,14.58
Country_130,1916,14.5
Country_130,1917,14.25
Country_130,1918,14.48
Country_130,1919,14.47
Country_130,1920,14.93
Country_130,1921,14.92
Country_130,1922,14.95
Country_130,1923,15.08
Country_130,1924,14.55
Country_130,1925,14.51
Country_130,1926,15.0
Country_130,1927,14.83
Country_130,1928,14.49
Country_130,1929,14.74
Country_130,1930,14.54
Country_130,1931,14.51
Country_130,1932,14.6
Country_130,1933,14.6
Country_130,1934,15.09
Country_130,1935,14.94
Country_130,1936,14.67
Country_130,1937,14.69
Country_130,1938,14.93
Country_130,1939,14.77
Country_130,1940,14.37
Country_130,1941,14.59
Country_130,1942,14.51
Country_130,1943,14.79
Country_130,1944,15.06
Country_130,1945,14.75
Country_130,1946,15.13
Country_130,1947,14.7
Country_130,1948,14.84
Country_130,1949,14.79
Country_130,1950,14.45
Country_130,1951,14.36
Country_130,1952,14.97
Country_130,1953,15.32
Country_130,1954,15.0
Country_130,1955,14.9
Country_130,1956,14.43
Country_130,1957,15.01
Country_130,1958,15.75
Country_130,1959,15.18
Country_130,1960,15.01
Country_130,1961,15.14
Country_130,1962,15.4
Country_130,1963,14.83
Country_130,1964,15.19
Country_130,1965,15.12
Country_130,1966,15.36
Country_130,1967,15.52
Country_130,1968,15.22
Country_130,1969,15.39
Country_130,1970,15.84
Country_130,1971,15.36
Country_130,1972,15.14
Country_130,1973,15.46
Country_130,1974,15.57
Country_130,1975,15.82
Country_130,1976,15.45
Country_130,1977,15.98
Country_130,1978,15.25
Country_130,1979,15.38
Country_130,1980,14.94
Country_130,1981,15.67
Country_130,1982,15.24
Country_130,1983,15.35
Country_130,1984,15.26
Country_130,1985,15.95
Country_130,1986,15.54
Country_130,1987,15.36
Country_130,1988,15.29
Country_130,1989,15.8
Country_130,1990,15.79
Country_130,1991,15.65
Country_130,1992,14.96
Country_130,1993,16.03
Country_130,1994,15.53
Country_130,1995,16.01
Country_130,1996,15.93
Country_130,1997,15.75
Country_130,1998,15.94
Country_130,1999,16.01
Country_130,2000,15.39
Country_130,2001,15.51
Country_130,2002,16.02
Country_130,2003,15.74
Country_130,2004,15.82
Country_130,2005,16.17
Country_130,2006,15.73
Country_130,2007,15.57
Country_130,2008,16.54
Country_130,2009,15.51
Country_130,2010,15.19
Country_130,2011,16.12
Country_130,2012,15.62
Country_130,2013,16.15
Country_130,2014,16.05
Country_130,2015,15.69
Country_130,2016,15.7
Country_130,2017,15.77
Country_130,2018,15.9
Country_130,2019,16.07
Country_130,2020,16.34
Country_130,2021,16.45
Country_130,2022,16.48
Country_130,2023,15.87
Country_131,1900,17.43
Country_131,1901,17.44
Country_131,1902,17.54
Country_131,1903,17.75
Country_131,1904,17.59
Country_131,1905,17.57
Country_131,1906,17.4
Country_131,1907,17.41
Country_131,1908,17.8
Country_131,1909,18.08
Country_131,1910,18.26
Country_131,1911,17.92
Country_131,1912,18.02
Country_131,1913,18.01
Country_131,1914,17.74
Country_131,1915,17.61
Country_131,1916,18.05
Country_131,1917,17.61
Country_131,1918,17.65
Country_131,1919,18.2
Country_131,1920,17.96
Country_131,1921,18.28
Country_131,1922,18.06
Country_131,1923,18.39
Country_131,1924,17.71
Country_131,1925,18.1
Country_131,1926,18.1
Country_131,1927,18.64
Country_131,1928,18.01
Country_131,1929,18.32
Country_131,1930,18.21
Country_131,1931,18.32
Country_131,1932,18.4
Country_131,1933,18.49
Country_131,1934,18.55
Country_131,1935,18.62
Country_131,1936,17.84
Country_131,1937,18.46
Country_131,1938,18.64
Country_131,1939,18.04
Country_131,1940,18.1
Country_131,1941,18.08
Country_131,1942,18.33
Country_131,1943,18.21
Country_131,1944,18.09
Country_131,1945,18.13
Country_131,1946,18.18
Country_131,1947,18.11
Country_131,1948,18.16
Country_131,1949,18.7
Country_131,1950,18.44
Country_131,1951,17.96
Country_131,1952,18.12
Country_131,1953,18.2
Country_131,1954,18.31
Country_131,1955,18.41
Country_131,1956,18.88
Country_131,1957,18.84
Country_131,1958,18.56
Country_131,1959,18.8
Country_131,1960,18.26
Country_131,1961,18.69
Country_131,1962,18.42
Country_131,1963,18.74
Country_131,1964,19.05
Country_131,1965,18.6
Country_131,1966,18.71
Country_131,1967,18.59
Country_131,1968,18.38
Country_131,1969,18.86
Country_131,1970,18.5
Country_131,1971,18.42
Country_131,1972,19.05
Country_131,1973,18.65
Country_131,1974,18.79
Country_131,1975,19.02
Country_131,1976,18.01
Country_131,1977,19.15
Country_131,1978,18.77
Country_131,1979,19.07
Country_131,1980,19.2
Country_131,1981,18.64
Country_131,1982,18.68
Country_131,1983,18.89
Country_131,1984,19.15
Country_131,1985,19.15
Country_131,1986,18.77
Country_131,1987,18.97
Country_131,1988,18.66
Country_131,1989,18.7
Country_131,1990,19.16
Country_131,1991,19.26
Country_131,1992,18.99
Country_131,1993,18.76
Country_131,1994,19.37
Country_131,1995,19.19
Country_131,1996,19.48
Country_131,1997,19.08
Country_131,1998,19.22
Country_131,1999,19.43
Country_131,2000,19.36
Country_131,2001,18.53
Country_131,2002,18.93
Country_131,2003,18.58
Country_131,2004,18.98
Country_131,2005,19.47
Country_131,2006,19.24
Country_131,2007,19.0
Country_131,2008,19.05
Country_131,2009,19.01
Country_131,2010,18.82
Country_131,2011,19.02
Country_131,2012,19.31
Country_131,2013,19.1
Country_131,2014,19.68
Country_131,2015,19.51
Country_131,2016,19.17
Country_131,2017,19.61
Country_131,2018,19.2
Country_131,2019,19.72
Country_131,2020,19.65
Country_131,2021,18.77
Country_131,2022,20.08
Country_131,2023,19.34
Country_132,1900,11.84
Country_132,1901,11.72
Country_132,1902,11.78
Country_132,1903,12.18
Country_132,1904,11.97
Country_132,1905,12.09
Country_132,1906,12.08
Country_132,1907,12.24
Country_132,1908,12.26
Country_132,1909,12.53
Country_132,1910,11.99
Country_132,1911,12.01
Country_132,1912,11.77
Country_132,1913,11.62
Country_132,1914,11.78
Country_132,1915,12.42
Country_132,1916,12.18
Country_132,1917,12.24
Country_132,1918,12.33
Country_132,1919,11.84
Country_132,1920,12.37
Country_132,1921,12.57
Country_132,1922,12.56
Country_132,1923,12.59
Country_132,1924,12.11
Country_132,1925,12.39
Country_132,1926,12.46
Country_132,1927,12.41
Country_132,1928,12.42
Country_132,1929,12.47
Country_132,1930,12.34
Country_132,1931,12.37
Country_132,1932,12.04
Country_132,1933,12.43
Country_132,1934,12.58
Country_132,1935,12.48
Country_132,1936,12.21
Country_132,1937,12.62
Country_132,1938,12.38
Country_132,1939,12.72
Country_132,1940,13.09
Country_132,1941,12.74
Country_132,1942,12.9
Country_132,1943,12.74
Country_132,1944,12.43
Country_132,1945,12.15
Country_132,1946,12.59
Country_132,1947,12.26
Country_132,1948,12.04
Country_132,1949,13.06
Country_132,1950,12.73
Country_132,1951,12.69
Country_132,1952,12.97
Country_132,1953,12.91
Country_132,1954,12.41
Country_132,1955,12.53
Country_132,1956,12.18
Country_132,1957,13.25
Country_132,1958,12.94
Country_132,1959,13.11
Country_132,1960,13.16
Country_132,1961,12.34
Country_132,1962,13.18
Country_132,1963,12.42
Country_132,1964,12.58
Country_132,1965,12.52
Country_132,1966,12.7
Country_132,1967,12.66
Country_132,1968,13.33
Country_132,1969,13.13
Country_132,1970,13.3
Country_132,1971,12.55
Country_132,1972,12.68
Country_132,1973,12.35
Country_132,1974,13.44
Country_132,1975,12.85
Country_132,1976,13.11
Country_132,1977,13.01
Country_132,1978,13.25
Country_132,1979,12.66
Country_132,1980,13.06
Country_132,1981,13.08
Country_132,1982,13.26
Country_132,1983,13.39
Country_132,1984,12.54
Country_132,1985,13.27
Country_132,1986,12.74
Country_132,1987,13.31
Country_132,1988,13.22
Country_132,1989,12.86
Country_132,1990,13.56
Country_132,1991,13.16
Country_132,1992,13.62
Country_132,1993,13.1
Country_132,1994,13.69
Country_132,1995,13.46
Country_132,1996,13.75
Country_132,1997,12.97
Country_132,1998,13.5
Country_132,1999,13.15
Country_132,2000,12.37
Country_132,2001,13.47
Country_132,2002,13.22
Country_132,2003,13.16
Country_132,2004,13.21
Country_132,2005,13.64
Country_132,2006,13.73
Country_132,2007,13.28
Country_132,2008,13.62
Country_132,2009,13.75
Country_132,2010,13.37
Country_132,2011,13.15
Country_132,2012,13.06
Country_132,2013,14.12
Country_132,2014,13.64
Country_132,2015,13.94
Country_132,2016,13.85
Country_132,2017,13.78
Country_132,2018,13.75
Country_132,2019,13.89
Country_132,2020,13.98
Country_132,2021,14.05
Country_132,2022,13.41
Country_132,2023,13.71
Country_133,1900,20.96
Country_133,1901,21.05
Country_133,1902,20.99
Country_133,1903,21.24
Country_133,1904,20.62
Country_133,1905,21.23
Country_133,1906,21.22
Country_133,1907,21.47
Country_133,1908,21.14
Country_133,1909,21.36
Country_133,1910,21.36
Country_133,1911,21.08
Country_133,1912,21.32
Country_133,1913,20.83
Country_133,1914,21.56
Country_133,1915,21.32
Country_133,1916,21.76
Country_133,1917,21.48
Country_133,1918,21.74
Country_133,1919,22.15
Country_133,1920,21.28
Country_133,1921,21.43
Country_133,1922,20.84
Country_133,1923,21.07
Country_133,1924,20.83
Country_133,1925,21.57
Country_133,1926,21.63
Country_133,1927,21.21
Country_133,1928,22.15
Country_133,1929,20.87
Country_133,1930,21.83
Country_133,1931,21.49
Country_133,1932,21.0
Country_133,1933,21.83
Country_133,1934,21.84
Country_133,1935,21.4
Country_133,1936,21.97
Country_133,1937,21.43
Country_133,1938,21.46
Country_133,1939,21.42
Country_133,1940,21.33
Country_133,1941,21.55
Country_133,1942,21.67
Country_133,1943,21.96
Country_133,1944,21.11
Country_133,1945,21.42
Country_133,1946,21.69
Country_133,1947,21.97
Country_133,1948,21.39
Country_133,1949,21.48
Country_133,1950,21.73
Country_133,1951,21.9
Country_133,1952,21.88
Country_133,1953,22.5
Country_133,1954,22.01
Country_133,1955,22.47
Country_133,1956,22.04
Country_133,1957,21.78
Country_133,1958,21.92
Country_133,1959,21.13
Country_133,1960,22.34
Country_133,1961,22.23
Country_133,1962,22.33
Country_133,1963,22.35
Country_133,1964,21.5
Country_133,1965,21.81
Country_133,1966,21.88
Country_133,1967,22.34
Country_133,1968,22.47
Country_133,1969,22.29
Country_133,1970,22.22
Country_133,1971,22.62
Country_133,1972,21.99
Country_133,1973,21.98
Country_133,1974,22.41
Country_133,1975,21.79
Country_133,1976,22.55
Country_133,1977,21.85
Country_133,1978,22.24
Country_133,1979,21.99
Country_133,1980,22.59
Country_133,1981,22.16
Country_133,1982,22.3
Country_133,1983,22.3
Country_133,1984,22.05
Country_133,1985,21.88
Country_133,1986,21.81
Country_133,1987,22.49
Country_133,1988,22.18
Country_133,1989,22.12
Country_133,1990,22.31
Country_133,1991,21.92
Country_133,1992,22.35
Country_133,1993,22.66
Country_133,1994,22.35
Country_133,1995,22.59
Country_133,1996,22.78
Country_133,1997,22.53
Country_133,1998,22.62
Country_133,1999,22.41
Country_133,2000,22.42
Country_133,2001,22.9
Country_133,2002,22.64
Country_133,2003,22.15
Country_133,2004,22.33
Country_133,2005,22.68
Country_133,2006,22.97
Country_133,2007,23.03
Country_133,2008,21.87
Country_133,2009,22.69
Country_133,2010,22.24
Country_133,2011,22.89
Country_133,2012,22.98
Country_133,2013,22.78
Country_133,2014,22.84
Country_133,2015,22.93
Country_133,2016,22.89
Country_133,2017,22.69
Country_133,2018,22.87
Country_133,2019,23.09
Country_133,2020,22.65
Country_133,2021,22.84
Country_133,2022,22.98
Country_133,2023,22.68
Country_134,1900,11.27
Country_134,1901,11.24
Country_134,1902,12.0
Country_134,1903,11.43
Country_134,1904,11.43
Country_134,1905,11.6
Country_134,1906,12.01
Country_134,1907,11.77
Country_134,1908,11.87
Country_134,1909,11.88
Country_134,1910,11.51
Country_134,1911,12.14
Country_134,1912,12.01
Country_134,1913,12.23
Country_134,1914,12.18
Country_134,1915,12.41
Country_134,1916,12.13
Country_134,1917,12.5
Country_134,1918,11.21
Country_134,1919,12.08
Country_134,1920,11.95
Country_134,1921,12.17
Country_134,1922,11.69
Country_134,1923,11.64
Country_134,1924,12.48
Country_134,1925,11.94
Country_134,1926,11.96
Country_134,1927,11.88
Country_134,1928,12.62
Country_134,1929,12.08
Country_134,1930,11.99
Country_134,1931,12.34
Country_134,1932,11.8
Country_134,1933,12.39
Country_134,1934,12.32
Country_134,1935,12.33
Country_134,1936,12.26
Country_134,1937,13.0
Country_134,1938,12.46
Country_134,1939,12.55
Country_134,1940,12.09
Country_134,1941,12.16
Country_134,1942,12.08
Country_134,1943,12.57
Country_134,1944,12.55
Country_134,1945,12.55
Country_134,1946,12.29
Country_134,1947,11.73
Country_134,1948,12.79
Country_134,1949,12.08
Country_134,1950,12.49
Country_134,1951,12.39
Country_134,1952,12.21
Country_134,1953,12.4
Country_134,1954,12.55
Country_134,1955,12.43
Country_134,1956,12.5
Country_134,1957,12.73
Country_134,1958,12.87
Country_134,1959,12.23
Country_134,1960,12.57
Country_134,1961,12.36
Country_134,1962,12.78
Country_134,1963,12.97
Country_134,1964,13.15
Country_134,1965,12.45
Country_134,1966,12.93
Country_134,1967,12.65
Country_134,1968,12.6
Country_134,1969,13.3
Country_134,1970,12.7
Country_134,1971,12.73
Country_134,1972,12.85
Country_134,1973,12.99
Country_134,1974,12.56
Country_134,1975,11.82
Country_134,1976,13.03
Country_134,1977,12.43
Country_134,1978,12.51
Country_134,1979,12.92
Country_134,1980,12.69
Country_134,1981,12.7
Country_134,1982,13.35
Country_134,1983,12.64
Country_134,1984,13.04
Country_134,1985,13.67
Country_134,1986,12.94
Country_134,1987,13.42
Country_134,1988,12.99
Country_134,1989,13.03
Country_134,1990,12.73
Country_134,1991,13.15
Country_134,1992,13.3
Country_134,1993,13.07
Country_134,1994,13.4
Country_134,1995,13.16
Country_134,1996,13.03
Country_134,1997,13.18
Country_134,1998,13.45
Country_134,1999,13.16
Country_134,2000,13.74
Country_134,2001,13.58
Country_134,2002,12.78
Country_134,2003,13.04
Country_134,2004,13.37
Country_134,2005,13.24
Country_134,2006,12.98
Country_134,2007,13.53
Country_134,2008,13.44
Country_134,2009,13.16
Country_134,2010,12.96
Country_134,2011,13.65
Country_134,2012,13.64
Country_134,2013,13.32
Country_134,2014,13.57
Country_134,2015,13.07
Country_134,2016,13.11
Country_134,2017,13.52
Country_134,2018,13.26
Country_134,2019,13.31
Country_134,2020,13.23
Country_134,2021,13.8
Country_134,2022,14.0
Country_134,2023,13.85
Country_135,1900,23.87
Country_135,1901,24.17
Country_135,1902,23.74
Country_135,1903,23.6
Country_135,1904,23.94
Country_135,1905,23.45
Country_135,1906,23.14
Country_135,1907,24.47
Country_135,1908,24.18
Country_135,1909,24.0
Country_135,1910,24.07
Country_135,1911,23.56
Country_135,1912,23.83
Country_135,1913,24.44
Country_135,1914,24.01
Country_135,1915,24.02
Country_135,1916,24.71
Country_135,1917,23.61
Country_135,1918,24.17
Country_135,1919,23.42
Country_135,1920,23.58
Country_135,1921,23.75
Country_135,1922,23.09
Country_135,1923,24.41
Country_135,1924,24.13
Country_135,1925,23.93
Country_135,1926,23.82
Country_135,1927,23.82
Country_135,1928,24.1
Country_135,1929,24.86
Country_135,1930,23.87
Country_135,1931,24.06
Country_135,1932,23.95
Country_135,1933,23.83
Country_135,1934,24.34
Country_135,1935,24.13
Country_135,1936,24.35
Country_135,1937,24.3
Country_135,1938,24.28
Country_135,1939,24.61
Country_135,1940,23.89
Country_135,1941,24.02
Country_135,1942,24.86
Country_135,1943,23.57
Country_135,1944,24.36
Country_135,1945,24.31
Country_135,1946,23.46
Country_135,1947,24.81
Country_135,1948,24.76
Country_135,1949,24.57
Country_135,1950,24.68
Country_135,1951,24.28
Country_135,1952,24.27
Country_135,1953,24.8
Country_135,1954,24.68
Country_135,1955,24.6
Country_135,1956,24.47
Country_135,1957,24.32
Country_135,1958,25.2
Country_135,1959,24.61
Country_135,1960,24.75
Country_135,1961,24.91
Country_135,1962,24.54
Country_135,1963,24.86
Country_135,1964,25.0
Country_135,1965,25.14
Country_135,1966,24.87
Country_135,1967,25.36
Country_135,1968,24.71
Country_135,1969,24.61
Country_135,1970,25.06
Country_135,1971,24.93
Country_135,1972,24.92
Country_135,1973,25.47
Country_135,1974,24.99
Country_135,1975,24.72
Country_135,1976,24.79
Country_135,1977,24.56
Country_135,1978,24.48
Country_135,1979,24.68
Country_135,1980,25.01
Country_135,1981,24.92
Country_135,1982,24.9
Country_135,1983,25.06
Country_135,1984,25.34
Country_135,1985,24.95
Country_135,1986,25.78
Country_135,1987,24.93
Country_135,1988,24.86
Country_135,1989,25.05
Country_135,1990,25.57
Country_135,1991,25.28
Country_135,1992,25.28
Country_135,1993,24.67
Country_135,1994,24.97
Country_135,1995,25.37
Country_135,1996,25.54
Country_135,1997,25.59
Country_135,1998,24.87
Country_135,1999,25.2
Country_135,2000,25.26
Country_135,2001,25.55
Country_135,2002,25.1
Country_135,2003,25.47
Country_135,2004,25.4
Country_135,2005,25.35
Country_135,2006,25.12
Country_135,2007,25.18
Country_135,2008,25.07
Country_135,2009,25.19
Country_135,2010,25.76
Country_135,2011,25.13
Country_135,2012,25.23
Country_135,2013,25.1
Country_135,2014,25.52
Country_135,2015,25.47
Country_135,2016,25.54
Country_135,2017,25.77
Country_135,2018,25.71
Country_135,2019,26.16
Country_135,2020,25.64
Country_135,2021,25.07
Country_135,2022,25.64
Country_135,2023,25.55
Country_136,1900,23.7
Country_136,1901,23.38
Country_136,1902,23.19
Country_136,1903,23.62
Country_136,1904,23.33
Country_136,1905,23.75
Country_136,1906,23.17
Country_136,1907,23.72
Country_136,1908,23.47
Country_136,1909,23.31
Country_136,1910,23.71
Country_136,1911,23.96
Country_136,1912,23.08
Country_136,1913,23.76
Country_136,1914,23.38
Country_136,1915,23.79
Country_136,1916,23.47
Country_136,1917,24.0
Country_136,1918,23.88
Country_136,1919,23.32
Country_136,1920,23.35
Country_136,1921,23.12
Country_136,1922,23.93
Country_136,1923,24.13
Country_136,1924,23.51
Country_136,1925,24.13
Country_136,1926,23.23
Country_136,1927,23.52
Country_136,1928,23.78
Country_136,1929,23.44
Country_136,1930,23.2
Country_136,1931,24.29
Country_136,1932,24.26
Country_136,1933,24.1
Country_136,1934,24.03
Country_136,1935,23.49
Country_136,1936,23.98
Country_136,1937,23.6
Country_136,1938,24.05
Country_136,1939,23.94
Country_136,1940,24.22
Country_136,1941,23.82
Country_136,1942,24.59
Country_136,1943,23.8
Country_136,1944,23.75
Country_136,1945,24.19
Country_136,1946,24.29
Country_136,1947,24.57
Country_136,1948,24.21
Country_136,1949,24.71
Country_136,1950,23.5
Country_136,1951,23.7
Country_136,1952,24.2
Country_136,1953,24.0
Country_136,1954,24.15
Country_136,1955,24.0
Country_136,1956,24.35
Country_136,1957,24.24
Country_136,1958,24.82
Country_136,1959,24.27
Country_136,1960,24.33
Country_136,1961,24.35
Country_136,1962,23.97
Country_136,1963,24.22
Country_136,1964,24.29
Country_136,1965,24.32
Country_136,1966,23.88
Country_136,1967,25.09
Country_136,1968,24.42
Country_136,1969,24.62
Country_136,1970,23.97
Country_136,1971,24.3
Country_136,1972,24.61
Country_136,1973,24.4
Country_136,1974,24.79
Country_136,1975,24.55
Country_136,1976,24.33
Country_136,1977,24.29
Country_136,1978,23.96
Country_136,1979,24.82
Country_136,1980,24.5
Country_136,1981,24.5
Country_136,1982,24.04
Country_136,1983,24.97
Country_136,1984,24.77
Country_136,1985,24.65
Country_136,1986,24.44
Country_136,1987,24.32
Country_136,1988,24.76
Country_136,1989,25.0
Country_136,1990,24.81
Country_136,1991,24.07
Country_136,1992,24.91
Country_136,1993,24.38
Country_136,1994,25.39
Country_136,1995,24.53
Country_136,1996,24.76
Country_136,1997,25.31
Country_136,1998,25.12
Country_136,1999,24.35
Country_136,2000,25.19
Country_136,2001,24.85
Country_136,2002,24.85
Country_136,2003,25.25
Country_136,2004,25.24
Country_136,2005,24.69
Country_136,2006,24.59
Country_136,2007,24.93
Country_136,2008,24.45
Country_136,2009,24.82
Country_136,2010,24.97
Country_136,2011,24.77
Country_136,2012,25.5
Country_136,2013,24.86
Country_136,2014,24.63
Country_136,2015,25.11
Country_136,2016,25.17
Country_136,2017,24.5
Country_136,2018,25.27
Country_136,2019,24.85
Country_136,2020,25.26
Country_136,2021,25.39
Country_136,2022,25.19
Country_136,2023,25.83
Country_137,1900,17.76
Country_137,1901,17.76
Country_137,1902,17.84
Country_137,1903,18.64
Country_137,1904,17.95
Country_137,1905,18.12
Country_137,1906,17.91
Country_137,1907,18.12
Country_137,1908,17.76
Country_137,1909,17.98
Country_137,1910,17.9
Country_137,1911,18.72
Country_137,1912,18.47
Country_137,1913,18.7
Country_137,1914,17.97
Country_137,1915,18.28
Country_137,1916,18.42
Country_137,1917,18.17
Country_137,1918,18.16
Country_137,1919,17.98
Country_137,1920,18.19
Country_137,1921,18.2
Country_137,1922,17.94
Country_137,1923,18.38
Country_137,1924,18.57
Country_137,1925,18.29
Country_137,1926,18.34
Country_137,1927,18.03
Country_137,1928,17.96
Country_137,1929,18.66
Country_137,1930,18.27
Country_137,1931,18.69
Country_137,1932,18.14
Country_137,1933,18.57
Country_137,1934,18.33
Country_137,1935,18.69
Country_137,1936,19.11
Country_137,1937,18.15
Country_137,1938,18.68
Country_137,1939,18.89
Country_137,1940,18.93
Country_137,1941,18.32
Country_137,1942,19.03
Country_137,1943,18.84
Country_137,1944,18.63
Country_137,1945,18.28
Country_137,1946,18.2
Country_137,1947,18.85
Country_137,1948,18.87
Country_137,1949,18.83
Country_137,1950,18.69
Country_137,1951,18.42
Country_137,1952,18.77
Country_137,1953,18.83
Country_137,1954,18.61
Country_137,1955,18.81
Country_137,1956,18.56
Country_137,1957,18.35
Country_137,1958,18.5
Country_137,1959,19.04
Country_137,1960,19.0
Country_137,1961,18.28
Country_137,1962,18.99
Country_137,1963,19.38
Country_137,1964,18.42
Country_137,1965,18.9
Country_137,1966,18.84
Country_137,1967,19.73
Country_137,1968,18.81
Country_137,1969,18.85
Country_137,1970,19.15
Country_137,1971,19.18
Country_137,1972,19.07
Country_137,1973,19.79
Country_137,1974,19.3
Country_137,1975,18.91
Country_137,1976,19.34
Country_137,1977,19.14
Country_137,1978,18.59
Country_137,1979,19.34
Country_137,1980,19.05
Country_137,1981,19.25
Country_137,1982,19.05
Country_137,1983,19.17
Country_137,1984,19.58
Country_137,1985,19.87
Country_137,1986,19.31
Country_137,1987,19.91
Country_137,1988,19.33
Country_137,1989,19.2
Country_137,1990,19.51
Country_137,1991,19.0
Country_137,1992,19.19
Country_137,1993,19.63
Country_137,1994,18.96
Country_137,1995,19.15
Country_137,1996,19.29
Country_137,1997,18.93
Country_137,1998,19.81
Country_137,1999,19.66
Country_137,2000,19.42
Country_137,2001,20.07
Country_137,2002,19.04
Country_137,2003,19.37
Country_137,2004,19.18
Country_137,2005,19.27
Country_137,2006,19.36
Country_137,2007,19.62
Country_137,2008,20.04
Country_137,2009,19.71
Country_137,2010,19.61
Country_137,2011,19.22
Country_137,2012,19.92
Country_137,2013,19.65
Country_137,2014,20.01
Country_137,2015,19.92
Country_137,2016,19.24
Country_137,2017,19.78
Country_137,2018,19.81
Country_137,2019,20.15
Country_137,2020,20.26
Country_137,2021,19.85
Country_137,2022,19.38
Country_137,2023,19.96
Country_138,1900,20.13
Country_138,1901,19.92
Country_138,1902,19.96
Country_138,1903,20.06
Country_138,1904,20.34
Country_138,1905,20.4
Country_138,1906,20.32
Country_138,1907,20.2
Country_138,1908,20.13
Country_138,1909,20.25
Country_138,1910,21.01
Country_138,1911,20.08
Country_138,1912,20.08
Country_138,1913,20.15
Country_138,1914,20.5
Country_138,1915,20.56
Country_138,1916,20.53
Country_138,1917,20.04
Country_138,1918,20.64
Country_138,1919,20.34
Country_138,1920,20.18
Country_138,1921,20.66
Country_138,1922,20.65
Country_138,1923,20.01
Country_138,1924,20.8
Country_138,1925,20.41
Country_138,1926,20.72
Country_138,1927,20.55
Country_138,1928,20.41
Country_138,1929,21.0
Country_138,1930,20.19
Country_138,1931,20.39
Country_138,1932,20.31
Country_138,1933,20.68
Country_138,1934,20.67
Country_138,1935,20.76
Country_138,1936,20.59
Country_138,1937,20.6
Country_138,1938,20.83
Country_138,1939,20.93
Country_138,1940,20.75
Country_138,1941,20.63
Country_138,1942,20.74
Country_138,1943,21.19
Country_138,1944,20.48
Country_138,1945,20.53
Country_138,1946,20.78
Country_138,1947,21.11
Country_138,1948,21.26
Country_138,1949,20.52
Country_138,1950,20.81
Country_138,1951,21.15
Country_138,1952,20.15
Country_138,1953,21.28
Country_138,1954,20.63
Country_138,1955,21.28
Country_138,1956,20.75
Country_138,1957,21.52
Country_138,1958,21.16
Country_138,1959,20.43
Country_138,1960,21.32
Country_138,1961,21.2
Country_138,1962,20.7
Country_138,1963,21.43
Country_138,1964,20.82
Country_138,1965,21.04
Country_138,1966,21.14
Country_138,1967,21.88
Country_138,1968,21.25
Country_138,1969,21.41
Country_138,1970,21.55
Country_138,1971,21.51
Country_138,1972,21.88
Country_138,1973,21.49
Country_138,1974,21.12
Country_138,1975,21.03
Country_138,1976,20.48
Country_138,1977,21.14
Country_138,1978,21.29
Country_138,1979,21.42
Country_138,1980,20.88
Country_138,1981,21.41
Country_138,1982,21.01
Country_138,1983,21.57
Country_138,1984,21.18
Country_138,1985,21.21
Country_138,1986,21.34
Country_138,1987,21.44
Country_138,1988,21.15
Country_138,1989,21.88
Country_138,1990,22.35
Country_138,1991,21.71
Country_138,1992,21.9
Country_138,1993,21.62
Country_138,1994,21.46
Country_138,1995,21.66
Country_138,1996,21.73
Country_138,1997,21.62
Country_138,1998,21.55
Country_138,1999,21.69
Country_138,2000,21.83
Country_138,2001,21.09
Country_138,2002,22.1
Country_138,2003,21.52
Country_138,2004,21.6
Country_138,2005,22.25
Country_138,2006,21.71
Country_138,2007,22.36
Country_138,2008,22.31
Country_138,2009,22.18
Country_138,2010,21.6
Country_138,2011,21.72
Country_138,2012,21.73
Country_138,2013,22.38
Country_138,2014,21.4
Country_138,2015,22.46
Country_138,2016,21.65
Country_138,2017,21.88
Country_138,2018,22.04
Country_138,2019,22.1
Country_138,2020,22.06
Country_138,2021,22.08
Country_138,2022,22.13
Country_138,2023,21.89
Country_139,1900,22.75
Country_139,1901,23.0
Country_139,1902,22.48
Country_139,1903,22.53
Country_139,1904,23.15
Country_139,1905,23.29
Country_139,1906,23.54
Country_139,1907,22.76
Country_139,1908,22.79
Country_139,1909,22.81
Country_139,1910,22.68
Country_139,1911,22.9
Country_139,1912,22.94
Country_139,1913,23.08
Country_139,1914,22.15
Country_139,1915,22.41
Country_139,1916,22.68
Country_139,1917,23.38
Country_139,1918,22.77
Country_139,1919,22.7
Country_139,1920,22.44
Country_139,1921,22.79
Country_139,1922,22.37
Country_139,1923,23.55
Country_139,1924,22.75
Country_139,1925,22.66
Country_139,1926,23.02
Country_139,1927,22.83
Country_139,1928,23.36
Country_139,1929,23.26
Country_139,1930,22.9
Country_139,1931,22.95
Country_139,1932,22.98
Country_139,1933,22.84
Country_139,1934,22.66
Country_139,1935,23.09
Country_139,1936,23.18
Country_139,1937,22.92
Country_139,1938,22.73
Country_139,1939,22.79
Country_139,1940,23.28
Country_139,1941,23.6
Country_139,1942,23.04
Country_139,1943,23.1
Country_139,1944,23.73
Country_139,1945,23.44
Country_139,1946,22.86
Country_139,1947,23.3
Country_139,1948,23.42
Country_139,1949,23.75
Country_139,1950,23.5
Country_139,1951,23.44
Country_139,1952,23.58
Country_139,1953,23.29
Country_139,1954,23.1
Country_139,1955,23.3
Country_139,1956,23.89
Country_139,1957,23.48
Country_139,1958,23.38
Country_139,1959,23.26
Country_139,1960,23.5
Country_139,1961,23.92
Country_139,1962,23.37
Country_139,1963,24.31
Country_139,1964,22.97
Country_139,1965,23.59
Country_139,1966,23.49
Country_139,1967,23.74
Country_139,1968,23.22
Country_139,1969,23.49
Country_139,1970,23.85
Country_139,1971,23.65
Country_139,1972,23.56
Country_139,1973,24.09
Country_139,1974,23.69
Country_139,1975,23.76
Country_139,1976,23.82
Country_139,1977,24.38
Country_139,1978,23.95
Country_139,1979,24.36
Country_139,1980,24.04
Country_139,1981,23.76
Country_139,1982,23.87
Country_139,1983,24.15
Country_139,1984,24.24
Country_139,1985,23.82
Country_139,1986,23.91
Country_139,1987,24.69
Country_139,1988,23.66
Country_139,1989,24.0
Country_139,1990,23.75
Country_139,1991,23.99
Country_139,1992,23.57
Country_139,1993,24.17
Country_139,1994,23.67
Country_139,1995,23.42
Country_139,1996,23.39
Country_139,1997,24.28
Country_139,1998,24.26
Country_139,1999,24.15
Country_139,2000,23.42
Country_139,2001,24.08
Country_139,2002,24.34
Country_139,2003,24.3
Country_139,2004,23.77
Country_139,2005,23.38
Country_139,2006,24.0
Country_139,2007,24.43
Country_139,2008,24.06
Country_139,2009,24.05
Country_139,2010,23.81
Country_139,2011,24.04
Country_139,2012,24.1
Country_139,2013,24.01
Country_139,2014,23.96
Country_139,2015,24.8
Country_139,2016,24.46
Country_139,2017,24.26
Country_139,2018,24.23
Country_139,2019,24.06
Country_139,2020,24.72
Country_139,2021,24.06
Country_139,2022,24.69
Country_139,2023,23.98
Country_140,1900,10.83
Country_140,1901,10.14
Country_140,1902,10.45
Country_140,1903,10.4
Country_140,1904,10.77
Country_140,1905,10.53
Country_140,1906,10.15
Country_140,1907,10.46
Country_140,1908,10.1
Country_140,1909,10.63
Country_140,1910,10.73
Country_140,1911,10.79
Country_140,1912,10.75
Country_140,1913,10.51
Country_140,1914,10.83
Country_140,1915,10.91
Country_140,1916,10.38
Country_140,1917,10.87
Country_140,1918,11.04
Country_140,1919,10.73
Country_140,1920,11.07
Country_140,1921,10.76
Country_140,1922,11.05
Country_140,1923,10.75
Country_140,1924,11.28
Country_140,1925,10.85
Country_140,1926,10.48
Country_140,1927,10.76
Country_140,1928,10.83
Country_140,1929,10.36
Country_140,1930,11.13
Country_140,1931,11.94
Country_140,1932,11.67
Country_140,1933,11.07
Country_140,1934,11.28
Country_140,1935,10.86
Country_140,1936,10.76
Country_140,1937,11.26
Country_140,1938,11.03
Country_140,1939,10.59
Country_140,1940,10.98
Country_140,1941,11.48
Country_140,1942,10.77
Country_140,1943,11.23
Country_140,1944,11.31
Country_140,1945,11.66
Country_140,1946,11.3
Country_140,1947,11.27
Country_140,1948,11.19
Country_140,1949,10.93
Country_140,1950,10.8
Country_140,1951,11.58
Country_140,1952,11.24
Country_140,1953,11.42
Country_140,1954,11.24
Country_140,1955,11.58
Country_140,1956,11.54
Country_140,1957,10.89
Country_140,1958,11.71
Country_140,1959,11.38
Country_140,1960,11.6
Country_140,1961,10.76
Country_140,1962,11.45
Country_140,1963,11.86
Country_140,1964,11.98
Country_140,1965,11.55
Country_140,1966,11.17
Country_140,1967,11.86
Country_140,1968,11.57
Country_140,1969,11.48
Country_140,1970,12.07
Country_140,1971,11.27
Country_140,1972,11.99
Country_140,1973,11.41
Country_140,1974,11.05
Country_140,1975,11.95
Country_140,1976,11.77
Country_140,1977,11.97
Country_140,1978,11.81
Country_140,1979,11.95
Country_140,1980,12.15
Country_140,1981,11.99
Country_140,1982,11.44
Country_140,1983,12.05
Country_140,1984,12.07
Country_140,1985,11.56
Country_140,1986,12.3
Country_140,1987,11.58
Country_140,1988,11.95
Country_140,1989,11.85
Country_140,1990,12.24
Country_140,1991,11.78
Country_140,1992,11.47
Country_140,1993,11.82
Country_140,1994,12.17
Country_140,1995,11.76
Country_140,1996,12.06
Country_140,1997,11.81
Country_140,1998,11.6
Country_140,1999,12.09
Country_140,2000,12.29
Country_140,2001,12.63
Country_140,2002,12.07
Country_140,2003,11.93
Country_140,2004,12.05
Country_140,2005,12.14
Country_140,2006,12.36
Country_140,2007,12.07
Country_140,2008,12.09
Country_140,2009,12.59
Country_140,2010,12.48
Country_140,2011,12.5
Country_140,2012,12.28
Country_140,2013,11.88
Country_140,2014,12.13
Country_140,2015,11.88
Country_140,2016,12.13
Country_140,2017,12.15
Country_140,2018,12.16
Country_140,2019,12.75
Country_140,2020,11.99
Country_140,2021,12.25
Country_140,2022,12.91
Country_140,2023,13.03
Country_141,1900,17.29
Country_141,1901,17.7
Country_141,1902,17.31
Country_141,1903,17.52
Country_141,1904,17.25
Country_141,1905,17.89
Country_141,1906,17.77
Country_141,1907,17.72
Country_141,1908,17.66
Country_141,1909,17.56
Country_141,1910,17.8
Country_141,1911,17.87
Country_141,1912,17.95
Country_141,1913,17.65
Country_141,1914,18.02
Country_141,1915,17.98
Country_141,1916,18.22
Country_141,1917,17.52
Country_141,1918,17.91
Country_141,1919,17.72
Country_141,1920,17.57
Country_141,1921,17.83
Country_141,1922,18.02
Country_141,1923,17.76
Country_141,1924,18.07
Country_141,1925,17.88
Country_141,1926,17.85
Country_141,1927,18.19
Country_141,1928,18.29
Country_141,1929,18.1
Country_141,1930,18.59
Country_141,1931,18.59
Country_141,1932,17.83
Country_141,1933,17.94
Country_141,1934,17.87
Country_141,1935,18.01
Country_141,1936,18.49
Country_141,1937,18.05
Country_141,1938,18.25
Country_141,1939,18.16
Country_141,1940,18.22
Country_141,1941,18.4
Country_141,1942,17.45
Country_141,1943,17.89
Country_141,1944,18.11
Country_141,1945,18.26
Country_141,1946,17.63
Country_141,1947,17.94
Country_141,1948,18.03
Country_141,1949,18.06
Country_141,1950,18.76
Country_141,1951,18.43
Country_141,1952,18.35
Country_141,1953,18.49
Country_141,1954,17.87
Country_141,1955,17.91
Country_141,1956,18.37
Country_141,1957,18.11
Country_141,1958,18.21
Country_141,1959,18.57
Country_141,1960,18.67
Country_141,1961,18.41
Country_141,1962,18.42
Country_141,1963,18.45
Country_141,1964,18.26
Country_141,1965,18.29
Country_141,1966,18.6
Country_141,1967,18.17
Country_141,1968,18.17
Country_141,1969,18.47
Country_141,1970,18.69
Country_141,1971,18.51
Country_141,1972,18.62
Country_141,1973,18.79
Country_141,1974,18.34
Country_141,1975,18.68
Country_141,1976,18.8
Country_141,1977,18.61
Country_141,1978,18.33
Country_141,1979,18.73
Country_141,1980,18.93
Country_141,1981,18.23
Country_141,1982,19.11
Country_141,1983,18.78
Country_141,1984,19.12
Country_141,1985,18.46
Country_141,1986,18.88
Country_141,1987,18.59
Country_141,1988,19.33
Country_141,1989,19.19
Country_141,1990,18.84
Country_141,1991,18.83
Country_141,1992,19.13
Country_141,1993,19.05
Country_141,1994,19.46
Country_141,1995,19.26
Country_141,1996,18.9
Country_141,1997,18.81
Country_141,1998,19.06
Country_141,1999,19.21
Country_141,2000,19.34
Country_141,2001,19.06
Country_141,2002,19.28
Country_141,2003,18.94
Country_141,2004,19.42
Country_141,2005,18.97
Country_141,2006,19.23
Country_141,2007,18.59
Country_141,2008,18.84
Country_141,2009,19.04
Country_141,2010,19.44
Country_141,2011,19.69
Country_141,2012,19.05
Country_141,2013,18.87
Country_141,2014,19.28
Country_141,2015,18.9
Country_141,2016,19.46
Country_141,2017,19.41
Country_141,2018,19.37
Country_141,2019,19.43
Country_141,2020,19.16
Country_141,2021,19.75
Country_141,2022,19.06
Country_141,2023,19.11
Country_142,1900,20.2
Country_142,1901,19.14
Country_142,1902,19.53
Country_142,1903,19.19
Country_142,1904,19.59
Country_142,1905,18.8
Country_142,1906,19.32
Country_142,1907,19.27
Country_142,1908,19.29
Country_142,1909,19.45
Country_142,1910,19.65
Country_142,1911,19.34
Country_142,1912,19.31
Country_142,1913,19.51
Country_142,1914,19.3
Country_142,1915,19.56
Country_142,1916,19.15
Country_142,1917,19.89
Country_142,1918,19.27
Country_142,1919,19.26
Country_142,1920,19.35
Country_142,1921,19.85
Country_142,1922,19.41
Country_142,1923,20.05
Country_142,1924,19.76
Country_142,1925,19.88
Country_142,1926,19.19
Country_142,1927,20.06
Country_142,1928,19.87
Country_142,1929,19.56
Country_142,1930,19.48
Country_142,1931,19.55
Country_142,1932,19.78
Country_142,1933,19.92
Country_142,1934,19.62
Country_142,1935,20.09
Country_142,1936,19.74
Country_142,1937,19.79
Country_142,1938,19.89
Country_142,1939,19.53
Country_142,1940,20.19
Country_142,1941,19.68
Country_142,1942,19.61
Country_142,1943,18.96
Country_142,1944,19.92
Country_142,1945,19.85
Country_142,1946,19.48
Country_142,1947,20.15
Country_142,1948,19.62
Country_142,1949,19.93
Country_142,1950,19.75
Country_142,1951,20.45
Country_142,1952,20.3
Country_142,1953,19.74
Country_142,1954,19.83
Country_142,1955,19.95
Country_142,1956,20.37
Country_142,1957,19.98
Country_142,1958,19.84
Country_142,1959,20.25
Country_142,1960,20.13
Country_142,1961,20.56
Country_142,1962,20.08
Country_142,1963,20.35
Country_142,1964,20.36
Country_142,1965,20.34
Country_142,1966,20.55
Country_142,1967,20.25
Country_142,1968,20.83
Country_142,1969,20.24
Country_142,1970,19.89
Country_142,1971,20.5
Country_142,1972,20.73
Country_142,1973,20.29
Country_142,1974,20.2
Country_142,1975,20.03
Country_142,1976,20.2
Country_142,1977,20.61
Country_142,1978,20.1
Country_142,1979,20.12
Country_142,1980,20.37
Country_142,1981,19.89
Country_142,1982,19.77
Country_142,1983,20.23
Country_142,1984,20.74
Country_142,1985,20.17
Country_142,1986,20.64
Country_142,1987,20.49
Country_142,1988,20.46
Country_142,1989,20.78
Country_142,1990,19.81
Country_142,1991,20.53
Country_142,1992,20.85
Country_142,1993,20.27
Country_142,1994,20.84
Country_142,1995,20.14
Country_142,1996,20.09
Country_142,1997,20.94
Country_142,1998,20.71
Country_142,1999,20.45
Country_142,2000,20.59
Country_142,2001,20.78
Country_142,2002,20.66
Country_142,2003,20.69
Country_142,2004,20.51
Country_142,2005,20.53
Country_142,2006,20.81
Country_142,2007,20.67
Country_142,2008,20.8
Country_142,2009,20.79
Country_142,2010,20.92
Country_142,2011,20.51
Country_142,2012,20.8
Country_142,2013,21.09
Country_142,2014,20.7
Country_142,2015,21.11
Country_142,2016,20.7
Country_142,2017,20.61
Country_142,2018,21.03
Country_142,2019,21.16
Country_142,2020,20.98
Country_142,2021,20.72
Country_142,2022,20.85
Country_142,2023,20.89
Country_143,1900,24.21
Country_143,1901,23.99
Country_143,1902,24.12
Country_143,1903,24.29
Country_143,1904,24.2
Country_143,1905,23.86
Country_143,1906,23.6
Country_143,1907,24.35
Country_143,1908,24.24
Country_143,1909,24.14
Country_143,1910,23.83
Country_143,1911,24.57
Country_143,1912,23.9
Country_143,1913,23.96
Country_143,1914,24.36
Country_143,1915,24.44
Country_143,1916,24.56
Country_143,1917,24.21
Country_143,1918,24.52
Country_143,1919,24.17
Country_143,1920,23.72
Country_143,1921,24.28
Country_143,1922,23.92
Country_143,1923,24.68
Country_143,1924,24.23
Country_143,1925,24.59
Country_143,1926,24.75
Country_143,1927,24.13
Country_143,1928,24.35
Country_143,1929,24.44
Country_143,1930,24.25
Country_143,1931,24.49
Country_143,1932,24.55
Country_143,1933,24.0
Country_143,1934,24.47
Country_143,1935,24.42
Country_143,1936,24.06
Country_143,1937,24.72
Country_143,1938,24.97
Country_143,1939,24.58
Country_143,1940,24.69
Country_143,1941,25.07
Country_143,1942,24.67
Country_143,1943,25.11
Country_143,1944,24.62
Country_143,1945,24.48
Country_143,1946,24.61
Country_143,1947,24.97
Country_143,1948,24.76
Country_143,1949,24.94
Country_143,1950,24.38
Country_143,1951,24.88
Country_143,1952,24.66
Country_143,1953,25.28
Country_143,1954,25.01
Country_143,1955,25.05
Country_143,1956,24.96
Country_143,1957,24.56
Country_143,1958,24.57
Country_143,1959,24.78
Country_143,1960,25.6
Country_143,1961,24.76
Country_143,1962,24.7
Country_143,1963,25.09
Country_143,1964,24.73
Country_143,1965,24.93
Country_143,1966,25.19
Country_143,1967,25.37
Country_143,1968,24.88
Country_143,1969,25.13
Country_143,1970,24.61
Country_143,1971,24.85
Country_143,1972,24.48
Country_143,1973,24.81
Country_143,1974,25.35
Country_143,1975,25.48
Country_143,1976,25.97
Country_143,1977,25.09
Country_143,1978,25.08
Country_143,1979,25.56
Country_143,1980,25.37
Country_143,1981,25.61
Country_143,1982,25.52
Country_143,1983,25.25
Country_143,1984,26.02
Country_143,1985,24.66
Country_143,1986,24.85
Country_143,1987,24.93
Country_143,1988,25.18
Country_143,1989,25.54
Country_143,1990,25.78
Country_143,1991,25.71
Country_143,1992,25.5
Country_143,1993,25.77
Country_143,1994,25.54
Country_143,1995,25.65
Country_143,1996,25.45
Country_143,1997,25.47
Country_143,1998,25.49
Country_143,1999,25.32
Country_143,2000,25.31
Country_143,2001,25.43
Country_143,2002,26.07
Country_143,2003,25.66
Country_143,2004,25.73
Country_143,2005,25.6
Country_143,2006,25.78
Country_143,2007,25.78
Country_143,2008,25.44
Country_143,2009,26.1
Country_143,2010,26.1
Country_143,2011,25.88
Country_143,2012,25.52
Country_143,2013,25.69
Country_143,2014,25.59
Country_143,2015,25.6
Country_143,2016,25.95
Country_143,2017,25.62
Country_143,2018,25.87
Country_143,2019,25.91
Country_143,2020,26.4
Country_143,2021,26.03
Country_143,2022,25.74
Country_143,2023,25.78
Country_144,1900,20.02
Country_144,1901,20.14
Country_144,1902,20.53
Country_144,1903,20.18
Country_144,1904,19.93
Country_144,1905,20.51
Country_144,1906,19.7
Country_144,1907,20.2
Country_144,1908,20.29
Country_144,1909,20.45
Country_144,1910,20.83
Country_144,1911,20.33
Country_144,1912,21.22
Country_144,1913,20.52
Country_144,1914,20.62
Country_144,1915,20.54
Country_144,1916,20.5
Country_144,1917,20.21
Country_144,1918,20.36
Country_144,1919,20.39
Country_144,1920,21.17
Country_144,1921,20.98
Country_144,1922,20.96
Country_144,1923,20.64
Country_144,1924,20.95
Country_144,1925,21.05
Country_144,1926,20.45
Country_144,1927,20.45
Country_144,1928,20.7
Country_144,1929,20.74
Country_144,1930,20.39
Country_144,1931,20.86
Country_144,1932,20.42
Country_144,1933,21.29
Country_144,1934,21.81
Country_144,1935,20.0
Country_144,1936,20.77
Country_144,1937,20.88
Country_144,1938,20.54
Country_144,1939,20.58
Country_144,1940,20.63
Country_144,1941,20.87
Country_144,1942,20.63
Country_144,1943,21.12
Country_144,1944,21.17
Country_144,1945,21.17
Country_144,1946,20.97
Country_144,1947,21.15
Country_144,1948,21.24
Country_144,1949,21.28
Country_144,1950,20.1
Country_144,1951,21.13
Country_144,1952,21.16
Country_144,1953,21.19
Country_144,1954,21.23
Country_144,1955,21.16
Country_144,1956,21.24
Country_144,1957,20.8
Country_144,1958,21.56
Country_144,1959,20.88
Country_144,1960,21.56
Country_144,1961,20.87
Country_144,1962,21.3
Country_144,1963,21.02
Country_144,1964,21.16
Country_144,1965,21.88
Country_144,1966,20.99
Country_144,1967,20.84
Country_144,1968,21.51
Country_144,1969,21.11
Country_144,1970,21.31
Country_144,1971,21.45
Country_144,1972,21.39
Country_144,1973,21.11
Country_144,1974,21.39
Country_144,1975,21.34
Country_144,1976,21.84
Country_144,1977,21.64
Country_144,1978,21.63
Country_144,1979,21.38
Country_144,1980,21.26
Country_144,1981,21.69
Country_144,1982,21.68
Country_144,1983,21.17
Country_144,1984,21.69
Country_144,1985,21.53
Country_144,1986,21.57
Country_144,1987,21.97
Country_144,1988,20.63
Country_144,1989,21.77
Country_144,1990,21.7
Country_144,1991,21.83
Country_144,1992,21.48
Country_144,1993,22.15
Country_144,1994,21.5
Country_144,1995,21.71
Country_144,1996,21.39
Country_144,1997,22.12
Country_144,1998,21.55
Country_144,1999,21.66
Country_144,2000,21.89
Country_144,2001,21.76
Country_144,2002,21.77
Country_144,2003,22.15
Country_144,2004,22.65
Country_144,2005,22.18
Country_144,2006,21.33
Country_144,2007,21.88
Country_144,2008,21.74
Country_144,2009,21.34
Country_144,2010,21.44
Country_144,2011,21.8
Country_144,2012,21.6
Country_144,2013,21.73
Country_144,2014,21.71
Country_144,2015,21.7
Country_144,2016,22.34
Country_144,2017,21.83
Country_144,2018,21.99
Country_144,2019,22.26
Country_144,2020,22.4
Country_144,2021,22.15
Country_144,2022,22.41
Country_144,2023,22.26
Country_145,1900,12.84
Country_145,1901,12.89
Country_145,1902,13.53
Country_145,1903,13.03
Country_145,1904,12.91
Country_145,1905,13.05
Country_145,1906,12.75
Country_145,1907,12.92
Country_145,1908,13.29
Country_145,1909,13.69
Country_145,1910,12.86
Country_145,1911,13.03
Country_145,1912,12.8
Country_145,1913,13.09
Country_145,1914,13.07
Country_145,1915,12.86
Country_145,1916,12.99
Country_145,1917,13.37
Country_145,1918,13.49
Country_145,1919,13.29
Country_145,1920,13.36
Country_145,1921,13.09
Country_145,1922,13.07
Country_145,1923,13.23
Country_145,1924,13.36
Country_145,1925,13.09
Country_145,1926,13.32
Country_145,1927,13.87
Country_145,1928,13.29
Country_145,1929,13.76
Country_145,1930,13.56
Country_145,1931,13.36
Country_145,1932,13.51
Country_145,1933,13.19
Country_145,1934,13.26
Country_145,1935,13.78
Country_145,1936,13.61
Country_145,1937,12.95
Country_145,1938,13.34
Country_145,1939,13.56
Country_145,1940,13.67
Country_145,1941,14.0
Country_145,1942,13.37
Country_145,1943,13.39
Country_145,1944,13.34
Country_145,1945,13.94
Country_145,1946,14.04
Country_145,1947,12.9
Country_145,1948,13.15
Country_145,1949,13.59
Country_145,1950,13.98
Country_145,1951,14.23
Country_145,1952,13.71
Country_145,1953,14.22
Country_145,1954,13.98
Country_145,1955,13.57
Country_145,1956,13.74
Country_145,1957,14.1
Country_145,1958,13.25
Country_145,1959,14.13
Country_145,1960,13.88
Country_145,1961,14.31
Country_145,1962,14.11
Country_145,1963,13.99
Country_145,1964,13.51
Country_145,1965,14.07
Country_145,1966,13.87
Country_145,1967,14.22
Country_145,1968,13.73
Country_145,1969,14.48
Country_145,1970,14.0
Country_145,1971,13.74
Country_145,1972,13.93
Country_145,1973,13.86
Country_145,1974,13.96
Country_145,1975,14.06
Country_145,1976,14.24
Country_145,1977,14.6
Country_145,1978,14.42
Country_145,1979,13.44
Country_145,1980,14.35
Country_145,1981,13.8
Country_145,1982,13.95
Country_145,1983,14.53
Country_145,1984,14.17
Country_145,1985,14.56
Country_145,1986,13.8
Country_145,1987,14.12
Country_145,1988,14.26
Country_145,1989,14.23
Country_145,1990,14.34
Country_145,1991,14.19
Country_145,1992,14.45
Country_145,1993,14.19
Country_145,1994,14.46
Country_145,1995,14.34
Country_145,1996,14.58
Country_145,1997,14.35
Country_145,1998,14.86
Country_145,1999,14.16
Country_145,2000,13.88
Country_145,2001,14.44
Country_145,2002,14.62
Country_145,2003,14.09
Country_145,2004,14.83
Country_145,2005,14.25
Country_145,2006,14.36
Country_145,2007,14.86
Country_145,2008,14.64
Country_145,2009,14.47
Country_145,2010,14.83
Country_145,2011,14.36
Country_145,2012,14.71
Country_145,2013,15.23
Country_145,2014,14.61
Country_145,2015,14.66
Country_145,2016,15.04
Country_145,2017,14.56
Country_145,2018,14.36
Country_145,2019,14.97
Country_145,2020,14.49
Country_145,2021,15.4
Country_145,2022,14.54
Country_145,2023,14.65
Country_146,1900,23.58
Country_146,1901,23.56
Country_146,1902,23.42
Country_146,1903,23.72
Country_146,1904,23.6
Country_146,1905,23.82
Country_146,1906,23.67
Country_146,1907,23.59
Country_146,1908,24.31
Country_146,1909,23.76
Country_146,1910,23.27
Country_146,1911,23.38
Country_146,1912,24.17
Country_146,1913,24.06
Country_146,1914,23.74
Country_146,1915,23.27
Country_146,1916,24.08
Country_146,1917,24.17
Country_146,1918,24.26
Country_146,1919,23.98
Country_146,1920,23.9
Country_146,1921,24.32
Country_146,1922,24.19
Country_146,1923,24.16
Country_146,1924,24.06
Country_146,1925,23.99
Country_146,1926,24.93
Country_146,1927,24.47
Country_146,1928,24.58
Country_146,1929,24.35
Country_146,1930,24.42
Country_146,1931,24.19
Country_146,1932,23.91
Country_146,1933,24.53
Country_146,1934,23.85
Country_146,1935,24.68
Country_146,1936,23.85
Country_146,1937,24.5
Country_146,1938,24.46
Country_146,1939,24.57
Country_146,1940,24.31
Country_146,1941,24.13
Country_146,1942,24.16
Country_146,1943,24.59
Country_146,1944,24.22
Country_146,1945,24.57
Country_146,1946,24.57
Country_146,1947,24.68
Country_146,1948,24.5
Country_146,1949,24.0
Country_146,1950,24.36
Country_146,1951,24.96
Country_146,1952,24.68
Country_146,1953,24.45
Country_146,1954,25.01
Country_146,1955,24.14
Country_146,1956,24.52
Country_146,1957,24.44
Country_146,1958,24.93
Country_146,1959,24.71
Country_146,1960,24.81
Country_146,1961,24.78
Country_146,1962,24.3
Country_146,1963,24.94
Country_146,1964,24.33
Country_146,1965,24.26
Country_146,1966,24.99
Country_146,1967,24.33
Country_146,1968,24.82
Country_146,1969,24.96
Country_146,1970,25.23
Country_146,1971,24.63
Country_146,1972,24.75
Country_146,1973,24.84
Country_146,1974,24.59
Country_146,1975,25.25
Country_146,1976,25.05
Country_146,1977,25.16
Country_146,1978,24.53
Country_146,1979,25.23
Country_146,1980,24.87
Country_146,1981,24.68
Country_146,1982,24.84
Country_146,1983,24.85
Country_146,1984,25.53
Country_146,1985,24.56
Country_146,1986,25.24
Country_146,1987,24.33
Country_146,1988,25.17
Country_146,1989,25.09
Country_146,1990,25.09
Country_146,1991,25.24
Country_146,1992,25.36
Country_146,1993,24.94
Country_146,1994,25.47
Country_146,1995,25.49
Country_146,1996,24.91
Country_146,1997,25.02
Country_146,1998,24.85
Country_146,1999,25.08
Country_146,2000,25.13
Country_146,2001,25.2
Country_146,2002,24.7
Country_146,2003,25.19
Country_146,2004,25.71
Country_146,2005,25.32
Country_146,2006,25.6
Country_146,2007,25.13
Country_146,2008,25.44
Country_146,2009,25.46
Country_146,2010,24.78
Country_146,2011,25.35
Country_146,2012,25.34
Country_146,2013,24.88
Country_146,2014,25.52
Country_146,2015,25.03
Country_146,2016,25.89
Country_146,2017,25.2
Country_146,2018,25.19
Country_146,2019,25.77
Country_146,2020,26.23
Country_146,2021,25.26
Country_146,2022,25.74
Country_146,2023,25.31
Country_147,1900,23.43
Country_147,1901,23.72
Country_147,1902,23.73
Country_147,1903,23.77
Country_147,1904,23.64
Country_147,1905,23.62
Country_147,1906,24.26
Country_147,1907,23.17
Country_147,1908,24.47
Country_147,1909,24.0
Country_147,1910,24.21
Country_147,1911,24.33
Country_147,1912,24.12
Country_147,1913,23.65
Country_147,1914,24.53
Country_147,1915,24.44
Country_147,1916,24.84
Country_147,1917,24.1
Country_147,1918,24.43
Country_147,1919,23.73
Country_147,1920,24.24
Country_147,1921,24.03
Country_147,1922,24.32
Country_147,1923,24.31
Country_147,1924,24.0
Country_147,1925,24.45
Country_147,1926,23.96
Country_147,1927,23.91
Country_147,1928,24.26
Country_147,1929,24.61
Country_147,1930,24.58
Country_147,1931,24.77
Country_147,1932,24.49
Country_147,1933,24.53
Country_147,1934,24.02
Country_147,1935,24.65
Country_147,1936,24.28
Country_147,1937,24.01
Country_147,1938,24.75
Country_147,1939,24.34
Country_147,1940,24.2
Country_147,1941,24.86
Country_147,1942,25.03
Country_147,1943,24.27
Country_147,1944,24.54
Country_147,1945,24.53
Country_147,1946,24.64
Country_147,1947,24.39
Country_147,1948,24.0
Country_147,1949,24.71
Country_147,1950,24.33
Country_147,1951,24.54
Country_147,1952,24.85
Country_147,1953,24.7
Country_147,1954,24.45
Country_147,1955,24.81
Country_147,1956,24.13
Country_147,1957,23.82
Country_147,1958,24.7
Country_147,1959,24.76
Country_147,1960,24.63
Country_147,1961,24.97
Country_147,1962,24.44
Country_147,1963,24.84
Country_147,1964,25.06
Country_147,1965,24.89
Country_147,1966,24.92
Country_147,1967,24.8
Country_147,1968,24.48
Country_147,1969,24.48
Country_147,1970,25.07
Country_147,1971,25.37
Country_147,1972,24.36
Country_147,1973,24.78
Country_147,1974,25.09
Country_147,1975,25.14
Country_147,1976,25.02
Country_147,1977,25.06
Country_147,1978,24.73
Country_147,1979,24.69
Country_147,1980,24.55
Country_147,1981,25.34
Country_147,1982,25.02
Country_147,1983,25.31
Country_147,1984,25.46
Country_147,1985,25.24
Country_147,1986,25.2
Country_147,1987,25.61
Country_147,1988,24.85
Country_147,1989,25.41
Country_147,1990,24.82
Country_147,1991,25.41
Country_147,1992,25.13
Country_147,1993,25.25
Country_147,1994,25.25
Country_147,1995,25.68
Country_147,1996,25.55
Country_147,1997,25.41
Country_147,1998,25.55
Country_147,1999,25.69
Country_147,2000,25.26
Country_147,2001,25.17
Country_147,2002,25.03
Country_147,2003,25.92
Country_147,2004,25.36
Country_147,2005,25.6
Country_147,2006,25.49
Country_147,2007,26.11
Country_147,2008,25.55
Country_147,2009,25.06
Country_147,2010,25.64
Country_147,2011,25.46
Country_147,2012,25.71
Country_147,2013,25.17
Country_147,2014,25.52
Country_147,2015,25.62
Country_147,2016,25.87
Country_147,2017,25.71
Country_147,2018,25.85
Country_147,2019,25.41
Country_147,2020,26.11
Country_147,2021,25.89
Country_147,2022,25.41
Country_147,2023,25.48
Country_148,1900,10.99
Country_148,1901,11.02
Country_148,1902,11.22
Country_148,1903,11.43
Country_148,1904,11.22
Country_148,1905,11.22
Country_148,1906,11.08
Country_148,1907,11.27
Country_148,1908,10.85
Country_148,1909,10.75
Country_148,1910,10.83
Country_148,1911,11.25
Country_148,1912,10.99
Country_148,1913,10.95
Country_148,1914,11.17
Country_148,1915,11.26
Country_148,1916,11.06
Country_148,1917,11.01
Country_148,1918,11.41
Country_148,1919,11.25
Country_148,1920,11.32
Country_148,1921,10.98
Country_148,1922,11.47
Country_148,1923,11.4
Country_148,1924,11.52
Country_148,1925,11.76
Country_148,1926,11.84
Country_148,1927,11.58
Country_148,1928,11.38
Country_148,1929,11.71
Country_148,1930,11.96
Country_148,1931,11.41
Country_148,1932,11.29
Country_148,1933,10.86
Country_148,1934,11.04
Country_148,1935,11.91
Country_148,1936,11.99
Country_148,1937,11.51
Country_148,1938,11.27
Country_148,1939,12.03
Country_148,1940,11.43
Country_148,1941,11.32
Country_148,1942,11.94
Country_148,1943,11.63
Country_148,1944,11.15
Country_148,1945,12.04
Country_148,1946,11.8
Country_148,1947,11.26
Country_148,1948,11.86
Country_148,1949,11.54
Country_148,1950,11.46
Country_148,1951,12.13
Country_148,1952,12.14
Country_148,1953,12.0
Country_148,1954,12.02
Country_148,1955,11.72
Country_148,1956,11.68
Country_148,1957,11.71
Country_148,1958,12.45
Country_148,1959,11.78
Country_148,1960,11.74
Country_148,1961,12.13
Country_148,1962,12.01
Country_148,1963,11.84
Country_148,1964,11.82
Country_148,1965,12.24
Country_148,1966,12.73
Country_148,1967,12.27
Country_148,1968,11.21
Country_148,1969,11.95
Country_148,1970,11.43
Country_148,1971,11.97
Country_148,1972,12.2
Country_148,1973,11.75
Country_148,1974,12.56
Country_148,1975,11.68
Country_148,1976,12.21
Country_148,1977,11.85
Country_148,1978,11.85
Country_148,1979,12.38
Country_148,1980,12.43
Country_148,1981,12.92
Country_148,1982,12.3
Country_148,1983,12.3
Country_148,1984,12.34
Country_148,1985,11.97
Country_148,1986,12.24
Country_148,1987,12.44
Country_148,1988,12.09
Country_148,1989,11.96
Country_148,1990,12.28
Country_148,1991,12.07
Country_148,1992,12.25
Country_148,1993,12.39
Country_148,1994,12.51
Country_148,1995,12.7
Country_148,1996,12.94
Country_148,1997,12.68
Country_148,1998,12.87
Country_148,1999,12.43
Country_148,2000,12.46
Country_148,2001,12.86
Country_148,2002,12.3
Country_148,2003,12.81
Country_148,2004,12.27
Country_148,2005,12.27
Country_148,2006,12.68
Country_148,2007,12.32
Country_148,2008,12.81
Country_148,2009,12.6
Country_148,2010,12.8
Country_148,2011,12.64
Country_148,2012,12.95
Country_148,2013,13.02
Country_148,2014,12.63
Country_148,2015,12.67
Country_148,2016,12.6
Country_148,2017,12.71
Country_148,2018,12.81
Country_148,2019,12.57
Country_148,2020,12.33
Country_148,2021,12.85
Country_148,2022,12.47
Country_148,2023,12.44
Country_149,1900,11.91
Country_149,1901,11.42
Country_149,1902,11.59
Country_149,1903,11.64
Country_149,1904,12.58
Country_149,1905,12.07
Country_149,1906,11.56
Country_149,1907,11.7
Country_149,1908,12.36
Country_149,1909,11.76
Country_149,1910,12.3
Country_149,1911,12.13
Country_149,1912,11.96
Country_149,1913,11.65
Country_149,1914,11.91
Country_149,1915,12.24
Country_149,1916,12.27
Country_149,1917,12.21
Country_149,1918,12.33
Country_149,1919,12.08
Country_149,1920,12.44
Country_149,1921,12.27
Country_149,1922,12.8
Country_149,1923,12.3
Country_149,1924,11.77
Country_149,1925,12.88
Country_149,1926,12.84
Country_149,1927,12.06
Country_149,1928,12.1
Country_149,1929,11.99
Country_149,1930,12.35
Country_149,1931,11.72
Country_149,1932,12.57
Country_149,1933,12.28
Country_149,1934,12.34
Country_149,1935,12.17
Country_149,1936,12.44
Country_149,1937,12.16
Country_149,1938,12.26
Country_149,1939,12.47
Country_149,1940,12.41
Country_149,1941,12.29
Country_149,1942,12.62
Country_149,1943,12.66
Country_149,1944,12.16
Country_149,1945,12.34
Country_149,1946,12.68
Country_149,1947,12.24
Country_149,1948,12.5
Country_149,1949,12.44
Country_149,1950,11.7
Country_149,1951,13.24
Country_149,1952,12.45
Country_149,1953,12.54
Country_149,1954,12.26
Country_149,1955,12.74
Country_149,1956,12.62
Country_149,1957,12.64
Country_149,1958,12.4
Country_149,1959,12.55
Country_149,1960,12.6
Country_149,1961,12.62
Country_149,1962,12.58
Country_149,1963,12.73
Country_149,1964,13.17
Country_149,1965,12.83
Country_149,1966,12.84
Country_149,1967,13.39
Country_149,1968,12.55
Country_149,1969,12.62
Country_149,1970,12.87
Country_149,1971,12.5
Country_149,1972,12.28
Country_149,1973,12.97
Country_149,1974,12.64
Country_149,1975,12.8
Country_149,1976,12.97
Country_149,1977,13.05
Country_149,1978,13.41
Country_149,1979,13.84
Country_149,1980,12.67
Country_149,1981,12.97
Country_149,1982,12.73
Country_149,1983,13.33
Country_149,1984,13.27
Country_149,1985,13.09
Country_149,1986,12.52
Country_149,1987,13.18
Country_149,1988,13.12
Country_149,1989,13.17
Country_149,1990,13.37
Country_149,1991,12.78
Country_149,1992,13.8
Country_149,1993,13.36
Country_149,1994,13.1
Country_149,1995,13.24
Country_149,1996,13.33
Country_149,1997,13.48
Country_149,1998,13.44
Country_149,1999,13.44
Country_149,2000,13.53
Country_149,2001,12.92
Country_149,2002,13.32
Country_149,2003,13.46
Country_149,2004,13.46
Country_149,2005,13.31
Country_149,2006,13.42
Country_149,2007,13.55
Country_149,2008,13.61
Country_149,2009,13.28
Country_149,2010,13.69
Country_149,2011,13.55
Country_149,2012,13.54
Country_149,2013,13.23
Country_149,2014,13.75
Country_149,2015,13.51
Country_149,2016,13.36
Country_149,2017,13.76
Country_149,2018,14.45
Country_149,2019,14.05
Country_149,2020,13.48
Country_149,2021,13.74
Country_149,2022,13.44
Country_149,2023,13.42
Country_150,1900,19.68
Country_150,1901,19.04
Country_150,1902,19.72
Country_150,1903,19.87
Country_150,1904,20.03
Country_150,1905,20.06
Country_150,1906,20.0
Country_150,1907,19.98
Country_150,1908,19.84
Country_150,1909,19.86
Country_150,1910,20.02
Country_150,1911,19.97
Country_150,1912,19.44
Country_150,1913,19.82
Country_150,1914,19.62
Country_150,1915,20.19
Country_150,1916,20.17
Country_150,1917,20.43
Country_150,1918,20.07
Country_150,1919,20.57
Country_150,1920,19.93
Country_150,1921,20.01
Country_150,1922,20.16
Country_150,1923,20.14
Country_150,1924,20.38
Country_150,1925,20.26
Country_150,1926,19.99
Country_150,1927,20.39
Country_150,1928,20.41
Country_150,1929,20.36
Country_150,1930,20.52
Country_150,1931,20.08
Country_150,1932,20.34
Country_150,1933,20.39
Country_150,1934,20.17
Country_150,1935,20.47
Country_150,1936,20.14
Country_150,1937,20.09
Country_150,1938,19.96
Country_150,1939,20.07
Country_150,1940,20.12
Country_150,1941,19.79
Country_150,1942,20.91
Country_150,1943,20.56
Country_150,1944,20.53
Country_150,1945,20.59
Country_150,1946,20.43
Country_150,1947,20.45
Country_150,1948,20.39
Country_150,1949,19.89
Country_150,1950,20.48
Country_150,1951,20.01
Country_150,1952,20.27
Country_150,1953,20.36
Country_150,1954,19.9
Country_150,1955,20.21
Country_150,1956,20.67
Country_150,1957,21.03
Country_150,1958,20.89
Country_150,1959,20.36
Country_150,1960,21.3
Country_150,1961,20.69
Country_150,1962,21.26
Country_150,1963,20.82
Country_150,1964,21.21
Country_150,1965,20.77
Country_150,1966,20.55
Country_150,1967,20.52
Country_150,1968,20.32
Country_150,1969,20.96
Country_150,1970,20.59
Country_150,1971,21.06
Country_150,1972,20.78
Country_150,1973,20.79
Country_150,1974,20.49
Country_150,1975,20.7
Country_150,1976,20.62
Country_150,1977,20.94
Country_150,1978,20.11
Country_150,1979,20.74
Country_150,1980,21.03
Country_150,1981,20.91
Country_150,1982,21.17
Country_150,1983,20.72
Country_150,1984,20.63
Country_150,1985,20.8
Country_150,1986,21.17
Country_150,1987,21.27
Country_150,1988,21.28
Country_150,1989,21.2
Country_150,1990,20.86
Country_150,1991,21.52
Country_150,1992,21.32
Country_150,1993,21.0
Country_150,1994,21.59
Country_150,1995,21.32
Country_150,1996,21.4
Country_150,1997,21.29
Country_150,1998,21.5
Country_150,1999,21.05
Country_150,2000,20.88
Country_150,2001,20.67
Country_150,2002,21.59
Country_150,2003,21.22
Country_150,2004,21.07
Country_150,2005,21.72
Country_150,2006,21.19
Country_150,2007,21.38
Country_150,2008,21.29
Country_150,2009,21.04
Country_150,2010,21.71
Country_150,2011,21.35
Country_150,2012,21.6
Country_150,2013,21.64
Country_150,2014,21.95
Country_150,2015,21.08
Country_150,2016,21.86
Country_150,2017,21.4
Country_150,2018,21.31
Country_150,2019,20.87
Country_150,2020,21.67
Country_150,2021,21.25
Country_150,2022,21.85
Country_150,2023,21.32
Country_151,1900,19.96
Country_151,1901,20.21
Country_151,1902,19.95
Country_151,1903,20.0
Country_151,1904,19.66
Country_151,1905,20.2
Country_151,1906,19.66
Country_151,1907,20.04
Country_151,1908,19.88
Country_151,1909,20.22
Country_151,1910,20.11
Country_151,1911,19.9
Country_151,1912,20.16
Country_151,1913,19.93
Country_151,1914,20.38
Country_151,1915,19.92
Country_151,1916,20.33
Country_151,1917,20.2
Country_151,1918,20.22
Country_151,1919,20.14
Country_151,1920,20.37
Country_151,1921,20.08
Country_151,1922,20.55
Country_151,1923,20.27
Country_151,1924,19.87
Country_151,1925,20.09
Country_151,1926,20.26
Country_151,1927,20.19
Country_151,1928,20.13
Country_151,1929,20.33
Country_151,1930,20.43
Country_151,1931,20.54
Country_151,1932,20.17
Country_151,1933,20.81
Country_151,1934,20.44
Country_151,1935,20.62
Country_151,1936,20.94
Country_151,1937,21.26
Country_151,1938,20.37
Country_151,1939,20.2
Country_151,1940,20.23
Country_151,1941,20.81
Country_151,1942,20.67
Country_151,1943,20.87
Country_151,1944,20.84
Country_151,1945,20.74
Country_151,1946,20.17
Country_151,1947,20.52
Country_151,1948,20.6
Country_151,1949,20.38
Country_151,1950,20.92
Country_151,1951,20.76
Country_151,1952,20.77
Country_151,1953,20.75
Country_151,1954,20.7
Country_151,1955,20.74
Country_151,1956,20.64
Country_151,1957,20.67
Country_151,1958,20.86
Country_151,1959,20.56
Country_151,1960,20.2
Country_151,1961,21.22
Country_151,1962,20.48
Country_151,1963,20.82
Country_151,1964,21.03
Country_151,1965,21.01
Country_151,1966,20.86
Country_151,1967,21.33
Country_151,1968,21.46
Country_151,1969,20.95
Country_151,1970,20.93
Country_151,1971,20.44
Country_151,1972,20.52
Country_151,1973,20.64
Country_151,1974,20.91
Country_151,1975,20.9
Country_151,1976,21.33
Country_151,1977,21.75
Country_151,1978,20.93
Country_151,1979,21.42
Country_151,1980,21.18
Country_151,1981,20.82
Country_151,1982,21.02
Country_151,1983,21.23
Country_151,1984,21.22
Country_151,1985,20.94
Country_151,1986,21.33
Country_151,1987,20.96
Country_151,1988,21.76
Country_151,1989,21.59
Country_151,1990,21.54
Country_151,1991,20.85
Country_151,1992,21.12
Country_151,1993,21.64
Country_151,1994,21.34
Country_151,1995,21.5
Country_151,1996,21.06
Country_151,1997,21.64
Country_151,1998,22.03
Country_151,1999,21.93
Country_151,2000,21.28
Country_151,2001,21.16
Country_151,2002,21.47
Country_151,2003,21.72
Country_151,2004,21.53
Country_151,2005,21.82
Country_151,2006,21.65
Country_151,2007,21.66
Country_151,2008,21.8
Country_151,2009,21.52
Country_151,2010,21.81
Country_151,2011,21.55
Country_151,2012,21.41
Country_151,2013,21.76
Country_151,2014,21.48
Country_151,2015,21.8
Country_151,2016,21.25
Country_151,2017,21.48
Country_151,2018,21.48
Country_151,2019,21.67
Country_151,2020,21.64
Country_151,2021,21.94
Country_151,2022,21.08
Country_151,2023,22.12
Country_152,1900,21.78
Country_152,1901,21.86
Country_152,1902,21.95
Country_152,1903,21.72
Country_152,1904,21.32
Country_152,1905,21.91
Country_152,1906,22.2
Country_152,1907,22.09
Country_152,1908,22.23
Country_152,1909,21.6
Country_152,1910,22.39
Country_152,1911,21.63
Country_152,1912,22.15
Country_152,1913,21.78
Country_152,1914,21.9
Country_152,1915,22.04
Country_152,1916,22.09
Country_152,1917,21.81
Country_152,1918,22.29
Country_152,1919,22.04
Country_152,1920,22.0
Country_152,1921,22.44
Country_152,1922,21.98
Country_152,1923,21.72
Country_152,1924,22.36
Country_152,1925,22.54
Country_152,1926,22.38
Country_152,1927,22.22
Country_152,1928,21.93
Country_152,1929,22.09
Country_152,1930,22.2
Country_152,1931,22.46
Country_152,1932,22.53
Country_152,1933,22.1
Country_152,1934,22.2
Country_152,1935,22.36
Country_152,1936,22.29
Country_152,1937,22.12
Country_152,1938,22.4
Country_152,1939,22.74
Country_152,1940,22.76
Country_152,1941,22.18
Country_152,1942,22.88
Country_152,1943,22.9
Country_152,1944,22.48
Country_152,1945,22.22
Country_152,1946,22.56
Country_152,1947,23.18
Country_152,1948,22.53
Country_152,1949,22.34
Country_152,1950,22.65
Country_152,1951,22.7
Country_152,1952,22.34
Country_152,1953,22.64
Country_152,1954,23.11
Country_152,1955,22.5
Country_152,1956,21.97
Country_152,1957,22.26
Country_152,1958,23.27
Country_152,1959,23.46
Country_152,1960,22.27
Country_152,1961,22.59
Country_152,1962,22.28
Country_152,1963,23.2
Country_152,1964,22.7
Country_152,1965,23.04
Country_152,1966,22.73
Country_152,1967,22.7
Country_152,1968,22.96
Country_152,1969,23.47
Country_152,1970,22.88
Country_152,1971,22.84
Country_152,1972,22.9
Country_152,1973,23.19
Country_152,1974,23.14
Country_152,1975,22.94
Country_152,1976,23.13
Country_152,1977,22.79
Country_152,1978,22.8
Country_152,1979,22.66
Country_152,1980,23.26
Country_152,1981,23.1
Country_152,1982,23.26
Country_152,1983,23.53
Country_152,1984,22.92
Country_152,1985,23.22
Country_152,1986,23.29
Country_152,1987,22.98
Country_152,1988,23.28
Country_152,1989,22.84
Country_152,1990,22.71
Country_152,1991,23.61
Country_152,1992,23.83
Country_152,1993,23.27
Country_152,1994,23.18
Country_152,1995,23.34
Country_152,1996,23.81
Country_152,1997,23.09
Country_152,1998,23.05
Country_152,1999,22.85
Country_152,2000,23.32
Country_152,2001,23.63
Country_152,2002,22.72
Country_152,2003,23.32
Country_152,2004,23.15
Country_152,2005,23.87
Country_152,2006,23.14
Country_152,2007,23.47
Country_152,2008,23.5
Country_152,2009,23.31
Country_152,2010,23.14
Country_152,2011,23.81
Country_152,2012,23.96
Country_152,2013,23.35
Country_152,2014,23.93
Country_152,2015,23.67
Country_152,2016,23.37
Country_152,2017,23.27
Country_152,2018,23.62
Country_152,2019,24.3
Country_152,2020,23.71
Country_152,2021,23.89
Country_152,2022,24.18
Country_152,2023,23.69
Country_153,1900,14.06
Country_153,1901,14.77
Country_153,1902,14.74
Country_153,1903,14.03
Country_153,1904,14.64
Country_153,1905,14.87
Country_153,1906,14.54
Country_153,1907,14.58
Country_153,1908,14.39
Country_153,1909,14.45
Country_153,1910,14.82
Country_153,1911,14.93
Country_153,1912,14.79
Country_153,1913,14.69
Country_153,1914,14.56
Country_153,1915,14.64
Country_153,1916,14.94
Country_153,1917,14.48
Country_153,1918,14.62
Country_153,1919,15.12
Country_153,1920,15.12
Country_153,1921,15.3
Country_153,1922,15.3
Country_153,1923,14.34
Country_153,1924,15.14
Country_153,1925,14.84
Country_153,1926,14.86
Country_153,1927,14.67
Country_153,1928,15.0
Country_153,1929,14.67
Country_153,1930,15.09
Country_153,1931,14.27
Country_153,1932,15.03
Country_153,1933,15.27
Country_153,1934,15.07
Country_153,1935,15.25
Country_153,1936,14.73
Country_153,1937,15.22
Country_153,1938,14.54
Country_153,1939,15.27
Country_153,1940,14.98
Country_153,1941,14.74
Country_153,1942,14.51
Country_153,1943,15.09
Country_153,1944,15.26
Country_153,1945,14.73
Country_153,1946,15.21
Country_153,1947,15.02
Country_153,1948,15.2
Country_153,1949,14.67
Country_153,1950,15.69
Country_153,1951,15.33
Country_153,1952,15.61
Country_153,1953,15.53
Country_153,1954,15.11
Country_153,1955,15.51
Country_153,1956,15.14
Country_153,1957,15.42
Country_153,1958,15.33
Country_153,1959,15.19
Country_153,1960,15.06
Country_153,1961,15.7
Country_153,1962,15.14
Country_153,1963,15.87
Country_153,1964,15.25
Country_153,1965,15.38
Country_153,1966,15.08
Country_153,1967,15.1
Country_153,1968,15.34
Country_153,1969,15.94
Country_153,1970,15.73
Country_153,1971,15.54
Country_153,1972,15.69
Country_153,1973,15.12
Country_153,1974,15.35
Country_153,1975,15.89
Country_153,1976,15.39
Country_153,1977,15.89
Country_153,1978,15.63
Country_153,1979,15.66
Country_153,1980,15.91
Country_153,1981,15.83
Country_153,1982,15.66
Country_153,1983,15.52
Country_153,1984,15.49
Country_153,1985,15.34
Country_153,1986,15.9
Country_153,1987,15.28
Country_153,1988,15.36
Country_153,1989,16.13
Country_153,1990,15.96
Country_153,1991,16.52
Country_153,1992,16.02
Country_153,1993,15.83
Country_153,1994,16.01
Country_153,1995,15.41
Country_153,1996,15.14
Country_153,1997,15.45
Country_153,1998,15.52
Country_153,1999,16.04
Country_153,2000,15.87
Country_153,2001,16.22
Country_153,2002,16.2
Country_153,2003,15.94
Country_153,2004,15.89
Country_153,2005,16.37
Country_153,2006,16.13
Country_153,2007,16.23
Country_153,2008,15.88
Country_153,2009,16.32
Country_153,2010,16.1
Country_153,2011,16.31
Country_153,2012,15.75
Country_153,2013,16.18
Country_153,2014,16.48
Country_153,2015,15.39
Country_153,2016,16.64
Country_153,2017,15.97
Country_153,2018,15.72
Country_153,2019,16.5
Country_153,2020,16.13
Country_153,2021,15.88
Country_153,2022,16.12
Country_153,2023,16.02
Country_154,1900,17.4
Country_154,1901,16.69
Country_154,1902,17.34
Country_154,1903,17.02
Country_154,1904,16.85
Country_154,1905,17.72
Country_154,1906,16.64
Country_154,1907,17.08
Country_154,1908,17.13
Country_154,1909,16.75
Country_154,1910,17.12
Country_154,1911,17.83
Country_154,1912,16.98
Country_154,1913,17.01
Country_154,1914,17.48
Country_154,1915,17.18
Country_154,1916,18.07
Country_154,1917,17.62
Country_154,1918,17.85
Country_154,1919,17.37
Country_154,1920,17.66
Country_154,1921,17.35
Country_154,1922,17.17
Country_154,1923,17.54
Country_154,1924,17.09
Country_154,1925,17.21
Country_154,1926,17.1
Country_154,1927,17.28
Country_154,1928,17.56
Country_154,1929,17.83
Country_154,1930,17.45
Country_154,1931,17.73
Country_154,1932,18.01
Country_154,1933,17.32
Country_154,1934,17.79
Country_154,1935,17.44
Country_154,1936,17.37
Country_154,1937,17.9
Country_154,1938,17.44
Country_154,1939,17.85
Country_154,1940,17.63
Country_154,1941,17.85
Country_154,1942,18.09
Country_154,1943,17.27
Country_154,1944,18.05
Country_154,1945,18.15
Country_154,1946,18.09
Country_154,1947,17.89
Country_154,1948,18.57
Country_154,1949,17.79
Country_154,1950,17.61
Country_154,1951,18.36
Country_154,1952,17.86
Country_154,1953,17.22
Country_154,1954,17.74
Country_154,1955,18.25
Country_154,1956,18.29
Country_154,1957,18.12
Country_154,1958,17.76
Country_154,1959,17.44
Country_154,1960,18.31
Country_154,1961,18.04
Country_154,1962,17.7
Country_154,1963,18.26
Country_154,1964,17.86
Country_154,1965,17.94
Country_154,1966,18.01
Country_154,1967,17.72
Country_154,1968,18.07
Country_154,1969,18.77
Country_154,1970,17.78
Country_154,1971,18.31
Country_154,1972,18.19
Country_154,1973,18.08
Country_154,1974,18.19
Country_154,1975,18.33
Country_154,1976,18.23
Country_154,1977,17.68
Country_154,1978,17.83
Country_154,1979,18.13
Country_154,1980,18.15
Country_154,1981,18.3
Country_154,1982,18.4
Country_154,1983,18.45
Country_154,1984,18.4
Country_154,1985,18.37
Country_154,1986,18.49
Country_154,1987,18.09
Country_154,1988,18.78
Country_154,1989,18.01
Country_154,1990,18.29
Country_154,1991,18.18
Country_154,1992,18.19
Country_154,1993,18.38
Country_154,1994,18.97
Country_154,1995,18.81
Country_154,1996,18.44
Country_154,1997,17.96
Country_154,1998,18.59
Country_154,1999,18.14
Country_154,2000,18.53
Country_154,2001,18.54
Country_154,2002,18.34
Country_154,2003,18.96
Country_154,2004,18.67
Country_154,2005,18.13
Country_154,2006,18.51
Country_154,2007,18.63
Country_154,2008,18.15
Country_154,2009,18.9
Country_154,2010,18.43
Country_154,2011,18.74
Country_154,2012,18.78
Country_154,2013,18.75
Country_154,2014,19.34
Country_154,2015,18.19
Country_154,2016,18.58
Country_154,2017,18.55
Country_154,2018,19.32
Country_154,2019,18.96
Country_154,2020,18.95
Country_154,2021,18.29
Country_154,2022,18.84
Country_154,2023,18.84
Country_155,1900,15.05
Country_155,1901,14.6
Country_155,1902,14.55
Country_155,1903,14.93
Country_155,1904,15.14
Country_155,1905,14.36
Country_155,1906,15.24
Country_155,1907,15.01
Country_155,1908,14.82
Country_155,1909,14.57
Country_155,1910,13.87
Country_155,1911,15.3
Country_155,1912,15.16
Country_155,1913,15.03
Country_155,1914,15.21
Country_155,1915,15.31
Country_155,1916,15.35
Country_155,1917,14.57
Country_155,1918,15.36
Country_155,1919,14.85
Country_155,1920,15.05
Country_155,1921,15.61
Country_155,1922,14.64
Country_155,1923,14.46
Country_155,1924,14.89
Country_155,1925,15.53
Country_155,1926,15.15
Country_155,1927,14.69
Country_155,1928,15.01
Country_155,1929,15.37
Country_155,1930,15.73
Country_155,1931,14.86
Country_155,1932,15.1
Country_155,1933,15.27
Country_155,1934,15.3
Country_155,1935,15.39
Country_155,1936,15.73
Country_155,1937,15.51
Country_155,1938,15.49
Country_155,1939,15.53
Country_155,1940,15.43
Country_155,1941,15.56
Country_155,1942,15.66
Country_155,1943,14.75
Country_155,1944,15.66
Country_155,1945,15.31
Country_155,1946,15.76
Country_155,1947,15.57
Country_155,1948,14.96
Country_155,1949,15.66
Country_155,1950,15.43
Country_155,1951,15.34
Country_155,1952,15.83
Country_155,1953,15.56
Country_155,1954,15.63
Country_155,1955,15.84
Country_155,1956,15.58
Country_155,1957,15.14
Country_155,1958,15.52
Country_155,1959,16.15
Country_155,1960,15.27
Country_155,1961,15.79
Country_155,1962,15.81
Country_155,1963,15.61
Country_155,1964,15.88
Country_155,1965,16.0
Country_155,1966,15.6
Country_155,1967,15.72
Country_155,1968,15.95
Country_155,1969,16.12
Country_155,1970,16.28
Country_155,1971,16.05
Country_155,1972,15.78
Country_155,1973,15.71
Country_155,1974,16.4
Country_155,1975,16.71
Country_155,1976,16.15
Country_155,1977,15.69
Country_155,1978,15.77
Country_155,1979,15.97
Country_155,1980,16.51
Country_155,1981,16.3
Country_155,1982,16.03
Country_155,1983,16.27
Country_155,1984,15.9
Country_155,1985,15.66
Country_155,1986,16.1
Country_155,1987,15.58
Country_155,1988,16.03
Country_155,1989,15.74
Country_155,1990,15.94
Country_155,1991,15.67
Country_155,1992,15.68
Country_155,1993,16.34
Country_155,1994,16.24
Country_155,1995,16.2
Country_155,1996,16.48
Country_155,1997,16.16
Country_155,1998,16.28
Country_155,1999,16.79
Country_155,2000,15.54
Country_155,2001,16.5
Country_155,2002,16.0
Country_155,2003,16.59
Country_155,2004,16.19
Country_155,2005,16.52
Country_155,2006,16.68
Country_155,2007,16.5
Country_155,2008,16.42
Country_155,2009,16.65
Country_155,2010,16.52
Country_155,2011,16.33
Country_155,2012,16.51
Country_155,2013,16.53
Country_155,2014,16.12
Country_155,2015,16.64
Country_155,2016,15.66
Country_155,2017,16.43
Country_155,2018,16.93
Country_155,2019,17.0
Country_155,2020,17.05
Country_155,2021,17.12
Country_155,2022,16.99
Country_155,2023,16.96
Country_156,1900,13.41
Country_156,1901,13.23
Country_156,1902,13.58
Country_156,1903,12.92
Country_156,1904,13.54
Country_156,1905,12.81
Country_156,1906,13.2
Country_156,1907,13.3
Country_156,1908,12.66
Country_156,1909,13.38
Country_156,1910,13.03
Country_156,1911,13.01
Country_156,1912,13.16
Country_156,1913,13.19
Country_156,1914,13.88
Country_156,1915,12.96
Country_156,1916,13.09
Country_156,1917,13.01
Country_156,1918,13.52
Country_156,1919,13.12
Country_156,1920,13.16
Country_156,1921,13.52
Country_156,1922,13.56
Country_156,1923,13.8
Country_156,1924,12.66
Country_156,1925,13.34
Country_156,1926,13.43
Country_156,1927,12.96
Country_156,1928,13.79
Country_156,1929,13.42
Country_156,1930,13.44
Country_156,1931,13.51
Country_156,1932,14.24
Country_156,1933,13.69
Country_156,1934,13.35
Country_156,1935,13.14
Country_156,1936,13.6
Country_156,1937,13.35
Country_156,1938,13.64
Country_156,1939,13.48
Country_156,1940,13.06
Country_156,1941,13.05
Country_156,1942,13.69
Country_156,1943,13.95
Country_156,1944,13.54
Country_156,1945,13.56
Country_156,1946,13.51
Country_156,1947,13.72
Country_156,1948,13.99
Country_156,1949,13.78
Country_156,1950,14.14
Country_156,1951,14.06
Country_156,1952,13.51
Country_156,1953,13.96
Country_156,1954,13.14
Country_156,1955,13.73
Country_156,1956,13.29
Country_156,1957,14.27
Country_156,1958,13.69
Country_156,1959,13.75
Country_156,1960,13.56
Country_156,1961,14.07
Country_156,1962,13.58
Country_156,1963,13.94
Country_156,1964,14.1
Country_156,1965,13.78
Country_156,1966,13.75
Country_156,1967,14.87
Country_156,1968,13.82
Country_156,1969,14.43
Country_156,1970,13.92
Country_156,1971,14.09
Country_156,1972,14.08
Country_156,1973,14.27
Country_156,1974,14.35
Country_156,1975,14.16
Country_156,1976,14.41
Country_156,1977,14.46
Country_156,1978,14.62
Country_156,1979,14.3
Country_156,1980,13.85
Country_156,1981,14.23
Country_156,1982,13.98
Country_156,1983,13.88
Country_156,1984,14.08
Country_156,1985,13.91
Country_156,1986,14.23
Country_156,1987,14.05
Country_156,1988,14.11
Country_156,1989,14.09
Country_156,1990,14.52
Country_156,1991,14.57
Country_156,1992,14.72
Country_156,1993,13.69
Country_156,1994,14.56
Country_156,1995,14.75
Country_156,1996,14.43
Country_156,1997,14.46
Country_156,1998,14.14
Country_156,1999,14.54
Country_156,2000,14.54
Country_156,2001,14.31
Country_156,2002,14.53
Country_156,2003,14.69
Country_156,2004,14.73
Country_156,2005,14.5
Country_156,2006,14.64
Country_156,2007,14.79
Country_156,2008,14.51
Country_156,2009,14.26
Country_156,2010,14.54
Country_156,2011,14.82
Country_156,2012,14.97
Country_156,2013,14.4
Country_156,2014,14.6
Country_156,2015,14.7
Country_156,2016,14.57
Country_156,2017,14.65
Country_156,2018,14.51
Country_156,2019,14.62
Country_156,2020,15.43
Country_156,2021,15.52
Country_156,2022,14.82
Country_156,2023,14.87
Country_157,1900,19.09
Country_157,1901,18.94
Country_157,1902,19.91
Country_157,1903,19.34
Country_157,1904,19.22
Country_157,1905,18.93
Country_157,1906,18.86
Country_157,1907,19.32
Country_157,1908,19.49
Country_157,1909,19.01
Country_157,1910,19.34
Country_157,1911,19.53
Country_157,1912,19.27
Country_157,1913,19.16
Country_157,1914,19.43
Country_157,1915,19.84
Country_157,1916,19.49
Country_157,1917,19.59
Country_157,1918,19.36
Country_157,1919,19.28
Country_157,1920,19.24
Country_157,1921,19.5
Country_157,1922,19.71
Country_157,1923,19.05
Country_157,1924,19.47
Country_157,1925,19.6
Country_157,1926,19.02
Country_157,1927,19.91
Country_157,1928,19.68
Country_157,1929,19.94
Country_157,1930,19.45
Country_157,1931,19.46
Country_157,1932,19.42
Country_157,1933,20.01
Country_157,1934,20.23
Country_157,1935,19.43
Country_157,1936,19.69
Country_157,1937,20.15
Country_157,1938,19.43
Country_157,1939,19.99
Country_157,1940,19.82
Country_157,1941,20.13
Country_157,1942,20.12
Country_157,1943,19.57
Country_157,1944,20.1
Country_157,1945,20.15
Country_157,1946,19.92
Country_157,1947,20.21
Country_157,1948,19.75
Country_157,1949,20.16
Country_157,1950,20.09
Country_157,1951,20.01
Country_157,1952,20.5
Country_157,1953,20.05
Country_157,1954,19.93
Country_157,1955,20.27
Country_157,1956,19.74
Country_157,1957,20.02
Country_157,1958,19.77
Country_157,1959,19.48
Country_157,1960,20.23
Country_157,1961,19.92
Country_157,1962,19.77
Country_157,1963,20.02
Country_157,1964,19.89
Country_157,1965,20.34
Country_157,1966,20.09
Country_157,1967,19.82
Country_157,1968,19.94
Country_157,1969,20.35
Country_157,1970,20.08
Country_157,1971,20.51
Country_157,1972,20.66
Country_157,1973,20.77
Country_157,1974,19.8
Country_157,1975,20.91
Country_157,1976,20.31
Country_157,1977,21.19
Country_157,1978,20.12
Country_157,1979,20.49
Country_157,1980,20.72
Country_157,1981,20.72
Country_157,1982,20.8
Country_157,1983,19.91
Country_157,1984,20.92
Country_157,1985,20.36
Country_157,1986,20.17
Country_157,1987,19.91
Country_157,1988,20.43
Country_157,1989,20.7
Country_157,1990,20.79
Country_157,1991,20.5
Country_157,1992,20.74
Country_157,1993,21.01
Country_157,1994,20.15
Country_157,1995,20.52
Country_157,1996,20.75
Country_157,1997,20.69
Country_157,1998,20.56
Country_157,1999,21.02
Country_157,2000,20.98
Country_157,2001,20.56
Country_157,2002,19.97
Country_157,2003,21.0
Country_157,2004,21.08
Country_157,2005,20.56
Country_157,2006,20.79
Country_157,2007,21.36
Country_157,2008,20.8
Country_157,2009,20.45
Country_157,2010,21.17
Country_157,2011,20.54
Country_157,2012,20.5
Country_157,2013,21.13
Country_157,2014,21.05
Country_157,2015,20.74
Country_157,2016,20.29
Country_157,2017,20.7
Country_157,2018,20.75
Country_157,2019,21.2
Country_157,2020,20.94
Country_157,2021,21.04
Country_157,2022,20.78
Country_157,2023,21.04
Country_158,1900,10.26
Country_158,1901,10.37
Country_158,1902,10.14
Country_158,1903,10.21
Country_158,1904,10.77
Country_158,1905,10.0
Country_158,1906,10.5
Country_158,1907,10.84
Country_158,1908,9.92
Country_158,1909,10.86
Country_158,1910,10.64
Country_158,1911,10.64
Country_158,1912,10.38
Country_158,1913,11.13
Country_158,1914,10.79
Country_158,1915,10.19
Country_158,1916,10.56
Country_158,1917,10.53
Country_158,1918,10.18
Country_158,1919,10.86
Country_158,1920,11.39
Country_158,1921,10.71
Country_158,1922,10.81
Country_158,1923,10.85
Country_158,1924,11.15
Country_158,1925,10.5
Country_158,1926,11.28
Country_158,1927,11.19
Country_158,1928,10.82
Country_158,1929,11.4
Country_158,1930,11.14
Country_158,1931,10.76
Country_158,1932,11.32
Country_158,1933,11.31
Country_158,1934,10.82
Country_158,1935,11.07
Country_158,1936,10.74
Country_158,1937,11.34
Country_158,1938,10.92
Country_158,1939,11.45
Country_158,1940,11.2
Country_158,1941,11.2
Country_158,1942,10.91
Country_158,1943,11.55
Country_158,1944,11.13
Country_158,1945,11.66
Country_158,1946,11.03
Country_158,1947,10.78
Country_158,1948,11.03
Country_158,1949,10.73
Country_158,1950,11.83
Country_158,1951,11.25
Country_158,1952,11.53
Country_158,1953,11.32
Country_158,1954,11.05
Country_158,1955,11.51
Country_158,1956,11.72
Country_158,1957,11.36
Country_158,1958,10.74
Country_158,1959,11.29
Country_158,1960,11.64
Country_158,1961,11.8
Country_158,1962,11.51
Country_158,1963,12.07
Country_158,1964,11.81
Country_158,1965,11.58
Country_158,1966,11.4
Country_158,1967,11.38
Country_158,1968,11.19
Country_158,1969,11.65
Country_158,1970,11.44
Country_158,1971,11.64
Country_158,1972,11.6
Country_158,1973,11.47
Country_158,1974,11.19
Country_158,1975,11.92
Country_158,1976,12.15
Country_158,1977,11.63
Country_158,1978,11.2
Country_158,1979,11.66
Country_158,1980,11.67
Country_158,1981,12.1
Country_158,1982,12.02
Country_158,1983,11.68
Country_158,1984,11.5
Country_158,1985,11.45
Country_158,1986,11.94
Country_158,1987,12.14
Country_158,1988,11.61
Country_158,1989,12.2
Country_158,1990,12.09
Country_158,1991,12.04
Country_158,1992,12.1
Country_158,1993,11.91
Country_158,1994,11.57
Country_158,1995,12.45
Country_158,1996,11.51
Country_158,1997,12.22
Country_158,1998,12.31
Country_158,1999,12.17
Country_158,2000,12.18
Country_158,2001,11.28
Country_158,2002,12.17
Country_158,2003,12.25
Country_158,2004,12.35
Country_158,2005,11.4
Country_158,2006,12.04
Country_158,2007,12.44
Country_158,2008,11.98
Country_158,2009,12.3
Country_158,2010,11.78
Country_158,2011,12.16
Country_158,2012,12.47
Country_158,2013,12.02
Country_158,2014,12.11
Country_158,2015,11.43
Country_158,2016,12.54
Country_158,2017,12.38
Country_158,2018,12.36
Country_158,2019,12.15
Country_158,2020,12.53
Country_158,2021,12.41
Country_158,2022,12.11
Country_158,2023,12.57
Country_159,1900,22.04
Country_159,1901,21.18
Country_159,1902,21.51
Country_159,1903,21.65
Country_159,1904,21.31
Country_159,1905,21.44
Country_159,1906,22.09
Country_159,1907,21.47
Country_159,1908,22.27
Country_159,1909,21.62
Country_159,1910,22.23
Country_159,1911,21.65
Country_159,1912,22.22
Country_159,1913,22.12
Country_159,1914,21.97
Country_159,1915,21.94
Country_159,1916,22.45
Country_159,1917,21.57
Country_159,1918,22.15
Country_159,1919,21.76
Country_159,1920,22.13
Country_159,1921,22.19
Country_159,1922,22.12
Country_159,1923,21.72
Country_159,1924,22.58
Country_159,1925,22.34
Country_159,1926,22.4
Country_159,1927,21.81
Country_159,1928,22.32
Country_159,1929,22.22
Country_159,1930,22.3
Country_159,1931,22.45
Country_159,1932,22.25
Country_159,1933,22.62
Country_159,1934,21.73
Country_159,1935,21.8
Country_159,1936,22.67
Country_159,1937,22.42
Country_159,1938,21.96
Country_159,1939,22.76
Country_159,1940,22.39
Country_159,1941,22.24
Country_159,1942,22.17
Country_159,1943,22.7
Country_159,1944,22.03
Country_159,1945,22.47
Country_159,1946,22.76
Country_159,1947,21.97
Country_159,1948,22.37
Country_159,1949,22.22
Country_159,1950,22.4
Country_159,1951,22.17
Country_159,1952,22.3
Country_159,1953,22.69
Country_159,1954,22.14
Country_159,1955,22.07
Country_159,1956,22.91
Country_159,1957,22.31
Country_159,1958,22.15
Country_159,1959,22.66
Country_159,1960,22.08
Country_159,1961,22.61
Country_159,1962,22.83
Country_159,1963,22.64
Country_159,1964,22.6
Country_159,1965,22.73
Country_159,1966,22.35
Country_159,1967,23.0
Country_159,1968,22.66
Country_159,1969,22.64
Country_159,1970,22.4
Country_159,1971,22.79
Country_159,1972,22.96
Country_159,1973,22.69
Country_159,1974,22.64
Country_159,1975,22.95
Country_159,1976,22.47
Country_159,1977,22.57
Country_159,1978,23.27
Country_159,1979,22.97
Country_159,1980,22.54
Country_159,1981,22.79
Country_159,1982,23.14
Country_159,1983,23.33
Country_159,1984,22.53
Country_159,1985,23.13
Country_159,1986,22.17
Country_159,1987,23.03
Country_159,1988,23.2
Country_159,1989,22.83
Country_159,1990,23.22
Country_159,1991,23.73
Country_159,1992,23.29
Country_159,1993,23.14
Country_159,1994,23.21
Country_159,1995,23.39
Country_159,1996,23.13
Country_159,1997,23.17
Country_159,1998,23.4
Country_159,1999,23.23
Country_159,2000,23.2
Country_159,2001,23.39
Country_159,2002,23.64
Country_159,2003,23.33
Country_159,2004,23.47
Country_159,2005,23.34
Country_159,2006,23.0
Country_159,2007,23.69
Country_159,2008,23.54
Country_159,2009,23.04
Country_159,2010,23.35
Country_159,2011,23.67
Country_159,2012,23.15
Country_159,2013,23.77
Country_159,2014,23.8
Country_159,2015,23.69
Country_159,2016,23.35
Country_159,2017,23.38
Country_159,2018,23.63
Country_159,2019,23.14
Country_159,2020,23.14
Country_159,2021,23.61
Country_159,2022,23.4
Country_159,2023,23.71
Country_160,1900,17.36
Country_160,1901,16.61
Country_160,1902,17.34
Country_160,1903,17.36
Country_160,1904,17.67
Country_160,1905,16.91
Country_160,1906,17.31
Country_160,1907,17.3
Country_160,1908,16.97
Country_160,1909,16.86
Country_160,1910,17.12
Country_160,1911,16.73
Country_160,1912,17.15
Country_160,1913,17.25
Country_160,1914,17.19
Country_160,1915,17.54
Country_160,1916,16.96
Country_160,1917,16.85
Country_160,1918,16.97
Country_160,1919,16.43
Country_160,1920,17.27
Country_160,1921,17.21
Country_160,1922,17.58
Country_160,1923,17.62
Country_160,1924,17.76
Country_160,1925,16.66
Country_160,1926,17.47
Country_160,1927,17.01
Country_160,1928,17.14
Country_160,1929,17.34
Country_160,1930,17.7
Country_160,1931,17.34
Country_160,1932,17.45
Country_160,1933,17.62
Country_160,1934,17.45
Country_160,1935,17.76
Country_160,1936,17.45
Country_160,1937,17.94
Country_160,1938,17.45
Country_160,1939,17.34
Country_160,1940,17.76
Country_160,1941,17.89
Country_160,1942,17.92
Country_160,1943,17.77
Country_160,1944,18.08
Country_160,1945,17.0
Country_160,1946,17.91
Country_160,1947,17.31
Country_160,1948,17.17
Country_160,1949,18.0
Country_160,1950,17.4
Country_160,1951,17.96
Country_160,1952,17.37
Country_160,1953,18.04
Country_160,1954,18.21
Country_160,1955,17.56
Country_160,1956,17.75
Country_160,1957,17.82
Country_160,1958,17.8
Country_160,1959,18.05
Country_160,1960,18.17
Country_160,1961,17.85
Country_160,1962,17.74
Country_160,1963,18.09
Country_160,1964,17.5
Country_160,1965,17.92
Country_160,1966,18.04
Country_160,1967,17.7
Country_160,1968,17.21
Country_160,1969,17.77
Country_160,1970,18.13
Country_160,1971,17.4
Country_160,1972,18.21
Country_160,1973,18.19
Country_160,1974,17.87
Country_160,1975,18.38
Country_160,1976,18.18
Country_160,1977,18.33
Country_160,1978,18.38
Country_160,1979,18.63
Country_160,1980,18.61
Country_160,1981,18.16
Country_160,1982,17.89
Country_160,1983,18.35
Country_160,1984,18.33
Country_160,1985,18.3
Country_160,1986,17.87
Country_160,1987,18.66
Country_160,1988,18.25
Country_160,1989,18.16
Country_160,1990,18.0
Country_160,1991,18.93
Country_160,1992,18.13
Country_160,1993,18.75
Country_160,1994,18.19
Country_160,1995,18.67
Country_160,1996,18.39
Country_160,1997,18.86
Country_160,1998,18.22
Country_160,1999,18.43
Country_160,2000,18.2
Country_160,2001,18.3
Country_160,2002,18.54
Country_160,2003,18.7
Country_160,2004,18.44
Country_160,2005,18.98
Country_160,2006,18.01
Country_160,2007,18.39
Country_160,2008,18.23
Country_160,2009,18.52
Country_160,2010,19.08
Country_160,2011,18.37
Country_160,2012,18.28
Country_160,2013,17.93
Country_160,2014,18.47
Country_160,2015,18.97
Country_160,2016,18.47
Country_160,2017,18.72
Country_160,2018,19.34
Country_160,2019,19.1
Country_160,2020,18.53
Country_160,2021,18.3
Country_160,2022,18.28
Country_160,2023,18.76
Country_161,1900,23.54
Country_161,1901,23.93
Country_161,1902,24.48
Country_161,1903,23.99
Country_161,1904,24.27
Country_161,1905,23.71
Country_161,1906,24.22
Country_161,1907,24.53
Country_161,1908,23.64
Country_161,1909,24.38
Country_161,1910,24.06
Country_161,1911,24.19
Country_161,1912,24.1
Country_161,1913,24.11
Country_161,1914,25.21
Country_161,1915,24.3
Country_161,1916,24.69
Country_161,1917,24.15
Country_161,1918,24.58
Country_161,1919,24.12
Country_161,1920,24.18
Country_161,1921,24.19
Country_161,1922,24.23
Country_161,1923,24.51
Country_161,1924,24.63
Country_161,1925,24.56
Country_161,1926,24.21
Country_161,1927,23.89
Country_161,1928,24.52
Country_161,1929,24.98
Country_161,1930,24.13
Country_161,1931,24.77
Country_161,1932,24.24
Country_161,1933,25.12
Country_161,1934,24.56
Country_161,1935,25.02
Country_161,1936,24.91
Country_161,1937,24.79
Country_161,1938,25.23
Country_161,1939,24.76
Country_161,1940,24.36
Country_161,1941,25.39
Country_161,1942,25.22
Country_161,1943,24.34
Country_161,1944,24.18
Country_161,1945,25.03
Country_161,1946,24.8
Country_161,1947,24.82
Country_161,1948,25.62
Country_161,1949,24.67
Country_161,1950,24.27
Country_161,1951,24.43
Country_161,1952,24.83
Country_161,1953,24.84
Country_161,1954,24.98
Country_161,1955,24.23
Country_161,1956,24.81
Country_161,1957,24.69
Country_161,1958,25.05
Country_161,1959,25.06
Country_161,1960,24.87
Country_161,1961,25.19
Country_161,1962,25.3
Country_161,1963,24.4
Country_161,1964,24.85
Country_161,1965,25.27
Country_161,1966,24.84
Country_161,1967,25.2
Country_161,1968,25.21
Country_161,1969,25.42
Country_161,1970,25.06
Country_161,1971,24.97
Country_161,1972,25.36
Country_161,1973,24.79
Country_161,1974,24.85
Country_161,1975,25.37
Country_161,1976,25.56
Country_161,1977,25.02
Country_161,1978,25.46
Country_161,1979,25.22
Country_161,1980,25.61
Country_161,1981,24.94
Country_161,1982,24.89
Country_161,1983,25.71
Country_161,1984,25.27
Country_161,1985,25.29
Country_161,1986,25.68
Country_161,1987,25.22
Country_161,1988,25.36
Country_161,1989,25.56
Country_161,1990,26.11
Country_161,1991,24.71
Country_161,1992,25.42
Country_161,1993,25.77
Country_161,1994,25.51
Country_161,1995,25.58
Country_161,1996,25.95
Country_161,1997,25.41
Country_161,1998,25.35
Country_161,1999,25.29
Country_161,2000,25.49
Country_161,2001,24.91
Country_161,2002,25.47
Country_161,2003,25.58
Country_161,2004,25.82
Country_161,2005,25.33
Country_161,2006,25.56
Country_161,2007,25.45
Country_161,2008,26.09
Country_161,2009,25.98
Country_161,2010,25.78
Country_161,2011,25.7
Country_161,2012,25.51
Country_161,2013,26.28
Country_161,2014,26.43
Country_161,2015,26.08
Country_161,2016,25.77
Country_161,2017,26.23
Country_161,2018,25.48
Country_161,2019,25.88
Country_161,2020,25.7
Country_161,2021,25.72
Country_161,2022,25.61
Country_161,2023,25.96
Country_162,1900,13.22
Country_162,1901,13.11
Country_162,1902,12.47
Country_162,1903,12.98
Country_162,1904,12.97
Country_162,1905,13.45
Country_162,1906,13.24
Country_162,1907,12.96
Country_162,1908,13.48
Country_162,1909,13.35
Country_162,1910,12.91
Country_162,1911,12.98
Country_162,1912,13.23
Country_162,1913,12.64
Country_162,1914,13.0
Country_162,1915,13.19
Country_162,1916,12.71
Country_162,1917,13.86
Country_162,1918,13.33
Country_162,1919,13.31
Country_162,1920,13.14
Country_162,1921,13.35
Country_162,1922,13.28
Country_162,1923,13.02
Country_162,1924,12.58
Country_162,1925,13.48
Country_162,1926,13.67
Country_162,1927,12.58
Country_162,1928,13.73
Country_162,1929,12.62
Country_162,1930,13.59
Country_162,1931,13.41
Country_162,1932,13.68
Country_162,1933,13.21
Country_162,1934,13.76
Country_162,1935,12.95
Country_162,1936,13.29
Country_162,1937,13.54
Country_162,1938,13.86
Country_162,1939,13.44
Country_162,1940,13.36
Country_162,1941,13.31
Country_162,1942,13.78
Country_162,1943,14.16
Country_162,1944,13.54
Country_162,1945,13.95
Country_162,1946,13.48
Country_162,1947,13.79
Country_162,1948,13.09
Country_162,1949,13.86
Country_162,1950,13.59
Country_162,1951,14.25
Country_162,1952,13.69
Country_162,1953,13.33
Country_162,1954,14.48
Country_162,1955,14.02
Country_162,1956,13.65
Country_162,1957,13.87
Country_162,1958,13.2
Country_162,1959,14.22
Country_162,1960,13.91
Country_162,1961,13.76
Country_162,1962,13.51
Country_162,1963,13.55
Country_162,1964,13.94
Country_162,1965,14.08
Country_162,1966,13.97
Country_162,1967,13.55
Country_162,1968,13.73
Country_162,1969,14.48
Country_162,1970,13.95
Country_162,1971,13.92
Country_162,1972,13.45
Country_162,1973,14.18
Country_162,1974,14.18
Country_162,1975,14.08
Country_162,1976,14.51
Country_162,1977,13.69
Country_162,1978,14.12
Country_162,1979,14.23
Country_162,1980,14.44
Country_162,1981,14.62
Country_162,1982,14.68
Country_162,1983,14.4
Country_162,1984,14.18
Country_162,1985,14.44
Country_162,1986,14.19
Country_162,1987,13.75
Country_162,1988,14.2
Country_162,1989,14.17
Country_162,1990,14.12
Country_162,1991,14.47
Country_162,1992,14.04
Country_162,1993,14.03
Country_162,1994,14.05
Country_162,1995,14.72
Country_162,1996,14.08
Country_162,1997,14.34
Country_162,1998,14.06
Country_162,1999,14.4
Country_162,2000,14.48
Country_162,2001,14.58
Country_162,2002,14.4
Country_162,2003,14.24
Country_162,2004,14.26
Country_162,2005,14.28
Country_162,2006,14.7
Country_162,2007,15.04
Country_162,2008,14.42
Country_162,2009,14.21
Country_162,2010,14.92
Country_162,2011,14.75
Country_162,2012,15.18
Country_162,2013,14.88
Country_162,2014,14.97
Country_162,2015,14.23
Country_162,2016,14.27
Country_162,2017,14.86
Country_162,2018,14.25
Country_162,2019,14.75
Country_162,2020,14.93
Country_162,2021,14.35
Country_162,2022,15.26
Country_162,2023,14.7
Country_163,1900,19.34
Country_163,1901,20.01
Country_163,1902,19.56
Country_163,1903,19.21
Country_163,1904,19.46
Country_163,1905,19.18
Country_163,1906,19.79
Country_163,1907,19.39
Country_163,1908,19.31
Country_163,1909,20.04
Country_163,1910,19.94
Country_163,1911,19.46
Country_163,1912,19.88
Country_163,1913,19.56
Country_163,1914,19.89
Country_163,1915,19.75
Country_163,1916,19.59
Country_163,1917,20.11
Country_163,1918,20.01
Country_163,1919,20.05
Country_163,1920,19.91
Country_163,1921,19.35
Country_163,1922,20.25
Country_163,1923,19.8
Country_163,1924,19.83
Country_163,1925,19.8
Country_163,1926,19.83
Country_163,1927,19.72
Country_163,1928,19.56
Country_163,1929,19.83
Country_163,1930,19.91
Country_163,1931,19.87
Country_163,1932,20.29
Country_163,1933,19.45
Country_163,1934,20.05
Country_163,1935,20.01
Country_163,1936,19.22
Country_163,1937,19.73
Country_163,1938,19.67
Country_163,1939,20.49
Country_163,1940,20.37
Country_163,1941,20.71
Country_163,1942,19.88
Country_163,1943,19.63
Country_163,1944,20.02
Country_163,1945,19.76
Country_163,1946,20.51
Country_163,1947,20.32
Country_163,1948,20.56
Country_163,1949,19.89
Country_163,1950,20.07
Country_163,1951,20.17
Country_163,1952,20.23
Country_163,1953,20.37
Country_163,1954,20.34
Country_163,1955,20.26
Country_163,1956,20.25
Country_163,1957,20.68
Country_163,1958,20.1
Country_163,1959,20.62
Country_163,1960,20.74
Country_163,1961,20.1
Country_163,1962,20.83
Country_163,1963,20.71
Country_163,1964,20.77
Country_163,1965,20.6
Country_163,1966,20.69
Country_163,1967,20.41
Country_163,1968,20.59
Country_163,1969,20.27
Country_163,1970,21.12
Country_163,1971,20.89
Country_163,1972,20.58
Country_163,1973,20.71
Country_163,1974,20.82
Country_163,1975,21.32
Country_163,1976,21.1
Country_163,1977,20.36
Country_163,1978,20.43
Country_163,1979,20.94
Country_163,1980,20.38
Country_163,1981,20.95
Country_163,1982,20.67
Country_163,1983,21.07
Country_163,1984,21.2
Country_163,1985,20.78
Country_163,1986,20.95
Country_163,1987,21.01
Country_163,1988,20.6
Country_163,1989,20.91
Country_163,1990,20.9
Country_163,1991,20.68
Country_163,1992,21.08
Country_163,1993,20.78
Country_163,1994,20.53
Country_163,1995,20.59
Country_163,1996,20.99
Country_163,1997,21.46
Country_163,1998,20.61
Country_163,1999,20.87
Country_163,2000,20.87
Country_163,2001,20.97
Country_163,2002,20.63
Country_163,2003,21.04
Country_163,2004,20.91
Country_163,2005,20.74
Country_163,2006,21.31
Country_163,2007,21.07
Country_163,2008,21.07
Country_163,2009,21.22
Country_163,2010,20.88
Country_163,2011,21.08
Country_163,2012,21.54
Country_163,2013,20.65
Country_163,2014,20.73
Country_163,2015,21.46
Country_163,2016,21.3
Country_163,2017,21.38
Country_163,2018,21.17
Country_163,2019,21.28
Country_163,2020,21.61
Country_163,2021,21.17
Country_163,2022,21.74
Country_163,2023,21.1
Country_164,1900,20.65
Country_164,1901,21.1
Country_164,1902,20.4
Country_164,1903,20.5
Country_164,1904,21.27
Country_164,1905,20.69
Country_164,1906,20.34
Country_164,1907,20.55
Country_164,1908,21.15
Country_164,1909,20.75
Country_164,1910,20.66
Country_164,1911,21.05
Country_164,1912,20.65
Country_164,1913,20.54
Country_164,1914,21.48
Country_164,1915,20.44
Country_164,1916,20.36
Country_164,1917,20.94
Country_164,1918,20.38
Country_164,1919,20.89
Country_164,1920,20.36
Country_164,1921,20.76
Country_164,1922,21.44
Country_164,1923,21.88
Country_164,1924,21.33
Country_164,1925,20.79
Country_164,1926,21.2
Country_164,1927,20.73
Country_164,1928,21.32
Country_164,1929,21.01
Country_164,1930,21.22
Country_164,1931,21.4
Country_164,1932,20.88
Country_164,1933,20.35
Country_164,1934,21.29
Country_164,1935,21.19
Country_164,1936,20.95
Country_164,1937,21.07
Country_164,1938,21.47
Country_164,1939,21.32
Country_164,1940,21.11
Country_164,1941,21.24
Country_164,1942,21.31
Country_164,1943,21.83
Country_164,1944,21.56
Country_164,1945,21.89
Country_164,1946,21.22
Country_164,1947,21.24
Country_164,1948,20.78
Country_164,1949,21.23
Country_164,1950,21.73
Country_164,1951,21.48
Country_164,1952,21.29
Country_164,1953,21.47
Country_164,1954,21.56
Country_164,1955,21.82
Country_164,1956,21.14
Country_164,1957,22.02
Country_164,1958,21.37
Country_164,1959,21.52
Country_164,1960,21.68
Country_164,1961,21.68
Country_164,1962,22.23
Country_164,1963,21.13
Country_164,1964,21.8
Country_164,1965,21.53
Country_164,1966,21.16
Country_164,1967,21.57
Country_164,1968,21.79
Country_164,1969,21.32
Country_164,1970,21.34
Country_164,1971,21.52
Country_164,1972,21.7
Country_164,1973,22.09
Country_164,1974,21.41
Country_164,1975,21.75
Country_164,1976,21.25
Country_164,1977,21.18
Country_164,1978,21.87
Country_164,1979,21.44
Country_164,1980,22.13
Country_164,1981,22.23
Country_164,1982,21.57
Country_164,1983,21.75
Country_164,1984,21.49
Country_164,1985,22.21
Country_164,1986,21.77
Country_164,1987,21.86
Country_164,1988,21.9
Country_164,1989,21.7
Country_164,1990,22.08
Country_164,1991,22.14
Country_164,1992,22.05
Country_164,1993,22.07
Country_164,1994,21.69
Country_164,1995,22.14
Country_164,1996,22.08
Country_164,1997,22.13
Country_164,1998,22.24
Country_164,1999,22.77
Country_164,2000,22.56
Country_164,2001,22.33
Country_164,2002,21.88
Country_164,2003,22.02
Country_164,2004,22.29
Country_164,2005,22.35
Country_164,2006,21.7
Country_164,2007,22.36
Country_164,2008,22.2
Country_164,2009,22.2
Country_164,2010,22.34
Country_164,2011,22.15
Country_164,2012,21.93
Country_164,2013,21.71
Country_164,2014,22.12
Country_164,2015,22.95
Country_164,2016,22.07
Country_164,2017,22.66
Country_164,2018,23.3
Country_164,2019,22.4
Country_164,2020,22.95
Country_164,2021,22.88
Country_164,2022,22.49
Country_164,2023,22.11
Country_165,1900,11.46
Country_165,1901,10.95
Country_165,1902,11.38
Country_165,1903,11.41
Country_165,1904,10.93
Country_165,1905,11.18
Country_165,1906,11.37
Country_165,1907,11.17
Country_165,1908,10.94
Country_165,1909,11.28
Country_165,1910,10.53
Country_165,1911,11.36
Country_165,1912,11.03
Country_165,1913,11.43
Country_165,1914,11.75
Country_165,1915,11.58
Country_165,1916,11.7
Country_165,1917,11.91
Country_165,1918,11.43
Country_165,1919,11.65
Country_165,1920,11.56
Country_165,1921,11.36
Country_165,1922,11.42
Country_165,1923,11.52
Country_165,1924,10.92
Country_165,1925,11.47
Country_165,1926,12.02
Country_165,1927,11.71
Country_165,1928,11.84
Country_165,1929,11.65
Country_165,1930,11.91
Country_165,1931,11.56
Country_165,1932,11.62
Country_165,1933,11.38
Country_165,1934,11.54
Country_165,1935,11.78
Country_165,1936,11.86
Country_165,1937,12.17
Country_165,1938,11.94
Country_165,1939,11.31
Country_165,1940,11.95
Country_165,1941,11.47
Country_165,1942,11.82
Country_165,1943,12.03
Country_165,1944,11.4
Country_165,1945,11.51
Country_165,1946,12.46
Country_165,1947,11.97
Country_165,1948,11.63
Country_165,1949,11.77
Country_165,1950,12.32
Country_165,1951,12.03
Country_165,1952,11.59
Country_165,1953,11.65
Country_165,1954,11.13
Country_165,1955,12.38
Country_165,1956,12.07
Country_165,1957,12.22
Country_165,1958,11.57
Country_165,1959,12.35
Country_165,1960,11.74
Country_165,1961,12.14
Country_165,1962,11.88
Country_165,1963,11.95
Country_165,1964,11.96
Country_165,1965,12.34
Country_165,1966,11.68
Country_165,1967,12.54
Country_165,1968,13.02
Country_165,1969,12.74
Country_165,1970,12.45
Country_165,1971,11.78
Country_165,1972,12.35
Country_165,1973,12.07
Country_165,1974,12.3
Country_165,1975,11.68
Country_165,1976,12.74
Country_165,1977,12.76
Country_165,1978,12.8
Country_165,1979,12.44
Country_165,1980,12.18
Country_165,1981,12.43
Country_165,1982,12.47
Country_165,1983,12.19
Country_165,1984,12.78
Country_165,1985,12.75
Country_165,1986,12.34
Country_165,1987,12.89
Country_165,1988,12.33
Country_165,1989,13.13
Country_165,1990,12.78
Country_165,1991,13.13
Country_165,1992,12.25
Country_165,1993,12.83
Country_165,1994,12.63
Country_165,1995,12.51
Country_165,1996,12.5
Country_165,1997,12.71
Country_165,1998,13.23
Country_165,1999,12.61
Country_165,2000,12.45
Country_165,2001,12.89
Country_165,2002,13.31
Country_165,2003,12.97
Country_165,2004,12.91
Country_165,2005,12.66
Country_165,2006,12.57
Country_165,2007,12.65
Country_165,2008,12.73
Country_165,2009,12.52
Country_165,2010,12.93
Country_165,2011,13.14
Country_165,2012,13.13
Country_165,2013,12.98
Country_165,2014,12.81
Country_165,2015,12.85
Country_165,2016,12.97
Country_165,2017,12.62
Country_165,2018,12.26
Country_165,2019,12.87
Country_165,2020,12.93
Country_165,2021,12.56
Country_165,2022,13.22
Country_165,2023,12.74
Country_166,1900,14.93
Country_166,1901,15.07
Country_166,1902,15.3
Country_166,1903,15.28
Country_166,1904,15.5
Country_166,1905,15.13
Country_166,1906,14.92
Country_166,1907,15.37
Country_166,1908,15.12
Country_166,1909,15.08
Country_166,1910,14.63
Country_166,1911,15.91
Country_166,1912,15.51
Country_166,1913,15.45
Country_166,1914,14.91
Country_166,1915,15.63
Country_166,1916,15.79
Country_166,1917,15.11
Country_166,1918,15.09
Country_166,1919,15.0
Country_166,1920,15.12
Country_166,1921,15.75
Country_166,1922,15.27
Country_166,1923,14.61
Country_166,1924,15.34
Country_166,1925,15.08
Country_166,1926,15.24
Country_166,1927,15.23
Country_166,1928,15.58
Country_166,1929,15.33
Country_166,1930,15.57
Country_166,1931,15.25
Country_166,1932,15.78
Country_166,1933,15.08
Country_166,1934,15.56
Country_166,1935,15.46
Country_166,1936,16.37
Country_166,1937,15.92
Country_166,1938,15.9
Country_166,1939,15.71
Country_166,1940,15.09
Country_166,1941,15.21
Country_166,1942,16.14
Country_166,1943,16.14
Country_166,1944,15.86
Country_166,1945,15.56
Country_166,1946,16.02
Country_166,1947,15.71
Country_166,1948,15.36
Country_166,1949,15.71
Country_166,1950,15.86
Country_166,1951,16.17
Country_166,1952,15.93
Country_166,1953,15.67
Country_166,1954,15.59
Country_166,1955,15.12
Country_166,1956,15.93
Country_166,1957,15.74
Country_166,1958,16.32
Country_166,1959,15.48
Country_166,1960,15.89
Country_166,1961,16.0
Country_166,1962,15.84
Country_166,1963,15.72
Country_166,1964,15.88
Country_166,1965,16.38
Country_166,1966,16.16
Country_166,1967,15.88
Country_166,1968,15.41
Country_166,1969,16.52
Country_166,1970,15.79
Country_166,1971,16.59
Country_166,1972,16.21
Country_166,1973,15.87
Country_166,1974,16.22
Country_166,1975,15.86
Country_166,1976,15.91
Country_166,1977,16.54
Country_166,1978,16.53
Country_166,1979,16.26
Country_166,1980,16.28
Country_166,1981,16.47
Country_166,1982,15.77
Country_166,1983,16.32
Country_166,1984,16.29
Country_166,1985,16.93
Country_166,1986,16.64
Country_166,1987,16.64
Country_166,1988,16.26
Country_166,1989,16.6
Country_166,1990,16.34
Country_166,1991,16.18
Country_166,1992,15.84
Country_166,1993,16.45
Country_166,1994,15.85
Country_166,1995,16.7
Country_166,1996,16.9
Country_166,1997,16.36
Country_166,1998,16.62
Country_166,1999,16.49
Country_166,2000,16.47
Country_166,2001,16.69
Country_166,2002,15.93
Country_166,2003,16.64
Country_166,2004,16.66
Country_166,2005,16.36
Country_166,2006,16.83
Country_166,2007,16.18
Country_166,2008,16.89
Country_166,2009,16.64
Country_166,2010,16.79
Country_166,2011,16.39
Country_166,2012,17.05
Country_166,2013,16.73
Country_166,2014,16.85
Country_166,2015,17.52
Country_166,2016,17.09
Country_166,2017,16.74
Country_166,2018,16.97
Country_166,2019,16.94
Country_166,2020,16.72
Country_166,2021,16.81
Country_166,2022,16.89
Country_166,2023,17.16
Country_167,1900,16.38
Country_167,1901,16.62
Country_167,1902,16.76
Country_167,1903,16.36
Country_167,1904,16.43
Country_167,1905,16.64
Country_167,1906,17.08
Country_167,1907,16.76
Country_167,1908,16.48
Country_167,1909,16.5
Country_167,1910,17.31
Country_167,1911,16.7
Country_167,1912,16.98
Country_167,1913,16.63
Country_167,1914,16.61
Country_167,1915,16.92
Country_167,1916,16.86
Country_167,1917,16.94
Country_167,1918,16.81
Country_167,1919,16.62
Country_167,1920,16.47
Country_167,1921,16.89
Country_167,1922,16.98
Country_167,1923,17.14
Country_167,1924,17.13
Country_167,1925,16.92
Country_167,1926,16.59
Country_167,1927,16.41
Country_167,1928,16.37
Country_167,1929,17.15
Country_167,1930,17.31
Country_167,1931,17.17
Country_167,1932,16.85
Country_167,1933,17.26
Country_167,1934,16.95
Country_167,1935,16.71
Country_167,1936,16.89
Country_167,1937,17.23
Country_167,1938,16.39
Country_167,1939,16.93
Country_167,1940,17.19
Country_167,1941,17.82
Country_167,1942,17.06
Country_167,1943,17.13
Country_167,1944,17.36
Country_167,1945,16.65
Country_167,1946,17.31
Country_167,1947,17.42
Country_167,1948,16.91
Country_167,1949,17.69
Country_167,1950,17.07
Country_167,1951,17.61
Country_167,1952,17.27
Country_167,1953,17.05
Country_167,1954,17.18
Country_167,1955,17.14
Country_167,1956,17.19
Country_167,1957,17.18
Country_167,1958,17.54
Country_167,1959,17.25
Country_167,1960,17.14
Country_167,1961,17.27
Country_167,1962,17.22
Country_167,1963,17.64
Country_167,1964,17.22
Country_167,1965,18.0
Country_167,1966,17.71
Country_167,1967,17.38
Country_167,1968,17.66
Country_167,1969,17.92
Country_167,1970,17.65
Country_167,1971,18.05
Country_167,1972,18.24
Country_167,1973,17.6
Country_167,1974,17.63
Country_167,1975,17.98
Country_167,1976,17.17
Country_167,1977,17.94
Country_167,1978,17.06
Country_167,1979,18.14
Country_167,1980,17.05
Country_167,1981,17.71
Country_167,1982,17.95
Country_167,1983,18.43
Country_167,1984,17.84
Country_167,1985,17.55
Country_167,1986,17.51
Country_167,1987,17.92
Country_167,1988,17.47
Country_167,1989,18.05
Country_167,1990,18.04
Country_167,1991,17.82
Country_167,1992,18.02
Country_167,1993,18.04
Country_167,1994,18.2
Country_167,1995,18.2
Country_167,1996,17.74
Country_167,1997,17.69
Country_167,1998,17.74
Country_167,1999,18.41
Country_167,2000,17.43
Country_167,2001,18.19
Country_167,2002,18.55
Country_167,2003,18.28
Country_167,2004,18.14
Country_167,2005,18.18
Country_167,2006,17.83
Country_167,2007,18.22
Country_167,2008,17.86
Country_167,2009,18.38
Country_167,2010,18.12
Country_167,2011,18.13
Country_167,2012,18.34
Country_167,2013,17.79
Country_167,2014,18.24
Country_167,2015,18.09
Country_167,2016,18.47
Country_167,2017,17.93
Country_167,2018,18.73
Country_167,2019,18.18
Country_167,2020,17.75
Country_167,2021,17.79
Country_167,2022,18.18
Country_167,2023,18.37
Country_168,1900,25.01
Country_168,1901,25.04
Country_168,1902,24.63
Country_168,1903,24.76
Country_168,1904,24.82
Country_168,1905,24.8
Country_168,1906,25.21
Country_168,1907,25.27
Country_168,1908,24.94
Country_168,1909,25.34
Country_168,1910,25.14
Country_168,1911,24.56
Country_168,1912,24.8
Country_168,1913,24.82
Country_168,1914,24.72
Country_168,1915,25.05
Country_168,1916,24.92
Country_168,1917,24.86
Country_168,1918,24.94
Country_168,1919,24.91
Country_168,1920,24.77
Country_168,1921,24.65
Country_168,1922,25.09
Country_168,1923,24.62
Country_168,1924,25.22
Country_168,1925,25.54
Country_168,1926,25.05
Country_168,1927,24.99
Country_168,1928,25.7
Country_168,1929,25.1
Country_168,1930,25.3
Country_168,1931,25.25
Country_168,1932,25.38
Country_168,1933,24.97
Country_168,1934,25.32
Country_168,1935,25.38
Country_168,1936,25.4
Country_168,1937,25.11
Country_168,1938,25.11
Country_168,1939,25.33
Country_168,1940,24.61
Country_168,1941,25.46
Country_168,1942,25.59
Country_168,1943,25.34
Country_168,1944,25.34
Country_168,1945,25.09
Country_168,1946,25.45
Country_168,1947,25.08
Country_168,1948,25.3
Country_168,1949,25.65
Country_168,1950,25.55
Country_168,1951,25.42
Country_168,1952,25.29
Country_168,1953,25.41
Country_168,1954,25.31
Country_168,1955,25.49
Country_168,1956,25.04
Country_168,1957,25.98
Country_168,1958,25.16
Country_168,1959,26.08
Country_168,1960,25.86
Country_168,1961,26.16
Country_168,1962,25.52
Country_168,1963,25.19
Country_168,1964,25.34
Country_168,1965,25.47
Country_168,1966,25.11
Country_168,1967,25.45
Country_168,1968,25.53
Country_168,1969,26.0
Country_168,1970,25.79
Country_168,1971,25.86
Country_168,1972,25.51
Country_168,1973,25.4
Country_168,1974,25.65
Country_168,1975,26.15
Country_168,1976,25.72
Country_168,1977,26.17
Country_168,1978,25.85
Country_168,1979,25.67
Country_168,1980,26.39
Country_168,1981,26.03
Country_168,1982,26.22
Country_168,1983,26.21
Country_168,1984,26.42
Country_168,1985,26.19
Country_168,1986,25.86
Country_168,1987,26.04
Country_168,1988,26.19
Country_168,1989,26.53
Country_168,1990,26.24
Country_168,1991,26.07
Country_168,1992,25.97
Country_168,1993,26.65
Country_168,1994,26.23
Country_168,1995,26.39
Country_168,1996,25.98
Country_168,1997,25.66
Country_168,1998,25.76
Country_168,1999,26.34
Country_168,2000,26.11
Country_168,2001,27.05
Country_168,2002,26.25
Country_168,2003,25.88
Country_168,2004,26.02
Country_168,2005,26.23
Country_168,2006,26.14
Country_168,2007,26.48
Country_168,2008,26.92
Country_168,2009,26.53
Country_168,2010,26.24
Country_168,2011,26.5
Country_168,2012,25.69
Country_168,2013,25.93
Country_168,2014,26.13
Country_168,2015,26.35
Country_168,2016,26.61
Country_168,2017,26.08
Country_168,2018,26.55
Country_168,2019,26.49
Country_168,2020,27.19
Country_168,2021,26.6
Country_168,2022,26.63
Country_168,2023,27.02
Country_169,1900,10.23
Country_169,1901,10.49
Country_169,1902,10.42
Country_169,1903,9.37
Country_169,1904,10.14
Country_169,1905,10.15
Country_169,1906,10.11
Country_169,1907,10.25
Country_169,1908,10.74
Country_169,1909,10.7
Country_169,1910,10.08
Country_169,1911,10.24
Country_169,1912,10.2
Country_169,1913,10.02
Country_169,1914,10.25
Country_169,1915,10.57
Country_169,1916,10.66
Country_169,1917,10.24
Country_169,1918,10.64
Country_169,1919,10.16
Country_169,1920,10.34
Country_169,1921,10.54
Country_169,1922,10.3
Country_169,1923,10.43
Country_169,1924,10.34
Country_169,1925,10.59
Country_169,1926,10.26
Country_169,1927,10.55
Country_169,1928,9.9
Country_169,1929,10.52
Country_169,1930,10.52
Country_169,1931,10.7
Country_169,1932,10.54
Country_169,1933,11.29
Country_169,1934,10.7
Country_169,1935,11.17
Country_169,1936,10.82
Country_169,1937,10.67
Country_169,1938,10.84
Country_169,1939,10.78
Country_169,1940,10.77
Country_169,1941,10.42
Country_169,1942,10.66
Country_169,1943,11.06
Country_169,1944,10.84
Country_169,1945,11.14
Country_169,1946,10.74
Country_169,1947,10.33
Country_169,1948,10.85
Country_169,1949,10.92
Country_169,1950,10.92
Country_169,1951,10.03
Country_169,1952,11.24
Country_169,1953,10.98
Country_169,1954,10.45
Country_169,1955,11.52
Country_169,1956,11.04
Country_169,1957,10.62
Country_169,1958,10.71
Country_169,1959,10.66
Country_169,1960,10.77
Country_169,1961,10.79
Country_169,1962,10.57
Country_169,1963,10.9
Country_169,1964,11.36
Country_169,1965,11.76
Country_169,1966,11.47
Country_169,1967,11.3
Country_169,1968,10.77
Country_169,1969,10.92
Country_169,1970,10.97
Country_169,1971,11.21
Country_169,1972,11.05
Country_169,1973,10.94
Country_169,1974,10.61
Country_169,1975,11.61
Country_169,1976,11.07
Country_169,1977,11.32
Country_169,1978,11.0
Country_169,1979,11.73
Country_169,1980,11.45
Country_169,1981,11.24
Country_169,1982,11.51
Country_169,1983,11.6
Country_169,1984,11.36
Country_169,1985,11.03
Country_169,1986,11.41
Country_169,1987,11.87
Country_169,1988,11.54
Country_169,1989,11.42
Country_169,1990,11.15
Country_169,1991,11.06
Country_169,1992,11.46
Country_169,1993,11.06
Country_169,1994,10.63
Country_169,1995,11.43
Country_169,1996,10.85
Country_169,1997,11.66
Country_169,1998,11.6
Country_169,1999,11.35
Country_169,2000,11.46
Country_169,2001,11.6
Country_169,2002,11.45
Country_169,2003,11.56
Country_169,2004,11.72
Country_169,2005,11.49
Country_169,2006,11.47
Country_169,2007,11.68
Country_169,2008,11.29
Country_169,2009,11.73
Country_169,2010,11.58
Country_169,2011,12.22
Country_169,2012,11.44
Country_169,2013,11.91
Country_169,2014,11.25
Country_169,2015,11.31
Country_169,2016,11.77
Country_169,2017,11.44
Country_169,2018,11.48
Country_169,2019,11.48
Country_169,2020,12.27
Country_169,2021,12.04
Country_169,2022,11.79
Country_169,2023,12.24
Country_170,1900,18.75
Country_170,1901,19.04
Country_170,1902,18.85
Country_170,1903,19.0
Country_170,1904,18.34
Country_170,1905,18.33
Country_170,1906,19.0
Country_170,1907,18.92
Country_170,1908,17.96
Country_170,1909,18.15
Country_170,1910,18.93
Country_170,1911,19.07
Country_170,1912,19.1
Country_170,1913,18.77
Country_170,1914,18.97
Country_170,1915,19.28
Country_170,1916,19.12
Country_170,1917,19.27
Country_170,1918,18.71
Country_170,1919,18.92
Country_170,1920,18.55
Country_170,1921,19.31
Country_170,1922,19.12
Country_170,1923,18.68
Country_170,1924,19.15
Country_170,1925,19.11
Country_170,1926,19.37
Country_170,1927,18.79
Country_170,1928,19.11
Country_170,1929,18.66
Country_170,1930,19.29
Country_170,1931,19.29
Country_170,1932,18.77
Country_170,1933,19.78
Country_170,1934,19.14
Country_170,1935,19.45
Country_170,1936,18.84
Country_170,1937,19.5
Country_170,1938,18.82
Country_170,1939,19.7
Country_170,1940,19.78
Country_170,1941,19.4
Country_170,1942,19.27
Country_170,1943,19.1
Country_170,1944,19.63
Country_170,1945,19.03
Country_170,1946,19.69
Country_170,1947,19.59
Country_170,1948,19.43
Country_170,1949,19.7
Country_170,1950,18.86
Country_170,1951,19.13
Country_170,1952,19.28
Country_170,1953,19.5
Country_170,1954,19.62
Country_170,1955,19.63
Country_170,1956,19.58
Country_170,1957,19.44
Country_170,1958,19.82
Country_170,1959,19.37
Country_170,1960,19.29
Country_170,1961,19.18
Country_170,1962,19.35
Country_170,1963,19.66
Country_170,1964,19.41
Country_170,1965,19.57
Country_170,1966,19.91
Country_170,1967,19.71
Country_170,1968,19.53
Country_170,1969,19.46
Country_170,1970,19.26
Country_170,1971,20.05
Country_170,1972,19.66
Country_170,1973,19.39
Country_170,1974,19.79
Country_170,1975,19.86
Country_170,1976,20.19
Country_170,1977,19.93
Country_170,1978,19.76
Country_170,1979,19.92
Country_170,1980,20.33
Country_170,1981,20.16
Country_170,1982,19.35
Country_170,1983,19.55
Country_170,1984,20.21
Country_170,1985,19.44
Country_170,1986,20.01
Country_170,1987,19.77
Country_170,1988,20.37
Country_170,1989,20.18
Country_170,1990,19.68
Country_170,1991,19.55
Country_170,1992,20.02
Country_170,1993,19.89
Country_170,1994,20.09
Country_170,1995,19.87
Country_170,1996,20.6
Country_170,1997,19.68
Country_170,1998,19.95
Country_170,1999,19.86
Country_170,2000,20.14
Country_170,2001,20.14
Country_170,2002,20.01
Country_170,2003,19.73
Country_170,2004,20.45
Country_170,2005,20.28
Country_170,2006,20.19
Country_170,2007,19.68
Country_170,2008,20.67
Country_170,2009,19.67
Country_170,2010,20.8
Country_170,2011,20.49
Country_170,2012,20.17
Country_170,2013,20.49
Country_170,2014,20.14
Country_170,2015,19.64
Country_170,2016,20.59
Country_170,2017,20.1
Country_170,2018,20.16
Country_170,2019,20.48
Country_170,2020,20.42
Country_170,2021,20.46
Country_170,2022,20.61
Country_170,2023,20.98
Country_171,1900,19.28
Country_171,1901,19.72
Country_171,1902,19.36
Country_171,1903,19.7
Country_171,1904,19.71
Country_171,1905,19.32
Country_171,1906,18.87
Country_171,1907,19.91
Country_171,1908,19.45
Country_171,1909,19.51
Country_171,1910,19.81
Country_171,1911,19.68
Country_171,1912,19.87
Country_171,1913,20.39
Country_171,1914,19.85
Country_171,1915,19.87
Country_171,1916,19.8
Country_171,1917,19.54
Country_171,1918,19.23
Country_171,1919,19.8
Country_171,1920,19.44
Country_171,1921,19.49
Country_171,1922,19.85
Country_171,1923,19.7
Country_171,1924,20.21
Country_171,1925,20.17
Country_171,1926,19.58
Country_171,1927,20.18
Country_171,1928,19.08
Country_171,1929,20.02
Country_171,1930,19.82
Country_171,1931,20.17
Country_171,1932,19.45
Country_171,1933,19.8
Country_171,1934,20.41
Country_171,1935,20.38
Country_171,1936,19.37
Country_171,1937,19.92
Country_171,1938,20.46
Country_171,1939,20.13
Country_171,1940,20.21
Country_171,1941,20.49
Country_171,1942,20.32
Country_171,1943,19.71
Country_171,1944,19.74
Country_171,1945,20.5
Country_171,1946,20.07
Country_171,1947,20.15
Country_171,1948,20.27
Country_171,1949,20.29
Country_171,1950,20.44
Country_171,1951,20.23
Country_171,1952,19.61
Country_171,1953,20.38
Country_171,1954,20.94
Country_171,1955,20.42
Country_171,1956,20.52
Country_171,1957,20.06
Country_171,1958,19.92
Country_171,1959,20.74
Country_171,1960,19.92
Country_171,1961,19.9
Country_171,1962,20.17
Country_171,1963,20.42
Country_171,1964,20.74
Country_171,1965,20.2
Country_171,1966,20.55
Country_171,1967,20.4
Country_171,1968,20.84
Country_171,1969,20.06
Country_171,1970,20.92
Country_171,1971,20.59
Country_171,1972,20.54
Country_171,1973,20.71
Country_171,1974,20.19
Country_171,1975,20.56
Country_171,1976,20.64
Country_171,1977,20.88
Country_171,1978,20.93
Country_171,1979,20.48
Country_171,1980,20.52
Country_171,1981,20.54
Country_171,1982,20.65
Country_171,1983,20.38
Country_171,1984,20.33
Country_171,1985,20.85
Country_171,1986,20.66
Country_171,1987,20.17
Country_171,1988,20.95
Country_171,1989,20.71
Country_171,1990,20.55
Country_171,1991,21.28
Country_171,1992,20.14
Country_171,1993,20.92
Country_171,1994,20.6
Country_171,1995,20.92
Country_171,1996,21.11
Country_171,1997,20.75
Country_171,1998,20.66
Country_171,1999,21.02
Country_171,2000,21.04
Country_171,2001,20.87
Country_171,2002,21.22
Country_171,2003,21.2
Country_171,2004,21.21
Country_171,2005,21.04
Country_171,2006,21.0
Country_171,2007,20.69
Country_171,2008,21.0
Country_171,2009,21.17
Country_171,2010,20.83
Country_171,2011,20.94
Country_171,2012,21.7
Country_171,2013,21.25
Country_171,2014,20.99
Country_171,2015,21.49
Country_171,2016,21.26
Country_171,2017,21.05
Country_171,2018,21.9
Country_171,2019,21.06
Country_171,2020,21.0
Country_171,2021,20.94
Country_171,2022,21.38
Country_171,2023,21.35
Country_172,1900,24.15
Country_172,1901,24.67
Country_172,1902,23.84
Country_172,1903,23.87
Country_172,1904,23.44
Country_172,1905,24.47
Country_172,1906,23.56
Country_172,1907,24.49
Country_172,1908,24.58
Country_172,1909,24.35
Country_172,1910,24.49
Country_172,1911,23.99
Country_172,1912,23.94
Country_172,1913,24.38
Country_172,1914,23.93
Country_172,1915,24.26
Country_172,1916,24.63
Country_172,1917,23.8
Country_172,1918,23.69
Country_172,1919,24.02
Country_172,1920,24.75
Country_172,1921,24.57
Country_172,1922,24.6
Country_172,1923,24.43
Country_172,1924,24.12
Country_172,1925,24.61
Country_172,1926,24.37
Country_172,1927,23.61
Country_172,1928,24.89
Country_172,1929,24.34
Country_172,1930,24.67
Country_172,1931,24.55
Country_172,1932,24.85
Country_172,1933,24.06
Country_172,1934,24.25
Country_172,1935,24.32
Country_172,1936,24.33
Country_172,1937,24.58
Country_172,1938,24.0
Country_172,1939,24.28
Country_172,1940,24.47
Country_172,1941,24.84
Country_172,1942,24.59
Country_172,1943,24.06
Country_172,1944,24.36
Country_172,1945,24.68
Country_172,1946,25.27
Country_172,1947,24.34
Country_172,1948,25.56
Country_172,1949,24.68
Country_172,1950,25.19
Country_172,1951,24.05
Country_172,1952,25.12
Country_172,1953,24.91
Country_172,1954,25.48
Country_172,1955,24.74
Country_172,1956,25.24
Country_172,1957,24.96
Country_172,1958,25.02
Country_172,1959,24.9
Country_172,1960,25.55
Country_172,1961,24.64
Country_172,1962,24.65
Country_172,1963,24.65
Country_172,1964,25.27
Country_172,1965,24.45
Country_172,1966,24.76
Country_172,1967,25.36
Country_172,1968,25.07
Country_172,1969,25.22
Country_172,1970,25.13
Country_172,1971,25.03
Country_172,1972,25.37
Country_172,1973,25.12
Country_172,1974,25.62
Country_172,1975,24.8
Country_172,1976,25.26
Country_172,1977,25.04
Country_172,1978,24.91
Country_172,1979,25.18
Country_172,1980,25.07
Country_172,1981,24.37
Country_172,1982,24.78
Country_172,1983,25.22
Country_172,1984,25.39
Country_172,1985,25.69
Country_172,1986,25.09
Country_172,1987,24.92
Country_172,1988,25.4
Country_172,1989,25.32
Country_172,1990,25.4
Country_172,1991,25.38
Country_172,1992,25.22
Country_172,1993,25.18
Country_172,1994,25.42
Country_172,1995,25.78
Country_172,1996,25.35
Country_172,1997,25.44
Country_172,1998,25.35
Country_172,1999,25.75
Country_172,2000,25.68
Country_172,2001,25.6
Country_172,2002,25.99
Country_172,2003,25.05
Country_172,2004,24.97
Country_172,2005,25.61
Country_172,2006,25.7
Country_172,2007,25.01
Country_172,2008,25.37
Country_172,2009,25.79
Country_172,2010,25.95
Country_172,2011,25.75
Country_172,2012,25.56
Country_172,2013,25.15
Country_172,2014,26.39
Country_172,2015,25.75
Country_172,2016,25.93
Country_172,2017,26.03
Country_172,2018,25.83
Country_172,2019,25.39
Country_172,2020,25.71
Country_172,2021,25.67
Country_172,2022,25.73
Country_172,2023,26.43
Country_173,1900,22.26
Country_173,1901,22.23
Country_173,1902,22.16
Country_173,1903,22.33
Country_173,1904,22.67
Country_173,1905,22.41
Country_173,1906,22.31
Country_173,1907,22.45
Country_173,1908,22.51
Country_173,1909,22.55
Country_173,1910,21.78
Country_173,1911,22.9
Country_173,1912,22.64
Country_173,1913,22.38
Country_173,1914,22.76
Country_173,1915,22.82
Country_173,1916,23.1
Country_173,1917,22.47
Country_173,1918,22.77
Country_173,1919,22.45
Country_173,1920,22.07
Country_173,1921,23.05
Country_173,1922,22.64
Country_173,1923,22.0
Country_173,1924,22.67
Country_173,1925,22.77
Country_173,1926,22.6
Country_173,1927,22.89
Country_173,1928,22.69
Country_173,1929,22.63
Country_173,1930,23.08
Country_173,1931,22.77
Country_173,1932,23.1
Country_173,1933,22.79
Country_173,1934,22.88
Country_173,1935,22.74
Country_173,1936,23.24
Country_173,1937,22.38
Country_173,1938,22.46
Country_173,1939,22.99
Country_173,1940,22.62
Country_173,1941,22.22
Country_173,1942,23.03
Country_173,1943,22.81
Country_173,1944,22.91
Country_173,1945,23.06
Country_173,1946,22.34
Country_173,1947,22.54
Country_173,1948,22.69
Country_173,1949,23.21
Country_173,1950,23.28
Country_173,1951,23.25
Country_173,1952,23.06
Country_173,1953,22.86
Country_173,1954,23.87
Country_173,1955,23.52
Country_173,1956,23.44
Country_173,1957,22.86
Country_173,1958,22.98
Country_173,1959,23.1
Country_173,1960,23.16
Country_173,1961,23.34
Country_173,1962,22.77
Country_173,1963,23.44
Country_173,1964,22.65
Country_173,1965,22.56
Country_173,1966,23.39
Country_173,1967,23.26
Country_173,1968,23.67
Country_173,1969,23.03
Country_173,1970,23.62
Country_173,1971,23.02
Country_173,1972,23.12
Country_173,1973,22.93
Country_173,1974,23.22
Country_173,1975,23.64
Country_173,1976,23.4
Country_173,1977,23.71
Country_173,1978,23.96
Country_173,1979,23.35
Country_173,1980,23.76
Country_173,1981,23.48
Country_173,1982,23.66
Country_173,1983,23.55
Country_173,1984,23.42
Country_173,1985,23.75
Country_173,1986,23.85
Country_173,1987,23.06
Country_173,1988,23.99
Country_173,1989,23.39
Country_173,1990,23.45
Country_173,1991,23.73
Country_173,1992,23.76
Country_173,1993,23.78
Country_173,1994,24.01
Country_173,1995,23.22
Country_173,1996,23.91
Country_173,1997,23.96
Country_173,1998,24.47
Country_173,1999,23.66
Country_173,2000,23.45
Country_173,2001,23.66
Country_173,2002,24.24
Country_173,2003,24.06
Country_173,2004,23.68
Country_173,2005,24.03
Country_173,2006,23.72
Country_173,2007,24.12
Country_173,2008,24.43
Country_173,2009,23.84
Country_173,2010,24.03
Country_173,2011,24.2
Country_173,2012,24.34
Country_173,2013,23.65
Country_173,2014,24.97
Country_173,2015,23.7
Country_173,2016,23.73
Country_173,2017,24.06
Country_173,2018,24.29
Country_173,2019,24.61
Country_173,2020,23.89
Country_173,2021,24.71
Country_173,2022,24.23
Country_173,2023,24.51
Country_174,1900,21.34
Country_174,1901,21.7
Country_174,1902,21.53
Country_174,1903,21.85
Country_174,1904,21.59
Country_174,1905,21.59
Country_174,1906,20.52
Country_174,1907,21.52
Country_174,1908,22.16
Country_174,1909,21.54
Country_174,1910,21.74
Country_174,1911,21.98
Country_174,1912,21.38
Country_174,1913,21.42
Country_174,1914,21.38
Country_174,1915,21.66
Country_174,1916,21.38
Country_174,1917,21.54
Country_174,1918,20.99
Country_174,1919,21.82
Country_174,1920,21.58
Country_174,1921,21.55
Country_174,1922,21.73
Country_174,1923,21.61
Country_174,1924,22.05
Country_174,1925,22.35
Country_174,1926,21.43
Country_174,1927,22.12
Country_174,1928,21.33
Country_174,1929,22.27
Country_174,1930,21.92
Country_174,1931,21.64
Country_174,1932,21.79
Country_174,1933,21.52
Country_174,1934,21.9
Country_174,1935,21.92
Country_174,1936,21.98
Country_174,1937,22.32
Country_174,1938,22.05
Country_174,1939,22.91
Country_174,1940,22.24
Country_174,1941,22.42
Country_174,1942,22.0
Country_174,1943,21.99
Country_174,1944,21.81
Country_174,1945,21.92
Country_174,1946,21.58
Country_174,1947,21.91
Country_174,1948,22.01
Country_174,1949,22.5
Country_174,1950,22.15
Country_174,1951,21.53
Country_174,1952,22.19
Country_174,1953,21.76
Country_174,1954,21.93
Country_174,1955,21.99
Country_174,1956,22.59
Country_174,1957,22.49
Country_174,1958,21.85
Country_174,1959,22.33
Country_174,1960,21.78
Country_174,1961,22.03
Country_174,1962,22.41
Country_174,1963,21.91
Country_174,1964,22.5
Country_174,1965,22.78
Country_174,1966,22.12
Country_174,1967,23.47
Country_174,1968,22.75
Country_174,1969,22.21
Country_174,1970,22.38
Country_174,1971,22.42
Country_174,1972,22.65
Country_174,1973,22.07
Country_174,1974,22.6
Country_174,1975,22.64
Country_174,1976,21.69
Country_174,1977,22.51
Country_174,1978,22.5
Country_174,1979,22.53
Country_174,1980,22.39
Country_174,1981,22.66
Country_174,1982,22.28
Country_174,1983,22.43
Country_174,1984,22.52
Country_174,1985,22.35
Country_174,1986,21.77
Country_174,1987,22.67
Country_174,1988,22.57
Country_174,1989,23.12
Country_174,1990,22.82
Country_174,1991,22.23
Country_174,1992,23.03
Country_174,1993,22.79
Country_174,1994,22.45
Country_174,1995,22.85
Country_174,1996,22.68
Country_174,1997,22.75
Country_174,1998,22.96
Country_174,1999,23.12
Country_174,2000,23.29
Country_174,2001,23.37
Country_174,2002,23.14
Country_174,2003,23.12
Country_174,2004,23.12
Country_174,2005,22.48
Country_174,2006,22.62
Country_174,2007,23.16
Country_174,2008,22.77
Country_174,2009,22.44
Country_174,2010,22.95
Country_174,2011,23.0
Country_174,2012,22.92
Country_174,2013,22.7
Country_174,2014,23.05
Country_174,2015,23.6
Country_174,2016,22.72
Country_174,2017,23.17
Country_174,2018,23.42
Country_174,2019,23.09
Country_174,2020,22.57
Country_174,2021,23.12
Country_174,2022,23.06
Country_174,2023,23.68
Country_175,1900,9.45
Country_175,1901,10.03
Country_175,1902,9.85
Country_175,1903,10.52
Country_175,1904,9.72
Country_175,1905,9.74
Country_175,1906,10.43
Country_175,1907,10.12
Country_175,1908,10.12
Country_175,1909,10.04
Country_175,1910,10.54
Country_175,1911,10.14
Country_175,1912,10.5
Country_175,1913,9.99
Country_175,1914,9.66
Country_175,1915,10.55
Country_175,1916,10.17
Country_175,1917,10.01
Country_175,1918,10.05
Country_175,1919,9.94
Country_175,1920,10.83
Country_175,1921,9.94
Country_175,1922,10.47
Country_175,1923,10.71
Country_175,1924,10.46
Country_175,1925,10.74
Country_175,1926,10.11
Country_175,1927,10.57
Country_175,1928,10.2
Country_175,1929,10.36
Country_175,1930,10.65
Country_175,1931,10.02
Country_175,1932,10.61
Country_175,1933,10.31
Country_175,1934,10.39
Country_175,1935,10.21
Country_175,1936,11.31
Country_175,1937,10.84
Country_175,1938,10.54
Country_175,1939,10.86
Country_175,1940,10.55
Country_175,1941,10.18
Country_175,1942,10.72
Country_175,1943,10.58
Country_175,1944,10.71
Country_175,1945,10.89
Country_175,1946,10.72
Country_175,1947,10.99
Country_175,1948,10.59
Country_175,1949,11.35
Country_175,1950,10.42
Country_175,1951,11.22
Country_175,1952,10.65
Country_175,1953,11.15
Country_175,1954,10.54
Country_175,1955,10.74
Country_175,1956,11.0
Country_175,1957,10.23
Country_175,1958,10.59
Country_175,1959,11.27
Country_175,1960,10.33
Country_175,1961,10.28
Country_175,1962,10.53
Country_175,1963,10.78
Country_175,1964,10.68
Country_175,1965,10.95
Country_175,1966,10.86
Country_175,1967,11.09
Country_175,1968,11.19
Country_175,1969,11.02
Country_175,1970,11.06
Country_175,1971,11.01
Country_175,1972,11.07
Country_175,1973,11.15
Country_175,1974,10.78
Country_175,1975,10.69
Country_175,1976,11.46
Country_175,1977,11.46
Country_175,1978,10.66
Country_175,1979,10.91
Country_175,1980,10.69
Country_175,1981,11.13
Country_175,1982,11.19
Country_175,1983,11.26
Country_175,1984,10.81
Country_175,1985,11.26
Country_175,1986,11.17
Country_175,1987,11.47
Country_175,1988,11.3
Country_175,1989,11.31
Country_175,1990,11.33
Country_175,1991,11.13
Country_175,1992,11.06
Country_175,1993,11.21
Country_175,1994,11.33
Country_175,1995,11.99
Country_175,1996,11.49
Country_175,1997,10.95
Country_175,1998,11.76
Country_175,1999,11.67
Country_175,2000,11.09
Country_175,2001,11.99
Country_175,2002,11.37
Country_175,2003,11.63
Country_175,2004,11.11
Country_175,2005,12.25
Country_175,2006,11.5
Country_175,2007,11.36
Country_175,2008,11.7
Country_175,2009,12.14
Country_175,2010,11.45
Country_175,2011,11.81
Country_175,2012,12.17
Country_175,2013,11.47
Country_175,2014,12.02
Country_175,2015,11.77
Country_175,2016,11.47
Country_175,2017,11.94
Country_175,2018,12.04
Country_175,2019,12.02
Country_175,2020,12.53
Country_175,2021,12.63
Country_175,2022,11.6
Country_175,2023,11.98
Country_176,1900,24.78
Country_176,1901,24.74
Country_176,1902,24.76
Country_176,1903,24.24
Country_176,1904,24.49
Country_176,1905,24.65
Country_176,1906,24.9
Country_176,1907,24.96
Country_176,1908,24.91
Country_176,1909,25.35
Country_176,1910,24.85
Country_176,1911,24.47
Country_176,1912,24.55
Country_176,1913,24.1
Country_176,1914,24.99
Country_176,1915,24.91
Country_176,1916,24.69
Country_176,1917,24.0
Country_176,1918,24.46
Country_176,1919,24.27
Country_176,1920,24.97
Country_176,1921,24.68
Country_176,1922,24.89
Country_176,1923,24.95
Country_176,1924,24.76
Country_176,1925,24.91
Country_176,1926,24.67
Country_176,1927,24.77
Country_176,1928,25.4
Country_176,1929,25.1
Country_176,1930,24.68
Country_176,1931,24.88
Country_176,1932,25.1
Country_176,1933,24.79
Country_176,1934,25.03
Country_176,1935,25.4
Country_176,1936,25.55
Country_176,1937,25.39
Country_176,1938,25.22
Country_176,1939,25.27
Country_176,1940,25.05
Country_176,1941,24.95
Country_176,1942,25.01
Country_176,1943,24.74
Country_176,1944,25.86
Country_176,1945,25.33
Country_176,1946,24.96
Country_176,1947,25.21
Country_176,1948,25.69
Country_176,1949,25.33
Country_176,1950,25.2
Country_176,1951,24.88
Country_176,1952,24.99
Country_176,1953,25.39
Country_176,1954,25.25
Country_176,1955,25.61
Country_176,1956,25.49
Country_176,1957,25.06
Country_176,1958,25.02
Country_176,1959,25.44
Country_176,1960,25.03
Country_176,1961,25.38
Country_176,1962,25.3
Country_176,1963,25.28
Country_176,1964,25.17
Country_176,1965,24.79
Country_176,1966,25.21
Country_176,1967,25.46
Country_176,1968,25.58
Country_176,1969,25.48
Country_176,1970,25.14
Country_176,1971,25.7
Country_176,1972,25.75
Country_176,1973,25.11
Country_176,1974,24.91
Country_176,1975,25.37
Country_176,1976,25.43
Country_176,1977,25.42
Country_176,1978,25.89
Country_176,1979,25.96
Country_176,1980,25.72
Country_176,1981,25.54
Country_176,1982,25.69
Country_176,1983,25.83
Country_176,1984,26.17
Country_176,1985,25.95
Country_176,1986,25.21
Country_176,1987,25.94
Country_176,1988,25.79
Country_176,1989,25.94
Country_176,1990,25.53
Country_176,1991,25.46
Country_176,1992,25.45
Country_176,1993,25.84
Country_176,1994,25.55
Country_176,1995,25.27
Country_176,1996,25.38
Country_176,1997,25.63
Country_176,1998,26.02
Country_176,1999,25.91
Country_176,2000,25.35
Country_176,2001,26.55
Country_176,2002,26.12
Country_176,2003,26.34
Country_176,2004,25.58
Country_176,2005,26.38
Country_176,2006,25.8
Country_176,2007,25.7
Country_176,2008,26.28
Country_176,2009,26.08
Country_176,2010,25.84
Country_176,2011,25.96
Country_176,2012,26.49
Country_176,2013,26.19
Country_176,2014,26.28
Country_176,2015,26.31
Country_176,2016,26.05
Country_176,2017,26.91
Country_176,2018,27.0
Country_176,2019,26.19
Country_176,2020,26.03
Country_176,2021,26.28
Country_176,2022,25.75
Country_176,2023,26.17
Country_177,1900,11.45
Country_177,1901,11.53
Country_177,1902,11.45
Country_177,1903,11.04
Country_177,1904,11.52
Country_177,1905,11.6
Country_177,1906,11.5
Country_177,1907,11.45
Country_177,1908,11.82
Country_177,1909,11.57
Country_177,1910,11.35
Country_177,1911,11.13
Country_177,1912,11.25
Country_177,1913,11.52
Country_177,1914,11.22
Country_177,1915,11.06
Country_177,1916,11.56
Country_177,1917,11.59
Country_177,1918,11.12
Country_177,1919,11.04
Country_177,1920,11.35
Country_177,1921,11.56
Country_177,1922,11.81
Country_177,1923,11.72
Country_177,1924,11.9
Country_177,1925,11.25
Country_177,1926,11.75
Country_177,1927,11.45
Country_177,1928,11.93
Country_177,1929,10.99
Country_177,1930,11.23
Country_177,1931,11.12
Country_177,1932,11.62
Country_177,1933,12.09
Country_177,1934,11.62
Country_177,1935,11.75
Country_177,1936,11.74
Country_177,1937,11.74
Country_177,1938,11.42
Country_177,1939,11.8
Country_177,1940,12.15
Country_177,1941,11.48
Country_177,1942,12.09
Country_177,1943,11.92
Country_177,1944,11.84
Country_177,1945,12.06
Country_177,1946,12.43
Country_177,1947,11.89
Country_177,1948,11.79
Country_177,1949,11.74
Country_177,1950,11.87
Country_177,1951,11.9
Country_177,1952,12.37
Country_177,1953,12.69
Country_177,1954,12.29
Country_177,1955,11.59
Country_177,1956,11.74
Country_177,1957,12.05
Country_177,1958,11.86
Country_177,1959,12.67
Country_177,1960,12.16
Country_177,1961,12.46
Country_177,1962,11.84
Country_177,1963,12.22
Country_177,1964,12.18
Country_177,1965,11.93
Country_177,1966,12.25
Country_177,1967,11.98
Country_177,1968,12.63
Country_177,1969,12.1
Country_177,1970,12.21
Country_177,1971,12.59
Country_177,1972,12.3
Country_177,1973,12.99
Country_177,1974,11.85
Country_177,1975,12.55
Country_177,1976,12.3
Country_177,1977,12.75
Country_177,1978,12.79
Country_177,1979,12.14
Country_177,1980,12.53
Country_177,1981,12.04
Country_177,1982,12.98
Country_177,1983,12.32
Country_177,1984,12.21
Country_177,1985,12.62
Country_177,1986,12.56
Country_177,1987,12.46
Country_177,1988,12.43
Country_177,1989,12.76
Country_177,1990,12.18
Country_177,1991,12.55
Country_177,1992,12.52
Country_177,1993,12.15
Country_177,1994,12.69
Country_177,1995,12.28
Country_177,1996,12.76
Country_177,1997,13.18
Country_177,1998,12.58
Country_177,1999,12.75
Country_177,2000,13.15
Country_177,2001,12.63
Country_177,2002,12.62
Country_177,2003,12.93
Country_177,2004,13.41
Country_177,2005,13.37
Country_177,2006,12.84
Country_177,2007,13.38
Country_177,2008,12.84
Country_177,2009,12.7
Country_177,2010,12.91
Country_177,2011,12.62
Country_177,2012,12.58
Country_177,2013,12.85
Country_177,2014,13.08
Country_177,2015,13.32
Country_177,2016,13.28
Country_177,2017,12.86
Country_177,2018,13.07
Country_177,2019,13.31
Country_177,2020,13.16
Country_177,2021,13.07
Country_177,2022,13.1
Country_177,2023,13.16
Country_178,1900,16.02
Country_178,1901,16.04
Country_178,1902,15.85
Country_178,1903,16.44
Country_178,1904,15.64
Country_178,1905,16.03
Country_178,1906,16.07
Country_178,1907,16.14
Country_178,1908,16.35
Country_178,1909,16.13
Country_178,1910,15.86
Country_178,1911,16.18
Country_178,1912,16.24
Country_178,1913,16.14
Country_178,1914,16.52
Country_178,1915,16.63
Country_178,1916,16.09
Country_178,1917,16.28
Country_178,1918,16.6
Country_178,1919,16.8
Country_178,1920,16.35
Country_178,1921,16.64
Country_178,1922,16.71
Country_178,1923,16.35
Country_178,1924,17.03
Country_178,1925,16.77
Country_178,1926,16.78
Country_178,1927,16.8
Country_178,1928,16.44
Country_178,1929,16.37
Country_178,1930,16.28
Country_178,1931,16.68
Country_178,1932,16.82
Country_178,1933,16.93
Country_178,1934,16.49
Country_178,1935,16.22
Country_178,1936,16.05
Country_178,1937,16.86
Country_178,1938,16.49
Country_178,1939,16.75
Country_178,1940,16.25
Country_178,1941,16.1
Country_178,1942,16.33
Country_178,1943,16.27
Country_178,1944,16.66
Country_178,1945,16.56
Country_178,1946,16.82
Country_178,1947,17.48
Country_178,1948,16.58
Country_178,1949,17.3
Country_178,1950,16.47
Country_178,1951,17.2
Country_178,1952,16.55
Country_178,1953,17.12
Country_178,1954,16.56
Country_178,1955,16.78
Country_178,1956,16.96
Country_178,1957,16.6
Country_178,1958,17.3
Country_178,1959,16.52
Country_178,1960,16.86
Country_178,1961,16.87
Country_178,1962,17.18
Country_178,1963,16.83
Country_178,1964,16.83
Country_178,1965,17.09
Country_178,1966,17.15
Country_178,1967,17.89
Country_178,1968,17.4
Country_178,1969,16.98
Country_178,1970,17.36
Country_178,1971,17.22
Country_178,1972,17.46
Country_178,1973,17.27
Country_178,1974,17.32
Country_178,1975,17.13
Country_178,1976,17.3
Country_178,1977,17.59
Country_178,1978,17.16
Country_178,1979,17.29
Country_178,1980,18.1
Country_178,1981,16.91
Country_178,1982,17.23
Country_178,1983,17.49
Country_178,1984,17.62
Country_178,1985,17.62
Country_178,1986,17.53
Country_178,1987,17.35
Country_178,1988,16.78
Country_178,1989,17.73
Country_178,1990,17.63
Country_178,1991,17.2
Country_178,1992,17.2
Country_178,1993,17.42
Country_178,1994,17.17
Country_178,1995,17.31
Country_178,1996,17.07
Country_178,1997,17.14
Country_178,1998,17.67
Country_178,1999,17.6
Country_178,2000,17.48
Country_178,2001,17.46
Country_178,2002,17.07
Country_178,2003,17.16
Country_178,2004,17.49
Country_178,2005,17.97
Country_178,2006,17.73
Country_178,2007,17.45
Country_178,2008,17.41
Country_178,2009,17.82
Country_178,2010,17.79
Country_178,2011,17.04
Country_178,2012,17.95
Country_178,2013,17.99
Country_178,2014,17.62
Country_178,2015,17.65
Country_178,2016,17.62
Country_178,2017,17.64
Country_178,2018,17.86
Country_178,2019,17.92
Country_178,2020,17.44
Country_178,2021,17.76
Country_178,2022,17.42
Country_178,2023,17.86
Country_179,1900,16.67
Country_179,1901,15.99
Country_179,1902,15.8
Country_179,1903,16.4
Country_179,1904,16.22
Country_179,1905,16.15
Country_179,1906,16.49
Country_179,1907,16.55
Country_179,1908,16.45
Country_179,1909,16.2
Country_179,1910,16.1
Country_179,1911,16.01
Country_179,1912,16.08
Country_179,1913,15.86
Country_179,1914,16.83
Country_179,1915,16.2
Country_179,1916,16.11
Country_179,1917,15.74
Country_179,1918,15.78
Country_179,1919,16.04
Country_179,1920,16.47
Country_179,1921,15.46
Country_179,1922,16.74
Country_179,1923,16.88
Country_179,1924,16.15
Country_179,1925,16.86
Country_179,1926,16.41
Country_179,1927,16.2
Country_179,1928,16.55
Country_179,1929,16.39
Country_179,1930,16.17
Country_179,1931,16.96
Country_179,1932,16.29
Country_179,1933,16.33
Country_179,1934,16.37
Country_179,1935,16.55
Country_179,1936,16.81
Country_179,1937,16.58
Country_179,1938,17.11
Country_179,1939,16.88
Country_179,1940,16.76
Country_179,1941,16.49
Country_179,1942,16.45
Country_179,1943,16.83
Country_179,1944,16.96
Country_179,1945,16.28
Country_179,1946,16.71
Country_179,1947,16.75
Country_179,1948,16.82
Country_179,1949,16.92
Country_179,1950,17.09
Country_179,1951,16.81
Country_179,1952,16.39
Country_179,1953,16.49
Country_179,1954,17.03
Country_179,1955,17.0
Country_179,1956,16.88
Country_179,1957,16.47
Country_179,1958,17.19
Country_179,1959,16.72
Country_179,1960,17.32
Country_179,1961,16.55
Country_179,1962,17.38
Country_179,1963,16.98
Country_179,1964,17.46
Country_179,1965,16.65
Country_179,1966,17.14
Country_179,1967,16.95
Country_179,1968,17.37
Country_179,1969,17.11
Country_179,1970,17.3
Country_179,1971,16.86
Country_179,1972,17.45
Country_179,1973,17.27
Country_179,1974,16.8
Country_179,1975,16.84
Country_179,1976,17.19
Country_179,1977,16.97
Country_179,1978,17.14
Country_179,1979,17.04
Country_179,1980,17.19
Country_179,1981,17.1
Country_179,1982,17.15
Country_179,1983,17.53
Country_179,1984,17.46
Country_179,1985,16.91
Country_179,1986,17.13
Country_179,1987,17.29
Country_179,1988,17.71
Country_179,1989,17.25
Country_179,1990,17.12
Country_179,1991,17.42
Country_179,1992,17.37
Country_179,1993,17.14
Country_179,1994,17.04
Country_179,1995,17.88
Country_179,1996,17.31
Country_179,1997,17.06
Country_179,1998,17.93
Country_179,1999,17.65
Country_179,2000,17.68
Country_179,2001,17.36
Country_179,2002,17.66
Country_179,2003,17.34
Country_179,2004,17.53
Country_179,2005,17.52
Country_179,2006,17.67
Country_179,2007,18.38
Country_179,2008,17.47
Country_179,2009,17.63
Country_179,2010,17.76
Country_179,2011,18.13
Country_179,2012,18.02
Country_179,2013,18.31
Country_179,2014,17.97
Country_179,2015,17.76
Country_179,2016,18.12
Country_179,2017,17.91
Country_179,2018,17.65
Country_179,2019,17.33
Country_179,2020,18.29
Country_179,2021,18.0
Country_179,2022,18.0
Country_179,2023,17.9
Country_180,1900,22.66
Country_180,1901,22.97
Country_180,1902,23.54
Country_180,1903,23.26
Country_180,1904,23.43
Country_180,1905,23.73
Country_180,1906,23.57
Country_180,1907,23.59
Country_180,1908,23.21
Country_180,1909,23.66
Country_180,1910,23.58
Country_180,1911,23.56
Country_180,1912,23.56
Country_180,1913,23.34
Country_180,1914,23.74
Country_180,1915,23.95
Country_180,1916,23.52
Country_180,1917,23.53
Country_180,1918,23.26
Country_180,1919,24.01
Country_180,1920,24.23
Country_180,1921,23.79
Country_180,1922,23.74
Country_180,1923,23.51
Country_180,1924,23.12
Country_180,1925,23.81
Country_180,1926,23.63
Country_180,1927,24.02
Country_180,1928,23.21
Country_180,1929,24.31
Country_180,1930,23.68
Country_180,1931,23.83
Country_180,1932,23.79
Country_180,1933,23.38
Country_180,1934,23.91
Country_180,1935,23.98
Country_180,1936,23.46
Country_180,1937,23.68
Country_180,1938,23.66
Country_180,1939,24.24
Country_180,1940,24.02
Country_180,1941,23.91
Country_180,1942,24.11
Country_180,1943,23.89
Country_180,1944,23.4
Country_180,1945,23.95
Country_180,1946,24.31
Country_180,1947,23.66
Country_180,1948,24.18
Country_180,1949,23.34
Country_180,1950,23.74
Country_180,1951,24.08
Country_180,1952,23.99
Country_180,1953,24.66
Country_180,1954,24.33
Country_180,1955,24.15
Country_180,1956,24.33
Country_180,1957,24.12
Country_180,1958,24.62
Country_180,1959,23.88
Country_180,1960,23.71
Country_180,1961,24.18
Country_180,1962,24.3
Country_180,1963,24.56
Country_180,1964,24.3
Country_180,1965,23.93
Country_180,1966,24.08
Country_180,1967,24.62
Country_180,1968,24.36
Country_180,1969,24.97
Country_180,1970,24.99
Country_180,1971,24.72
Country_180,1972,24.71
Country_180,1973,24.27
Country_180,1974,24.83
Country_180,1975,24.92
Country_180,1976,24.57
Country_180,1977,24.14
Country_180,1978,24.56
Country_180,1979,24.72
Country_180,1980,24.53
Country_180,1981,24.18
Country_180,1982,24.19
Country_180,1983,24.51
Country_180,1984,24.82
Country_180,1985,24.65
Country_180,1986,24.28
Country_180,1987,24.19
Country_180,1988,24.62
Country_180,1989,24.35
Country_180,1990,24.89
Country_180,1991,24.55
Country_180,1992,25.0
Country_180,1993,24.63
Country_180,1994,24.74
Country_180,1995,25.67
Country_180,1996,24.06
Country_180,1997,24.5
Country_180,1998,24.7
Country_180,1999,24.88
Country_180,2000,24.58
Country_180,2001,24.75
Country_180,2002,24.65
Country_180,2003,24.93
Country_180,2004,24.72
Country_180,2005,24.87
Country_180,2006,24.58
Country_180,2007,24.8
Country_180,2008,24.78
Country_180,2009,24.56
Country_180,2010,24.9
Country_180,2011,25.07
Country_180,2012,24.9
Country_180,2013,25.3
Country_180,2014,24.91
Country_180,2015,25.11
Country_180,2016,24.45
Country_180,2017,24.96
Country_180,2018,25.08
Country_180,2019,25.32
Country_180,2020,25.22
Country_180,2021,25.17
Country_180,2022,24.83
Country_180,2023,24.91
Country_181,1900,18.36
Country_181,1901,18.87
Country_181,1902,18.84
Country_181,1903,19.05
Country_181,1904,18.55
Country_181,1905,18.64
Country_181,1906,18.66
Country_181,1907,18.51
Country_181,1908,18.47
Country_181,1909,18.67
Country_181,1910,19.03
Country_181,1911,19.41
Country_181,1912,19.03
Country_181,1913,19.1
Country_181,1914,19.14
Country_181,1915,19.16
Country_181,1916,19.25
Country_181,1917,19.55
Country_181,1918,19.43
Country_181,1919,19.19
Country_181,1920,18.71
Country_181,1921,19.69
Country_181,1922,19.13
Country_181,1923,19.07
Country_181,1924,19.66
Country_181,1925,19.32
Country_181,1926,19.08
Country_181,1927,18.38
Country_181,1928,19.5
Country_181,1929,19.35
Country_181,1930,19.02
Country_181,1931,19.52
Country_181,1932,19.15
Country_181,1933,19.49
Country_181,1934,18.98
Country_181,1935,19.96
Country_181,1936,19.03
Country_181,1937,19.66
Country_181,1938,19.7
Country_181,1939,18.91
Country_181,1940,19.46
Country_181,1941,19.86
Country_181,1942,19.63
Country_181,1943,19.89
Country_181,1944,19.26
Country_181,1945,19.67
Country_181,1946,19.49
Country_181,1947,19.39
Country_181,1948,19.65
Country_181,1949,19.13
Country_181,1950,19.37
Country_181,1951,19.62
Country_181,1952,19.65
Country_181,1953,19.49
Country_181,1954,19.37
Country_181,1955,19.41
Country_181,1956,20.12
Country_181,1957,20.02
Country_181,1958,19.24
Country_181,1959,19.34
Country_181,1960,19.96
Country_181,1961,20.19
Country_181,1962,19.88
Country_181,1963,19.72
Country_181,1964,19.84
Country_181,1965,19.96
Country_181,1966,19.81
Country_181,1967,19.71
Country_181,1968,19.36
Country_181,1969,20.5
Country_181,1970,20.16
Country_181,1971,19.92
Country_181,1972,19.73
Country_181,1973,19.85
Country_181,1974,19.72
Country_181,1975,19.45
Country_181,1976,20.31
Country_181,1977,19.69
Country_181,1978,19.44
Country_181,1979,19.79
Country_181,1980,20.01
Country_181,1981,19.66
Country_181,1982,19.55
Country_181,1983,20.15
Country_181,1984,20.14
Country_181,1985,20.18
Country_181,1986,19.66
Country_181,1987,20.3
Country_181,1988,20.32
Country_181,1989,19.99
Country_181,1990,20.27
Country_181,1991,19.93
Country_181,1992,19.84
Country_181,1993,20.25
Country_181,1994,20.09
Country_181,1995,19.63
Country_181,1996,20.35
Country_181,1997,20.4
Country_181,1998,20.63
Country_181,1999,19.95
Country_181,2000,20.36
Country_181,2001,19.8
Country_181,2002,19.88
Country_181,2003,20.39
Country_181,2004,20.67
Country_181,2005,20.73
Country_181,2006,20.34
Country_181,2007,20.88
Country_181,2008,20.66
Country_181,2009,20.34
Country_181,2010,20.47
Country_181,2011,20.23
Country_181,2012,20.28
Country_181,2013,19.95
Country_181,2014,20.14
Country_181,2015,20.33
Country_181,2016,20.43
Country_181,2017,20.58
Country_181,2018,20.14
Country_181,2019,20.73
Country_181,2020,20.93
Country_181,2021,20.67
Country_181,2022,20.92
Country_181,2023,21.12
Country_182,1900,14.28
Country_182,1901,14.58
Country_182,1902,14.7
Country_182,1903,14.57
Country_182,1904,14.3
Country_182,1905,14.06
Country_182,1906,14.78
Country_182,1907,14.67
Country_182,1908,14.43
Country_182,1909,13.97
Country_182,1910,15.2
Country_182,1911,14.69
Country_182,1912,14.54
Country_182,1913,14.44
Country_182,1914,14.24
Country_182,1915,14.71
Country_182,1916,14.68
Country_182,1917,14.35
Country_182,1918,15.29
Country_182,1919,14.71
Country_182,1920,14.28
Country_182,1921,14.09
Country_182,1922,15.18
Country_182,1923,15.07
Country_182,1924,14.92
Country_182,1925,14.59
Country_182,1926,14.89
Country_182,1927,15.07
Country_182,1928,14.62
Country_182,1929,15.25
Country_182,1930,15.0
Country_182,1931,14.7
Country_182,1932,15.0
Country_182,1933,15.09
Country_182,1934,14.98
Country_182,1935,14.6
Country_182,1936,14.62
Country_182,1937,15.07
Country_182,1938,15.18
Country_182,1939,15.01
Country_182,1940,15.6
Country_182,1941,15.37
Country_182,1942,14.87
Country_182,1943,15.74
Country_182,1944,15.24
Country_182,1945,14.87
Country_182,1946,15.57
Country_182,1947,15.12
Country_182,1948,14.69
Country_182,1949,14.46
Country_182,1950,14.8
Country_182,1951,15.45
Country_182,1952,15.29
Country_182,1953,15.15
Country_182,1954,15.26
Country_182,1955,15.39
Country_182,1956,15.2
Country_182,1957,14.92
Country_182,1958,15.66
Country_182,1959,15.14
Country_182,1960,15.31
Country_182,1961,15.54
Country_182,1962,15.21
Country_182,1963,15.54
Country_182,1964,15.04
Country_182,1965,14.92
Country_182,1966,15.74
Country_182,1967,15.54
Country_182,1968,15.87
Country_182,1969,15.91
Country_182,1970,15.2
Country_182,1971,15.51
Country_182,1972,15.42
Country_182,1973,16.26
Country_182,1974,15.48
Country_182,1975,15.96
Country_182,1976,14.85
Country_182,1977,15.16
Country_182,1978,15.76
Country_182,1979,15.88
Country_182,1980,16.02
Country_182,1981,15.4
Country_182,1982,15.66
Country_182,1983,16.38
Country_182,1984,15.47
Country_182,1985,16.54
Country_182,1986,15.66
Country_182,1987,15.62
Country_182,1988,15.33
Country_182,1989,16.42
Country_182,1990,15.53
Country_182,1991,15.96
Country_182,1992,16.24
Country_182,1993,15.75
Country_182,1994,15.97
Country_182,1995,15.32
Country_182,1996,16.0
Country_182,1997,15.94
Country_182,1998,16.01
Country_182,1999,15.52
Country_182,2000,15.81
Country_182,2001,16.11
Country_182,2002,15.41
Country_182,2003,16.08
Country_182,2004,16.38
Country_182,2005,15.72
Country_182,2006,15.74
Country_182,2007,15.95
Country_182,2008,15.98
Country_182,2009,16.02
Country_182,2010,15.39
Country_182,2011,16.26
Country_182,2012,16.29
Country_182,2013,16.17
Country_182,2014,16.32
Country_182,2015,15.54
Country_182,2016,16.46
Country_182,2017,16.14
Country_182,2018,16.39
Country_182,2019,15.58
Country_182,2020,16.11
Country_182,2021,16.25
Country_182,2022,16.77
Country_182,2023,16.28
Country_183,1900,23.83
Country_183,1901,25.01
Country_183,1902,24.52
Country_183,1903,24.38
Country_183,1904,24.71
Country_183,1905,24.55
Country_183,1906,24.61
Country_183,1907,25.19
Country_183,1908,24.79
Country_183,1909,24.48
Country_183,1910,24.51
Country_183,1911,24.58
Country_183,1912,25.02
Country_183,1913,24.71
Country_183,1914,24.76
Country_183,1915,24.87
Country_183,1916,24.37
Country_183,1917,25.18
Country_183,1918,25.17
Country_183,1919,24.99
Country_183,1920,24.44
Country_183,1921,24.89
Country_183,1922,25.31
Country_183,1923,25.14
Country_183,1924,24.29
Country_183,1925,24.65
Country_183,1926,24.92
Country_183,1927,25.11
Country_183,1928,24.79
Country_183,1929,24.53
Country_183,1930,24.76
Country_183,1931,24.52
Country_183,1932,25.19
Country_183,1933,25.2
Country_183,1934,25.04
Country_183,1935,24.99
Country_183,1936,24.9
Country_183,1937,25.24
Country_183,1938,24.3
Country_183,1939,25.39
Country_183,1940,24.93
Country_183,1941,24.65
Country_183,1942,25.63
Country_183,1943,25.5
Country_183,1944,25.25
Country_183,1945,25.18
Country_183,1946,25.28
Country_183,1947,25.4
Country_183,1948,24.34
Country_183,1949,24.93
Country_183,1950,24.91
Country_183,1951,24.65
Country_183,1952,25.28
Country_183,1953,25.05
Country_183,1954,24.7
Country_183,1955,24.91
Country_183,1956,25.58
Country_183,1957,25.47
Country_183,1958,25.08
Country_183,1959,25.58
Country_183,1960,26.23
Country_183,1961,26.06
Country_183,1962,25.37
Country_183,1963,25.27
Country_183,1964,25.21
Country_183,1965,25.24
Country_183,1966,26.44
Country_183,1967,25.72
Country_183,1968,25.72
Country_183,1969,25.51
Country_183,1970,25.46
Country_183,1971,25.58
Country_183,1972,25.88
Country_183,1973,25.71
Country_183,1974,25.32
Country_183,1975,25.22
Country_183,1976,26.14
Country_183,1977,25.4
Country_183,1978,26.12
Country_183,1979,25.59
Country_183,1980,25.81
Country_183,1981,26.04
Country_183,1982,25.41
Country_183,1983,25.56
Country_183,1984,25.71
Country_183,1985,26.17
Country_183,1986,25.99
Country_183,1987,25.68
Country_183,1988,25.48
Country_183,1989,25.88
Country_183,1990,26.04
Country_183,1991,26.01
Country_183,1992,25.45
Country_183,1993,26.16
Country_183,1994,25.54
Country_183,1995,25.88
Country_183,1996,26.14
Country_183,1997,26.15
Country_183,1998,26.33
Country_183,1999,26.21
Country_183,2000,25.57
Country_183,2001,25.52
Country_183,2002,25.96
Country_183,2003,26.11
Country_183,2004,25.92
Country_183,2005,26.16
Country_183,2006,25.81
Country_183,2007,26.18
Country_183,2008,26.07
Country_183,2009,25.8
Country_183,2010,26.49
Country_183,2011,26.31
Country_183,2012,26.66
Country_183,2013,26.39
Country_183,2014,26.67
Country_183,2015,26.25
Country_183,2016,25.52
Country_183,2017,27.01
Country_183,2018,26.15
Country_183,2019,26.27
Country_183,2020,26.18
Country_183,2021,26.71
Country_183,2022,26.03
Country_183,2023,25.7
Country_184,1900,12.36
Country_184,1901,12.46
Country_184,1902,12.53
Country_184,1903,12.82
Country_184,1904,12.72
Country_184,1905,12.49
Country_184,1906,13.08
Country_184,1907,12.53
Country_184,1908,12.7
Country_184,1909,12.96
Country_184,1910,12.47
Country_184,1911,12.47
Country_184,1912,13.28
Country_184,1913,12.78
Country_184,1914,12.79
Country_184,1915,12.68
Country_184,1916,12.91
Country_184,1917,12.91
Country_184,1918,13.19
Country_184,1919,12.84
Country_184,1920,12.96
Country_184,1921,12.85
Country_184,1922,13.04
Country_184,1923,13.4
Country_184,1924,13.33
Country_184,1925,13.26
Country_184,1926,13.08
Country_184,1927,12.83
Country_184,1928,12.83
Country_184,1929,13.19
Country_184,1930,13.07
Country_184,1931,12.66
Country_184,1932,12.77
Country_184,1933,13.01
Country_184,1934,13.37
Country_184,1935,13.0
Country_184,1936,13.13
Country_184,1937,13.67
Country_184,1938,13.1
Country_184,1939,13.17
Country_184,1940,13.11
Country_184,1941,13.26
Country_184,1942,12.82
Country_184,1943,13.26
Country_184,1944,13.21
Country_184,1945,13.89
Country_184,1946,13.28
Country_184,1947,13.23
Country_184,1948,12.87
Country_184,1949,13.14
Country_184,1950,13.81
Country_184,1951,13.65
Country_184,1952,13.48
Country_184,1953,13.85
Country_184,1954,13.88
Country_184,1955,13.02
Country_184,1956,13.88
Country_184,1957,13.57
Country_184,1958,13.15
Country_184,1959,13.07
Country_184,1960,13.65
Country_184,1961,13.45
Country_184,1962,13.2
Country_184,1963,13.32
Country_184,1964,13.13
Country_184,1965,13.52
Country_184,1966,13.69
Country_184,1967,13.71
Country_184,1968,13.12
Country_184,1969,13.61
Country_184,1970,13.44
Country_184,1971,13.74
Country_184,1972,13.71
Country_184,1973,13.42
Country_184,1974,13.75
Country_184,1975,13.54
Country_184,1976,13.64
Country_184,1977,13.48
Country_184,1978,13.56
Country_184,1979,13.5
Country_184,1980,13.49
Country_184,1981,13.72
Country_184,1982,13.87
Country_184,1983,13.97
Country_184,1984,14.19
Country_184,1985,13.71
Country_184,1986,14.05
Country_184,1987,13.81
Country_184,1988,14.18
Country_184,1989,14.12
Country_184,1990,13.88
Country_184,1991,14.08
Country_184,1992,13.95
Country_184,1993,13.07
Country_184,1994,13.87
Country_184,1995,13.94
Country_184,1996,14.59
Country_184,1997,14.07
Country_184,1998,13.87
Country_184,1999,14.23
Country_184,2000,14.33
Country_184,2001,13.94
Country_184,2002,14.13
Country_184,2003,13.69
Country_184,2004,14.16
Country_184,2005,14.27
Country_184,2006,13.76
Country_184,2007,14.26
Country_184,2008,13.83
Country_184,2009,13.99
Country_184,2010,14.4
Country_184,2011,14.53
Country_184,2012,14.16
Country_184,2013,13.46
Country_184,2014,14.15
Country_184,2015,14.97
Country_184,2016,13.66
Country_184,2017,13.83
Country_184,2018,14.43
Country_184,2019,14.38
Country_184,2020,14.61
Country_184,2021,14.88
Country_184,2022,14.81
Country_184,2023,14.76
Country_185,1900,14.28
Country_185,1901,13.64
Country_185,1902,14.34
Country_185,1903,14.45
Country_185,1904,14.59
Country_185,1905,14.29
Country_185,1906,14.36
Country_185,1907,14.08
Country_185,1908,14.33
Country_185,1909,13.77
Country_185,1910,14.72
Country_185,1911,14.4
Country_185,1912,13.83
Country_185,1913,14.75
Country_185,1914,13.69
Country_185,1915,14.56
Country_185,1916,14.0
Country_185,1917,14.28
Country_185,1918,14.76
Country_185,1919,13.96
Country_185,1920,14.27
Country_185,1921,14.3
Country_185,1922,14.1
Country_185,1923,15.27
Country_185,1924,14.84
Country_185,1925,14.53
Country_185,1926,14.23
Country_185,1927,14.81
Country_185,1928,14.41
Country_185,1929,13.97
Country_185,1930,13.97
Country_185,1931,14.64
Country_185,1932,14.14
Country_185,1933,14.58
Country_185,1934,14.94
Country_185,1935,14.95
Country_185,1936,14.42
Country_185,1937,15.05
Country_185,1938,14.38
Country_185,1939,14.67
Country_185,1940,14.63
Country_185,1941,14.5
Country_185,1942,14.49
Country_185,1943,14.66
Country_185,1944,14.72
Country_185,1945,15.13
Country_185,1946,14.85
Country_185,1947,14.81
Country_185,1948,14.51
Country_185,1949,14.63
Country_185,1950,14.61
Country_185,1951,15.07
Country_185,1952,14.92
Country_185,1953,14.62
Country_185,1954,15.32
Country_185,1955,15.11
Country_185,1956,14.77
Country_185,1957,14.54
Country_185,1958,15.09
Country_185,1959,15.14
Country_185,1960,15.18
Country_185,1961,15.01
Country_185,1962,14.81
Country_185,1963,14.8
Country_185,1964,15.22
Country_185,1965,14.6
Country_185,1966,15.43
Country_185,1967,15.27
Country_185,1968,15.37
Country_185,1969,15.03
Country_185,1970,14.84
Country_185,1971,15.33
Country_185,1972,14.94
Country_185,1973,15.41
Country_185,1974,15.13
Country_185,1975,14.58
Country_185,1976,15.31
Country_185,1977,14.87
Country_185,1978,14.82
Country_185,1979,15.38
Country_185,1980,15.52
Country_185,1981,15.62
Country_185,1982,15.11
Country_185,1983,16.23
Country_185,1984,15.19
Country_185,1985,15.66
Country_185,1986,15.57
Country_185,1987,15.42
Country_185,1988,15.61
Country_185,1989,15.19
Country_185,1990,15.58
Country_185,1991,15.35
Country_185,1992,15.59
Country_185,1993,14.98
Country_185,1994,15.33
Country_185,1995,15.2
Country_185,1996,15.67
Country_185,1997,15.56
Country_185,1998,15.38
Country_185,1999,15.48
Country_185,2000,15.12
Country_185,2001,15.65
Country_185,2002,15.81
Country_185,2003,15.22
Country_185,2004,15.89
Country_185,2005,15.86
Country_185,2006,15.28
Country_185,2007,15.79
Country_185,2008,15.33
Country_185,2009,15.8
Country_185,2010,16.04
Country_185,2011,16.07
Country_185,2012,15.64
Country_185,2013,15.94
Country_185,2014,16.12
Country_185,2015,15.99
Country_185,2016,15.8
Country_185,2017,15.77
Country_185,2018,15.81
Country_185,2019,15.34
Country_185,2020,15.62
Country_185,2021,15.65
Country_185,2022,15.88
Country_185,2023,16.61
Country_186,1900,23.95
Country_186,1901,24.32
Country_186,1902,24.84
Country_186,1903,24.42
Country_186,1904,24.23
Country_186,1905,24.64
Country_186,1906,24.7
Country_186,1907,25.07
Country_186,1908,24.57
Country_186,1909,24.71
Country_186,1910,24.02
Country_186,1911,23.87
Country_186,1912,24.36
Country_186,1913,24.4
Country_186,1914,24.39
Country_186,1915,24.66
Country_186,1916,24.12
Country_186,1917,24.39
Country_186,1918,24.59
Country_186,1919,24.69
Country_186,1920,24.4
Country_186,1921,24.88
Country_186,1922,24.81
Country_186,1923,24.76
Country_186,1924,24.36
Country_186,1925,24.63
Country_186,1926,24.84
Country_186,1927,24.74
Country_186,1928,24.46
Country_186,1929,24.37
Country_186,1930,24.42
Country_186,1931,25.23
Country_186,1932,24.79
Country_186,1933,25.16
Country_186,1934,24.83
Country_186,1935,24.52
Country_186,1936,25.26
Country_186,1937,24.7
Country_186,1938,24.17
Country_186,1939,25.22
Country_186,1940,25.19
Country_186,1941,24.84
Country_186,1942,24.87
Country_186,1943,24.62
Country_186,1944,25.57
Country_186,1945,25.15
Country_186,1946,24.89
Country_186,1947,24.98
Country_186,1948,25.01
Country_186,1949,25.16
Country_186,1950,25.19
Country_186,1951,24.33
Country_186,1952,25.7
Country_186,1953,25.29
Country_186,1954,25.3
Country_186,1955,25.13
Country_186,1956,25.81
Country_186,1957,24.82
Country_186,1958,24.59
Country_186,1959,24.95
Country_186,1960,25.57
Country_186,1961,25.4
Country_186,1962,25.27
Country_186,1963,25.67
Country_186,1964,25.38
Country_186,1965,25.39
Country_186,1966,24.98
Country_186,1967,24.75
Country_186,1968,24.9
Country_186,1969,25.01
Country_186,1970,25.3
Country_186,1971,25.28
Country_186,1972,24.63
Country_186,1973,25.39
Country_186,1974,25.56
Country_186,1975,25.52
Country_186,1976,25.31
Country_186,1977,25.39
Country_186,1978,25.38
Country_186,1979,25.84
Country_186,1980,25.35
Country_186,1981,25.27
Country_186,1982,25.45
Country_186,1983,25.34
Country_186,1984,25.51
Country_186,1985,25.26
Country_186,1986,24.88
Country_186,1987,25.23
Country_186,1988,25.8
Country_186,1989,26.1
Country_186,1990,25.36
Country_186,1991,25.62
Country_186,1992,25.76
Country_186,1993,25.9
Country_186,1994,25.87
Country_186,1995,25.58
Country_186,1996,26.09
Country_186,1997,25.7
Country_186,1998,25.83
Country_186,1999,26.11
Country_186,2000,25.84
Country_186,2001,26.35
Country_186,2002,26.36
Country_186,2003,26.03
Country_186,2004,25.87
Country_186,2005,25.81
Country_186,2006,26.05
Country_186,2007,26.08
Country_186,2008,25.78
Country_186,2009,25.97
Country_186,2010,25.93
Country_186,2011,25.97
Country_186,2012,25.91
Country_186,2013,26.13
Country_186,2014,26.56
Country_186,2015,26.01
Country_186,2016,25.84
Country_186,2017,26.04
Country_186,2018,26.1
Country_186,2019,26.62
Country_186,2020,25.8
Country_186,2021,25.64
Country_186,2022,25.86
Country_186,2023,26.0
Country_187,1900,16.12
Country_187,1901,16.31
Country_187,1902,16.54
Country_187,1903,16.46
Country_187,1904,16.52
Country_187,1905,16.29
Country_187,1906,16.28
Country_187,1907,16.65
Country_187,1908,17.04
Country_187,1909,17.11
Country_187,1910,16.45
Country_187,1911,16.92
Country_187,1912,16.46
Country_187,1913,16.21
Country_187,1914,16.93
Country_187,1915,16.45
Country_187,1916,16.65
Country_187,1917,16.74
Country_187,1918,16.86
Country_187,1919,16.76
Country_187,1920,16.04
Country_187,1921,16.48
Country_187,1922,16.34
Country_187,1923,16.94
Country_187,1924,16.26
Country_187,1925,16.55
Country_187,1926,16.52
Country_187,1927,16.8
Country_187,1928,16.63
Country_187,1929,17.05
Country_187,1930,16.86
Country_187,1931,17.1
Country_187,1932,17.0
Country_187,1933,16.67
Country_187,1934,17.13
Country_187,1935,16.97
Country_187,1936,17.34
Country_187,1937,17.28
Country_187,1938,16.94
Country_187,1939,17.23
Country_187,1940,17.3
Country_187,1941,16.99
Country_187,1942,16.47
Country_187,1943,17.04
Country_187,1944,16.58
Country_187,1945,16.89
Country_187,1946,16.83
Country_187,1947,17.0
Country_187,1948,17.5
Country_187,1949,16.7
Country_187,1950,17.16
Country_187,1951,17.83
Country_187,1952,17.65
Country_187,1953,17.19
Country_187,1954,17.32
Country_187,1955,17.48
Country_187,1956,17.15
Country_187,1957,17.41
Country_187,1958,16.97
Country_187,1959,17.45
Country_187,1960,17.87
Country_187,1961,17.17
Country_187,1962,17.44
Country_187,1963,17.95
Country_187,1964,17.46
Country_187,1965,17.52
Country_187,1966,17.19
Country_187,1967,17.48
Country_187,1968,17.48
Country_187,1969,17.29
Country_187,1970,17.22
Country_187,1971,17.53
Country_187,1972,17.45
Country_187,1973,17.79
Country_187,1974,17.36
Country_187,1975,17.5
Country_187,1976,17.59
Country_187,1977,17.52
Country_187,1978,17.09
Country_187,1979,17.57
Country_187,1980,17.3
Country_187,1981,17.27
Country_187,1982,16.75
Country_187,1983,16.86
Country_187,1984,18.35
Country_187,1985,17.55
Country_187,1986,17.87
Country_187,1987,17.6
Country_187,1988,18.17
Country_187,1989,17.58
Country_187,1990,17.6
Country_187,1991,17.54
Country_187,1992,17.64
Country_187,1993,17.82
Country_187,1994,17.84
Country_187,1995,18.22
Country_187,1996,18.18
Country_187,1997,17.62
Country_187,1998,17.85
Country_187,1999,17.92
Country_187,2000,18.56
Country_187,2001,17.26
Country_187,2002,17.76
Country_187,2003,17.73
Country_187,2004,17.96
Country_187,2005,17.82
Country_187,2006,18.34
Country_187,2007,18.44
Country_187,2008,18.42
Country_187,2009,17.62
Country_187,2010,18.45
Country_187,2011,18.54
Country_187,2012,18.52
Country_187,2013,18.17
Country_187,2014,18.14
Country_187,2015,17.97
Country_187,2016,18.31
Country_187,2017,17.83
Country_187,2018,17.69
Country_187,2019,18.06
Country_187,2020,18.29
Country_187,2021,18.2
Country_187,2022,18.33
Country_187,2023,18.73
Country_188,1900,13.07
Country_188,1901,13.19
Country_188,1902,13.43
Country_188,1903,13.19
Country_188,1904,13.75
Country_188,1905,13.6
Country_188,1906,13.73
Country_188,1907,13.66
Country_188,1908,13.51
Country_188,1909,12.87
Country_188,1910,13.98
Country_188,1911,13.32
Country_188,1912,13.64
Country_188,1913,13.67
Country_188,1914,13.9
Country_188,1915,13.64
Country_188,1916,14.09
Country_188,1917,14.12
Country_188,1918,14.19
Country_188,1919,14.09
Country_188,1920,13.77
Country_188,1921,13.94
Country_188,1922,14.38
Country_188,1923,13.74
Country_188,1924,14.1
Country_188,1925,13.79
Country_188,1926,13.86
Country_188,1927,13.52
Country_188,1928,13.41
Country_188,1929,14.32
Country_188,1930,13.96
Country_188,1931,14.11
Country_188,1932,14.13
Country_188,1933,14.01
Country_188,1934,13.57
Country_188,1935,14.07
Country_188,1936,14.08
Country_188,1937,14.15
Country_188,1938,14.32
Country_188,1939,13.79
Country_188,1940,13.8
Country_188,1941,14.14
Country_188,1942,14.37
Country_188,1943,14.11
Country_188,1944,14.16
Country_188,1945,14.07
Country_188,1946,14.0
Country_188,1947,14.23
Country_188,1948,14.52
Country_188,1949,14.16
Country_188,1950,14.27
Country_188,1951,13.12
Country_188,1952,14.19
Country_188,1953,14.41
Country_188,1954,14.38
Country_188,1955,14.07
Country_188,1956,14.36
Country_188,1957,14.44
Country_188,1958,14.35
Country_188,1959,14.22
Country_188,1960,14.46
Country_188,1961,13.79
Country_188,1962,14.17
Country_188,1963,14.53
Country_188,1964,14.52
Country_188,1965,14.66
Country_188,1966,14.19
Country_188,1967,15.08
Country_188,1968,15.08
Country_188,1969,14.21
Country_188,1970,13.72
Country_188,1971,14.18
Country_188,1972,15.11
Country_188,1973,14.89
Country_188,1974,14.86
Country_188,1975,14.53
Country_188,1976,14.55
Country_188,1977,14.95
Country_188,1978,14.19
Country_188,1979,14.67
Country_188,1980,15.03
Country_188,1981,14.8
Country_188,1982,15.1
Country_188,1983,15.06
Country_188,1984,15.4
Country_188,1985,14.83
Country_188,1986,14.48
Country_188,1987,14.44
Country_188,1988,14.32
Country_188,1989,14.71
Country_188,1990,14.44
Country_188,1991,13.88
Country_188,1992,15.01
Country_188,1993,15.44
Country_188,1994,14.65
Country_188,1995,15.11
Country_188,1996,15.38
Country_188,1997,15.38
Country_188,1998,15.17
Country_188,1999,15.4
Country_188,2000,15.16
Country_188,2001,14.6
Country_188,2002,14.99
Country_188,2003,15.37
Country_188,2004,14.94
Country_188,2005,14.84
Country_188,2006,14.74
Country_188,2007,15.36
Country_188,2008,15.17
Country_188,2009,15.15
Country_188,2010,15.06
Country_188,2011,14.65
Country_188,2012,15.28
Country_188,2013,15.51
Country_188,2014,14.8
Country_188,2015,15.21
Country_188,2016,14.91
Country_188,2017,14.98
Country_188,2018,15.0
Country_188,2019,15.29
Country_188,2020,15.15
Country_188,2021,15.59
Country_188,2022,15.81
Country_188,2023,15.39
Country_189,1900,10.0
Country_189,1901,10.45
Country_189,1902,10.24
Country_189,1903,10.69
Country_189,1904,10.71
Country_189,1905,10.03
Country_189,1906,10.66
Country_189,1907,10.0
Country_189,1908,10.57
Country_189,1909,10.67
Country_189,1910,10.19
Country_189,1911,9.99
Country_189,1912,10.58
Country_189,1913,11.04
Country_189,1914,10.17
Country_189,1915,9.98
Country_189,1916,10.04
Country_189,1917,10.47
Country_189,1918,10.75
Country_189,1919,10.81
Country_189,1920,10.32
Country_189,1921,10.6
Country_189,1922,10.72
Country_189,1923,10.32
Country_189,1924,10.54
Country_189,1925,10.3
Country_189,1926,10.66
Country_189,1927,10.48
Country_189,1928,10.46
Country_189,1929,10.81
Country_189,1930,11.3
Country_189,1931,11.02
Country_189,1932,10.37
Country_189,1933,11.1
Country_189,1934,10.49
Country_189,1935,10.91
Country_189,1936,10.97
Country_189,1937,10.78
Country_189,1938,11.15
Country_189,1939,11.17
Country_189,1940,10.92
Country_189,1941,10.72
Country_189,1942,11.22
Country_189,1943,10.88
Country_189,1944,10.78
Country_189,1945,11.14
Country_189,1946,10.79
Country_189,1947,10.49
Country_189,1948,11.11
Country_189,1949,10.79
Country_189,1950,10.96
Country_189,1951,10.68
Country_189,1952,11.2
Country_189,1953,11.11
Country_189,1954,11.44
Country_189,1955,11.27
Country_189,1956,11.31
Country_189,1957,10.82
Country_189,1958,11.29
Country_189,1959,10.93
Country_189,1960,11.01
Country_189,1961,11.55
Country_189,1962,11.3
Country_189,1963,10.28
Country_189,1964,11.33
Country_189,1965,11.35
Country_189,1966,10.79
Country_189,1967,11.38
Country_189,1968,11.01
Country_189,1969,11.4
Country_189,1970,11.69
Country_189,1971,10.83
Country_189,1972,11.36
Country_189,1973,10.97
Country_189,1974,11.59
Country_189,1975,11.43
Country_189,1976,11.66
Country_189,1977,11.16
Country_189,1978,11.92
Country_189,1979,11.39
Country_189,1980,11.31
Country_189,1981,12.18
Country_189,1982,11.32
Country_189,1983,11.61
Country_189,1984,11.28
Country_189,1985,12.04
Country_189,1986,11.87
Country_189,1987,11.29
Country_189,1988,11.76
Country_189,1989,11.86
Country_189,1990,11.08
Country_189,1991,11.49
Country_189,1992,11.75
Country_189,1993,11.99
Country_189,1994,11.52
Country_189,1995,11.84
Country_189,1996,11.36
Country_189,1997,10.96
Country_189,1998,11.89
Country_189,1999,11.51
Country_189,2000,11.65
Country_189,2001,11.99
Country_189,2002,11.91
Country_189,2003,11.45
Country_189,2004,11.5
Country_189,2005,11.72
Country_189,2006,11.87
Country_189,2007,12.55
Country_189,2008,12.09
Country_189,2009,12.42
Country_189,2010,12.26
Country_189,2011,11.65
Country_189,2012,11.45
Country_189,2013,12.35
Country_189,2014,12.0
Country_189,2015,12.22
Country_189,2016,12.53
Country_189,2017,12.26
Country_189,2018,12.02
Country_189,2019,12.73
Country_189,2020,12.3
Country_189,2021,11.6
Country_189,2022,12.42
Country_189,2023,12.26
Country_190,1900,15.9
Country_190,1901,15.75
Country_190,1902,14.6
Country_190,1903,15.15
Country_190,1904,15.1
Country_190,1905,15.76
Country_190,1906,15.48
Country_190,1907,15.99
Country_190,1908,15.22
Country_190,1909,15.55
Country_190,1910,15.19
Country_190,1911,15.47
Country_190,1912,15.95
Country_190,1913,15.85
Country_190,1914,15.53
Country_190,1915,15.36
Country_190,1916,15.47
Country_190,1917,15.38
Country_190,1918,15.31
Country_190,1919,14.84
Country_190,1920,15.64
Country_190,1921,15.17
Country_190,1922,15.5
Country_190,1923,15.44
Country_190,1924,15.85
Country_190,1925,15.24
Country_190,1926,15.47
Country_190,1927,15.5
Country_190,1928,15.09
Country_190,1929,15.85
Country_190,1930,15.33
Country_190,1931,15.79
Country_190,1932,15.71
Country_190,1933,15.7
Country_190,1934,16.04
Country_190,1935,15.61
Country_190,1936,15.53
Country_190,1937,15.79
Country_190,1938,15.41
Country_190,1939,16.13
Country_190,1940,16.09
Country_190,1941,16.16
Country_190,1942,16.08
Country_190,1943,16.33
Country_190,1944,15.62
Country_190,1945,16.63
Country_190,1946,15.63
Country_190,1947,16.19
Country_190,1948,16.05
Country_190,1949,15.52
Country_190,1950,15.82
Country_190,1951,15.92
Country_190,1952,16.28
Country_190,1953,15.74
Country_190,1954,16.49
Country_190,1955,15.77
Country_190,1956,15.81
Country_190,1957,16.21
Country_190,1958,16.05
Country_190,1959,16.58
Country_190,1960,15.95
Country_190,1961,16.31
Country_190,1962,16.63
Country_190,1963,16.5
Country_190,1964,15.89
Country_190,1965,16.11
Country_190,1966,16.18
Country_190,1967,16.22
Country_190,1968,16.44
Country_190,1969,16.11
Country_190,1970,16.44
Country_190,1971,16.3
Country_190,1972,16.38
Country_190,1973,16.61
Country_190,1974,16.19
Country_190,1975,16.53
Country_190,1976,15.99
Country_190,1977,16.09
Country_190,1978,16.4
Country_190,1979,16.57
Country_190,1980,16.47
Country_190,1981,16.26
Country_190,1982,15.84
Country_190,1983,16.63
Country_190,1984,16.35
Country_190,1985,16.56
Country_190,1986,16.37
Country_190,1987,16.62
Country_190,1988,16.55
Country_190,1989,16.64
Country_190,1990,16.23
Country_190,1991,16.11
Country_190,1992,16.45
Country_190,1993,16.79
Country_190,1994,16.53
Country_190,1995,16.59
Country_190,1996,16.81
Country_190,1997,16.45
Country_190,1998,16.71
Country_190,1999,16.46
Country_190,2000,16.76
Country_190,2001,16.6
Country_190,2002,16.8
Country_190,2003,16.06
Country_190,2004,17.11
Country_190,2005,17.11
Country_190,2006,16.82
Country_190,2007,16.9
Country_190,2008,17.41
Country_190,2009,16.59
Country_190,2010,17.22
Country_190,2011,16.7
Country_190,2012,17.26
Country_190,2013,17.23
Country_190,2014,16.89
Country_190,2015,17.26
Country_190,2016,16.43
Country_190,2017,16.94
Country_190,2018,16.75
Country_190,2019,17.14
Country_190,2020,16.81
Country_190,2021,17.15
Country_190,2022,17.1
Country_190,2023,17.22
Country_191,1900,17.99
Country_191,1901,18.1
Country_191,1902,18.37
Country_191,1903,19.18
Country_191,1904,18.31
Country_191,1905,18.89
Country_191,1906,18.85
Country_191,1907,18.33
Country_191,1908,18.78
Country_191,1909,18.57
Country_191,1910,18.73
Country_191,1911,18.96
Country_191,1912,18.76
Country_191,1913,19.27
Country_191,1914,19.03
Country_191,1915,18.69
Country_191,1916,19.15
Country_191,1917,19.25
Country_191,1918,18.51
Country_191,1919,18.72
Country_191,1920,18.9
Country_191,1921,19.15
Country_191,1922,19.47
Country_191,1923,19.12
Country_191,1924,19.0
Country_191,1925,18.38
Country_191,1926,19.16
Country_191,1927,18.99
Country_191,1928,19.01
Country_191,1929,19.13
Country_191,1930,19.28
Country_191,1931,18.93
Country_191,1932,19.39
Country_191,1933,19.44
Country_191,1934,18.98
Country_191,1935,19.27
Country_191,1936,19.28
Country_191,1937,19.13
Country_191,1938,19.08
Country_191,1939,18.63
Country_191,1940,18.95
Country_191,1941,19.5
Country_191,1942,19.4
Country_191,1943,19.77
Country_191,1944,19.87
Country_191,1945,18.54
Country_191,1946,19.14
Country_191,1947,19.5
Country_191,1948,19.38
Country_191,1949,19.01
Country_191,1950,18.91
Country_191,1951,19.07
Country_191,1952,19.06
Country_191,1953,19.83
Country_191,1954,19.08
Country_191,1955,19.16
Country_191,1956,19.29
Country_191,1957,18.86
Country_191,1958,19.62
Country_191,1959,19.58
Country_191,1960,19.47
Country_191,1961,19.17
Country_191,1962,19.79
Country_191,1963,19.51
Country_191,1964,19.54
Country_191,1965,19.38
Country_191,1966,19.38
Country_191,1967,19.46
Country_191,1968,19.03
Country_191,1969,19.81
Country_191,1970,19.36
Country_191,1971,19.74
Country_191,1972,18.98
Country_191,1973,19.28
Country_191,1974,19.84
Country_191,1975,19.93
Country_191,1976,19.83
Country_191,1977,19.1
Country_191,1978,20.24
Country_191,1979,20.03
Country_191,1980,20.02
Country_191,1981,19.93
Country_191,1982,19.71
Country_191,1983,20.11
Country_191,1984,19.69
Country_191,1985,19.59
Country_191,1986,19.97
Country_191,1987,20.05
Country_191,1988,19.83
Country_191,1989,20.08
Country_191,1990,20.27
Country_191,1991,19.83
Country_191,1992,20.06
Country_191,1993,19.65
Country_191,1994,20.27
Country_191,1995,19.88
Country_191,1996,19.96
Country_191,1997,19.85
Country_191,1998,20.03
Country_191,1999,20.15
Country_191,2000,20.27
Country_191,2001,20.0
Country_191,2002,20.3
Country_191,2003,20.16
Country_191,2004,20.03
Country_191,2005,20.19
Country_191,2006,20.47
Country_191,2007,20.49
Country_191,2008,20.25
Country_191,2009,19.7
Country_191,2010,19.98
Country_191,2011,20.03
Country_191,2012,20.38
Country_191,2013,19.75
Country_191,2014,20.56
Country_191,2015,20.08
Country_191,2016,20.23
Country_191,2017,20.51
Country_191,2018,20.52
Country_191,2019,20.27
Country_191,2020,19.83
Country_191,2021,20.51
Country_191,2022,20.5
Country_191,2023,20.68
Country_192,1900,12.34
Country_192,1901,12.75
Country_192,1902,12.56
Country_192,1903,12.45
Country_192,1904,12.02
Country_192,1905,12.54
Country_192,1906,12.73
Country_192,1907,12.15
Country_192,1908,11.86
Country_192,1909,12.81
Country_192,1910,12.62
Country_192,1911,12.76
Country_192,1912,12.85
Country_192,1913,12.65
Country_192,1914,12.73
Country_192,1915,13.0
Country_192,1916,12.9
Country_192,1917,12.47
Country_192,1918,12.72
Country_192,1919,12.92
Country_192,1920,12.38
Country_192,1921,13.19
Country_192,1922,12.45
Country_192,1923,12.67
Country_192,1924,12.49
Country_192,1925,12.77
Country_192,1926,12.81
Country_192,1927,12.7
Country_192,1928,13.34
Country_192,1929,12.86
Country_192,1930,12.99
Country_192,1931,12.72
Country_192,1932,12.98
Country_192,1933,12.95
Country_192,1934,13.07
Country_192,1935,12.85
Country_192,1936,13.03
Country_192,1937,12.89
Country_192,1938,12.85
Country_192,1939,13.0
Country_192,1940,13.12
Country_192,1941,12.95
Country_192,1942,13.02
Country_192,1943,13.21
Country_192,1944,13.12
Country_192,1945,12.85
Country_192,1946,12.72
Country_192,1947,13.15
Country_192,1948,12.96
Country_192,1949,13.45
Country_192,1950,13.3
Country_192,1951,12.83
Country_192,1952,13.26
Country_192,1953,13.2
Country_192,1954,12.9
Country_192,1955,13.75
Country_192,1956,13.11
Country_192,1957,13.78
Country_192,1958,13.32
Country_192,1959,13.4
Country_192,1960,13.35
Country_192,1961,13.04
Country_192,1962,13.76
Country_192,1963,13.4
Country_192,1964,13.18
Country_192,1965,13.33
Country_192,1966,13.57
Country_192,1967,13.52
Country_192,1968,13.58
Country_192,1969,13.63
Country_192,1970,13.49
Country_192,1971,13.69
Country_192,1972,13.49
Country_192,1973,13.69
Country_192,1974,13.54
Country_192,1975,13.35
Country_192,1976,14.15
Country_192,1977,14.02
Country_192,1978,14.08
Country_192,1979,13.8
Country_192,1980,13.98
Country_192,1981,13.52
Country_192,1982,13.51
Country_192,1983,13.44
Country_192,1984,13.69
Country_192,1985,13.96
Country_192,1986,13.91
Country_192,1987,13.5
Country_192,1988,13.58
Country_192,1989,14.02
Country_192,1990,14.09
Country_192,1991,13.6
Country_192,1992,13.95
Country_192,1993,13.49
Country_192,1994,13.64
Country_192,1995,14.07
Country_192,1996,13.77
Country_192,1997,13.57
Country_192,1998,13.22
Country_192,1999,13.84
Country_192,2000,13.88
Country_192,2001,14.02
Country_192,2002,14.22
Country_192,2003,13.72
Country_192,2004,13.9
Country_192,2005,13.93
Country_192,2006,13.91
Country_192,2007,14.02
Country_192,2008,14.22
Country_192,2009,14.38
Country_192,2010,14.3
Country_192,2011,13.89
Country_192,2012,14.52
Country_192,2013,14.3
Country_192,2014,14.36
Country_192,2015,14.53
Country_192,2016,14.17
Country_192,2017,14.1
Country_192,2018,14.62
Country_192,2019,14.49
Country_192,2020,14.51
Country_192,2021,14.42
Country_192,2022,14.12
Country_192,2023,13.9
Country_193,1900,17.83
Country_193,1901,17.98
Country_193,1902,18.09
Country_193,1903,17.53
Country_193,1904,17.6
Country_193,1905,17.89
Country_193,1906,17.88
Country_193,1907,18.22
Country_193,1908,18.04
Country_193,1909,18.3
Country_193,1910,18.12
Country_193,1911,18.3
Country_193,1912,17.86
Country_193,1913,17.62
Country_193,1914,18.33
Country_193,1915,18.2
Country_193,1916,18.57
Country_193,1917,17.54
Country_193,1918,17.96
Country_193,1919,17.81
Country_193,1920,18.23
Country_193,1921,18.02
Country_193,1922,18.29
Country_193,1923,17.84
Country_193,1924,17.67
Country_193,1925,18.07
Country_193,1926,18.7
Country_193,1927,17.94
Country_193,1928,18.07
Country_193,1929,18.55
Country_193,1930,17.81
Country_193,1931,18.25
Country_193,1932,18.44
Country_193,1933,18.0
Country_193,1934,18.63
Country_193,1935,18.8
Country_193,1936,18.86
Country_193,1937,17.88
Country_193,1938,18.92
Country_193,1939,18.73
Country_193,1940,18.09
Country_193,1941,18.56
Country_193,1942,18.95
Country_193,1943,18.58
Country_193,1944,18.66
Country_193,1945,18.77
Country_193,1946,18.31
Country_193,1947,18.83
Country_193,1948,18.46
Country_193,1949,18.84
Country_193,1950,19.08
Country_193,1951,19.23
Country_193,1952,18.9
Country_193,1953,18.39
Country_193,1954,18.3
Country_193,1955,18.55
Country_193,1956,18.84
Country_193,1957,18.63
Country_193,1958,18.58
Country_193,1959,18.75
Country_193,1960,18.16
Country_193,1961,19.23
Country_193,1962,18.63
Country_193,1963,18.66
Country_193,1964,19.62
Country_193,1965,19.2
Country_193,1966,18.99
Country_193,1967,18.78
Country_193,1968,19.02
Country_193,1969,18.88
Country_193,1970,18.89
Country_193,1971,18.96
Country_193,1972,19.13
Country_193,1973,19.07
Country_193,1974,18.51
Country_193,1975,19.26
Country_193,1976,18.52
Country_193,1977,19.7
Country_193,1978,19.08
Country_193,1979,18.97
Country_193,1980,18.92
Country_193,1981,19.08
Country_193,1982,19.07
Country_193,1983,19.21
Country_193,1984,19.28
Country_193,1985,19.06
Country_193,1986,18.77
Country_193,1987,19.41
Country_193,1988,19.6
Country_193,1989,19.41
Country_193,1990,18.83
Country_193,1991,19.09
Country_193,1992,19.0
Country_193,1993,18.88
Country_193,1994,19.33
Country_193,1995,19.52
Country_193,1996,19.26
Country_193,1997,19.13
Country_193,1998,19.42
Country_193,1999,19.05
Country_193,2000,19.34
Country_193,2001,19.46
Country_193,2002,19.21
Country_193,2003,18.85
Country_193,2004,18.97
Country_193,2005,19.26
Country_193,2006,19.26
Country_193,2007,19.03
Country_193,2008,19.28
Country_193,2009,19.23
Country_193,2010,19.54
Country_193,2011,19.42
Country_193,2012,19.69
Country_193,2013,19.44
Country_193,2014,20.11
Country_193,2015,19.49
Country_193,2016,19.67
Country_193,2017,19.69
Country_193,2018,19.58
Country_193,2019,19.58
Country_193,2020,19.0
Country_193,2021,19.82
Country_193,2022,19.64
Country_193,2023,19.67
Country_194,1900,24.4
Country_194,1901,24.89
Country_194,1902,24.03
Country_194,1903,24.97
Country_194,1904,24.49
Country_194,1905,24.45
Country_194,1906,24.18
Country_194,1907,25.0
Country_194,1908,24.75
Country_194,1909,24.51
Country_194,1910,25.26
Country_194,1911,24.69
Country_194,1912,25.04
Country_194,1913,24.46
Country_194,1914,25.01
Country_194,1915,24.99
Country_194,1916,25.19
Country_194,1917,24.54
Country_194,1918,24.86
Country_194,1919,24.56
Country_194,1920,24.91
Country_194,1921,24.56
Country_194,1922,25.22
Country_194,1923,24.5
Country_194,1924,24.47
Country_194,1925,24.38
Country_194,1926,25.0
Country_194,1927,24.95
Country_194,1928,24.98
Country_194,1929,25.38
Country_194,1930,25.05
Country_194,1931,25.11
Country_194,1932,25.39
Country_194,1933,24.87
Country_194,1934,25.14
Country_194,1935,24.9
Country_194,1936,25.34
Country_194,1937,24.63
Country_194,1938,24.78
Country_194,1939,25.36
Country_194,1940,25.32
Country_194,1941,25.44
Country_194,1942,25.34
Country_194,1943,24.73
Country_194,1944,25.05
Country_194,1945,24.85
Country_194,1946,24.99
Country_194,1947,25.09
Country_194,1948,25.05
Country_194,1949,24.8
Country_194,1950,25.82
Country_194,1951,24.84
Country_194,1952,25.87
Country_194,1953,25.18
Country_194,1954,25.1
Country_194,1955,25.06
Country_194,1956,25.75
Country_194,1957,24.94
Country_194,1958,24.68
Country_194,1959,24.98
Country_194,1960,25.09
Country_194,1961,24.7
Country_194,1962,25.26
Country_194,1963,25.04
Country_194,1964,25.11
Country_194,1965,25.45
Country_194,1966,25.27
Country_194,1967,25.35
Country_194,1968,25.24
Country_194,1969,25.09
Country_194,1970,25.78
Country_194,1971,25.73
Country_194,1972,25.75
Country_194,1973,25.42
Country_194,1974,25.58
Country_194,1975,25.62
Country_194,1976,24.96
Country_194,1977,25.45
Country_194,1978,25.7
Country_194,1979,26.04
Country_194,1980,25.54
Country_194,1981,25.45
Country_194,1982,25.68
Country_194,1983,25.65
Country_194,1984,25.48
Country_194,1985,25.37
Country_194,1986,26.0
Country_194,1987,25.6
Country_194,1988,26.0
Country_194,1989,26.19
Country_194,1990,25.35
Country_194,1991,25.79
Country_194,1992,25.65
Country_194,1993,25.85
Country_194,1994,25.73
Country_194,1995,25.34
Country_194,1996,25.65
Country_194,1997,26.0
Country_194,1998,26.03
Country_194,1999,26.52
Country_194,2000,26.38
Country_194,2001,26.32
Country_194,2002,25.95
Country_194,2003,26.57
Country_194,2004,25.85
Country_194,2005,26.26
Country_194,2006,26.24
Country_194,2007,26.33
Country_194,2008,25.68
Country_194,2009,26.08
Country_194,2010,26.22
Country_194,2011,25.57
Country_194,2012,26.05
Country_194,2013,26.02
Country_194,2014,26.07
Country_194,2015,26.1
Country_194,2016,25.99
Country_194,2017,26.51
Country_194,2018,26.34
Country_194,2019,25.66
Country_194,2020,26.26
Country_194,2021,26.4
Country_194,2022,26.7
Country_194,2023,26.04
Country_195,1900,11.38
Country_195,1901,11.53
Country_195,1902,11.31
Country_195,1903,11.6
Country_195,1904,11.52
Country_195,1905,11.69
Country_195,1906,11.81
Country_195,1907,11.62
Country_195,1908,11.85
Country_195,1909,11.09
Country_195,1910,10.79
Country_195,1911,11.28
Country_195,1912,10.83
Country_195,1913,11.17
Country_195,1914,11.43
Country_195,1915,11.51
Country_195,1916,11.16
Country_195,1917,11.73
Country_195,1918,11.05
Country_195,1919,11.21
Country_195,1920,11.04
Country_195,1921,11.63
Country_195,1922,11.71
Country_195,1923,11.91
Country_195,1924,12.17
Country_195,1925,11.74
Country_195,1926,11.23
Country_195,1927,11.43
Country_195,1928,11.46
Country_195,1929,11.67
Country_195,1930,11.91
Country_195,1931,11.98
Country_195,1932,11.85
Country_195,1933,11.39
Country_195,1934,12.22
Country_195,1935,11.73
Country_195,1936,12.0
Country_195,1937,12.0
Country_195,1938,11.68
Country_195,1939,11.97
Country_195,1940,11.58
Country_195,1941,11.77
Country_195,1942,11.89
Country_195,1943,11.58
Country_195,1944,12.82
Country_195,1945,11.96
Country_195,1946,12.42
Country_195,1947,11.7
Country_195,1948,12.7
Country_195,1949,11.86
Country_195,1950,12.21
Country_195,1951,12.15
Country_195,1952,12.17
Country_195,1953,11.83
Country_195,1954,12.12
Country_195,1955,12.38
Country_195,1956,11.98
Country_195,1957,11.93
Country_195,1958,12.1
Country_195,1959,11.35
Country_195,1960,12.15
Country_195,1961,12.59
Country_195,1962,11.99
Country_195,1963,12.36
Country_195,1964,12.45
Country_195,1965,11.92
Country_195,1966,12.28
Country_195,1967,13.12
Country_195,1968,11.72
Country_195,1969,11.59
Country_195,1970,11.97
Country_195,1971,12.39
Country_195,1972,12.46
Country_195,1973,12.28
Country_195,1974,12.39
Country_195,1975,12.45
Country_195,1976,11.91
Country_195,1977,12.33
Country_195,1978,12.28
Country_195,1979,11.54
Country_195,1980,12.43
Country_195,1981,12.68
Country_195,1982,12.54
Country_195,1983,12.55
Country_195,1984,12.34
Country_195,1985,12.15
Country_195,1986,12.55
Country_195,1987,12.38
Country_195,1988,13.01
Country_195,1989,12.41
Country_195,1990,12.59
Country_195,1991,12.43
Country_195,1992,12.67
Country_195,1993,13.1
Country_195,1994,12.34
Country_195,1995,12.79
Country_195,1996,13.08
Country_195,1997,12.23
Country_195,1998,13.03
Country_195,1999,12.84
Country_195,2000,12.38
Country_195,2001,13.08
Country_195,2002,12.76
Country_195,2003,13.02
Country_195,2004,12.59
Country_195,2005,12.72
Country_195,2006,12.69
Country_195,2007,13.25
Country_195,2008,12.57
Country_195,2009,12.83
Country_195,2010,12.89
Country_195,2011,12.42
Country_195,2012,12.57
Country_195,2013,12.73
Country_195,2014,13.44
Country_195,2015,12.6
Country_195,2016,12.84
Country_195,2017,12.96
Country_195,2018,13.12
Country_195,2019,13.43
Country_195,2020,13.01
Country_195,2021,13.13
Country_195,2022,13.03
Country_195,2023,13.1
Country_196,1900,14.43
Country_196,1901,14.11
Country_196,1902,14.18
Country_196,1903,14.28
Country_196,1904,13.77
Country_196,1905,14.73
Country_196,1906,14.75
Country_196,1907,14.01
Country_196,1908,14.74
Country_196,1909,14.9
Country_196,1910,14.52
Country_196,1911,13.72
Country_196,1912,14.66
Country_196,1913,14.06
Country_196,1914,14.92
Country_196,1915,14.43
Country_196,1916,14.18
Country_196,1917,14.77
Country_196,1918,14.55
Country_196,1919,14.4
Country_196,1920,14.51
Country_196,1921,14.85
Country_196,1922,14.35
Country_196,1923,15.02
Country_196,1924,14.21
Country_196,1925,14.63
Country_196,1926,14.96
Country_196,1927,14.69
Country_196,1928,14.59
Country_196,1929,14.48
Country_196,1930,14.62
Country_196,1931,14.8
Country_196,1932,14.38
Country_196,1933,14.71
Country_196,1934,14.92
Country_196,1935,15.2
Country_196,1936,14.47
Country_196,1937,15.46
Country_196,1938,14.94
Country_196,1939,14.85
Country_196,1940,15.02
Country_196,1941,15.07
Country_196,1942,14.79
Country_196,1943,14.8
Country_196,1944,14.74
Country_196,1945,15.0
Country_196,1946,15.3
Country_196,1947,15.49
Country_196,1948,14.82
Country_196,1949,15.18
Country_196,1950,14.8
Country_196,1951,14.51
Country_196,1952,15.21
Country_196,1953,14.95
Country_196,1954,14.9
Country_196,1955,14.78
Country_196,1956,14.73
Country_196,1957,14.85
Country_196,1958,15.58
Country_196,1959,15.5
Country_196,1960,14.8
Country_196,1961,15.13
Country_196,1962,15.39
Country_196,1963,14.82
Country_196,1964,15.03
Country_196,1965,15.16
Country_196,1966,14.79
Country_196,1967,15.22
Country_196,1968,15.09
Country_196,1969,15.51
Country_196,1970,15.45
Country_196,1971,15.38
Country_196,1972,14.88
Country_196,1973,15.09
Country_196,1974,15.23
Country_196,1975,15.31
Country_196,1976,15.4
Country_196,1977,14.88
Country_196,1978,15.32
Country_196,1979,15.85
Country_196,1980,15.32
Country_196,1981,15.24
Country_196,1982,15.57
Country_196,1983,15.4
Country_196,1984,15.8
Country_196,1985,15.97
Country_196,1986,15.83
Country_196,1987,15.15
Country_196,1988,16.43
Country_196,1989,15.93
Country_196,1990,16.24
Country_196,1991,15.26
Country_196,1992,15.47
Country_196,1993,15.69
Country_196,1994,15.94
Country_196,1995,15.76
Country_196,1996,15.74
Country_196,1997,15.85
Country_196,1998,15.83
Country_196,1999,15.48
Country_196,2000,16.35
Country_196,2001,15.26
Country_196,2002,16.48
Country_196,2003,16.08
Country_196,2004,15.85
Country_196,2005,15.46
Country_196,2006,15.79
Country_196,2007,15.72
Country_196,2008,15.64
Country_196,2009,15.9
Country_196,2010,16.28
Country_196,2011,15.8
Country_196,2012,16.07
Country_196,2013,15.69
Country_196,2014,15.78
Country_196,2015,15.41
Country_196,2016,15.92
Country_196,2017,16.61
Country_196,2018,16.02
Country_196,2019,15.96
Country_196,2020,15.74
Country_196,2021,16.05
Country_196,2022,15.45
Country_196,2023,16.28
Country_197,1900,17.4
Country_197,1901,16.7
Country_197,1902,17.0
Country_197,1903,16.76
Country_197,1904,16.82
Country_197,1905,16.61
Country_197,1906,17.36
Country_197,1907,17.29
Country_197,1908,17.12
Country_197,1909,17.24
Country_197,1910,17.04
Country_197,1911,17.07
Country_197,1912,17.62
Country_197,1913,17.11
Country_197,1914,17.64
Country_197,1915,17.21
Country_197,1916,17.26
Country_197,1917,17.02
Country_197,1918,17.18
Country_197,1919,17.34
Country_197,1920,16.92
Country_197,1921,16.98
Country_197,1922,17.65
Country_197,1923,17.49
Country_197,1924,16.87
Country_197,1925,17.57
Country_197,1926,17.31
Country_197,1927,17.49
Country_197,1928,17.17
Country_197,1929,17.65
Country_197,1930,17.32
Country_197,1931,17.24
Country_197,1932,17.43
Country_197,1933,17.02
Country_197,1934,18.18
Country_197,1935,17.89
Country_197,1936,17.49
Country_197,1937,18.06
Country_197,1938,17.69
Country_197,1939,16.44
Country_197,1940,16.9
Country_197,1941,17.42
Country_197,1942,16.95
Country_197,1943,17.88
Country_197,1944,17.36
Country_197,1945,17.49
Country_197,1946,17.15
Country_197,1947,17.91
Country_197,1948,17.42
Country_197,1949,18.08
Country_197,1950,16.83
Country_197,1951,17.41
Country_197,1952,17.51
Country_197,1953,17.51
Country_197,1954,17.8
Country_197,1955,17.94
Country_197,1956,17.67
Country_197,1957,17.66
Country_197,1958,17.94
Country_197,1959,17.52
Country_197,1960,18.15
Country_197,1961,17.53
Country_197,1962,17.68
Country_197,1963,17.99
Country_197,1964,18.32
Country_197,1965,17.71
Country_197,1966,18.03
Country_197,1967,18.16
Country_197,1968,18.07
Country_197,1969,17.96
Country_197,1970,18.35
Country_197,1971,18.0
Country_197,1972,18.24
Country_197,1973,17.65
Country_197,1974,18.25
Country_197,1975,18.63
Country_197,1976,18.44
Country_197,1977,17.82
Country_197,1978,17.73
Country_197,1979,18.05
Country_197,1980,18.06
Country_197,1981,18.45
Country_197,1982,18.22
Country_197,1983,18.14
Country_197,1984,17.64
Country_197,1985,17.86
Country_197,1986,17.92
Country_197,1987,18.23
Country_197,1988,18.07
Country_197,1989,18.74
Country_197,1990,18.27
Country_197,1991,18.52
Country_197,1992,17.96
Country_197,1993,18.23
Country_197,1994,18.44
Country_197,1995,18.81
Country_197,1996,18.62
Country_197,1997,18.75
Country_197,1998,18.32
Country_197,1999,18.39
Country_197,2000,17.88
Country_197,2001,18.47
Country_197,2002,18.28
Country_197,2003,18.32
Country_197,2004,18.76
Country_197,2005,18.31
Country_197,2006,18.46
Country_197,2007,18.12
Country_197,2008,18.4
Country_197,2009,18.22
Country_197,2010,19.02
Country_197,2011,18.18
Country_197,2012,18.21
Country_197,2013,18.05
Country_197,2014,18.57
Country_197,2015,18.59
Country_197,2016,18.87
Country_197,2017,18.75
Country_197,2018,18.79
Country_197,2019,18.62
Country_197,2020,19.36
Country_197,2021,18.21
Country_197,2022,19.16
Country_197,2023,18.79
Country_198,1900,21.34
Country_198,1901,21.95
Country_198,1902,21.93
Country_198,1903,21.68
Country_198,1904,21.64
Country_198,1905,21.74
Country_198,1906,21.85
Country_198,1907,21.84
Country_198,1908,21.82
Country_198,1909,21.91
Country_198,1910,21.47
Country_198,1911,21.65
Country_198,1912,21.87
Country_198,1913,21.18
Country_198,1914,21.42
Country_198,1915,21.49
Country_198,1916,21.55
Country_198,1917,21.76
Country_198,1918,22.46
Country_198,1919,21.83
Country_198,1920,22.16
Country_198,1921,21.77
Country_198,1922,22.36
Country_198,1923,21.5
Country_198,1924,21.93
Country_198,1925,21.8
Country_198,1926,22.44
Country_198,1927,21.23
Country_198,1928,22.42
Country_198,1929,22.28
Country_198,1930,21.97
Country_198,1931,22.2
Country_198,1932,22.4
Country_198,1933,22.21
Country_198,1934,21.92
Country_198,1935,22.39
Country_198,1936,22.27
Country_198,1937,22.06
Country_198,1938,21.88
Country_198,1939,22.15
Country_198,1940,22.69
Country_198,1941,22.11
Country_198,1942,22.64
Country_198,1943,22.37
Country_198,1944,22.96
Country_198,1945,22.18
Country_198,1946,21.6
Country_198,1947,22.47
Country_198,1948,21.97
Country_198,1949,22.53
Country_198,1950,22.75
Country_198,1951,22.3
Country_198,1952,22.61
Country_198,1953,22.83
Country_198,1954,22.46
Country_198,1955,22.61
Country_198,1956,22.78
Country_198,1957,22.22
Country_198,1958,22.45
Country_198,1959,22.18
Country_198,1960,22.56
Country_198,1961,22.11
Country_198,1962,22.19
Country_198,1963,22.58
Country_198,1964,21.99
Country_198,1965,22.77
Country_198,1966,22.65
Country_198,1967,22.62
Country_198,1968,22.68
Country_198,1969,22.71
Country_198,1970,22.58
Country_198,1971,22.84
Country_198,1972,23.21
Country_198,1973,22.5
Country_198,1974,23.0
Country_198,1975,22.74
Country_198,1976,22.29
Country_198,1977,23.02
Country_198,1978,22.46
Country_198,1979,23.21
Country_198,1980,22.91
Country_198,1981,23.2
Country_198,1982,22.47
Country_198,1983,22.95
Country_198,1984,22.97
Country_198,1985,22.9
Country_198,1986,22.96
Country_198,1987,23.14
Country_198,1988,22.99
Country_198,1989,23.08
Country_198,1990,23.27
Country_198,1991,23.41
Country_198,1992,23.27
Country_198,1993,22.79
Country_198,1994,23.03
Country_198,1995,22.95
Country_198,1996,23.06
Country_198,1997,22.72
Country_198,1998,23.17
Country_198,1999,23.24
Country_198,2000,22.82
Country_198,2001,23.2
Country_198,2002,23.36
Country_198,2003,23.64
Country_198,2004,22.93
Country_198,2005,23.6
Country_198,2006,23.17
Country_198,2007,23.2
Country_198,2008,23.04
Country_198,2009,23.17
Country_198,2010,23.3
Country_198,2011,23.66
Country_198,2012,22.57
Country_198,2013,23.35
Country_198,2014,23.38
Country_198,2015,23.36
Country_198,2016,23.1
Country_198,2017,23.25
Country_198,2018,23.53
Country_198,2019,23.94
Country_198,2020,23.04
Country_198,2021,23.37
Country_198,2022,23.05
Country_198,2023,23.83
Country_199,1900,17.89
Country_199,1901,18.37
Country_199,1902,18.46
Country_199,1903,18.26
Country_199,1904,18.32
Country_199,1905,18.52
Country_199,1906,18.32
Country_199,1907,17.59
Country_199,1908,18.29
Country_199,1909,18.16
Country_199,1910,18.65
Country_199,1911,18.36
Country_199,1912,18.41
Country_199,1913,18.17
Country_199,1914,18.35
Country_199,1915,18.2
Country_199,1916,17.48
Country_199,1917,18.68
Country_199,1918,18.4
Country_199,1919,18.29
Country_199,1920,18.27
Country_199,1921,18.14
Country_199,1922,18.25
Country_199,1923,18.39
Country_199,1924,18.55
Country_199,1925,18.73
Country_199,1926,18.61
Country_199,1927,18.07
Country_199,1928,18.94
Country_199,1929,18.78
Country_199,1930,17.77
Country_199,1931,18.42
Country_199,1932,18.71
Country_199,1933,18.68
Country_199,1934,18.84
Country_199,1935,18.51
Country_199,1936,18.34
Country_199,1937,18.97
Country_199,1938,19.1
Country_199,1939,18.76
Country_199,1940,18.68
Country_199,1941,18.98
Country_199,1942,18.51
Country_199,1943,18.55
Country_199,1944,18.44
Country_199,1945,18.97
Country_199,1946,18.32
Country_199,1947,18.91
Country_199,1948,18.99
Country_199,1949,19.08
Country_199,1950,18.94
Country_199,1951,18.82
Country_199,1952,19.02
Country_199,1953,18.84
Country_199,1954,19.51
Country_199,1955,19.32
Country_199,1956,19.34
Country_199,1957,18.94
Country_199,1958,18.36
Country_199,1959,18.1
Country_199,1960,19.3
Country_199,1961,19.6
Country_199,1962,19.1
Country_199,1963,19.05
Country_199,1964,18.86
Country_199,1965,19.12
Country_199,1966,19.0
Country_199,1967,19.17
Country_199,1968,19.45
Country_199,1969,19.01
Country_199,1970,19.27
Country_199,1971,19.71
Country_199,1972,19.25
Country_199,1973,19.4
Country_199,1974,18.92
Country_199,1975,19.24
Country_199,1976,19.54
Country_199,1977,19.74
Country_199,1978,19.4
Country_199,1979,19.44
Country_199,1980,19.15
Country_199,1981,19.61
Country_199,1982,19.74
Country_199,1983,19.56
Country_199,1984,19.11
Country_199,1985,19.5
Country_199,1986,19.22
Country_199,1987,19.21
Country_199,1988,19.25
Country_199,1989,19.43
Country_199,1990,19.88
Country_199,1991,19.49
Country_199,1992,19.38
Country_199,1993,19.67
Country_199,1994,19.46
Country_199,1995,19.25
Country_199,1996,19.48
Country_199,1997,19.08
Country_199,1998,19.56
Country_199,1999,19.81
Country_199,2000,19.8
Country_199,2001,19.39
Country_199,2002,19.83
Country_199,2003,19.97
Country_199,2004,19.43
Country_199,2005,19.41
Country_199,2006,20.34
Country_199,2007,19.27
Country_199,2008,19.79
Country_199,2009,19.51
Country_199,2010,20.78
Country_199,2011,20.03
Country_199,2012,19.8
Country_199,2013,19.43
Country_199,2014,19.88
Country_199,2015,19.84
Country_199,2016,20.18
Country_199,2017,19.46
Country_199,2018,19.49
Country_199,2019,19.69
Country_199,2020,19.84
Country_199,2021,20.37
Country_199,2022,19.71
Country_199,2023,19.57
Country_200,1900,18.16
Country_200,1901,18.09
Country_200,1902,17.71
Country_200,1903,18.21
Country_200,1904,18.06
Country_200,1905,18.37
Country_200,1906,18.35
Country_200,1907,18.5
Country_200,1908,17.85
Country_200,1909,19.14
Country_200,1910,18.51
Country_200,1911,18.2
Country_200,1912,17.92
Country_200,1913,18.19
Country_200,1914,18.4
Country_200,1915,18.46
Country_200,1916,17.69
Country_200,1917,18.75
Country_200,1918,18.78
Country_200,1919,18.17
Country_200,1920,18.63
Country_200,1921,19.1
Country_200,1922,18.54
Country_200,1923,18.62
Country_200,1924,18.05
Country_200,1925,18.4
Country_200,1926,18.61
Country_200,1927,18.04
Country_200,1928,18.76
Country_200,1929,18.28
Country_200,1930,18.73
Country_200,1931,18.28
Country_200,1932,18.46
Country_200,1933,18.19
Country_200,1934,18.85
Country_200,1935,18.57
Country_200,1936,17.83
Country_200,1937,19.09
Country_200,1938,18.85
Country_200,1939,18.4
Country_200,1940,18.47
Country_200,1941,18.48
Country_200,1942,18.69
Country_200,1943,18.31
Country_200,1944,18.62
Country_200,1945,18.41
Country_200,1946,18.91
Country_200,1947,18.77
Country_200,1948,18.54
Country_200,1949,18.43
Country_200,1950,19.1
Country_200,1951,19.18
Country_200,1952,18.77
Country_200,1953,18.84
Country_200,1954,18.86
Country_200,1955,18.74
Country_200,1956,18.34
Country_200,1957,18.92
Country_200,1958,19.23
Country_200,1959,18.83
Country_200,1960,18.71
Country_200,1961,19.16
Country_200,1962,19.02
Country_200,1963,18.78
Country_200,1964,19.45
Country_200,1965,18.73
Country_200,1966,19.11
Country_200,1967,19.57
Country_200,1968,19.27
Country_200,1969,19.3
Country_200,1970,19.07
Country_200,1971,18.71
Country_200,1972,19.23
Country_200,1973,19.3
Country_200,1974,19.45
Country_200,1975,19.26
Country_200,1976,19.2
Country_200,1977,19.49
Country_200,1978,19.41
Country_200,1979,19.23
Country_200,1980,19.19
Country_200,1981,19.28
Country_200,1982,18.4
Country_200,1983,18.67
Country_200,1984,19.67
Country_200,1985,19.27
Country_200,1986,19.76
Country_200,1987,19.12
Country_200,1988,19.74
Country_200,1989,19.43
Country_200,1990,19.58
Country_200,1991,19.5
Country_200,1992,19.53
Country_200,1993,19.36
Country_200,1994,19.6
Country_200,1995,19.59
Country_200,1996,19.54
Country_200,1997,19.19
Country_200,1998,19.64
Country_200,1999,19.66
Country_200,2000,19.16
Country_200,2001,19.57
Country_200,2002,19.92
Country_200,2003,19.18
Country_200,2004,19.46
Country_200,2005,19.73
Country_200,2006,19.97
Country_200,2007,19.42
Country_200,2008,19.95
Country_200,2009,19.33
Country_200,2010,20.11
Country_200,2011,19.85
Country_200,2012,19.81
Country_200,2013,19.43
Country_200,2014,19.81
Country_200,2015,19.67
Country_200,2016,19.93
Country_200,2017,19.67
Country_200,2018,19.6
Country_200,2019,19.78
Country_200,2020,19.64
Country_200,2021,20.11
Country_200,2022,19.72
Country_200,2023,20.29
