country,year,avg_precipitation
Country_1,1900,1942.0
Country_1,1901,1897.0
Country_1,1902,1879.9
Country_1,1903,1966.9
Country_1,1904,1889.0
Country_1,1905,1894.6
Country_1,1906,1945.8
Country_1,1907,1896.1
Country_1,1908,1894.3
Country_1,1909,1899.4
Country_1,1910,1945.5
Country_1,1911,2065.0
Country_1,1912,1970.2
Country_1,1913,1964.8
Country_1,1914,1882.0
Country_1,1915,1955.2
Country_1,1916,1963.8
Country_1,1917,1850.7
Country_1,1918,1905.6
Country_1,1919,1967.8
Country_1,1920,1922.3
Country_1,1921,2000.8
Country_1,1922,1880.1
Country_1,1923,1855.1
Country_1,1924,1927.0
Country_1,1925,1886.6
Country_1,1926,1904.7
Country_1,1927,1938.9
Country_1,1928,1934.8
Country_1,1929,1913.2
Country_1,1930,1911.5
Country_1,1931,1906.3
Country_1,1932,1917.8
Country_1,1933,1878.9
Country_1,1934,1842.4
Country_1,1935,1931.2
Country_1,1936,1926.3
Country_1,1937,1897.3
Country_1,1938,1925.7
Country_1,1939,1887.3
Country_1,1940,1995.3
Country_1,1941,1882.0
Country_1,1942,1972.2
Country_1,1943,1926.5
Country_1,1944,1864.9
Country_1,1945,1957.1
Country_1,1946,1881.8
Country_1,1947,1978.3
Country_1,1948,2053.0
Country_1,1949,1854.1
Country_1,1950,1882.7
Country_1,1951,1892.1
Country_1,1952,1968.4
Country_1,1953,2019.4
Country_1,1954,1878.3
Country_1,1955,1974.2
Country_1,1956,1933.4
Country_1,1957,1922.2
Country_1,1958,1953.0
Country_1,1959,1957.4
Country_1,1960,1919.2
Country_1,1961,1949.7
Country_1,1962,1964.9
Country_1,1963,1936.8
Country_1,1964,2014.2
Country_1,1965,1944.0
Country_1,1966,1995.2
Country_1,1967,1951.8
Country_1,1968,1975.5
Country_1,1969,1887.4
Country_1,1970,1899.3
Country_1,1971,1902.5
Country_1,1972,1932.5
Country_1,1973,1928.4
Country_1,1974,1967.5
Country_1,1975,1893.0
Country_1,1976,2009.1
Country_1,1977,2014.3
Country_1,1978,2008.6
Country_1,1979,1989.4
Country_1,1980,2019.7
Country_1,1981,1913.4
Country_1,1982,1992.2
Country_1,1983,1984.2
Country_1,1984,1929.1
Country_1,1985,2005.4
Country_1,1986,1929.6
Country_1,1987,1915.7
Country_1,1988,1908.3
Country_1,1989,1966.7
Country_1,1990,1890.6
Country_1,1991,1990.0
Country_1,1992,1904.1
Country_1,1993,1960.2
Country_1,1994,1895.4
Country_1,1995,1885.2
Country_1,1996,1866.2
Country_1,1997,1925.5
Country_1,1998,2014.6
Country_1,1999,1946.7
Country_1,2000,1936.3
Country_1,2001,1853.7
Country_1,2002,1994.1
Country_1,2003,1969.0
Country_1,2004,1925.8
Country_1,2005,1952.0
Country_1,2006,1883.9
Country_1,2007,1931.0
Country_1,2008,1946.4
Country_1,2009,1969.7
Country_1,2010,1974.9
Country_1,2011,1819.9
Country_1,2012,1944.2
Country_1,2013,1860.1
Country_1,2014,1912.0
Country_1,2015,1920.3
Country_1,2016,1923.3
Country_1,2017,1903.6
Country_1,2018,1952.8
Country_1,2019,1942.7
Country_1,2020,2003.6
Country_1,2021,1913.6
Country_1,2022,1970.0
Country_1,2023,1866.9
Country_2,1900,1202.0
Country_2,1901,1290.2
Country_2,1902,1266.5
Country_2,1903,1289.3
Country_2,1904,1218.0
Country_2,1905,1221.7
Country_2,1906,1231.3
Country_2,1907,1243.3
Country_2,1908,1272.7
Country_2,1909,1265.4
Country_2,1910,1308.9
Country_2,1911,1257.2
Country_2,1912,1339.3
Country_2,1913,1299.8
Country_2,1914,1327.0
Country_2,1915,1190.7
Country_2,1916,1199.9
Country_2,1917,1355.3
Country_2,1918,1345.0
Country_2,1919,1347.1
Country_2,1920,1261.5
Country_2,1921,1317.3
Country_2,1922,1299.1
Country_2,1923,1241.4
Country_2,1924,1229.4
Country_2,1925,1259.0
Country_2,1926,1308.8
Country_2,1927,1276.0
Country_2,1928,1298.2
Country_2,1929,1232.8
Country_2,1930,1273.4
Country_2,1931,1302.9
Country_2,1932,1210.4
Country_2,1933,1228.0
Country_2,1934,1242.1
Country_2,1935,1297.5
Country_2,1936,1231.1
Country_2,1937,1289.5
Country_2,1938,1263.2
Country_2,1939,1287.9
Country_2,1940,1249.4
Country_2,1941,1285.5
Country_2,1942,1254.7
Country_2,1943,1169.1
Country_2,1944,1253.4
Country_2,1945,1287.3
Country_2,1946,1160.4
Country_2,1947,1197.1
Country_2,1948,1250.2
Country_2,1949,1280.1
Country_2,1950,1228.5
Country_2,1951,1253.6
Country_2,1952,1222.0
Country_2,1953,1319.2
Country_2,1954,1364.8
Country_2,1955,1279.5
Country_2,1956,1268.2
Country_2,1957,1260.8
Country_2,1958,1307.3
Country_2,1959,1283.5
Country_2,1960,1245.4
Country_2,1961,1397.9
Country_2,1962,1249.6
Country_2,1963,1259.5
Country_2,1964,1354.4
Country_2,1965,1270.7
Country_2,1966,1305.8
Country_2,1967,1231.0
Country_2,1968,1273.9
Country_2,1969,1265.2
Country_2,1970,1243.8
Country_2,1971,1167.1
Country_2,1972,1252.4
Country_2,1973,1312.6
Country_2,1974,1334.6
Country_2,1975,1275.9
Country_2,1976,1306.6
Country_2,1977,1282.7
Country_2,1978,1301.8
Country_2,1979,1208.9
Country_2,1980,1301.3
Country_2,1981,1183.3
Country_2,1982,1290.9
Country_2,1983,1254.2
Country_2,1984,1185.5
Country_2,1985,1206.6
Country_2,1986,1222.1
Country_2,1987,1247.5
Country_2,1988,1320.1
Country_2,1989,1263.1
Country_2,1990,1272.3
Country_2,1991,1199.3
Country_2,1992,1203.4
Country_2,1993,1375.0
Country_2,1994,1306.0
Country_2,1995,1270.7
Country_2,1996,1235.8
Country_2,1997,1369.7
Country_2,1998,1242.9
Country_2,1999,1182.8
Country_2,2000,1302.0
Country_2,2001,1311.8
Country_2,2002,1293.9
Country_2,2003,1311.9
Country_2,2004,1323.6
Country_2,2005,1247.7
Country_2,2006,1247.9
Country_2,2007,1257.9
Country_2,2008,1280.8
Country_2,2009,1203.5
Country_2,2010,1324.3
Country_2,2011,1245.5
Country_2,2012,1343.7
Country_2,2013,1256.0
Country_2,2014,1232.6
Country_2,2015,1217.5
Country_2,2016,1260.3
Country_2,2017,1329.3
Country_2,2018,1244.4
Country_2,2019,1246.2
Country_2,2020,1242.4
Country_2,2021,1235.7
Country_2,2022,1360.8
Country_2,2023,1298.2
Country_3,1900,1065.1
Country_3,1901,1147.4
Country_3,1902,1069.2
Country_3,1903,1178.9
Country_3,1904,1135.8
Country_3,1905,1159.3
Country_3,1906,1148.4
Country_3,1907,1163.1
Country_3,1908,1136.7
Country_3,1909,1078.2
Country_3,1910,1132.7
Country_3,1911,1153.6
Country_3,1912,1117.2
Country_3,1913,1187.4
Country_3,1914,1092.6
Country_3,1915,1173.1
Country_3,1916,1133.1
Country_3,1917,1094.5
Country_3,1918,1160.9
Country_3,1919,1131.0
Country_3,1920,1010.9
Country_3,1921,1027.6
Country_3,1922,1103.8
Country_3,1923,1168.8
Country_3,1924,1055.3
Country_3,1925,1051.3
Country_3,1926,1102.4
Country_3,1927,1116.4
Country_3,1928,1095.5
Country_3,1929,1126.2
Country_3,1930,1148.8
Country_3,1931,1065.5
Country_3,1932,1137.3
Country_3,1933,1131.4
Country_3,1934,1096.9
Country_3,1935,1033.1
Country_3,1936,1162.5
Country_3,1937,1104.0
Country_3,1938,1087.9
Country_3,1939,1131.3
Country_3,1940,1084.1
Country_3,1941,1232.8
Country_3,1942,1201.8
Country_3,1943,1099.2
Country_3,1944,1076.1
Country_3,1945,1162.1
Country_3,1946,1090.4
Country_3,1947,1203.3
Country_3,1948,1146.8
Country_3,1949,1118.4
Country_3,1950,1178.5
Country_3,1951,1080.1
Country_3,1952,1086.2
Country_3,1953,1199.1
Country_3,1954,1140.9
Country_3,1955,1132.6
Country_3,1956,1067.6
Country_3,1957,1196.9
Country_3,1958,1084.0
Country_3,1959,1081.4
Country_3,1960,1098.1
Country_3,1961,1151.3
Country_3,1962,1128.6
Country_3,1963,1089.3
Country_3,1964,1099.1
Country_3,1965,1162.5
Country_3,1966,1043.1
Country_3,1967,1096.6
Country_3,1968,1177.6
Country_3,1969,1109.1
Country_3,1970,1060.9
Country_3,1971,1158.5
Country_3,1972,1259.6
Country_3,1973,1143.3
Country_3,1974,1080.1
Country_3,1975,1156.2
Country_3,1976,1212.9
Country_3,1977,1168.0
Country_3,1978,1194.2
Country_3,1979,1109.5
Country_3,1980,1184.4
Country_3,1981,1172.2
Country_3,1982,1144.4
Country_3,1983,1104.0
Country_3,1984,1030.5
Country_3,1985,1080.7
Country_3,1986,1077.7
Country_3,1987,1161.8
Country_3,1988,1111.7
Country_3,1989,1163.8
Country_3,1990,1141.5
Country_3,1991,1117.9
Country_3,1992,1140.3
Country_3,1993,1063.3
Country_3,1994,1132.5
Country_3,1995,1063.6
Country_3,1996,1140.2
Country_3,1997,1033.0
Country_3,1998,1108.9
Country_3,1999,1118.8
Country_3,2000,1132.7
Country_3,2001,1050.5
Country_3,2002,1084.7
Country_3,2003,1070.9
Country_3,2004,1075.9
Country_3,2005,1114.9
Country_3,2006,1126.1
Country_3,2007,1072.5
Country_3,2008,1167.9
Country_3,2009,1093.7
Country_3,2010,1077.1
Country_3,2011,1124.4
Country_3,2012,1218.6
Country_3,2013,1196.3
Country_3,2014,1078.6
Country_3,2015,1121.1
Country_3,2016,1097.3
Country_3,2017,1058.1
Country_3,2018,1151.7
Country_3,2019,1122.3
Country_3,2020,1141.8
Country_3,2021,1020.9
Country_3,2022,1056.1
Country_3,2023,1116.8
Country_4,1900,1851.7
Country_4,1901,1828.9
Country_4,1902,1801.6
Country_4,1903,1800.8
Country_4,1904,1830.0
Country_4,1905,1748.8
Country_4,1906,1792.7
Country_4,1907,1798.6
Country_4,1908,1703.3
Country_4,1909,1741.6
Country_4,1910,1863.0
Country_4,1911,1809.5
Country_4,1912,1787.0
Country_4,1913,1810.1
Country_4,1914,1861.6
Country_4,1915,1674.4
Country_4,1916,1790.8
Country_4,1917,1829.2
Country_4,1918,1672.5
Country_4,1919,1728.1
Country_4,1920,1831.0
Country_4,1921,1861.9
Country_4,1922,1755.4
Country_4,1923,1793.4
Country_4,1924,1721.4
Country_4,1925,1768.6
Country_4,1926,1893.4
Country_4,1927,1910.0
Country_4,1928,1817.0
Country_4,1929,1803.7
Country_4,1930,1768.2
Country_4,1931,1783.8
Country_4,1932,1753.5
Country_4,1933,1749.7
Country_4,1934,1838.0
Country_4,1935,1731.0
Country_4,1936,1789.5
Country_4,1937,1824.9
Country_4,1938,1848.5
Country_4,1939,1878.5
Country_4,1940,1855.7
Country_4,1941,1749.8
Country_4,1942,1746.9
Country_4,1943,1817.5
Country_4,1944,1772.9
Country_4,1945,1789.7
Country_4,1946,1838.8
Country_4,1947,1811.1
Country_4,1948,1769.5
Country_4,1949,1864.0
Country_4,1950,1887.2
Country_4,1951,1892.7
Country_4,1952,1835.7
Country_4,1953,1843.5
Country_4,1954,1759.6
Country_4,1955,1838.1
Country_4,1956,1771.6
Country_4,1957,1779.4
Country_4,1958,1782.1
Country_4,1959,1886.1
Country_4,1960,1865.2
Country_4,1961,1912.8
Country_4,1962,1902.4
Country_4,1963,1770.8
Country_4,1964,1801.9
Country_4,1965,1849.5
Country_4,1966,1792.4
Country_4,1967,1826.1
Country_4,1968,1894.8
Country_4,1969,1859.5
Country_4,1970,1879.2
Country_4,1971,1775.7
Country_4,1972,1794.7
Country_4,1973,1783.6
Country_4,1974,1658.5
Country_4,1975,1658.5
Country_4,1976,1825.5
Country_4,1977,1819.8
Country_4,1978,1791.9
Country_4,1979,1760.1
Country_4,1980,1788.5
Country_4,1981,1807.2
Country_4,1982,1788.0
Country_4,1983,1837.2
Country_4,1984,1775.6
Country_4,1985,1735.4
Country_4,1986,1860.3
Country_4,1987,1833.7
Country_4,1988,1805.2
Country_4,1989,1821.1
Country_4,1990,1656.0
Country_4,1991,1890.6
Country_4,1992,1765.7
Country_4,1993,1770.7
Country_4,1994,1754.4
Country_4,1995,1784.1
Country_4,1996,1798.2
Country_4,1997,1854.0
Country_4,1998,1730.2
Country_4,1999,1861.5
Country_4,2000,1844.7
Country_4,2001,1843.8
Country_4,2002,1781.9
Country_4,2003,1792.1
Country_4,2004,1872.7
Country_4,2005,1859.5
Country_4,2006,1851.4
Country_4,2007,1891.7
Country_4,2008,1784.4
Country_4,2009,1892.5
Country_4,2010,1796.2
Country_4,2011,1777.2
Country_4,2012,1829.4
Country_4,2013,1768.9
Country_4,2014,1878.2
Country_4,2015,1804.0
Country_4,2016,1861.5
Country_4,2017,1776.6
Country_4,2018,1899.0
Country_4,2019,1838.3
Country_4,2020,1790.0
Country_4,2021,1716.8
Country_4,2022,1844.5
Country_4,2023,1791.0
Country_5,1900,1839.8
Country_5,1901,1883.1
Country_5,1902,1870.7
Country_5,1903,1785.8
Country_5,1904,1823.0
Country_5,1905,1911.3
Country_5,1906,1833.7
Country_5,1907,1829.5
Country_5,1908,1924.3
Country_5,1909,1898.8
Country_5,1910,1831.8
Country_5,1911,1910.4
Country_5,1912,1810.5
Country_5,1913,1815.4
Country_5,1914,1867.7
Country_5,1915,1887.4
Country_5,1916,1896.7
Country_5,1917,1860.9
Country_5,1918,1755.8
Country_5,1919,1888.8
Country_5,1920,1832.7
Country_5,1921,1920.4
Country_5,1922,2002.7
Country_5,1923,1827.2
Country_5,1924,1879.6
Country_5,1925,1865.2
Country_5,1926,1833.5
Country_5,1927,1907.7
Country_5,1928,1942.7
Country_5,1929,1873.4
Country_5,1930,1883.3
Country_5,1931,1821.7
Country_5,1932,1841.6
Country_5,1933,1927.5
Country_5,1934,1779.5
Country_5,1935,1885.2
Country_5,1936,1828.9
Country_5,1937,2000.1
Country_5,1938,1902.8
Country_5,1939,1889.7
Country_5,1940,1828.9
Country_5,1941,1852.9
Country_5,1942,1890.6
Country_5,1943,1774.4
Country_5,1944,1905.1
Country_5,1945,1853.5
Country_5,1946,1844.6
Country_5,1947,1795.5
Country_5,1948,1830.5
Country_5,1949,1784.7
Country_5,1950,1843.1
Country_5,1951,1893.5
Country_5,1952,1848.1
Country_5,1953,1894.2
Country_5,1954,1877.6
Country_5,1955,1860.8
Country_5,1956,1764.2
Country_5,1957,1898.1
Country_5,1958,1822.5
Country_5,1959,1767.2
Country_5,1960,1810.7
Country_5,1961,1921.2
Country_5,1962,1802.4
Country_5,1963,1878.8
Country_5,1964,1880.2
Country_5,1965,1885.0
Country_5,1966,1918.5
Country_5,1967,1836.4
Country_5,1968,1852.7
Country_5,1969,1892.2
Country_5,1970,1855.9
Country_5,1971,1899.0
Country_5,1972,1854.1
Country_5,1973,1817.6
Country_5,1974,1832.0
Country_5,1975,1902.4
Country_5,1976,1836.5
Country_5,1977,1883.7
Country_5,1978,1865.0
Country_5,1979,1826.5
Country_5,1980,1896.6
Country_5,1981,1899.1
Country_5,1982,1830.7
Country_5,1983,1907.6
Country_5,1984,1859.5
Country_5,1985,1934.2
Country_5,1986,1916.3
Country_5,1987,1876.6
Country_5,1988,1894.1
Country_5,1989,1885.8
Country_5,1990,1864.8
Country_5,1991,1825.0
Country_5,1992,1866.9
Country_5,1993,1907.4
Country_5,1994,1827.3
Country_5,1995,1879.3
Country_5,1996,1904.0
Country_5,1997,1744.2
Country_5,1998,1825.3
Country_5,1999,1835.3
Country_5,2000,1873.1
Country_5,2001,1794.0
Country_5,2002,1795.3
Country_5,2003,1882.5
Country_5,2004,1971.3
Country_5,2005,1788.5
Country_5,2006,1906.7
Country_5,2007,1821.1
Country_5,2008,1795.5
Country_5,2009,1903.2
Country_5,2010,1809.5
Country_5,2011,1738.0
Country_5,2012,1866.9
Country_5,2013,1807.1
Country_5,2014,1943.5
Country_5,2015,1848.5
Country_5,2016,1829.0
Country_5,2017,1874.4
Country_5,2018,1900.0
Country_5,2019,1861.0
Country_5,2020,1864.1
Country_5,2021,1803.1
Country_5,2022,1816.4
Country_5,2023,1891.1
Country_6,1900,913.2
Country_6,1901,873.9
Country_6,1902,994.3
Country_6,1903,991.0
Country_6,1904,872.0
Country_6,1905,779.3
Country_6,1906,876.5
Country_6,1907,810.0
Country_6,1908,821.7
Country_6,1909,911.2
Country_6,1910,914.3
Country_6,1911,925.8
Country_6,1912,913.5
Country_6,1913,874.2
Country_6,1914,920.1
Country_6,1915,866.4
Country_6,1916,886.6
Country_6,1917,871.9
Country_6,1918,880.8
Country_6,1919,960.8
Country_6,1920,940.2
Country_6,1921,791.4
Country_6,1922,926.4
Country_6,1923,869.5
Country_6,1924,919.1
Country_6,1925,970.7
Country_6,1926,823.3
Country_6,1927,883.5
Country_6,1928,889.3
Country_6,1929,934.2
Country_6,1930,899.8
Country_6,1931,951.6
Country_6,1932,949.5
Country_6,1933,864.6
Country_6,1934,865.5
Country_6,1935,835.5
Country_6,1936,832.4
Country_6,1937,803.6
Country_6,1938,840.8
Country_6,1939,929.0
Country_6,1940,961.0
Country_6,1941,894.1
Country_6,1942,916.0
Country_6,1943,922.4
Country_6,1944,840.0
Country_6,1945,989.6
Country_6,1946,880.7
Country_6,1947,873.8
Country_6,1948,914.7
Country_6,1949,931.8
Country_6,1950,834.8
Country_6,1951,921.5
Country_6,1952,870.5
Country_6,1953,886.8
Country_6,1954,918.6
Country_6,1955,878.0
Country_6,1956,944.7
Country_6,1957,908.7
Country_6,1958,821.6
Country_6,1959,839.7
Country_6,1960,945.5
Country_6,1961,854.7
Country_6,1962,951.6
Country_6,1963,959.2
Country_6,1964,823.6
Country_6,1965,864.5
Country_6,1966,851.9
Country_6,1967,857.7
Country_6,1968,857.4
Country_6,1969,937.3
Country_6,1970,898.7
Country_6,1971,899.7
Country_6,1972,931.3
Country_6,1973,811.1
Country_6,1974,903.4
Country_6,1975,973.1
Country_6,1976,887.7
Country_6,1977,884.4
Country_6,1978,838.9
Country_6,1979,905.7
Country_6,1980,809.5
Country_6,1981,968.3
Country_6,1982,903.0
Country_6,1983,854.9
Country_6,1984,854.1
Country_6,1985,910.3
Country_6,1986,927.0
Country_6,1987,897.6
Country_6,1988,879.4
Country_6,1989,930.4
Country_6,1990,962.5
Country_6,1991,809.1
Country_6,1992,932.8
Country_6,1993,929.5
Country_6,1994,962.0
Country_6,1995,917.0
Country_6,1996,938.3
Country_6,1997,894.8
Country_6,1998,823.7
Country_6,1999,832.6
Country_6,2000,847.3
Country_6,2001,910.7
Country_6,2002,920.2
Country_6,2003,840.5
Country_6,2004,875.1
Country_6,2005,875.8
Country_6,2006,874.4
Country_6,2007,882.6
Country_6,2008,994.3
Country_6,2009,944.2
Country_6,2010,890.0
Country_6,2011,902.4
Country_6,2012,869.5
Country_6,2013,883.3
Country_6,2014,887.3
Country_6,2015,991.3
Country_6,2016,977.8
Country_6,2017,785.6
Country_6,2018,879.7
Country_6,2019,880.6
Country_6,2020,892.8
Country_6,2021,914.7
Country_6,2022,900.4
Country_6,2023,836.0
Country_7,1900,588.9
Country_7,1901,592.6
Country_7,1902,678.7
Country_7,1903,640.6
Country_7,1904,605.9
Country_7,1905,567.0
Country_7,1906,597.2
Country_7,1907,630.1
Country_7,1908,618.6
Country_7,1909,598.5
Country_7,1910,649.7
Country_7,1911,565.2
Country_7,1912,595.2
Country_7,1913,614.2
Country_7,1914,582.0
Country_7,1915,649.4
Country_7,1916,600.4
Country_7,1917,562.2
Country_7,1918,638.1
Country_7,1919,655.3
Country_7,1920,641.0
Country_7,1921,580.1
Country_7,1922,627.6
Country_7,1923,541.3
Country_7,1924,588.5
Country_7,1925,567.7
Country_7,1926,562.5
Country_7,1927,598.2
Country_7,1928,573.2
Country_7,1929,543.0
Country_7,1930,634.6
Country_7,1931,651.4
Country_7,1932,690.8
Country_7,1933,535.4
Country_7,1934,611.0
Country_7,1935,529.5
Country_7,1936,630.5
Country_7,1937,599.8
Country_7,1938,661.6
Country_7,1939,603.1
Country_7,1940,657.0
Country_7,1941,623.3
Country_7,1942,621.7
Country_7,1943,650.7
Country_7,1944,669.6
Country_7,1945,554.1
Country_7,1946,587.4
Country_7,1947,610.6
Country_7,1948,658.7
Country_7,1949,649.6
Country_7,1950,643.0
Country_7,1951,647.8
Country_7,1952,606.8
Country_7,1953,592.8
Country_7,1954,567.8
Country_7,1955,590.3
Country_7,1956,579.9
Country_7,1957,578.7
Country_7,1958,546.1
Country_7,1959,582.4
Country_7,1960,595.6
Country_7,1961,612.3
Country_7,1962,642.1
Country_7,1963,648.8
Country_7,1964,487.0
Country_7,1965,627.2
Country_7,1966,609.9
Country_7,1967,600.6
Country_7,1968,529.6
Country_7,1969,517.9
Country_7,1970,620.3
Country_7,1971,714.0
Country_7,1972,646.3
Country_7,1973,573.6
Country_7,1974,581.6
Country_7,1975,664.0
Country_7,1976,560.8
Country_7,1977,548.0
Country_7,1978,630.0
Country_7,1979,571.2
Country_7,1980,590.0
Country_7,1981,617.7
Country_7,1982,592.8
Country_7,1983,576.8
Country_7,1984,547.6
Country_7,1985,628.5
Country_7,1986,577.5
Country_7,1987,600.8
Country_7,1988,558.4
Country_7,1989,580.6
Country_7,1990,580.8
Country_7,1991,594.3
Country_7,1992,610.0
Country_7,1993,607.7
Country_7,1994,530.0
Country_7,1995,558.6
Country_7,1996,655.0
Country_7,1997,521.1
Country_7,1998,545.3
Country_7,1999,607.3
Country_7,2000,584.5
Country_7,2001,555.6
Country_7,2002,632.8
Country_7,2003,576.6
Country_7,2004,688.7
Country_7,2005,534.7
Country_7,2006,552.6
Country_7,2007,630.2
Country_7,2008,643.6
Country_7,2009,596.9
Country_7,2010,598.2
Country_7,2011,606.7
Country_7,2012,632.2
Country_7,2013,582.4
Country_7,2014,635.7
Country_7,2015,598.4
Country_7,2016,577.1
Country_7,2017,580.5
Country_7,2018,626.2
Country_7,2019,612.6
Country_7,2020,577.4
Country_7,2021,606.0
Country_7,2022,567.7
Country_7,2023,573.7
Country_8,1900,1164.7
Country_8,1901,1090.4
Country_8,1902,1062.0
Country_8,1903,1044.7
Country_8,1904,1088.2
Country_8,1905,1029.1
Country_8,1906,1105.7
Country_8,1907,1041.3
Country_8,1908,1186.4
Country_8,1909,1143.6
Country_8,1910,1092.4
Country_8,1911,1006.5
Country_8,1912,1120.3
Country_8,1913,1007.3
Country_8,1914,1142.8
Country_8,1915,1061.6
Country_8,1916,1134.0
Country_8,1917,1069.5
Country_8,1918,1158.3
Country_8,1919,1040.2
Country_8,1920,1011.3
Country_8,1921,1089.8
Country_8,1922,1117.4
Country_8,1923,1157.2
Country_8,1924,1074.2
Country_8,1925,1097.8
Country_8,1926,1170.7
Country_8,1927,1100.3
Country_8,1928,1179.6
Country_8,1929,1152.4
Country_8,1930,1091.4
Country_8,1931,1099.9
Country_8,1932,1128.3
Country_8,1933,1099.3
Country_8,1934,1086.4
Country_8,1935,1052.9
Country_8,1936,1110.3
Country_8,1937,1074.5
Country_8,1938,1070.1
Country_8,1939,1085.3
Country_8,1940,1084.0
Country_8,1941,1039.0
Country_8,1942,1067.2
Country_8,1943,1153.6
Country_8,1944,1130.9
Country_8,1945,1065.8
Country_8,1946,1149.5
Country_8,1947,1084.3
Country_8,1948,1073.9
Country_8,1949,1140.4
Country_8,1950,1126.7
Country_8,1951,1178.3
Country_8,1952,1071.0
Country_8,1953,1082.2
Country_8,1954,1181.0
Country_8,1955,1150.7
Country_8,1956,1142.7
Country_8,1957,1158.5
Country_8,1958,1167.3
Country_8,1959,1089.0
Country_8,1960,1200.4
Country_8,1961,1115.8
Country_8,1962,1151.7
Country_8,1963,1114.6
Country_8,1964,1143.4
Country_8,1965,1199.9
Country_8,1966,1157.7
Country_8,1967,1137.4
Country_8,1968,1107.1
Country_8,1969,1006.3
Country_8,1970,1137.1
Country_8,1971,1085.9
Country_8,1972,1172.6
Country_8,1973,1135.2
Country_8,1974,1148.6
Country_8,1975,1090.7
Country_8,1976,980.4
Country_8,1977,1063.9
Country_8,1978,1161.7
Country_8,1979,1191.4
Country_8,1980,1122.9
Country_8,1981,1081.8
Country_8,1982,1125.6
Country_8,1983,1062.1
Country_8,1984,1059.6
Country_8,1985,1203.4
Country_8,1986,1027.5
Country_8,1987,1064.7
Country_8,1988,1097.4
Country_8,1989,1086.1
Country_8,1990,1166.3
Country_8,1991,992.0
Country_8,1992,1087.8
Country_8,1993,1095.7
Country_8,1994,1055.8
Country_8,1995,1058.4
Country_8,1996,1037.0
Country_8,1997,1113.4
Country_8,1998,1045.0
Country_8,1999,1063.1
Country_8,2000,1068.4
Country_8,2001,1154.6
Country_8,2002,1076.6
Country_8,2003,1094.6
Country_8,2004,1101.0
Country_8,2005,1164.9
Country_8,2006,1084.6
Country_8,2007,1132.8
Country_8,2008,978.2
Country_8,2009,1173.8
Country_8,2010,1084.7
Country_8,2011,1111.4
Country_8,2012,1078.2
Country_8,2013,1161.9
Country_8,2014,1159.9
Country_8,2015,1107.4
Country_8,2016,1041.0
Country_8,2017,1027.6
Country_8,2018,1064.6
Country_8,2019,1077.9
Country_8,2020,1207.5
Country_8,2021,1068.4
Country_8,2022,1199.7
Country_8,2023,1210.0
Country_9,1900,1769.2
Country_9,1901,1746.6
Country_9,1902,1768.4
Country_9,1903,1631.2
Country_9,1904,1788.6
Country_9,1905,1693.6
Country_9,1906,1815.3
Country_9,1907,1718.4
Country_9,1908,1745.8
Country_9,1909,1686.9
Country_9,1910,1817.1
Country_9,1911,1823.3
Country_9,1912,1777.3
Country_9,1913,1750.7
Country_9,1914,1818.5
Country_9,1915,1783.2
Country_9,1916,1749.1
Country_9,1917,1631.9
Country_9,1918,1676.6
Country_9,1919,1891.7
Country_9,1920,1780.2
Country_9,1921,1682.2
Country_9,1922,1852.2
Country_9,1923,1750.1
Country_9,1924,1732.7
Country_9,1925,1670.9
Country_9,1926,1751.9
Country_9,1927,1766.5
Country_9,1928,1760.2
Country_9,1929,1792.2
Country_9,1930,1765.7
Country_9,1931,1825.9
Country_9,1932,1741.3
Country_9,1933,1734.6
Country_9,1934,1725.8
Country_9,1935,1685.4
Country_9,1936,1773.2
Country_9,1937,1727.3
Country_9,1938,1822.4
Country_9,1939,1858.4
Country_9,1940,1773.2
Country_9,1941,1749.4
Country_9,1942,1745.0
Country_9,1943,1706.6
Country_9,1944,1802.5
Country_9,1945,1791.2
Country_9,1946,1728.2
Country_9,1947,1758.5
Country_9,1948,1722.2
Country_9,1949,1764.4
Country_9,1950,1674.3
Country_9,1951,1686.1
Country_9,1952,1767.0
Country_9,1953,1746.3
Country_9,1954,1705.4
Country_9,1955,1722.7
Country_9,1956,1799.1
Country_9,1957,1785.5
Country_9,1958,1824.7
Country_9,1959,1745.2
Country_9,1960,1780.3
Country_9,1961,1756.1
Country_9,1962,1727.1
Country_9,1963,1760.0
Country_9,1964,1853.6
Country_9,1965,1772.2
Country_9,1966,1853.6
Country_9,1967,1789.9
Country_9,1968,1810.1
Country_9,1969,1734.7
Country_9,1970,1772.6
Country_9,1971,1756.2
Country_9,1972,1748.1
Country_9,1973,1691.5
Country_9,1974,1810.4
Country_9,1975,1754.2
Country_9,1976,1850.5
Country_9,1977,1788.1
Country_9,1978,1749.0
Country_9,1979,1802.9
Country_9,1980,1742.8
Country_9,1981,1779.3
Country_9,1982,1711.2
Country_9,1983,1734.0
Country_9,1984,1740.6
Country_9,1985,1768.4
Country_9,1986,1838.5
Country_9,1987,1722.6
Country_9,1988,1735.1
Country_9,1989,1813.3
Country_9,1990,1723.8
Country_9,1991,1671.7
Country_9,1992,1809.0
Country_9,1993,1711.1
Country_9,1994,1777.7
Country_9,1995,1792.6
Country_9,1996,1766.7
Country_9,1997,1713.6
Country_9,1998,1651.6
Country_9,1999,1765.0
Country_9,2000,1828.3
Country_9,2001,1700.0
Country_9,2002,1783.9
Country_9,2003,1743.3
Country_9,2004,1735.0
Country_9,2005,1822.3
Country_9,2006,1707.8
Country_9,2007,1825.1
Country_9,2008,1746.4
Country_9,2009,1843.7
Country_9,2010,1789.9
Country_9,2011,1828.1
Country_9,2012,1820.6
Country_9,2013,1727.0
Country_9,2014,1750.0
Country_9,2015,1744.7
Country_9,2016,1722.9
Country_9,2017,1693.7
Country_9,2018,1793.0
Country_9,2019,1810.7
Country_9,2020,1679.8
Country_9,2021,1671.1
Country_9,2022,1618.3
Country_9,2023,1797.9
Country_10,1900,1808.2
Country_10,1901,1744.9
Country_10,1902,1725.6
Country_10,1903,1839.0
Country_10,1904,1735.9
Country_10,1905,1823.2
Country_10,1906,1768.1
Country_10,1907,1820.2
Country_10,1908,1783.9
Country_10,1909,1759.6
Country_10,1910,1795.8
Country_10,1911,1806.3
Country_10,1912,1810.7
Country_10,1913,1835.2
Country_10,1914,1734.1
Country_10,1915,1742.9
Country_10,1916,1818.4
Country_10,1917,1758.7
Country_10,1918,1731.0
Country_10,1919,1743.7
Country_10,1920,1760.7
Country_10,1921,1736.1
Country_10,1922,1811.1
Country_10,1923,1788.3
Country_10,1924,1837.2
Country_10,1925,1790.1
Country_10,1926,1782.3
Country_10,1927,1801.1
Country_10,1928,1854.7
Country_10,1929,1784.9
Country_10,1930,1745.3
Country_10,1931,1688.2
Country_10,1932,1810.3
Country_10,1933,1668.8
Country_10,1934,1790.7
Country_10,1935,1773.6
Country_10,1936,1802.3
Country_10,1937,1748.3
Country_10,1938,1702.4
Country_10,1939,1768.8
Country_10,1940,1807.5
Country_10,1941,1881.2
Country_10,1942,1811.9
Country_10,1943,1733.6
Country_10,1944,1812.8
Country_10,1945,1715.1
Country_10,1946,1820.5
Country_10,1947,1771.6
Country_10,1948,1811.0
Country_10,1949,1819.3
Country_10,1950,1913.4
Country_10,1951,1784.5
Country_10,1952,1783.0
Country_10,1953,1789.2
Country_10,1954,1788.6
Country_10,1955,1727.0
Country_10,1956,1765.5
Country_10,1957,1714.0
Country_10,1958,1757.4
Country_10,1959,1754.5
Country_10,1960,1761.5
Country_10,1961,1762.4
Country_10,1962,1843.7
Country_10,1963,1823.6
Country_10,1964,1743.2
Country_10,1965,1723.7
Country_10,1966,1817.0
Country_10,1967,1825.5
Country_10,1968,1733.8
Country_10,1969,1730.7
Country_10,1970,1678.2
Country_10,1971,1778.7
Country_10,1972,1717.9
Country_10,1973,1779.5
Country_10,1974,1836.3
Country_10,1975,1776.0
Country_10,1976,1854.6
Country_10,1977,1654.8
Country_10,1978,1784.9
Country_10,1979,1662.8
Country_10,1980,1748.8
Country_10,1981,1830.0
Country_10,1982,1760.4
Country_10,1983,1742.8
Country_10,1984,1797.3
Country_10,1985,1767.8
Country_10,1986,1747.2
Country_10,1987,1707.3
Country_10,1988,1785.9
Country_10,1989,1817.4
Country_10,1990,1694.4
Country_10,1991,1685.6
Country_10,1992,1718.2
Country_10,1993,1733.0
Country_10,1994,1630.0
Country_10,1995,1764.7
Country_10,1996,1800.6
Country_10,1997,1827.3
Country_10,1998,1682.5
Country_10,1999,1898.3
Country_10,2000,1793.7
Country_10,2001,1752.9
Country_10,2002,1755.3
Country_10,2003,1826.4
Country_10,2004,1695.6
Country_10,2005,1776.3
Country_10,2006,1718.1
Country_10,2007,1734.9
Country_10,2008,1758.4
Country_10,2009,1678.3
Country_10,2010,1819.2
Country_10,2011,1767.9
Country_10,2012,1724.4
Country_10,2013,1787.2
Country_10,2014,1821.4
Country_10,2015,1780.0
Country_10,2016,1751.2
Country_10,2017,1750.6
Country_10,2018,1696.3
Country_10,2019,1735.4
Country_10,2020,1807.9
Country_10,2021,1715.8
Country_10,2022,1791.9
Country_10,2023,1752.9
Country_11,1900,1151.8
Country_11,1901,1090.5
Country_11,1902,1168.6
Country_11,1903,1134.9
Country_11,1904,1025.4
Country_11,1905,1122.3
Country_11,1906,1227.7
Country_11,1907,1114.6
Country_11,1908,1071.5
Country_11,1909,1083.6
Country_11,1910,1142.9
Country_11,1911,1165.5
Country_11,1912,1162.9
Country_11,1913,1118.6
Country_11,1914,1073.5
Country_11,1915,1133.9
Country_11,1916,1135.7
Country_11,1917,1065.3
Country_11,1918,1131.8
Country_11,1919,1093.5
Country_11,1920,1106.3
Country_11,1921,1082.6
Country_11,1922,1161.1
Country_11,1923,1129.8
Country_11,1924,1139.3
Country_11,1925,1131.4
Country_11,1926,1110.2
Country_11,1927,1095.1
Country_11,1928,1082.0
Country_11,1929,1044.3
Country_11,1930,1116.0
Country_11,1931,1004.2
Country_11,1932,1177.0
Country_11,1933,1075.7
Country_11,1934,1119.2
Country_11,1935,1107.5
Country_11,1936,1109.9
Country_11,1937,1090.5
Country_11,1938,1034.8
Country_11,1939,1143.6
Country_11,1940,1097.8
Country_11,1941,1089.2
Country_11,1942,1082.5
Country_11,1943,1086.9
Country_11,1944,1028.3
Country_11,1945,1191.6
Country_11,1946,1145.3
Country_11,1947,1132.9
Country_11,1948,1137.1
Country_11,1949,1149.1
Country_11,1950,1136.3
Country_11,1951,1054.0
Country_11,1952,1081.1
Country_11,1953,1157.8
Country_11,1954,1147.5
Country_11,1955,1073.5
Country_11,1956,1111.5
Country_11,1957,1034.6
Country_11,1958,1099.1
Country_11,1959,1146.7
Country_11,1960,1084.2
Country_11,1961,1092.9
Country_11,1962,1140.9
Country_11,1963,1138.6
Country_11,1964,1187.1
Country_11,1965,1122.2
Country_11,1966,1173.8
Country_11,1967,1124.6
Country_11,1968,1045.5
Country_11,1969,1132.3
Country_11,1970,1101.9
Country_11,1971,1157.4
Country_11,1972,1042.5
Country_11,1973,1060.3
Country_11,1974,1135.5
Country_11,1975,1186.4
Country_11,1976,1071.3
Country_11,1977,1076.3
Country_11,1978,1119.0
Country_11,1979,1124.2
Country_11,1980,1113.2
Country_11,1981,1090.8
Country_11,1982,1083.2
Country_11,1983,1099.9
Country_11,1984,1125.2
Country_11,1985,1059.2
Country_11,1986,1080.3
Country_11,1987,1185.9
Country_11,1988,1227.5
Country_11,1989,1091.1
Country_11,1990,1085.1
Country_11,1991,1168.6
Country_11,1992,1094.0
Country_11,1993,1139.9
Country_11,1994,1122.7
Country_11,1995,1102.5
Country_11,1996,1245.7
Country_11,1997,1101.3
Country_11,1998,1141.6
Country_11,1999,1126.1
Country_11,2000,1148.2
Country_11,2001,1081.7
Country_11,2002,1161.7
Country_11,2003,1154.9
Country_11,2004,1192.0
Country_11,2005,1187.3
Country_11,2006,1076.6
Country_11,2007,1109.6
Country_11,2008,1127.3
Country_11,2009,1120.1
Country_11,2010,1082.5
Country_11,2011,1184.1
Country_11,2012,1141.2
Country_11,2013,1117.8
Country_11,2014,1054.9
Country_11,2015,1164.1
Country_11,2016,1219.4
Country_11,2017,1193.4
Country_11,2018,1065.7
Country_11,2019,1074.2
Country_11,2020,1082.6
Country_11,2021,1194.0
Country_11,2022,1215.2
Country_11,2023,1102.0
Country_12,1900,1644.0
Country_12,1901,1516.5
Country_12,1902,1599.2
Country_12,1903,1520.8
Country_12,1904,1619.8
Country_12,1905,1612.3
Country_12,1906,1619.1
Country_12,1907,1525.2
Country_12,1908,1594.6
Country_12,1909,1717.8
Country_12,1910,1547.5
Country_12,1911,1566.7
Country_12,1912,1593.2
Country_12,1913,1604.3
Country_12,1914,1617.0
Country_12,1915,1510.2
Country_12,1916,1500.2
Country_12,1917,1651.4
Country_12,1918,1484.3
Country_12,1919,1595.4
Country_12,1920,1536.3
Country_12,1921,1572.1
Country_12,1922,1579.3
Country_12,1923,1584.2
Country_12,1924,1527.5
Country_12,1925,1609.4
Country_12,1926,1584.6
Country_12,1927,1647.5
Country_12,1928,1583.8
Country_12,1929,1638.3
Country_12,1930,1553.5
Country_12,1931,1448.8
Country_12,1932,1587.4
Country_12,1933,1623.5
Country_12,1934,1572.9
Country_12,1935,1545.6
Country_12,1936,1495.8
Country_12,1937,1587.3
Country_12,1938,1648.0
Country_12,1939,1549.6
Country_12,1940,1601.6
Country_12,1941,1629.7
Country_12,1942,1603.8
Country_12,1943,1541.4
Country_12,1944,1611.8
Country_12,1945,1551.5
Country_12,1946,1579.5
Country_12,1947,1613.5
Country_12,1948,1529.1
Country_12,1949,1612.2
Country_12,1950,1522.3
Country_12,1951,1646.6
Country_12,1952,1590.6
Country_12,1953,1624.5
Country_12,1954,1595.3
Country_12,1955,1612.6
Country_12,1956,1572.8
Country_12,1957,1687.2
Country_12,1958,1607.2
Country_12,1959,1599.5
Country_12,1960,1510.0
Country_12,1961,1517.0
Country_12,1962,1601.7
Country_12,1963,1534.1
Country_12,1964,1633.0
Country_12,1965,1606.1
Country_12,1966,1568.2
Country_12,1967,1543.6
Country_12,1968,1475.7
Country_12,1969,1554.5
Country_12,1970,1624.3
Country_12,1971,1672.9
Country_12,1972,1699.6
Country_12,1973,1536.1
Country_12,1974,1735.6
Country_12,1975,1571.4
Country_12,1976,1516.3
Country_12,1977,1571.3
Country_12,1978,1616.7
Country_12,1979,1619.4
Country_12,1980,1682.1
Country_12,1981,1500.3
Country_12,1982,1518.3
Country_12,1983,1604.5
Country_12,1984,1606.9
Country_12,1985,1556.5
Country_12,1986,1545.7
Country_12,1987,1537.9
Country_12,1988,1633.5
Country_12,1989,1546.8
Country_12,1990,1597.6
Country_12,1991,1586.5
Country_12,1992,1558.8
Country_12,1993,1484.9
Country_12,1994,1660.4
Country_12,1995,1558.1
Country_12,1996,1502.2
Country_12,1997,1667.1
Country_12,1998,1526.5
Country_12,1999,1604.6
Country_12,2000,1544.3
Country_12,2001,1602.6
Country_12,2002,1562.7
Country_12,2003,1620.3
Country_12,2004,1583.4
Country_12,2005,1604.2
Country_12,2006,1590.1
Country_12,2007,1592.3
Country_12,2008,1509.8
Country_12,2009,1617.4
Country_12,2010,1558.2
Country_12,2011,1547.5
Country_12,2012,1579.3
Country_12,2013,1563.1
Country_12,2014,1602.7
Country_12,2015,1557.8
Country_12,2016,1606.8
Country_12,2017,1589.6
Country_12,2018,1569.4
Country_12,2019,1518.9
Country_12,2020,1579.5
Country_12,2021,1483.5
Country_12,2022,1580.8
Country_12,2023,1530.4
Country_13,1900,1088.8
Country_13,1901,1057.3
Country_13,1902,964.6
Country_13,1903,1047.0
Country_13,1904,911.5
Country_13,1905,989.8
Country_13,1906,1065.3
Country_13,1907,1047.5
Country_13,1908,1156.2
Country_13,1909,1039.6
Country_13,1910,1037.3
Country_13,1911,995.6
Country_13,1912,1066.4
Country_13,1913,1005.6
Country_13,1914,907.0
Country_13,1915,1056.5
Country_13,1916,1126.0
Country_13,1917,1054.2
Country_13,1918,1053.9
Country_13,1919,994.5
Country_13,1920,1018.8
Country_13,1921,1019.3
Country_13,1922,1024.5
Country_13,1923,1014.2
Country_13,1924,1000.5
Country_13,1925,993.5
Country_13,1926,948.0
Country_13,1927,1057.4
Country_13,1928,1092.8
Country_13,1929,1016.2
Country_13,1930,1071.0
Country_13,1931,1052.3
Country_13,1932,1053.0
Country_13,1933,1089.9
Country_13,1934,930.3
Country_13,1935,1048.1
Country_13,1936,1095.5
Country_13,1937,1064.2
Country_13,1938,1103.9
Country_13,1939,1135.0
Country_13,1940,985.3
Country_13,1941,993.2
Country_13,1942,1017.0
Country_13,1943,1129.7
Country_13,1944,1001.5
Country_13,1945,985.1
Country_13,1946,1038.9
Country_13,1947,1030.7
Country_13,1948,999.4
Country_13,1949,1095.6
Country_13,1950,985.5
Country_13,1951,1016.9
Country_13,1952,1080.0
Country_13,1953,1017.8
Country_13,1954,1009.9
Country_13,1955,1065.0
Country_13,1956,1052.0
Country_13,1957,952.7
Country_13,1958,1019.7
Country_13,1959,1102.5
Country_13,1960,993.6
Country_13,1961,1055.9
Country_13,1962,1035.2
Country_13,1963,1005.0
Country_13,1964,1026.7
Country_13,1965,1101.8
Country_13,1966,969.3
Country_13,1967,1039.4
Country_13,1968,960.5
Country_13,1969,939.7
Country_13,1970,971.6
Country_13,1971,957.7
Country_13,1972,1020.1
Country_13,1973,998.8
Country_13,1974,1031.6
Country_13,1975,1036.0
Country_13,1976,914.0
Country_13,1977,1000.0
Country_13,1978,1074.0
Country_13,1979,1031.4
Country_13,1980,986.6
Country_13,1981,966.8
Country_13,1982,1091.3
Country_13,1983,1083.1
Country_13,1984,991.2
Country_13,1985,1088.8
Country_13,1986,1005.1
Country_13,1987,1110.1
Country_13,1988,1019.6
Country_13,1989,1025.1
Country_13,1990,927.7
Country_13,1991,915.1
Country_13,1992,1082.7
Country_13,1993,1015.4
Country_13,1994,1041.5
Country_13,1995,1069.4
Country_13,1996,1037.4
Country_13,1997,981.7
Country_13,1998,995.1
Country_13,1999,1066.2
Country_13,2000,1039.8
Country_13,2001,972.3
Country_13,2002,995.2
Country_13,2003,1090.2
Country_13,2004,1002.1
Country_13,2005,1026.3
Country_13,2006,1040.2
Country_13,2007,1118.8
Country_13,2008,1070.8
Country_13,2009,1009.7
Country_13,2010,997.3
Country_13,2011,1038.1
Country_13,2012,878.3
Country_13,2013,1035.9
Country_13,2014,1051.2
Country_13,2015,1017.1
Country_13,2016,980.1
Country_13,2017,1129.3
Country_13,2018,1095.1
Country_13,2019,1093.6
Country_13,2020,1059.4
Country_13,2021,1054.8
Country_13,2022,1068.6
Country_13,2023,1055.2
Country_14,1900,1364.0
Country_14,1901,1250.1
Country_14,1902,1259.4
Country_14,1903,1259.7
Country_14,1904,1299.5
Country_14,1905,1292.1
Country_14,1906,1294.0
Country_14,1907,1283.2
Country_14,1908,1311.0
Country_14,1909,1258.7
Country_14,1910,1247.7
Country_14,1911,1313.7
Country_14,1912,1354.1
Country_14,1913,1266.9
Country_14,1914,1332.1
Country_14,1915,1326.2
Country_14,1916,1242.1
Country_14,1917,1276.0
Country_14,1918,1203.9
Country_14,1919,1189.2
Country_14,1920,1278.0
Country_14,1921,1209.7
Country_14,1922,1342.9
Country_14,1923,1228.1
Country_14,1924,1278.1
Country_14,1925,1338.4
Country_14,1926,1267.3
Country_14,1927,1292.3
Country_14,1928,1301.9
Country_14,1929,1270.4
Country_14,1930,1264.8
Country_14,1931,1258.5
Country_14,1932,1290.6
Country_14,1933,1280.0
Country_14,1934,1295.6
Country_14,1935,1298.2
Country_14,1936,1180.4
Country_14,1937,1237.3
Country_14,1938,1214.9
Country_14,1939,1282.5
Country_14,1940,1277.8
Country_14,1941,1247.0
Country_14,1942,1346.3
Country_14,1943,1292.6
Country_14,1944,1202.4
Country_14,1945,1256.5
Country_14,1946,1226.9
Country_14,1947,1345.2
Country_14,1948,1223.6
Country_14,1949,1249.7
Country_14,1950,1301.5
Country_14,1951,1239.2
Country_14,1952,1194.5
Country_14,1953,1246.9
Country_14,1954,1210.5
Country_14,1955,1318.1
Country_14,1956,1305.2
Country_14,1957,1259.2
Country_14,1958,1282.7
Country_14,1959,1212.8
Country_14,1960,1263.8
Country_14,1961,1272.3
Country_14,1962,1264.1
Country_14,1963,1236.6
Country_14,1964,1309.9
Country_14,1965,1367.4
Country_14,1966,1192.0
Country_14,1967,1291.4
Country_14,1968,1254.7
Country_14,1969,1308.8
Country_14,1970,1215.8
Country_14,1971,1272.7
Country_14,1972,1247.4
Country_14,1973,1230.3
Country_14,1974,1249.8
Country_14,1975,1213.7
Country_14,1976,1245.7
Country_14,1977,1238.2
Country_14,1978,1286.1
Country_14,1979,1300.1
Country_14,1980,1291.7
Country_14,1981,1324.8
Country_14,1982,1359.3
Country_14,1983,1311.3
Country_14,1984,1199.7
Country_14,1985,1326.8
Country_14,1986,1330.3
Country_14,1987,1176.2
Country_14,1988,1130.7
Country_14,1989,1280.7
Country_14,1990,1231.0
Country_14,1991,1255.8
Country_14,1992,1283.7
Country_14,1993,1269.9
Country_14,1994,1284.0
Country_14,1995,1247.3
Country_14,1996,1160.0
Country_14,1997,1343.5
Country_14,1998,1314.2
Country_14,1999,1337.7
Country_14,2000,1334.0
Country_14,2001,1282.4
Country_14,2002,1316.2
Country_14,2003,1362.4
Country_14,2004,1380.9
Country_14,2005,1305.8
Country_14,2006,1246.1
Country_14,2007,1217.4
Country_14,2008,1306.8
Country_14,2009,1280.4
Country_14,2010,1247.2
Country_14,2011,1322.6
Country_14,2012,1284.3
Country_14,2013,1200.8
Country_14,2014,1248.3
Country_14,2015,1180.3
Country_14,2016,1298.0
Country_14,2017,1282.6
Country_14,2018,1323.9
Country_14,2019,1193.9
Country_14,2020,1281.5
Country_14,2021,1273.5
Country_14,2022,1254.4
Country_14,2023,1244.9
Country_15,1900,757.6
Country_15,1901,707.2
Country_15,1902,726.6
Country_15,1903,609.1
Country_15,1904,654.0
Country_15,1905,780.4
Country_15,1906,729.2
Country_15,1907,798.1
Country_15,1908,751.4
Country_15,1909,759.3
Country_15,1910,666.5
Country_15,1911,754.3
Country_15,1912,808.0
Country_15,1913,758.1
Country_15,1914,714.0
Country_15,1915,732.4
Country_15,1916,688.3
Country_15,1917,714.4
Country_15,1918,736.3
Country_15,1919,756.3
Country_15,1920,848.3
Country_15,1921,752.4
Country_15,1922,684.6
Country_15,1923,703.9
Country_15,1924,738.9
Country_15,1925,673.5
Country_15,1926,740.5
Country_15,1927,678.9
Country_15,1928,659.6
Country_15,1929,768.7
Country_15,1930,762.5
Country_15,1931,722.8
Country_15,1932,762.9
Country_15,1933,722.6
Country_15,1934,779.2
Country_15,1935,787.6
Country_15,1936,649.5
Country_15,1937,696.7
Country_15,1938,704.0
Country_15,1939,699.2
Country_15,1940,702.4
Country_15,1941,624.2
Country_15,1942,632.6
Country_15,1943,756.7
Country_15,1944,701.4
Country_15,1945,674.6
Country_15,1946,773.8
Country_15,1947,787.0
Country_15,1948,740.5
Country_15,1949,770.2
Country_15,1950,626.6
Country_15,1951,706.2
Country_15,1952,772.3
Country_15,1953,835.8
Country_15,1954,660.6
Country_15,1955,770.4
Country_15,1956,749.2
Country_15,1957,721.8
Country_15,1958,577.0
Country_15,1959,747.2
Country_15,1960,677.4
Country_15,1961,712.0
Country_15,1962,602.7
Country_15,1963,710.4
Country_15,1964,749.3
Country_15,1965,748.1
Country_15,1966,679.2
Country_15,1967,701.9
Country_15,1968,734.5
Country_15,1969,792.0
Country_15,1970,689.2
Country_15,1971,769.5
Country_15,1972,701.9
Country_15,1973,766.7
Country_15,1974,742.2
Country_15,1975,726.9
Country_15,1976,753.2
Country_15,1977,793.6
Country_15,1978,709.7
Country_15,1979,674.7
Country_15,1980,687.2
Country_15,1981,623.8
Country_15,1982,667.2
Country_15,1983,659.2
Country_15,1984,798.5
Country_15,1985,782.8
Country_15,1986,697.5
Country_15,1987,790.8
Country_15,1988,757.0
Country_15,1989,755.7
Country_15,1990,811.6
Country_15,1991,722.8
Country_15,1992,669.5
Country_15,1993,653.5
Country_15,1994,704.0
Country_15,1995,622.1
Country_15,1996,746.5
Country_15,1997,708.9
Country_15,1998,698.2
Country_15,1999,712.6
Country_15,2000,742.7
Country_15,2001,695.4
Country_15,2002,743.1
Country_15,2003,624.1
Country_15,2004,807.6
Country_15,2005,727.0
Country_15,2006,736.0
Country_15,2007,747.3
Country_15,2008,669.6
Country_15,2009,631.0
Country_15,2010,789.0
Country_15,2011,664.3
Country_15,2012,678.2
Country_15,2013,689.7
Country_15,2014,713.7
Country_15,2015,746.4
Country_15,2016,651.4
Country_15,2017,682.9
Country_15,2018,758.0
Country_15,2019,666.3
Country_15,2020,662.2
Country_15,2021,702.1
Country_15,2022,664.6
Country_15,2023,747.7
Country_16,1900,1100.0
Country_16,1901,1057.0
Country_16,1902,967.8
Country_16,1903,1104.3
Country_16,1904,998.8
Country_16,1905,1074.6
Country_16,1906,1102.4
Country_16,1907,1119.1
Country_16,1908,1051.3
Country_16,1909,1091.1
Country_16,1910,1056.3
Country_16,1911,1008.0
Country_16,1912,1113.3
Country_16,1913,1076.5
Country_16,1914,1076.4
Country_16,1915,1051.8
Country_16,1916,1109.5
Country_16,1917,1052.2
Country_16,1918,1029.1
Country_16,1919,1146.2
Country_16,1920,1110.2
Country_16,1921,1043.4
Country_16,1922,935.5
Country_16,1923,1073.3
Country_16,1924,1028.3
Country_16,1925,1068.4
Country_16,1926,1031.8
Country_16,1927,1063.8
Country_16,1928,1139.3
Country_16,1929,1059.5
Country_16,1930,1104.6
Country_16,1931,1080.1
Country_16,1932,1003.1
Country_16,1933,1077.1
Country_16,1934,1018.8
Country_16,1935,1054.8
Country_16,1936,992.0
Country_16,1937,1140.7
Country_16,1938,1082.7
Country_16,1939,1142.7
Country_16,1940,1135.6
Country_16,1941,980.9
Country_16,1942,1072.1
Country_16,1943,1066.2
Country_16,1944,1078.6
Country_16,1945,1103.3
Country_16,1946,1179.0
Country_16,1947,1123.7
Country_16,1948,1057.9
Country_16,1949,1087.5
Country_16,1950,966.7
Country_16,1951,1080.8
Country_16,1952,1031.1
Country_16,1953,1035.6
Country_16,1954,1067.1
Country_16,1955,1099.0
Country_16,1956,1022.4
Country_16,1957,1086.5
Country_16,1958,1146.0
Country_16,1959,1055.3
Country_16,1960,933.8
Country_16,1961,1074.5
Country_16,1962,1035.9
Country_16,1963,1077.1
Country_16,1964,1024.3
Country_16,1965,1064.4
Country_16,1966,1076.4
Country_16,1967,1013.6
Country_16,1968,1034.0
Country_16,1969,1025.6
Country_16,1970,1125.6
Country_16,1971,1061.0
Country_16,1972,1011.0
Country_16,1973,1103.4
Country_16,1974,1083.4
Country_16,1975,1065.4
Country_16,1976,1112.2
Country_16,1977,1139.8
Country_16,1978,1058.0
Country_16,1979,983.3
Country_16,1980,1035.2
Country_16,1981,1083.7
Country_16,1982,1017.8
Country_16,1983,1033.5
Country_16,1984,1023.1
Country_16,1985,1044.8
Country_16,1986,1030.9
Country_16,1987,1122.7
Country_16,1988,1077.1
Country_16,1989,1081.2
Country_16,1990,1089.9
Country_16,1991,1105.1
Country_16,1992,1010.8
Country_16,1993,1058.4
Country_16,1994,1069.6
Country_16,1995,1048.1
Country_16,1996,1103.6
Country_16,1997,1096.1
Country_16,1998,1147.8
Country_16,1999,1082.3
Country_16,2000,1062.9
Country_16,2001,998.0
Country_16,2002,963.8
Country_16,2003,1060.5
Country_16,2004,1042.0
Country_16,2005,1041.5
Country_16,2006,1068.6
Country_16,2007,1083.9
Country_16,2008,1010.4
Country_16,2009,1065.1
Country_16,2010,1026.6
Country_16,2011,1091.4
Country_16,2012,1019.5
Country_16,2013,1029.8
Country_16,2014,1153.9
Country_16,2015,1117.9
Country_16,2016,1082.0
Country_16,2017,1030.0
Country_16,2018,1102.5
Country_16,2019,1027.6
Country_16,2020,987.8
Country_16,2021,1153.8
Country_16,2022,1064.4
Country_16,2023,1080.7
Country_17,1900,787.4
Country_17,1901,740.4
Country_17,1902,862.5
Country_17,1903,747.0
Country_17,1904,724.8
Country_17,1905,790.0
Country_17,1906,724.2
Country_17,1907,738.8
Country_17,1908,855.6
Country_17,1909,739.9
Country_17,1910,775.5
Country_17,1911,708.7
Country_17,1912,761.3
Country_17,1913,753.6
Country_17,1914,817.9
Country_17,1915,815.6
Country_17,1916,696.1
Country_17,1917,810.8
Country_17,1918,748.3
Country_17,1919,709.4
Country_17,1920,697.8
Country_17,1921,794.9
Country_17,1922,730.8
Country_17,1923,765.2
Country_17,1924,789.8
Country_17,1925,722.7
Country_17,1926,758.8
Country_17,1927,745.8
Country_17,1928,725.7
Country_17,1929,775.3
Country_17,1930,845.8
Country_17,1931,793.0
Country_17,1932,718.6
Country_17,1933,780.9
Country_17,1934,757.3
Country_17,1935,816.0
Country_17,1936,816.5
Country_17,1937,746.4
Country_17,1938,718.4
Country_17,1939,752.3
Country_17,1940,764.2
Country_17,1941,833.3
Country_17,1942,864.6
Country_17,1943,872.6
Country_17,1944,823.0
Country_17,1945,765.7
Country_17,1946,776.3
Country_17,1947,757.6
Country_17,1948,735.0
Country_17,1949,725.5
Country_17,1950,803.6
Country_17,1951,798.7
Country_17,1952,788.2
Country_17,1953,696.8
Country_17,1954,813.2
Country_17,1955,746.8
Country_17,1956,846.8
Country_17,1957,772.2
Country_17,1958,720.9
Country_17,1959,691.8
Country_17,1960,830.2
Country_17,1961,777.5
Country_17,1962,705.0
Country_17,1963,763.0
Country_17,1964,711.2
Country_17,1965,895.9
Country_17,1966,749.2
Country_17,1967,765.5
Country_17,1968,814.7
Country_17,1969,711.4
Country_17,1970,714.5
Country_17,1971,848.0
Country_17,1972,795.2
Country_17,1973,736.5
Country_17,1974,764.9
Country_17,1975,756.6
Country_17,1976,725.6
Country_17,1977,599.3
Country_17,1978,760.6
Country_17,1979,789.8
Country_17,1980,795.4
Country_17,1981,741.1
Country_17,1982,818.4
Country_17,1983,787.8
Country_17,1984,721.3
Country_17,1985,736.2
Country_17,1986,665.8
Country_17,1987,739.6
Country_17,1988,792.2
Country_17,1989,657.1
Country_17,1990,731.6
Country_17,1991,797.7
Country_17,1992,785.1
Country_17,1993,801.0
Country_17,1994,723.7
Country_17,1995,878.7
Country_17,1996,764.6
Country_17,1997,815.7
Country_17,1998,759.9
Country_17,1999,768.4
Country_17,2000,750.6
Country_17,2001,747.5
Country_17,2002,713.7
Country_17,2003,795.3
Country_17,2004,756.5
Country_17,2005,813.2
Country_17,2006,780.4
Country_17,2007,756.2
Country_17,2008,758.3
Country_17,2009,779.7
Country_17,2010,757.0
Country_17,2011,769.5
Country_17,2012,746.3
Country_17,2013,832.2
Country_17,2014,743.8
Country_17,2015,822.8
Country_17,2016,855.0
Country_17,2017,729.1
Country_17,2018,795.6
Country_17,2019,727.3
Country_17,2020,706.7
Country_17,2021,707.8
Country_17,2022,704.5
Country_17,2023,713.9
Country_18,1900,529.7
Country_18,1901,559.3
Country_18,1902,556.0
Country_18,1903,682.7
Country_18,1904,605.3
Country_18,1905,533.7
Country_18,1906,596.1
Country_18,1907,578.2
Country_18,1908,484.7
Country_18,1909,490.6
Country_18,1910,541.9
Country_18,1911,601.1
Country_18,1912,524.0
Country_18,1913,497.6
Country_18,1914,507.8
Country_18,1915,622.0
Country_18,1916,510.3
Country_18,1917,515.9
Country_18,1918,634.2
Country_18,1919,564.2
Country_18,1920,555.3
Country_18,1921,523.1
Country_18,1922,551.3
Country_18,1923,599.7
Country_18,1924,518.3
Country_18,1925,605.0
Country_18,1926,603.9
Country_18,1927,530.1
Country_18,1928,618.9
Country_18,1929,441.8
Country_18,1930,540.4
Country_18,1931,650.0
Country_18,1932,490.0
Country_18,1933,514.2
Country_18,1934,587.0
Country_18,1935,519.2
Country_18,1936,457.7
Country_18,1937,558.6
Country_18,1938,550.3
Country_18,1939,459.9
Country_18,1940,675.2
Country_18,1941,446.5
Country_18,1942,511.4
Country_18,1943,512.7
Country_18,1944,586.7
Country_18,1945,490.1
Country_18,1946,468.2
Country_18,1947,476.5
Country_18,1948,492.5
Country_18,1949,514.5
Country_18,1950,520.3
Country_18,1951,603.9
Country_18,1952,545.3
Country_18,1953,517.6
Country_18,1954,504.2
Country_18,1955,529.4
Country_18,1956,641.8
Country_18,1957,539.9
Country_18,1958,540.6
Country_18,1959,459.0
Country_18,1960,655.8
Country_18,1961,528.9
Country_18,1962,569.1
Country_18,1963,508.3
Country_18,1964,515.4
Country_18,1965,473.1
Country_18,1966,429.6
Country_18,1967,605.1
Country_18,1968,486.5
Country_18,1969,546.0
Country_18,1970,477.9
Country_18,1971,517.6
Country_18,1972,479.1
Country_18,1973,478.4
Country_18,1974,474.3
Country_18,1975,554.5
Country_18,1976,465.6
Country_18,1977,522.7
Country_18,1978,568.9
Country_18,1979,580.1
Country_18,1980,544.1
Country_18,1981,526.9
Country_18,1982,482.9
Country_18,1983,503.5
Country_18,1984,503.7
Country_18,1985,534.9
Country_18,1986,516.0
Country_18,1987,657.5
Country_18,1988,510.3
Country_18,1989,567.9
Country_18,1990,560.2
Country_18,1991,571.2
Country_18,1992,514.7
Country_18,1993,565.8
Country_18,1994,540.0
Country_18,1995,447.3
Country_18,1996,516.4
Country_18,1997,523.5
Country_18,1998,493.6
Country_18,1999,570.5
Country_18,2000,511.4
Country_18,2001,469.0
Country_18,2002,498.5
Country_18,2003,497.0
Country_18,2004,612.7
Country_18,2005,507.5
Country_18,2006,505.7
Country_18,2007,616.0
Country_18,2008,465.1
Country_18,2009,586.3
Country_18,2010,520.6
Country_18,2011,490.3
Country_18,2012,468.9
Country_18,2013,563.0
Country_18,2014,473.8
Country_18,2015,458.3
Country_18,2016,543.9
Country_18,2017,536.1
Country_18,2018,452.0
Country_18,2019,573.3
Country_18,2020,528.5
Country_18,2021,567.7
Country_18,2022,605.2
Country_18,2023,509.0
Country_19,1900,1513.7
Country_19,1901,1585.5
Country_19,1902,1474.1
Country_19,1903,1622.1
Country_19,1904,1632.1
Country_19,1905,1562.3
Country_19,1906,1562.6
Country_19,1907,1605.6
Country_19,1908,1548.1
Country_19,1909,1504.0
Country_19,1910,1579.6
Country_19,1911,1582.8
Country_19,1912,1593.3
Country_19,1913,1459.1
Country_19,1914,1479.0
Country_19,1915,1440.0
Country_19,1916,1593.4
Country_19,1917,1519.1
Country_19,1918,1495.9
Country_19,1919,1559.8
Country_19,1920,1570.6
Country_19,1921,1586.1
Country_19,1922,1528.1
Country_19,1923,1461.1
Country_19,1924,1594.5
Country_19,1925,1539.3
Country_19,1926,1529.2
Country_19,1927,1584.4
Country_19,1928,1593.6
Country_19,1929,1549.6
Country_19,1930,1403.3
Country_19,1931,1510.9
Country_19,1932,1505.6
Country_19,1933,1569.1
Country_19,1934,1680.9
Country_19,1935,1630.6
Country_19,1936,1522.0
Country_19,1937,1542.0
Country_19,1938,1610.2
Country_19,1939,1450.5
Country_19,1940,1611.3
Country_19,1941,1535.8
Country_19,1942,1573.9
Country_19,1943,1495.2
Country_19,1944,1665.5
Country_19,1945,1567.5
Country_19,1946,1553.4
Country_19,1947,1526.7
Country_19,1948,1517.4
Country_19,1949,1560.2
Country_19,1950,1530.2
Country_19,1951,1560.9
Country_19,1952,1574.9
Country_19,1953,1535.7
Country_19,1954,1486.3
Country_19,1955,1473.0
Country_19,1956,1601.0
Country_19,1957,1474.4
Country_19,1958,1512.5
Country_19,1959,1543.1
Country_19,1960,1584.3
Country_19,1961,1517.2
Country_19,1962,1560.8
Country_19,1963,1512.5
Country_19,1964,1547.4
Country_19,1965,1549.5
Country_19,1966,1508.5
Country_19,1967,1557.1
Country_19,1968,1530.5
Country_19,1969,1627.1
Country_19,1970,1479.3
Country_19,1971,1627.8
Country_19,1972,1542.3
Country_19,1973,1550.3
Country_19,1974,1532.7
Country_19,1975,1526.3
Country_19,1976,1534.8
Country_19,1977,1425.9
Country_19,1978,1494.8
Country_19,1979,1488.1
Country_19,1980,1516.6
Country_19,1981,1615.8
Country_19,1982,1514.4
Country_19,1983,1535.1
Country_19,1984,1563.7
Country_19,1985,1513.7
Country_19,1986,1500.4
Country_19,1987,1518.3
Country_19,1988,1548.3
Country_19,1989,1550.5
Country_19,1990,1449.2
Country_19,1991,1546.9
Country_19,1992,1573.5
Country_19,1993,1541.1
Country_19,1994,1566.4
Country_19,1995,1472.3
Country_19,1996,1500.7
Country_19,1997,1492.7
Country_19,1998,1537.8
Country_19,1999,1602.9
Country_19,2000,1516.0
Country_19,2001,1487.3
Country_19,2002,1526.6
Country_19,2003,1457.3
Country_19,2004,1498.3
Country_19,2005,1533.6
Country_19,2006,1646.4
Country_19,2007,1589.1
Country_19,2008,1536.2
Country_19,2009,1468.7
Country_19,2010,1477.9
Country_19,2011,1472.9
Country_19,2012,1579.3
Country_19,2013,1568.6
Country_19,2014,1494.9
Country_19,2015,1567.0
Country_19,2016,1405.4
Country_19,2017,1632.5
Country_19,2018,1609.0
Country_19,2019,1558.3
Country_19,2020,1523.4
Country_19,2021,1583.0
Country_19,2022,1544.8
Country_19,2023,1573.1
Country_20,1900,885.9
Country_20,1901,913.5
Country_20,1902,885.3
Country_20,1903,854.3
Country_20,1904,859.0
Country_20,1905,827.4
Country_20,1906,913.4
Country_20,1907,856.0
Country_20,1908,779.0
Country_20,1909,798.7
Country_20,1910,903.8
Country_20,1911,859.7
Country_20,1912,918.1
Country_20,1913,779.1
Country_20,1914,920.7
Country_20,1915,962.1
Country_20,1916,880.8
Country_20,1917,846.1
Country_20,1918,861.3
Country_20,1919,860.9
Country_20,1920,830.1
Country_20,1921,937.4
Country_20,1922,894.8
Country_20,1923,871.9
Country_20,1924,871.6
Country_20,1925,843.8
Country_20,1926,934.2
Country_20,1927,825.1
Country_20,1928,920.4
Country_20,1929,865.5
Country_20,1930,734.2
Country_20,1931,888.9
Country_20,1932,786.0
Country_20,1933,921.6
Country_20,1934,932.7
Country_20,1935,872.0
Country_20,1936,857.3
Country_20,1937,922.9
Country_20,1938,976.9
Country_20,1939,836.2
Country_20,1940,838.8
Country_20,1941,871.9
Country_20,1942,856.7
Country_20,1943,971.7
Country_20,1944,964.5
Country_20,1945,884.2
Country_20,1946,938.5
Country_20,1947,932.9
Country_20,1948,813.7
Country_20,1949,885.7
Country_20,1950,814.8
Country_20,1951,885.0
Country_20,1952,945.5
Country_20,1953,903.2
Country_20,1954,836.8
Country_20,1955,872.0
Country_20,1956,898.9
Country_20,1957,851.9
Country_20,1958,759.3
Country_20,1959,922.7
Country_20,1960,896.6
Country_20,1961,1014.0
Country_20,1962,818.7
Country_20,1963,921.9
Country_20,1964,889.8
Country_20,1965,897.8
Country_20,1966,872.9
Country_20,1967,823.5
Country_20,1968,931.6
Country_20,1969,849.4
Country_20,1970,928.5
Country_20,1971,859.6
Country_20,1972,877.4
Country_20,1973,892.0
Country_20,1974,906.9
Country_20,1975,819.9
Country_20,1976,838.8
Country_20,1977,888.5
Country_20,1978,850.1
Country_20,1979,884.0
Country_20,1980,960.8
Country_20,1981,811.5
Country_20,1982,951.4
Country_20,1983,804.2
Country_20,1984,852.5
Country_20,1985,931.2
Country_20,1986,879.7
Country_20,1987,832.8
Country_20,1988,845.2
Country_20,1989,962.9
Country_20,1990,941.8
Country_20,1991,846.9
Country_20,1992,866.0
Country_20,1993,923.9
Country_20,1994,892.9
Country_20,1995,933.0
Country_20,1996,830.5
Country_20,1997,867.8
Country_20,1998,809.2
Country_20,1999,857.6
Country_20,2000,966.2
Country_20,2001,869.5
Country_20,2002,977.6
Country_20,2003,865.5
Country_20,2004,881.7
Country_20,2005,939.6
Country_20,2006,916.8
Country_20,2007,881.4
Country_20,2008,907.7
Country_20,2009,893.8
Country_20,2010,901.6
Country_20,2011,889.4
Country_20,2012,850.4
Country_20,2013,857.7
Country_20,2014,870.9
Country_20,2015,865.5
Country_20,2016,933.7
Country_20,2017,888.9
Country_20,2018,938.2
Country_20,2019,938.6
Country_20,2020,873.0
Country_20,2021,928.9
Country_20,2022,916.0
Country_20,2023,819.8
Country_21,1900,778.4
Country_21,1901,731.2
Country_21,1902,796.2
Country_21,1903,773.9
Country_21,1904,877.6
Country_21,1905,698.7
Country_21,1906,773.2
Country_21,1907,880.1
Country_21,1908,726.1
Country_21,1909,823.4
Country_21,1910,872.3
Country_21,1911,836.6
Country_21,1912,739.1
Country_21,1913,840.8
Country_21,1914,785.2
Country_21,1915,735.2
Country_21,1916,911.8
Country_21,1917,771.6
Country_21,1918,811.6
Country_21,1919,797.9
Country_21,1920,792.4
Country_21,1921,799.2
Country_21,1922,821.9
Country_21,1923,641.9
Country_21,1924,798.9
Country_21,1925,830.5
Country_21,1926,816.8
Country_21,1927,807.6
Country_21,1928,799.0
Country_21,1929,717.7
Country_21,1930,744.0
Country_21,1931,836.2
Country_21,1932,683.1
Country_21,1933,776.4
Country_21,1934,780.3
Country_21,1935,755.6
Country_21,1936,711.0
Country_21,1937,828.7
Country_21,1938,893.2
Country_21,1939,770.1
Country_21,1940,735.2
Country_21,1941,804.8
Country_21,1942,748.4
Country_21,1943,696.1
Country_21,1944,856.9
Country_21,1945,869.5
Country_21,1946,768.3
Country_21,1947,826.9
Country_21,1948,679.9
Country_21,1949,738.7
Country_21,1950,880.9
Country_21,1951,822.0
Country_21,1952,889.3
Country_21,1953,730.1
Country_21,1954,780.5
Country_21,1955,747.3
Country_21,1956,845.4
Country_21,1957,812.4
Country_21,1958,796.0
Country_21,1959,774.6
Country_21,1960,831.2
Country_21,1961,832.2
Country_21,1962,764.3
Country_21,1963,763.7
Country_21,1964,709.8
Country_21,1965,784.6
Country_21,1966,851.3
Country_21,1967,881.5
Country_21,1968,783.2
Country_21,1969,707.9
Country_21,1970,774.0
Country_21,1971,790.3
Country_21,1972,840.7
Country_21,1973,774.3
Country_21,1974,865.2
Country_21,1975,875.0
Country_21,1976,821.9
Country_21,1977,772.9
Country_21,1978,710.8
Country_21,1979,735.2
Country_21,1980,765.1
Country_21,1981,766.9
Country_21,1982,808.0
Country_21,1983,776.9
Country_21,1984,690.5
Country_21,1985,872.2
Country_21,1986,774.3
Country_21,1987,720.5
Country_21,1988,750.5
Country_21,1989,819.4
Country_21,1990,855.7
Country_21,1991,858.8
Country_21,1992,695.3
Country_21,1993,804.7
Country_21,1994,819.9
Country_21,1995,729.9
Country_21,1996,833.4
Country_21,1997,821.4
Country_21,1998,799.5
Country_21,1999,755.1
Country_21,2000,868.3
Country_21,2001,772.7
Country_21,2002,771.4
Country_21,2003,864.3
Country_21,2004,836.7
Country_21,2005,846.4
Country_21,2006,749.1
Country_21,2007,780.3
Country_21,2008,774.5
Country_21,2009,662.0
Country_21,2010,780.9
Country_21,2011,778.3
Country_21,2012,801.9
Country_21,2013,766.2
Country_21,2014,782.5
Country_21,2015,789.7
Country_21,2016,836.5
Country_21,2017,852.0
Country_21,2018,785.6
Country_21,2019,784.5
Country_21,2020,743.4
Country_21,2021,714.0
Country_21,2022,821.5
Country_21,2023,862.6
Country_22,1900,1482.3
Country_22,1901,1351.8
Country_22,1902,1485.4
Country_22,1903,1473.9
Country_22,1904,1504.7
Country_22,1905,1440.0
Country_22,1906,1469.2
Country_22,1907,1342.0
Country_22,1908,1380.1
Country_22,1909,1441.8
Country_22,1910,1388.0
Country_22,1911,1481.7
Country_22,1912,1432.1
Country_22,1913,1405.8
Country_22,1914,1441.6
Country_22,1915,1295.5
Country_22,1916,1405.8
Country_22,1917,1433.7
Country_22,1918,1454.8
Country_22,1919,1417.3
Country_22,1920,1378.6
Country_22,1921,1374.6
Country_22,1922,1396.3
Country_22,1923,1383.7
Country_22,1924,1381.1
Country_22,1925,1438.1
Country_22,1926,1433.9
Country_22,1927,1420.8
Country_22,1928,1464.7
Country_22,1929,1438.7
Country_22,1930,1401.9
Country_22,1931,1418.8
Country_22,1932,1407.4
Country_22,1933,1460.4
Country_22,1934,1378.5
Country_22,1935,1400.4
Country_22,1936,1421.8
Country_22,1937,1319.7
Country_22,1938,1485.6
Country_22,1939,1436.0
Country_22,1940,1328.6
Country_22,1941,1280.8
Country_22,1942,1381.3
Country_22,1943,1349.1
Country_22,1944,1313.0
Country_22,1945,1332.6
Country_22,1946,1431.8
Country_22,1947,1465.5
Country_22,1948,1384.5
Country_22,1949,1452.1
Country_22,1950,1414.2
Country_22,1951,1370.3
Country_22,1952,1339.5
Country_22,1953,1398.3
Country_22,1954,1401.9
Country_22,1955,1358.1
Country_22,1956,1321.3
Country_22,1957,1338.6
Country_22,1958,1381.4
Country_22,1959,1404.1
Country_22,1960,1479.8
Country_22,1961,1420.6
Country_22,1962,1308.8
Country_22,1963,1472.5
Country_22,1964,1311.8
Country_22,1965,1426.7
Country_22,1966,1279.0
Country_22,1967,1413.2
Country_22,1968,1355.4
Country_22,1969,1368.1
Country_22,1970,1447.5
Country_22,1971,1449.7
Country_22,1972,1456.7
Country_22,1973,1398.9
Country_22,1974,1328.3
Country_22,1975,1337.5
Country_22,1976,1384.8
Country_22,1977,1440.9
Country_22,1978,1435.5
Country_22,1979,1356.5
Country_22,1980,1394.5
Country_22,1981,1414.8
Country_22,1982,1397.0
Country_22,1983,1424.2
Country_22,1984,1429.3
Country_22,1985,1407.4
Country_22,1986,1412.1
Country_22,1987,1500.6
Country_22,1988,1402.6
Country_22,1989,1431.7
Country_22,1990,1413.0
Country_22,1991,1386.3
Country_22,1992,1423.5
Country_22,1993,1443.8
Country_22,1994,1403.6
Country_22,1995,1422.0
Country_22,1996,1385.5
Country_22,1997,1444.0
Country_22,1998,1383.8
Country_22,1999,1360.5
Country_22,2000,1384.9
Country_22,2001,1423.6
Country_22,2002,1392.6
Country_22,2003,1405.9
Country_22,2004,1374.5
Country_22,2005,1391.7
Country_22,2006,1373.3
Country_22,2007,1397.0
Country_22,2008,1392.6
Country_22,2009,1393.1
Country_22,2010,1377.5
Country_22,2011,1460.4
Country_22,2012,1368.5
Country_22,2013,1397.7
Country_22,2014,1418.1
Country_22,2015,1372.4
Country_22,2016,1312.1
Country_22,2017,1321.6
Country_22,2018,1406.7
Country_22,2019,1326.6
Country_22,2020,1418.9
Country_22,2021,1491.1
Country_22,2022,1402.9
Country_22,2023,1463.9
Country_23,1900,1256.2
Country_23,1901,1283.1
Country_23,1902,1274.7
Country_23,1903,1244.6
Country_23,1904,1251.4
Country_23,1905,1254.5
Country_23,1906,1266.9
Country_23,1907,1239.1
Country_23,1908,1192.8
Country_23,1909,1179.2
Country_23,1910,1244.9
Country_23,1911,1241.5
Country_23,1912,1293.4
Country_23,1913,1232.6
Country_23,1914,1295.1
Country_23,1915,1263.7
Country_23,1916,1310.7
Country_23,1917,1294.1
Country_23,1918,1326.5
Country_23,1919,1255.6
Country_23,1920,1228.1
Country_23,1921,1325.9
Country_23,1922,1276.4
Country_23,1923,1269.4
Country_23,1924,1199.6
Country_23,1925,1242.6
Country_23,1926,1262.8
Country_23,1927,1255.6
Country_23,1928,1212.5
Country_23,1929,1230.2
Country_23,1930,1280.7
Country_23,1931,1196.5
Country_23,1932,1268.0
Country_23,1933,1249.3
Country_23,1934,1313.4
Country_23,1935,1314.8
Country_23,1936,1385.7
Country_23,1937,1180.2
Country_23,1938,1253.6
Country_23,1939,1206.4
Country_23,1940,1279.9
Country_23,1941,1294.2
Country_23,1942,1265.0
Country_23,1943,1231.8
Country_23,1944,1253.7
Country_23,1945,1160.0
Country_23,1946,1223.5
Country_23,1947,1257.9
Country_23,1948,1300.2
Country_23,1949,1266.2
Country_23,1950,1299.8
Country_23,1951,1295.2
Country_23,1952,1240.3
Country_23,1953,1259.1
Country_23,1954,1325.8
Country_23,1955,1213.5
Country_23,1956,1231.9
Country_23,1957,1170.7
Country_23,1958,1254.4
Country_23,1959,1253.3
Country_23,1960,1315.3
Country_23,1961,1294.2
Country_23,1962,1339.1
Country_23,1963,1212.5
Country_23,1964,1287.2
Country_23,1965,1294.6
Country_23,1966,1203.4
Country_23,1967,1264.9
Country_23,1968,1218.2
Country_23,1969,1332.7
Country_23,1970,1210.2
Country_23,1971,1191.8
Country_23,1972,1285.1
Country_23,1973,1240.6
Country_23,1974,1250.0
Country_23,1975,1258.5
Country_23,1976,1252.3
Country_23,1977,1311.5
Country_23,1978,1402.9
Country_23,1979,1249.7
Country_23,1980,1208.2
Country_23,1981,1241.9
Country_23,1982,1204.4
Country_23,1983,1186.6
Country_23,1984,1282.6
Country_23,1985,1235.3
Country_23,1986,1254.0
Country_23,1987,1380.1
Country_23,1988,1284.8
Country_23,1989,1236.7
Country_23,1990,1275.3
Country_23,1991,1210.3
Country_23,1992,1310.3
Country_23,1993,1180.4
Country_23,1994,1314.0
Country_23,1995,1373.1
Country_23,1996,1315.5
Country_23,1997,1237.5
Country_23,1998,1290.0
Country_23,1999,1232.9
Country_23,2000,1293.3
Country_23,2001,1292.6
Country_23,2002,1286.8
Country_23,2003,1270.6
Country_23,2004,1305.9
Country_23,2005,1248.8
Country_23,2006,1277.3
Country_23,2007,1267.1
Country_23,2008,1238.9
Country_23,2009,1277.6
Country_23,2010,1308.0
Country_23,2011,1242.6
Country_23,2012,1333.9
Country_23,2013,1313.3
Country_23,2014,1281.4
Country_23,2015,1228.9
Country_23,2016,1305.5
Country_23,2017,1213.3
Country_23,2018,1267.2
Country_23,2019,1267.1
Country_23,2020,1278.1
Country_23,2021,1297.7
Country_23,2022,1282.7
Country_23,2023,1236.4
Country_24,1900,885.4
Country_24,1901,959.5
Country_24,1902,868.0
Country_24,1903,935.7
Country_24,1904,937.4
Country_24,1905,950.5
Country_24,1906,941.1
Country_24,1907,919.2
Country_24,1908,951.1
Country_24,1909,991.8
Country_24,1910,871.0
Country_24,1911,893.8
Country_24,1912,928.3
Country_24,1913,897.5
Country_24,1914,877.5
Country_24,1915,949.2
Country_24,1916,981.1
Country_24,1917,940.9
Country_24,1918,900.8
Country_24,1919,975.9
Country_24,1920,877.0
Country_24,1921,962.2
Country_24,1922,892.8
Country_24,1923,862.4
Country_24,1924,1005.8
Country_24,1925,984.1
Country_24,1926,989.9
Country_24,1927,830.8
Country_24,1928,963.3
Country_24,1929,817.2
Country_24,1930,900.4
Country_24,1931,922.2
Country_24,1932,922.3
Country_24,1933,938.6
Country_24,1934,937.8
Country_24,1935,882.5
Country_24,1936,937.7
Country_24,1937,940.0
Country_24,1938,928.0
Country_24,1939,847.8
Country_24,1940,937.8
Country_24,1941,894.0
Country_24,1942,939.0
Country_24,1943,883.2
Country_24,1944,864.1
Country_24,1945,929.7
Country_24,1946,924.8
Country_24,1947,954.6
Country_24,1948,859.1
Country_24,1949,910.4
Country_24,1950,931.3
Country_24,1951,914.5
Country_24,1952,888.8
Country_24,1953,1017.9
Country_24,1954,920.5
Country_24,1955,905.3
Country_24,1956,835.7
Country_24,1957,912.0
Country_24,1958,858.6
Country_24,1959,946.5
Country_24,1960,902.4
Country_24,1961,831.4
Country_24,1962,953.7
Country_24,1963,845.2
Country_24,1964,896.4
Country_24,1965,965.3
Country_24,1966,884.9
Country_24,1967,883.2
Country_24,1968,941.1
Country_24,1969,932.4
Country_24,1970,933.9
Country_24,1971,943.8
Country_24,1972,947.0
Country_24,1973,903.9
Country_24,1974,1021.9
Country_24,1975,915.3
Country_24,1976,944.3
Country_24,1977,943.4
Country_24,1978,918.8
Country_24,1979,887.4
Country_24,1980,936.2
Country_24,1981,874.0
Country_24,1982,942.1
Country_24,1983,978.4
Country_24,1984,920.4
Country_24,1985,875.2
Country_24,1986,923.4
Country_24,1987,933.5
Country_24,1988,883.8
Country_24,1989,895.0
Country_24,1990,947.6
Country_24,1991,875.6
Country_24,1992,903.0
Country_24,1993,875.9
Country_24,1994,908.2
Country_24,1995,929.3
Country_24,1996,944.6
Country_24,1997,799.2
Country_24,1998,927.7
Country_24,1999,888.8
Country_24,2000,846.5
Country_24,2001,1018.6
Country_24,2002,867.2
Country_24,2003,862.4
Country_24,2004,935.4
Country_24,2005,836.5
Country_24,2006,956.6
Country_24,2007,912.9
Country_24,2008,1019.1
Country_24,2009,903.7
Country_24,2010,941.0
Country_24,2011,914.2
Country_24,2012,908.5
Country_24,2013,863.6
Country_24,2014,816.0
Country_24,2015,953.1
Country_24,2016,905.3
Country_24,2017,871.5
Country_24,2018,1044.7
Country_24,2019,945.9
Country_24,2020,879.5
Country_24,2021,946.4
Country_24,2022,1004.3
Country_24,2023,920.4
Country_25,1900,1607.0
Country_25,1901,1696.2
Country_25,1902,1610.4
Country_25,1903,1656.0
Country_25,1904,1738.6
Country_25,1905,1620.7
Country_25,1906,1683.5
Country_25,1907,1597.9
Country_25,1908,1574.5
Country_25,1909,1611.5
Country_25,1910,1742.5
Country_25,1911,1788.8
Country_25,1912,1708.6
Country_25,1913,1632.4
Country_25,1914,1686.2
Country_25,1915,1546.6
Country_25,1916,1666.1
Country_25,1917,1635.8
Country_25,1918,1570.7
Country_25,1919,1705.1
Country_25,1920,1690.2
Country_25,1921,1657.7
Country_25,1922,1636.7
Country_25,1923,1595.3
Country_25,1924,1630.1
Country_25,1925,1672.3
Country_25,1926,1581.7
Country_25,1927,1634.1
Country_25,1928,1617.4
Country_25,1929,1663.9
Country_25,1930,1729.9
Country_25,1931,1651.5
Country_25,1932,1566.4
Country_25,1933,1652.6
Country_25,1934,1593.2
Country_25,1935,1644.8
Country_25,1936,1569.5
Country_25,1937,1676.0
Country_25,1938,1649.3
Country_25,1939,1643.0
Country_25,1940,1639.0
Country_25,1941,1734.5
Country_25,1942,1549.6
Country_25,1943,1642.5
Country_25,1944,1582.8
Country_25,1945,1630.8
Country_25,1946,1664.6
Country_25,1947,1695.0
Country_25,1948,1633.1
Country_25,1949,1716.1
Country_25,1950,1575.6
Country_25,1951,1660.7
Country_25,1952,1599.5
Country_25,1953,1693.4
Country_25,1954,1662.6
Country_25,1955,1644.8
Country_25,1956,1650.6
Country_25,1957,1619.0
Country_25,1958,1563.8
Country_25,1959,1633.6
Country_25,1960,1578.5
Country_25,1961,1600.8
Country_25,1962,1649.6
Country_25,1963,1638.9
Country_25,1964,1619.6
Country_25,1965,1702.4
Country_25,1966,1627.2
Country_25,1967,1666.1
Country_25,1968,1662.6
Country_25,1969,1652.0
Country_25,1970,1687.2
Country_25,1971,1665.8
Country_25,1972,1582.0
Country_25,1973,1689.5
Country_25,1974,1672.8
Country_25,1975,1603.3
Country_25,1976,1732.6
Country_25,1977,1741.1
Country_25,1978,1633.1
Country_25,1979,1600.4
Country_25,1980,1604.7
Country_25,1981,1713.2
Country_25,1982,1772.5
Country_25,1983,1646.2
Country_25,1984,1654.1
Country_25,1985,1698.1
Country_25,1986,1555.2
Country_25,1987,1564.1
Country_25,1988,1574.5
Country_25,1989,1696.4
Country_25,1990,1659.4
Country_25,1991,1669.0
Country_25,1992,1613.4
Country_25,1993,1644.6
Country_25,1994,1559.3
Country_25,1995,1630.7
Country_25,1996,1646.6
Country_25,1997,1717.7
Country_25,1998,1642.0
Country_25,1999,1621.2
Country_25,2000,1694.6
Country_25,2001,1617.0
Country_25,2002,1642.6
Country_25,2003,1622.3
Country_25,2004,1679.6
Country_25,2005,1633.9
Country_25,2006,1616.7
Country_25,2007,1530.5
Country_25,2008,1705.5
Country_25,2009,1720.8
Country_25,2010,1624.7
Country_25,2011,1686.9
Country_25,2012,1738.1
Country_25,2013,1580.6
Country_25,2014,1571.6
Country_25,2015,1555.9
Country_25,2016,1651.3
Country_25,2017,1645.7
Country_25,2018,1692.1
Country_25,2019,1614.6
Country_25,2020,1715.7
Country_25,2021,1607.3
Country_25,2022,1605.9
Country_25,2023,1642.7
Country_26,1900,1325.8
Country_26,1901,1312.1
Country_26,1902,1354.0
Country_26,1903,1422.0
Country_26,1904,1305.5
Country_26,1905,1275.8
Country_26,1906,1369.3
Country_26,1907,1403.3
Country_26,1908,1308.2
Country_26,1909,1329.5
Country_26,1910,1301.3
Country_26,1911,1389.5
Country_26,1912,1272.9
Country_26,1913,1337.3
Country_26,1914,1300.0
Country_26,1915,1404.7
Country_26,1916,1370.2
Country_26,1917,1373.1
Country_26,1918,1295.5
Country_26,1919,1315.7
Country_26,1920,1393.8
Country_26,1921,1405.6
Country_26,1922,1363.4
Country_26,1923,1323.0
Country_26,1924,1305.4
Country_26,1925,1293.4
Country_26,1926,1367.2
Country_26,1927,1298.0
Country_26,1928,1304.9
Country_26,1929,1267.9
Country_26,1930,1338.9
Country_26,1931,1288.6
Country_26,1932,1271.7
Country_26,1933,1341.5
Country_26,1934,1314.6
Country_26,1935,1319.4
Country_26,1936,1344.9
Country_26,1937,1374.1
Country_26,1938,1372.8
Country_26,1939,1374.2
Country_26,1940,1400.3
Country_26,1941,1302.0
Country_26,1942,1391.1
Country_26,1943,1306.2
Country_26,1944,1351.0
Country_26,1945,1191.1
Country_26,1946,1354.3
Country_26,1947,1371.5
Country_26,1948,1363.5
Country_26,1949,1431.3
Country_26,1950,1352.2
Country_26,1951,1362.1
Country_26,1952,1354.7
Country_26,1953,1351.7
Country_26,1954,1330.8
Country_26,1955,1276.4
Country_26,1956,1318.6
Country_26,1957,1342.3
Country_26,1958,1377.5
Country_26,1959,1306.3
Country_26,1960,1300.9
Country_26,1961,1424.6
Country_26,1962,1258.6
Country_26,1963,1417.3
Country_26,1964,1368.4
Country_26,1965,1315.6
Country_26,1966,1361.4
Country_26,1967,1276.8
Country_26,1968,1393.5
Country_26,1969,1331.0
Country_26,1970,1448.3
Country_26,1971,1340.7
Country_26,1972,1302.5
Country_26,1973,1296.1
Country_26,1974,1390.1
Country_26,1975,1341.4
Country_26,1976,1360.2
Country_26,1977,1358.6
Country_26,1978,1286.9
Country_26,1979,1269.6
Country_26,1980,1338.1
Country_26,1981,1421.0
Country_26,1982,1347.9
Country_26,1983,1314.5
Country_26,1984,1290.2
Country_26,1985,1274.1
Country_26,1986,1272.8
Country_26,1987,1272.0
Country_26,1988,1388.3
Country_26,1989,1294.5
Country_26,1990,1388.6
Country_26,1991,1278.4
Country_26,1992,1280.7
Country_26,1993,1412.6
Country_26,1994,1384.7
Country_26,1995,1263.6
Country_26,1996,1395.4
Country_26,1997,1243.8
Country_26,1998,1457.7
Country_26,1999,1302.9
Country_26,2000,1356.5
Country_26,2001,1390.9
Country_26,2002,1348.7
Country_26,2003,1333.7
Country_26,2004,1367.2
Country_26,2005,1302.1
Country_26,2006,1309.0
Country_26,2007,1268.3
Country_26,2008,1267.2
Country_26,2009,1378.9
Country_26,2010,1335.7
Country_26,2011,1308.7
Country_26,2012,1320.6
Country_26,2013,1434.9
Country_26,2014,1201.4
Country_26,2015,1292.5
Country_26,2016,1348.8
Country_26,2017,1416.4
Country_26,2018,1335.8
Country_26,2019,1333.2
Country_26,2020,1334.6
Country_26,2021,1278.7
Country_26,2022,1311.1
Country_26,2023,1386.5
Country_27,1900,1511.4
Country_27,1901,1541.2
Country_27,1902,1530.5
Country_27,1903,1461.0
Country_27,1904,1513.3
Country_27,1905,1454.7
Country_27,1906,1473.5
Country_27,1907,1583.5
Country_27,1908,1484.9
Country_27,1909,1504.1
Country_27,1910,1503.3
Country_27,1911,1429.1
Country_27,1912,1448.5
Country_27,1913,1403.3
Country_27,1914,1487.1
Country_27,1915,1455.9
Country_27,1916,1485.0
Country_27,1917,1516.5
Country_27,1918,1483.4
Country_27,1919,1515.1
Country_27,1920,1516.9
Country_27,1921,1541.7
Country_27,1922,1517.5
Country_27,1923,1417.9
Country_27,1924,1487.2
Country_27,1925,1436.0
Country_27,1926,1617.1
Country_27,1927,1466.9
Country_27,1928,1574.7
Country_27,1929,1589.9
Country_27,1930,1564.2
Country_27,1931,1570.9
Country_27,1932,1505.8
Country_27,1933,1489.3
Country_27,1934,1550.7
Country_27,1935,1567.9
Country_27,1936,1464.7
Country_27,1937,1445.9
Country_27,1938,1552.6
Country_27,1939,1656.6
Country_27,1940,1437.5
Country_27,1941,1442.2
Country_27,1942,1475.2
Country_27,1943,1437.3
Country_27,1944,1543.7
Country_27,1945,1486.1
Country_27,1946,1503.9
Country_27,1947,1465.1
Country_27,1948,1496.4
Country_27,1949,1542.3
Country_27,1950,1537.0
Country_27,1951,1485.7
Country_27,1952,1485.5
Country_27,1953,1499.7
Country_27,1954,1491.9
Country_27,1955,1443.7
Country_27,1956,1499.5
Country_27,1957,1392.4
Country_27,1958,1478.4
Country_27,1959,1500.4
Country_27,1960,1448.3
Country_27,1961,1549.5
Country_27,1962,1419.4
Country_27,1963,1597.3
Country_27,1964,1476.4
Country_27,1965,1665.8
Country_27,1966,1465.5
Country_27,1967,1478.2
Country_27,1968,1536.2
Country_27,1969,1502.2
Country_27,1970,1425.6
Country_27,1971,1470.1
Country_27,1972,1439.9
Country_27,1973,1564.5
Country_27,1974,1490.8
Country_27,1975,1531.0
Country_27,1976,1578.3
Country_27,1977,1551.8
Country_27,1978,1473.5
Country_27,1979,1543.6
Country_27,1980,1511.4
Country_27,1981,1515.9
Country_27,1982,1581.6
Country_27,1983,1550.0
Country_27,1984,1540.6
Country_27,1985,1515.2
Country_27,1986,1513.6
Country_27,1987,1564.1
Country_27,1988,1535.6
Country_27,1989,1522.5
Country_27,1990,1507.7
Country_27,1991,1554.9
Country_27,1992,1525.1
Country_27,1993,1551.1
Country_27,1994,1487.6
Country_27,1995,1494.9
Country_27,1996,1475.1
Country_27,1997,1486.0
Country_27,1998,1487.0
Country_27,1999,1419.6
Country_27,2000,1470.7
Country_27,2001,1446.1
Country_27,2002,1422.5
Country_27,2003,1534.6
Country_27,2004,1599.4
Country_27,2005,1512.3
Country_27,2006,1492.4
Country_27,2007,1464.5
Country_27,2008,1574.9
Country_27,2009,1550.3
Country_27,2010,1493.4
Country_27,2011,1576.9
Country_27,2012,1546.5
Country_27,2013,1511.8
Country_27,2014,1543.7
Country_27,2015,1574.7
Country_27,2016,1542.2
Country_27,2017,1506.5
Country_27,2018,1549.9
Country_27,2019,1420.7
Country_27,2020,1402.0
Country_27,2021,1446.2
Country_27,2022,1446.1
Country_27,2023,1557.1
Country_28,1900,1528.9
Country_28,1901,1520.9
Country_28,1902,1479.6
Country_28,1903,1469.3
Country_28,1904,1589.9
Country_28,1905,1608.7
Country_28,1906,1554.6
Country_28,1907,1581.7
Country_28,1908,1515.7
Country_28,1909,1541.7
Country_28,1910,1487.4
Country_28,1911,1578.9
Country_28,1912,1579.0
Country_28,1913,1599.2
Country_28,1914,1546.7
Country_28,1915,1491.1
Country_28,1916,1546.5
Country_28,1917,1596.1
Country_28,1918,1400.7
Country_28,1919,1584.7
Country_28,1920,1539.3
Country_28,1921,1557.2
Country_28,1922,1564.5
Country_28,1923,1465.5
Country_28,1924,1588.7
Country_28,1925,1552.8
Country_28,1926,1588.8
Country_28,1927,1617.5
Country_28,1928,1548.9
Country_28,1929,1548.4
Country_28,1930,1530.3
Country_28,1931,1519.6
Country_28,1932,1586.4
Country_28,1933,1631.2
Country_28,1934,1524.8
Country_28,1935,1638.9
Country_28,1936,1554.1
Country_28,1937,1556.0
Country_28,1938,1563.2
Country_28,1939,1511.9
Country_28,1940,1630.8
Country_28,1941,1596.9
Country_28,1942,1585.5
Country_28,1943,1588.5
Country_28,1944,1593.5
Country_28,1945,1511.5
Country_28,1946,1521.6
Country_28,1947,1480.2
Country_28,1948,1569.6
Country_28,1949,1582.3
Country_28,1950,1526.1
Country_28,1951,1534.5
Country_28,1952,1541.7
Country_28,1953,1529.5
Country_28,1954,1603.8
Country_28,1955,1498.0
Country_28,1956,1441.2
Country_28,1957,1548.8
Country_28,1958,1509.3
Country_28,1959,1534.3
Country_28,1960,1535.7
Country_28,1961,1522.6
Country_28,1962,1516.7
Country_28,1963,1536.0
Country_28,1964,1566.4
Country_28,1965,1519.7
Country_28,1966,1681.4
Country_28,1967,1550.8
Country_28,1968,1486.7
Country_28,1969,1573.6
Country_28,1970,1527.5
Country_28,1971,1553.2
Country_28,1972,1510.8
Country_28,1973,1489.6
Country_28,1974,1565.5
Country_28,1975,1580.9
Country_28,1976,1635.3
Country_28,1977,1553.4
Country_28,1978,1479.9
Country_28,1979,1425.5
Country_28,1980,1527.9
Country_28,1981,1524.7
Country_28,1982,1605.7
Country_28,1983,1562.8
Country_28,1984,1629.6
Country_28,1985,1477.7
Country_28,1986,1511.8
Country_28,1987,1659.0
Country_28,1988,1538.2
Country_28,1989,1526.4
Country_28,1990,1596.9
Country_28,1991,1608.7
Country_28,1992,1479.8
Country_28,1993,1588.5
Country_28,1994,1505.1
Country_28,1995,1474.1
Country_28,1996,1532.0
Country_28,1997,1481.9
Country_28,1998,1563.0
Country_28,1999,1621.7
Country_28,2000,1674.8
Country_28,2001,1484.9
Country_28,2002,1516.7
Country_28,2003,1487.7
Country_28,2004,1592.9
Country_28,2005,1568.7
Country_28,2006,1529.3
Country_28,2007,1562.9
Country_28,2008,1632.1
Country_28,2009,1629.6
Country_28,2010,1560.5
Country_28,2011,1590.4
Country_28,2012,1592.9
Country_28,2013,1654.2
Country_28,2014,1574.4
Country_28,2015,1564.4
Country_28,2016,1549.5
Country_28,2017,1534.5
Country_28,2018,1486.9
Country_28,2019,1542.2
Country_28,2020,1560.5
Country_28,2021,1546.7
Country_28,2022,1494.0
Country_28,2023,1601.0
Country_29,1900,835.4
Country_29,1901,773.5
Country_29,1902,749.3
Country_29,1903,850.8
Country_29,1904,790.3
Country_29,1905,751.9
Country_29,1906,759.0
Country_29,1907,855.9
Country_29,1908,823.5
Country_29,1909,732.2
Country_29,1910,834.9
Country_29,1911,901.2
Country_29,1912,726.0
Country_29,1913,780.0
Country_29,1914,739.3
Country_29,1915,779.8
Country_29,1916,709.4
Country_29,1917,730.7
Country_29,1918,797.3
Country_29,1919,777.4
Country_29,1920,773.9
Country_29,1921,869.1
Country_29,1922,867.2
Country_29,1923,810.8
Country_29,1924,803.9
Country_29,1925,826.2
Country_29,1926,848.9
Country_29,1927,789.6
Country_29,1928,899.9
Country_29,1929,715.3
Country_29,1930,864.1
Country_29,1931,809.7
Country_29,1932,830.3
Country_29,1933,771.3
Country_29,1934,811.7
Country_29,1935,768.7
Country_29,1936,860.2
Country_29,1937,812.8
Country_29,1938,802.3
Country_29,1939,788.4
Country_29,1940,827.4
Country_29,1941,723.9
Country_29,1942,796.2
Country_29,1943,858.6
Country_29,1944,870.1
Country_29,1945,791.7
Country_29,1946,845.6
Country_29,1947,766.0
Country_29,1948,721.7
Country_29,1949,853.5
Country_29,1950,810.1
Country_29,1951,903.6
Country_29,1952,778.2
Country_29,1953,777.7
Country_29,1954,790.1
Country_29,1955,783.5
Country_29,1956,834.0
Country_29,1957,865.5
Country_29,1958,768.1
Country_29,1959,882.5
Country_29,1960,783.3
Country_29,1961,859.2
Country_29,1962,886.8
Country_29,1963,740.9
Country_29,1964,885.5
Country_29,1965,826.1
Country_29,1966,792.6
Country_29,1967,781.6
Country_29,1968,764.5
Country_29,1969,811.2
Country_29,1970,754.8
Country_29,1971,847.0
Country_29,1972,782.6
Country_29,1973,826.8
Country_29,1974,847.6
Country_29,1975,837.8
Country_29,1976,779.3
Country_29,1977,758.5
Country_29,1978,804.2
Country_29,1979,766.6
Country_29,1980,721.2
Country_29,1981,867.5
Country_29,1982,768.2
Country_29,1983,838.6
Country_29,1984,682.8
Country_29,1985,758.9
Country_29,1986,812.3
Country_29,1987,773.8
Country_29,1988,773.6
Country_29,1989,739.7
Country_29,1990,711.3
Country_29,1991,868.2
Country_29,1992,733.3
Country_29,1993,812.3
Country_29,1994,842.2
Country_29,1995,761.2
Country_29,1996,791.1
Country_29,1997,844.5
Country_29,1998,747.8
Country_29,1999,752.5
Country_29,2000,786.4
Country_29,2001,874.7
Country_29,2002,820.2
Country_29,2003,827.5
Country_29,2004,785.6
Country_29,2005,815.4
Country_29,2006,800.4
Country_29,2007,746.3
Country_29,2008,832.8
Country_29,2009,826.3
Country_29,2010,814.9
Country_29,2011,800.5
Country_29,2012,812.2
Country_29,2013,783.1
Country_29,2014,786.5
Country_29,2015,800.9
Country_29,2016,764.8
Country_29,2017,838.4
Country_29,2018,800.8
Country_29,2019,835.9
Country_29,2020,775.0
Country_29,2021,784.6
Country_29,2022,779.3
Country_29,2023,784.9
Country_30,1900,1658.5
Country_30,1901,1677.2
Country_30,1902,1721.6
Country_30,1903,1678.1
Country_30,1904,1715.8
Country_30,1905,1679.8
Country_30,1906,1650.3
Country_30,1907,1811.2
Country_30,1908,1676.2
Country_30,1909,1728.4
Country_30,1910,1736.3
Country_30,1911,1652.9
Country_30,1912,1803.6
Country_30,1913,1806.6
Country_30,1914,1771.0
Country_30,1915,1795.9
Country_30,1916,1715.9
Country_30,1917,1747.8
Country_30,1918,1748.8
Country_30,1919,1656.8
Country_30,1920,1757.7
Country_30,1921,1753.3
Country_30,1922,1731.8
Country_30,1923,1616.5
Country_30,1924,1716.5
Country_30,1925,1829.7
Country_30,1926,1685.0
Country_30,1927,1785.1
Country_30,1928,1715.3
Country_30,1929,1721.5
Country_30,1930,1813.9
Country_30,1931,1643.5
Country_30,1932,1665.0
Country_30,1933,1741.3
Country_30,1934,1765.8
Country_30,1935,1713.3
Country_30,1936,1716.6
Country_30,1937,1740.1
Country_30,1938,1652.2
Country_30,1939,1717.7
Country_30,1940,1751.1
Country_30,1941,1785.2
Country_30,1942,1741.1
Country_30,1943,1688.6
Country_30,1944,1726.3
Country_30,1945,1713.0
Country_30,1946,1734.8
Country_30,1947,1804.4
Country_30,1948,1707.1
Country_30,1949,1682.9
Country_30,1950,1780.2
Country_30,1951,1783.1
Country_30,1952,1776.6
Country_30,1953,1758.4
Country_30,1954,1722.6
Country_30,1955,1742.4
Country_30,1956,1718.0
Country_30,1957,1768.2
Country_30,1958,1724.0
Country_30,1959,1813.6
Country_30,1960,1719.2
Country_30,1961,1711.3
Country_30,1962,1842.9
Country_30,1963,1727.9
Country_30,1964,1692.0
Country_30,1965,1773.9
Country_30,1966,1764.2
Country_30,1967,1741.2
Country_30,1968,1769.4
Country_30,1969,1742.8
Country_30,1970,1728.9
Country_30,1971,1751.8
Country_30,1972,1631.6
Country_30,1973,1782.0
Country_30,1974,1716.2
Country_30,1975,1743.2
Country_30,1976,1682.5
Country_30,1977,1690.5
Country_30,1978,1744.4
Country_30,1979,1671.4
Country_30,1980,1760.7
Country_30,1981,1747.0
Country_30,1982,1757.4
Country_30,1983,1663.1
Country_30,1984,1801.9
Country_30,1985,1759.7
Country_30,1986,1674.9
Country_30,1987,1684.8
Country_30,1988,1677.3
Country_30,1989,1714.4
Country_30,1990,1744.4
Country_30,1991,1593.3
Country_30,1992,1660.5
Country_30,1993,1698.3
Country_30,1994,1741.0
Country_30,1995,1743.6
Country_30,1996,1667.4
Country_30,1997,1694.2
Country_30,1998,1741.8
Country_30,1999,1643.0
Country_30,2000,1694.7
Country_30,2001,1813.6
Country_30,2002,1728.3
Country_30,2003,1692.1
Country_30,2004,1672.6
Country_30,2005,1787.2
Country_30,2006,1720.3
Country_30,2007,1717.3
Country_30,2008,1731.4
Country_30,2009,1717.1
Country_30,2010,1702.0
Country_30,2011,1799.0
Country_30,2012,1799.4
Country_30,2013,1798.4
Country_30,2014,1684.6
Country_30,2015,1673.1
Country_30,2016,1683.5
Country_30,2017,1796.9
Country_30,2018,1813.2
Country_30,2019,1704.0
Country_30,2020,1745.3
Country_30,2021,1692.5
Country_30,2022,1689.3
Country_30,2023,1759.8
Country_31,1900,1328.6
Country_31,1901,1242.5
Country_31,1902,1294.0
Country_31,1903,1367.4
Country_31,1904,1294.3
Country_31,1905,1256.6
Country_31,1906,1316.7
Country_31,1907,1390.7
Country_31,1908,1330.1
Country_31,1909,1292.3
Country_31,1910,1302.4
Country_31,1911,1293.8
Country_31,1912,1370.0
Country_31,1913,1458.8
Country_31,1914,1452.1
Country_31,1915,1278.6
Country_31,1916,1293.7
Country_31,1917,1424.7
Country_31,1918,1336.1
Country_31,1919,1363.7
Country_31,1920,1317.2
Country_31,1921,1410.7
Country_31,1922,1358.3
Country_31,1923,1397.6
Country_31,1924,1395.9
Country_31,1925,1327.9
Country_31,1926,1353.6
Country_31,1927,1328.5
Country_31,1928,1363.7
Country_31,1929,1378.8
Country_31,1930,1310.7
Country_31,1931,1326.6
Country_31,1932,1408.3
Country_31,1933,1244.3
Country_31,1934,1358.7
Country_31,1935,1299.8
Country_31,1936,1344.6
Country_31,1937,1335.5
Country_31,1938,1397.4
Country_31,1939,1374.5
Country_31,1940,1328.8
Country_31,1941,1340.5
Country_31,1942,1354.1
Country_31,1943,1375.6
Country_31,1944,1327.2
Country_31,1945,1303.9
Country_31,1946,1337.6
Country_31,1947,1289.3
Country_31,1948,1298.7
Country_31,1949,1402.4
Country_31,1950,1421.7
Country_31,1951,1347.1
Country_31,1952,1362.0
Country_31,1953,1383.6
Country_31,1954,1347.6
Country_31,1955,1383.9
Country_31,1956,1339.7
Country_31,1957,1336.9
Country_31,1958,1368.0
Country_31,1959,1394.0
Country_31,1960,1364.4
Country_31,1961,1301.0
Country_31,1962,1395.1
Country_31,1963,1320.6
Country_31,1964,1369.5
Country_31,1965,1358.3
Country_31,1966,1356.1
Country_31,1967,1323.3
Country_31,1968,1373.5
Country_31,1969,1396.1
Country_31,1970,1351.6
Country_31,1971,1321.8
Country_31,1972,1311.9
Country_31,1973,1243.0
Country_31,1974,1393.0
Country_31,1975,1351.0
Country_31,1976,1408.5
Country_31,1977,1305.8
Country_31,1978,1397.0
Country_31,1979,1381.8
Country_31,1980,1326.8
Country_31,1981,1341.4
Country_31,1982,1314.9
Country_31,1983,1335.7
Country_31,1984,1313.1
Country_31,1985,1331.2
Country_31,1986,1389.5
Country_31,1987,1378.5
Country_31,1988,1380.7
Country_31,1989,1359.0
Country_31,1990,1263.8
Country_31,1991,1425.9
Country_31,1992,1316.7
Country_31,1993,1467.8
Country_31,1994,1332.9
Country_31,1995,1379.4
Country_31,1996,1348.0
Country_31,1997,1375.6
Country_31,1998,1394.0
Country_31,1999,1312.1
Country_31,2000,1296.8
Country_31,2001,1357.7
Country_31,2002,1316.0
Country_31,2003,1396.6
Country_31,2004,1346.4
Country_31,2005,1342.4
Country_31,2006,1332.9
Country_31,2007,1341.7
Country_31,2008,1345.3
Country_31,2009,1349.9
Country_31,2010,1342.7
Country_31,2011,1392.5
Country_31,2012,1448.3
Country_31,2013,1397.5
Country_31,2014,1387.6
Country_31,2015,1321.9
Country_31,2016,1390.4
Country_31,2017,1348.6
Country_31,2018,1312.6
Country_31,2019,1313.8
Country_31,2020,1367.6
Country_31,2021,1359.4
Country_31,2022,1414.6
Country_31,2023,1402.4
Country_32,1900,1255.4
Country_32,1901,1140.0
Country_32,1902,1245.0
Country_32,1903,1267.0
Country_32,1904,1220.3
Country_32,1905,1238.4
Country_32,1906,1162.7
Country_32,1907,1147.1
Country_32,1908,1210.9
Country_32,1909,1240.9
Country_32,1910,1213.5
Country_32,1911,1216.4
Country_32,1912,1206.2
Country_32,1913,1241.0
Country_32,1914,1253.6
Country_32,1915,1185.7
Country_32,1916,1213.4
Country_32,1917,1275.3
Country_32,1918,1243.3
Country_32,1919,1216.7
Country_32,1920,1241.3
Country_32,1921,1217.3
Country_32,1922,1267.7
Country_32,1923,1224.9
Country_32,1924,1230.2
Country_32,1925,1247.5
Country_32,1926,1286.7
Country_32,1927,1116.5
Country_32,1928,1127.6
Country_32,1929,1337.9
Country_32,1930,1159.6
Country_32,1931,1167.1
Country_32,1932,1234.6
Country_32,1933,1235.2
Country_32,1934,1263.8
Country_32,1935,1159.0
Country_32,1936,1185.0
Country_32,1937,1171.1
Country_32,1938,1259.5
Country_32,1939,1308.6
Country_32,1940,1211.8
Country_32,1941,1128.0
Country_32,1942,1168.2
Country_32,1943,1205.9
Country_32,1944,1184.7
Country_32,1945,1233.3
Country_32,1946,1099.0
Country_32,1947,1207.3
Country_32,1948,1196.1
Country_32,1949,1111.4
Country_32,1950,1156.8
Country_32,1951,1229.1
Country_32,1952,1213.6
Country_32,1953,1219.1
Country_32,1954,1178.9
Country_32,1955,1213.5
Country_32,1956,1206.1
Country_32,1957,1241.7
Country_32,1958,1135.6
Country_32,1959,1205.0
Country_32,1960,1142.2
Country_32,1961,1244.3
Country_32,1962,1273.7
Country_32,1963,1108.2
Country_32,1964,1202.1
Country_32,1965,1225.4
Country_32,1966,1183.4
Country_32,1967,1171.7
Country_32,1968,1233.8
Country_32,1969,1173.6
Country_32,1970,1260.8
Country_32,1971,1182.9
Country_32,1972,1177.6
Country_32,1973,1272.4
Country_32,1974,1207.1
Country_32,1975,1120.4
Country_32,1976,1207.6
Country_32,1977,1246.6
Country_32,1978,1276.9
Country_32,1979,1253.0
Country_32,1980,1168.9
Country_32,1981,1216.1
Country_32,1982,1225.1
Country_32,1983,1236.8
Country_32,1984,1220.9
Country_32,1985,1171.0
Country_32,1986,1174.0
Country_32,1987,1243.8
Country_32,1988,1127.0
Country_32,1989,1279.1
Country_32,1990,1222.8
Country_32,1991,1201.3
Country_32,1992,1244.5
Country_32,1993,1142.8
Country_32,1994,1153.8
Country_32,1995,1206.3
Country_32,1996,1233.7
Country_32,1997,1200.2
Country_32,1998,1207.8
Country_32,1999,1144.2
Country_32,2000,1220.4
Country_32,2001,1102.3
Country_32,2002,1208.0
Country_32,2003,1171.3
Country_32,2004,1176.3
Country_32,2005,1136.8
Country_32,2006,1258.3
Country_32,2007,1201.7
Country_32,2008,1225.4
Country_32,2009,1182.0
Country_32,2010,1116.6
Country_32,2011,1222.2
Country_32,2012,1251.1
Country_32,2013,1167.4
Country_32,2014,1211.8
Country_32,2015,1338.1
Country_32,2016,1188.0
Country_32,2017,1314.9
Country_32,2018,1199.8
Country_32,2019,1219.6
Country_32,2020,1184.9
Country_32,2021,1090.8
Country_32,2022,1169.5
Country_32,2023,1226.8
Country_33,1900,1404.3
Country_33,1901,1434.0
Country_33,1902,1433.7
Country_33,1903,1426.1
Country_33,1904,1412.1
Country_33,1905,1467.1
Country_33,1906,1468.9
Country_33,1907,1393.7
Country_33,1908,1398.8
Country_33,1909,1391.0
Country_33,1910,1443.1
Country_33,1911,1390.6
Country_33,1912,1385.0
Country_33,1913,1490.3
Country_33,1914,1382.5
Country_33,1915,1456.0
Country_33,1916,1432.2
Country_33,1917,1533.2
Country_33,1918,1468.2
Country_33,1919,1265.8
Country_33,1920,1531.2
Country_33,1921,1423.3
Country_33,1922,1466.5
Country_33,1923,1380.5
Country_33,1924,1349.6
Country_33,1925,1410.4
Country_33,1926,1469.0
Country_33,1927,1426.5
Country_33,1928,1573.7
Country_33,1929,1476.4
Country_33,1930,1376.8
Country_33,1931,1436.6
Country_33,1932,1334.9
Country_33,1933,1437.1
Country_33,1934,1465.0
Country_33,1935,1451.8
Country_33,1936,1416.7
Country_33,1937,1453.5
Country_33,1938,1445.2
Country_33,1939,1404.1
Country_33,1940,1446.0
Country_33,1941,1359.1
Country_33,1942,1387.0
Country_33,1943,1378.5
Country_33,1944,1460.5
Country_33,1945,1405.0
Country_33,1946,1444.4
Country_33,1947,1517.3
Country_33,1948,1396.7
Country_33,1949,1404.7
Country_33,1950,1406.8
Country_33,1951,1334.2
Country_33,1952,1380.0
Country_33,1953,1480.0
Country_33,1954,1495.7
Country_33,1955,1382.5
Country_33,1956,1451.6
Country_33,1957,1431.9
Country_33,1958,1408.9
Country_33,1959,1421.7
Country_33,1960,1438.2
Country_33,1961,1479.8
Country_33,1962,1415.4
Country_33,1963,1420.0
Country_33,1964,1372.9
Country_33,1965,1397.7
Country_33,1966,1416.9
Country_33,1967,1494.3
Country_33,1968,1375.1
Country_33,1969,1460.0
Country_33,1970,1342.7
Country_33,1971,1388.8
Country_33,1972,1429.5
Country_33,1973,1386.2
Country_33,1974,1330.6
Country_33,1975,1386.2
Country_33,1976,1393.3
Country_33,1977,1433.0
Country_33,1978,1432.7
Country_33,1979,1433.6
Country_33,1980,1441.2
Country_33,1981,1418.0
Country_33,1982,1405.3
Country_33,1983,1369.2
Country_33,1984,1414.7
Country_33,1985,1484.0
Country_33,1986,1459.4
Country_33,1987,1478.5
Country_33,1988,1457.6
Country_33,1989,1403.1
Country_33,1990,1468.4
Country_33,1991,1346.2
Country_33,1992,1515.7
Country_33,1993,1416.4
Country_33,1994,1482.4
Country_33,1995,1496.6
Country_33,1996,1328.5
Country_33,1997,1430.7
Country_33,1998,1355.7
Country_33,1999,1367.0
Country_33,2000,1386.7
Country_33,2001,1461.4
Country_33,2002,1442.7
Country_33,2003,1471.8
Country_33,2004,1304.3
Country_33,2005,1453.2
Country_33,2006,1374.6
Country_33,2007,1443.1
Country_33,2008,1462.6
Country_33,2009,1460.0
Country_33,2010,1448.3
Country_33,2011,1373.4
Country_33,2012,1457.4
Country_33,2013,1476.5
Country_33,2014,1447.8
Country_33,2015,1453.4
Country_33,2016,1441.7
Country_33,2017,1501.0
Country_33,2018,1492.3
Country_33,2019,1433.5
Country_33,2020,1408.2
Country_33,2021,1356.4
Country_33,2022,1435.8
Country_33,2023,1432.8
Country_34,1900,1034.6
Country_34,1901,1026.2
Country_34,1902,1038.4
Country_34,1903,1109.9
Country_34,1904,1098.7
Country_34,1905,1013.5
Country_34,1906,1056.6
Country_34,1907,1076.2
Country_34,1908,1033.8
Country_34,1909,1005.0
Country_34,1910,1123.7
Country_34,1911,1022.7
Country_34,1912,1128.7
Country_34,1913,1008.6
Country_34,1914,978.2
Country_34,1915,1129.2
Country_34,1916,1100.1
Country_34,1917,1071.6
Country_34,1918,1022.9
Country_34,1919,1030.0
Country_34,1920,1129.2
Country_34,1921,1142.0
Country_34,1922,1031.0
Country_34,1923,1107.0
Country_34,1924,1166.8
Country_34,1925,1064.2
Country_34,1926,1096.4
Country_34,1927,1027.0
Country_34,1928,1038.1
Country_34,1929,1042.2
Country_34,1930,1040.0
Country_34,1931,1082.5
Country_34,1932,1004.6
Country_34,1933,1035.7
Country_34,1934,1005.4
Country_34,1935,1084.9
Country_34,1936,1043.7
Country_34,1937,982.4
Country_34,1938,1005.8
Country_34,1939,1056.4
Country_34,1940,1169.6
Country_34,1941,1031.3
Country_34,1942,1031.3
Country_34,1943,1079.0
Country_34,1944,1034.0
Country_34,1945,1132.2
Country_34,1946,1130.1
Country_34,1947,1066.9
Country_34,1948,1126.0
Country_34,1949,1064.7
Country_34,1950,959.6
Country_34,1951,1106.3
Country_34,1952,1063.2
Country_34,1953,1061.4
Country_34,1954,1051.2
Country_34,1955,1120.7
Country_34,1956,1015.3
Country_34,1957,955.4
Country_34,1958,1063.9
Country_34,1959,1180.3
Country_34,1960,1103.2
Country_34,1961,1023.9
Country_34,1962,1040.0
Country_34,1963,997.6
Country_34,1964,1044.2
Country_34,1965,1091.3
Country_34,1966,1077.1
Country_34,1967,1044.3
Country_34,1968,1097.2
Country_34,1969,1032.3
Country_34,1970,994.0
Country_34,1971,1122.1
Country_34,1972,1137.5
Country_34,1973,1047.3
Country_34,1974,1068.9
Country_34,1975,1095.8
Country_34,1976,1076.5
Country_34,1977,1145.3
Country_34,1978,1053.2
Country_34,1979,1020.6
Country_34,1980,1057.1
Country_34,1981,1048.5
Country_34,1982,1001.6
Country_34,1983,1041.6
Country_34,1984,903.0
Country_34,1985,1052.8
Country_34,1986,1077.7
Country_34,1987,1058.5
Country_34,1988,1112.6
Country_34,1989,975.4
Country_34,1990,1094.8
Country_34,1991,1120.9
Country_34,1992,1075.7
Country_34,1993,1139.2
Country_34,1994,1100.1
Country_34,1995,1127.3
Country_34,1996,1126.2
Country_34,1997,1041.2
Country_34,1998,1066.9
Country_34,1999,1073.7
Country_34,2000,1043.4
Country_34,2001,1053.7
Country_34,2002,1067.9
Country_34,2003,1125.7
Country_34,2004,1175.0
Country_34,2005,1027.6
Country_34,2006,1109.6
Country_34,2007,1026.9
Country_34,2008,1027.8
Country_34,2009,1012.8
Country_34,2010,1098.3
Country_34,2011,1048.8
Country_34,2012,1042.0
Country_34,2013,1022.6
Country_34,2014,997.2
Country_34,2015,1092.7
Country_34,2016,1137.4
Country_34,2017,1095.2
Country_34,2018,928.5
Country_34,2019,1090.2
Country_34,2020,1119.0
Country_34,2021,1134.3
Country_34,2022,1090.2
Country_34,2023,987.2
Country_35,1900,1570.5
Country_35,1901,1564.8
Country_35,1902,1567.7
Country_35,1903,1650.4
Country_35,1904,1550.7
Country_35,1905,1517.5
Country_35,1906,1537.8
Country_35,1907,1511.1
Country_35,1908,1610.7
Country_35,1909,1532.3
Country_35,1910,1434.5
Country_35,1911,1390.9
Country_35,1912,1522.9
Country_35,1913,1499.5
Country_35,1914,1582.7
Country_35,1915,1458.9
Country_35,1916,1529.7
Country_35,1917,1531.1
Country_35,1918,1538.1
Country_35,1919,1537.4
Country_35,1920,1586.5
Country_35,1921,1541.2
Country_35,1922,1474.7
Country_35,1923,1447.8
Country_35,1924,1513.1
Country_35,1925,1568.2
Country_35,1926,1461.0
Country_35,1927,1564.8
Country_35,1928,1486.3
Country_35,1929,1572.3
Country_35,1930,1571.5
Country_35,1931,1569.6
Country_35,1932,1603.2
Country_35,1933,1490.7
Country_35,1934,1467.9
Country_35,1935,1623.7
Country_35,1936,1558.6
Country_35,1937,1460.0
Country_35,1938,1596.0
Country_35,1939,1526.9
Country_35,1940,1515.7
Country_35,1941,1552.5
Country_35,1942,1580.5
Country_35,1943,1449.3
Country_35,1944,1588.9
Country_35,1945,1635.4
Country_35,1946,1560.2
Country_35,1947,1428.9
Country_35,1948,1560.0
Country_35,1949,1505.0
Country_35,1950,1505.2
Country_35,1951,1530.7
Country_35,1952,1486.8
Country_35,1953,1464.2
Country_35,1954,1603.3
Country_35,1955,1694.5
Country_35,1956,1605.6
Country_35,1957,1530.5
Country_35,1958,1536.8
Country_35,1959,1454.4
Country_35,1960,1588.2
Country_35,1961,1547.8
Country_35,1962,1514.1
Country_35,1963,1535.4
Country_35,1964,1625.7
Country_35,1965,1572.5
Country_35,1966,1509.5
Country_35,1967,1551.8
Country_35,1968,1619.5
Country_35,1969,1559.3
Country_35,1970,1597.5
Country_35,1971,1482.2
Country_35,1972,1464.3
Country_35,1973,1594.6
Country_35,1974,1579.8
Country_35,1975,1522.2
Country_35,1976,1556.7
Country_35,1977,1530.3
Country_35,1978,1542.0
Country_35,1979,1599.3
Country_35,1980,1528.4
Country_35,1981,1578.4
Country_35,1982,1464.9
Country_35,1983,1603.0
Country_35,1984,1552.7
Country_35,1985,1526.7
Country_35,1986,1499.0
Country_35,1987,1539.6
Country_35,1988,1518.1
Country_35,1989,1547.1
Country_35,1990,1572.8
Country_35,1991,1489.5
Country_35,1992,1504.0
Country_35,1993,1616.7
Country_35,1994,1551.3
Country_35,1995,1519.0
Country_35,1996,1475.6
Country_35,1997,1452.6
Country_35,1998,1470.4
Country_35,1999,1416.7
Country_35,2000,1472.5
Country_35,2001,1597.0
Country_35,2002,1545.2
Country_35,2003,1611.1
Country_35,2004,1575.8
Country_35,2005,1526.8
Country_35,2006,1578.1
Country_35,2007,1490.8
Country_35,2008,1474.9
Country_35,2009,1567.1
Country_35,2010,1528.7
Country_35,2011,1524.5
Country_35,2012,1423.3
Country_35,2013,1510.6
Country_35,2014,1565.6
Country_35,2015,1451.3
Country_35,2016,1438.9
Country_35,2017,1567.0
Country_35,2018,1602.4
Country_35,2019,1520.4
Country_35,2020,1512.9
Country_35,2021,1355.7
Country_35,2022,1604.7
Country_35,2023,1530.4
Country_36,1900,1903.6
Country_36,1901,1852.0
Country_36,1902,1774.1
Country_36,1903,1858.0
Country_36,1904,1906.8
Country_36,1905,1819.1
Country_36,1906,1911.8
Country_36,1907,1895.3
Country_36,1908,1933.7
Country_36,1909,1807.5
Country_36,1910,1902.4
Country_36,1911,2007.1
Country_36,1912,1848.5
Country_36,1913,1890.3
Country_36,1914,1847.7
Country_36,1915,1881.0
Country_36,1916,1815.0
Country_36,1917,1899.2
Country_36,1918,1868.3
Country_36,1919,1861.9
Country_36,1920,1881.7
Country_36,1921,1844.5
Country_36,1922,1921.5
Country_36,1923,1898.8
Country_36,1924,1805.8
Country_36,1925,1889.9
Country_36,1926,1886.4
Country_36,1927,1918.1
Country_36,1928,1795.5
Country_36,1929,1932.8
Country_36,1930,1963.8
Country_36,1931,1922.0
Country_36,1932,1873.8
Country_36,1933,1892.5
Country_36,1934,1762.7
Country_36,1935,1886.2
Country_36,1936,1907.8
Country_36,1937,1872.0
Country_36,1938,1900.2
Country_36,1939,1849.4
Country_36,1940,1877.2
Country_36,1941,1757.1
Country_36,1942,1926.4
Country_36,1943,1900.2
Country_36,1944,1911.8
Country_36,1945,1870.9
Country_36,1946,1815.8
Country_36,1947,1947.6
Country_36,1948,1869.4
Country_36,1949,2004.4
Country_36,1950,1844.0
Country_36,1951,1802.8
Country_36,1952,1800.7
Country_36,1953,1862.6
Country_36,1954,1861.1
Country_36,1955,1924.5
Country_36,1956,1918.2
Country_36,1957,1807.9
Country_36,1958,1851.7
Country_36,1959,1874.4
Country_36,1960,1920.4
Country_36,1961,1864.2
Country_36,1962,1811.2
Country_36,1963,1891.5
Country_36,1964,1929.5
Country_36,1965,1832.0
Country_36,1966,1915.8
Country_36,1967,1943.5
Country_36,1968,1854.5
Country_36,1969,1830.2
Country_36,1970,1909.7
Country_36,1971,1919.9
Country_36,1972,1873.0
Country_36,1973,1969.2
Country_36,1974,1932.9
Country_36,1975,1858.2
Country_36,1976,1833.2
Country_36,1977,1885.6
Country_36,1978,1838.9
Country_36,1979,1828.6
Country_36,1980,1893.9
Country_36,1981,1861.7
Country_36,1982,1926.8
Country_36,1983,1911.1
Country_36,1984,1954.0
Country_36,1985,1890.9
Country_36,1986,1901.3
Country_36,1987,1846.8
Country_36,1988,1822.0
Country_36,1989,1742.9
Country_36,1990,1858.7
Country_36,1991,1875.9
Country_36,1992,1877.6
Country_36,1993,1849.6
Country_36,1994,1911.8
Country_36,1995,1895.2
Country_36,1996,1937.1
Country_36,1997,1931.0
Country_36,1998,1803.8
Country_36,1999,1906.8
Country_36,2000,1825.9
Country_36,2001,1841.5
Country_36,2002,1846.1
Country_36,2003,1816.8
Country_36,2004,1969.4
Country_36,2005,1776.1
Country_36,2006,1832.6
Country_36,2007,1881.7
Country_36,2008,1857.6
Country_36,2009,1871.1
Country_36,2010,1866.1
Country_36,2011,1927.5
Country_36,2012,1810.6
Country_36,2013,1902.8
Country_36,2014,1885.6
Country_36,2015,1803.2
Country_36,2016,1926.2
Country_36,2017,1805.4
Country_36,2018,1936.7
Country_36,2019,1770.5
Country_36,2020,1833.3
Country_36,2021,1787.3
Country_36,2022,1915.2
Country_36,2023,1879.5
Country_37,1900,796.7
Country_37,1901,731.3
Country_37,1902,869.3
Country_37,1903,734.0
Country_37,1904,713.5
Country_37,1905,794.6
Country_37,1906,874.6
Country_37,1907,648.4
Country_37,1908,847.0
Country_37,1909,852.1
Country_37,1910,718.6
Country_37,1911,749.7
Country_37,1912,822.7
Country_37,1913,760.7
Country_37,1914,816.0
Country_37,1915,762.9
Country_37,1916,834.8
Country_37,1917,793.0
Country_37,1918,782.2
Country_37,1919,798.8
Country_37,1920,849.2
Country_37,1921,822.8
Country_37,1922,882.0
Country_37,1923,761.2
Country_37,1924,815.3
Country_37,1925,712.9
Country_37,1926,824.2
Country_37,1927,819.7
Country_37,1928,792.9
Country_37,1929,825.5
Country_37,1930,839.6
Country_37,1931,795.9
Country_37,1932,810.1
Country_37,1933,764.2
Country_37,1934,837.0
Country_37,1935,779.1
Country_37,1936,807.3
Country_37,1937,715.9
Country_37,1938,741.8
Country_37,1939,810.5
Country_37,1940,818.3
Country_37,1941,980.1
Country_37,1942,755.7
Country_37,1943,843.4
Country_37,1944,863.5
Country_37,1945,822.6
Country_37,1946,794.8
Country_37,1947,863.6
Country_37,1948,740.9
Country_37,1949,771.2
Country_37,1950,834.8
Country_37,1951,800.0
Country_37,1952,765.9
Country_37,1953,890.1
Country_37,1954,772.2
Country_37,1955,784.2
Country_37,1956,826.8
Country_37,1957,744.2
Country_37,1958,905.1
Country_37,1959,788.7
Country_37,1960,795.3
Country_37,1961,836.6
Country_37,1962,797.2
Country_37,1963,848.8
Country_37,1964,878.9
Country_37,1965,817.2
Country_37,1966,827.8
Country_37,1967,851.2
Country_37,1968,894.6
Country_37,1969,802.9
Country_37,1970,784.0
Country_37,1971,841.4
Country_37,1972,810.7
Country_37,1973,855.4
Country_37,1974,744.0
Country_37,1975,749.0
Country_37,1976,856.0
Country_37,1977,902.2
Country_37,1978,800.8
Country_37,1979,807.6
Country_37,1980,757.9
Country_37,1981,790.4
Country_37,1982,795.7
Country_37,1983,769.0
Country_37,1984,739.1
Country_37,1985,855.8
Country_37,1986,842.0
Country_37,1987,763.1
Country_37,1988,823.8
Country_37,1989,872.7
Country_37,1990,752.1
Country_37,1991,814.5
Country_37,1992,828.3
Country_37,1993,811.1
Country_37,1994,878.2
Country_37,1995,796.9
Country_37,1996,769.1
Country_37,1997,768.1
Country_37,1998,769.9
Country_37,1999,862.5
Country_37,2000,784.1
Country_37,2001,761.7
Country_37,2002,851.5
Country_37,2003,850.0
Country_37,2004,871.6
Country_37,2005,782.1
Country_37,2006,783.6
Country_37,2007,819.1
Country_37,2008,860.1
Country_37,2009,704.3
Country_37,2010,865.0
Country_37,2011,761.9
Country_37,2012,841.6
Country_37,2013,789.9
Country_37,2014,834.5
Country_37,2015,758.8
Country_37,2016,810.9
Country_37,2017,788.1
Country_37,2018,874.9
Country_37,2019,747.0
Country_37,2020,827.9
Country_37,2021,805.3
Country_37,2022,824.0
Country_37,2023,888.1
Country_38,1900,1704.3
Country_38,1901,1613.0
Country_38,1902,1699.8
Country_38,1903,1650.4
Country_38,1904,1582.4
Country_38,1905,1712.4
Country_38,1906,1624.2
Country_38,1907,1649.2
Country_38,1908,1601.3
Country_38,1909,1732.4
Country_38,1910,1660.7
Country_38,1911,1559.8
Country_38,1912,1578.8
Country_38,1913,1655.2
Country_38,1914,1627.1
Country_38,1915,1637.7
Country_38,1916,1701.9
Country_38,1917,1653.9
Country_38,1918,1557.8
Country_38,1919,1614.6
Country_38,1920,1602.8
Country_38,1921,1586.1
Country_38,1922,1683.5
Country_38,1923,1704.1
Country_38,1924,1687.4
Country_38,1925,1639.4
Country_38,1926,1642.7
Country_38,1927,1690.5
Country_38,1928,1607.6
Country_38,1929,1682.0
Country_38,1930,1649.0
Country_38,1931,1719.9
Country_38,1932,1590.2
Country_38,1933,1594.0
Country_38,1934,1639.2
Country_38,1935,1592.1
Country_38,1936,1634.6
Country_38,1937,1736.7
Country_38,1938,1592.6
Country_38,1939,1623.7
Country_38,1940,1609.5
Country_38,1941,1655.8
Country_38,1942,1644.7
Country_38,1943,1624.3
Country_38,1944,1611.1
Country_38,1945,1593.3
Country_38,1946,1609.2
Country_38,1947,1575.3
Country_38,1948,1635.0
Country_38,1949,1696.9
Country_38,1950,1622.9
Country_38,1951,1563.4
Country_38,1952,1605.6
Country_38,1953,1651.3
Country_38,1954,1785.8
Country_38,1955,1623.6
Country_38,1956,1658.2
Country_38,1957,1587.7
Country_38,1958,1673.4
Country_38,1959,1714.1
Country_38,1960,1647.1
Country_38,1961,1635.2
Country_38,1962,1573.7
Country_38,1963,1646.7
Country_38,1964,1519.8
Country_38,1965,1603.3
Country_38,1966,1700.5
Country_38,1967,1584.0
Country_38,1968,1519.7
Country_38,1969,1603.6
Country_38,1970,1696.5
Country_38,1971,1665.9
Country_38,1972,1581.4
Country_38,1973,1694.4
Country_38,1974,1621.5
Country_38,1975,1565.4
Country_38,1976,1733.4
Country_38,1977,1613.8
Country_38,1978,1683.5
Country_38,1979,1635.7
Country_38,1980,1571.5
Country_38,1981,1711.3
Country_38,1982,1711.3
Country_38,1983,1692.5
Country_38,1984,1638.7
Country_38,1985,1654.1
Country_38,1986,1510.5
Country_38,1987,1712.2
Country_38,1988,1696.5
Country_38,1989,1680.3
Country_38,1990,1577.2
Country_38,1991,1669.1
Country_38,1992,1619.4
Country_38,1993,1560.2
Country_38,1994,1649.3
Country_38,1995,1645.0
Country_38,1996,1614.7
Country_38,1997,1660.4
Country_38,1998,1542.0
Country_38,1999,1648.5
Country_38,2000,1632.1
Country_38,2001,1705.2
Country_38,2002,1678.0
Country_38,2003,1663.8
Country_38,2004,1683.6
Country_38,2005,1600.4
Country_38,2006,1638.1
Country_38,2007,1680.9
Country_38,2008,1699.6
Country_38,2009,1562.9
Country_38,2010,1722.0
Country_38,2011,1657.0
Country_38,2012,1575.8
Country_38,2013,1699.4
Country_38,2014,1562.1
Country_38,2015,1611.3
Country_38,2016,1669.0
Country_38,2017,1714.1
Country_38,2018,1694.7
Country_38,2019,1640.6
Country_38,2020,1571.6
Country_38,2021,1684.7
Country_38,2022,1706.4
Country_38,2023,1648.0
Country_39,1900,1618.4
Country_39,1901,1568.3
Country_39,1902,1508.5
Country_39,1903,1565.5
Country_39,1904,1604.4
Country_39,1905,1640.3
Country_39,1906,1550.0
Country_39,1907,1572.1
Country_39,1908,1558.6
Country_39,1909,1642.1
Country_39,1910,1564.0
Country_39,1911,1525.7
Country_39,1912,1605.9
Country_39,1913,1564.9
Country_39,1914,1570.8
Country_39,1915,1589.5
Country_39,1916,1607.2
Country_39,1917,1577.2
Country_39,1918,1563.3
Country_39,1919,1652.9
Country_39,1920,1574.8
Country_39,1921,1600.3
Country_39,1922,1561.2
Country_39,1923,1541.9
Country_39,1924,1602.4
Country_39,1925,1606.6
Country_39,1926,1639.8
Country_39,1927,1523.8
Country_39,1928,1605.9
Country_39,1929,1611.6
Country_39,1930,1529.5
Country_39,1931,1549.5
Country_39,1932,1558.5
Country_39,1933,1702.2
Country_39,1934,1582.6
Country_39,1935,1547.7
Country_39,1936,1567.7
Country_39,1937,1672.1
Country_39,1938,1525.3
Country_39,1939,1576.8
Country_39,1940,1588.5
Country_39,1941,1546.5
Country_39,1942,1607.2
Country_39,1943,1641.3
Country_39,1944,1551.5
Country_39,1945,1577.9
Country_39,1946,1631.6
Country_39,1947,1545.1
Country_39,1948,1536.5
Country_39,1949,1622.8
Country_39,1950,1523.1
Country_39,1951,1507.4
Country_39,1952,1602.1
Country_39,1953,1614.0
Country_39,1954,1565.4
Country_39,1955,1583.6
Country_39,1956,1648.0
Country_39,1957,1600.4
Country_39,1958,1614.9
Country_39,1959,1549.2
Country_39,1960,1481.5
Country_39,1961,1584.9
Country_39,1962,1662.4
Country_39,1963,1571.8
Country_39,1964,1517.3
Country_39,1965,1528.1
Country_39,1966,1592.9
Country_39,1967,1557.5
Country_39,1968,1593.0
Country_39,1969,1633.0
Country_39,1970,1560.1
Country_39,1971,1535.3
Country_39,1972,1616.2
Country_39,1973,1526.0
Country_39,1974,1677.9
Country_39,1975,1536.5
Country_39,1976,1562.3
Country_39,1977,1558.8
Country_39,1978,1591.8
Country_39,1979,1600.1
Country_39,1980,1570.4
Country_39,1981,1592.2
Country_39,1982,1740.4
Country_39,1983,1573.1
Country_39,1984,1601.1
Country_39,1985,1634.0
Country_39,1986,1597.5
Country_39,1987,1575.6
Country_39,1988,1553.4
Country_39,1989,1481.2
Country_39,1990,1602.8
Country_39,1991,1631.8
Country_39,1992,1654.7
Country_39,1993,1543.2
Country_39,1994,1510.1
Country_39,1995,1625.2
Country_39,1996,1542.3
Country_39,1997,1582.0
Country_39,1998,1683.9
Country_39,1999,1589.9
Country_39,2000,1588.5
Country_39,2001,1549.4
Country_39,2002,1631.5
Country_39,2003,1479.1
Country_39,2004,1635.0
Country_39,2005,1681.3
Country_39,2006,1643.9
Country_39,2007,1586.0
Country_39,2008,1562.1
Country_39,2009,1596.2
Country_39,2010,1528.5
Country_39,2011,1666.3
Country_39,2012,1592.2
Country_39,2013,1570.0
Country_39,2014,1535.4
Country_39,2015,1549.0
Country_39,2016,1597.1
Country_39,2017,1475.5
Country_39,2018,1631.8
Country_39,2019,1648.4
Country_39,2020,1510.9
Country_39,2021,1483.8
Country_39,2022,1565.0
Country_39,2023,1640.2
Country_40,1900,1638.4
Country_40,1901,1623.4
Country_40,1902,1654.1
Country_40,1903,1592.8
Country_40,1904,1637.7
Country_40,1905,1622.4
Country_40,1906,1664.9
Country_40,1907,1693.4
Country_40,1908,1641.4
Country_40,1909,1623.2
Country_40,1910,1684.2
Country_40,1911,1628.0
Country_40,1912,1773.5
Country_40,1913,1639.8
Country_40,1914,1656.5
Country_40,1915,1593.8
Country_40,1916,1652.0
Country_40,1917,1645.0
Country_40,1918,1678.1
Country_40,1919,1550.0
Country_40,1920,1672.0
Country_40,1921,1631.2
Country_40,1922,1701.0
Country_40,1923,1601.1
Country_40,1924,1599.5
Country_40,1925,1705.5
Country_40,1926,1657.1
Country_40,1927,1522.9
Country_40,1928,1656.9
Country_40,1929,1662.2
Country_40,1930,1713.0
Country_40,1931,1619.6
Country_40,1932,1755.9
Country_40,1933,1632.4
Country_40,1934,1647.1
Country_40,1935,1675.0
Country_40,1936,1700.7
Country_40,1937,1648.5
Country_40,1938,1706.9
Country_40,1939,1658.0
Country_40,1940,1651.8
Country_40,1941,1624.1
Country_40,1942,1642.7
Country_40,1943,1653.4
Country_40,1944,1569.2
Country_40,1945,1661.5
Country_40,1946,1680.6
Country_40,1947,1635.3
Country_40,1948,1601.0
Country_40,1949,1657.6
Country_40,1950,1589.2
Country_40,1951,1548.6
Country_40,1952,1607.7
Country_40,1953,1675.3
Country_40,1954,1597.2
Country_40,1955,1669.7
Country_40,1956,1576.2
Country_40,1957,1634.8
Country_40,1958,1685.0
Country_40,1959,1632.3
Country_40,1960,1716.5
Country_40,1961,1499.4
Country_40,1962,1675.7
Country_40,1963,1760.6
Country_40,1964,1650.4
Country_40,1965,1651.8
Country_40,1966,1585.1
Country_40,1967,1559.9
Country_40,1968,1561.3
Country_40,1969,1623.9
Country_40,1970,1676.9
Country_40,1971,1678.3
Country_40,1972,1652.5
Country_40,1973,1537.7
Country_40,1974,1738.8
Country_40,1975,1582.4
Country_40,1976,1637.9
Country_40,1977,1740.7
Country_40,1978,1667.0
Country_40,1979,1659.6
Country_40,1980,1746.3
Country_40,1981,1614.4
Country_40,1982,1747.8
Country_40,1983,1641.2
Country_40,1984,1664.5
Country_40,1985,1598.9
Country_40,1986,1732.1
Country_40,1987,1642.5
Country_40,1988,1669.6
Country_40,1989,1619.1
Country_40,1990,1693.6
Country_40,1991,1664.9
Country_40,1992,1650.8
Country_40,1993,1645.4
Country_40,1994,1690.5
Country_40,1995,1661.4
Country_40,1996,1709.0
Country_40,1997,1746.1
Country_40,1998,1663.1
Country_40,1999,1635.5
Country_40,2000,1661.5
Country_40,2001,1583.3
Country_40,2002,1619.8
Country_40,2003,1655.8
Country_40,2004,1657.4
Country_40,2005,1640.5
Country_40,2006,1700.8
Country_40,2007,1698.3
Country_40,2008,1682.4
Country_40,2009,1677.1
Country_40,2010,1686.5
Country_40,2011,1665.3
Country_40,2012,1664.5
Country_40,2013,1573.8
Country_40,2014,1637.8
Country_40,2015,1667.9
Country_40,2016,1664.5
Country_40,2017,1738.8
Country_40,2018,1638.2
Country_40,2019,1700.1
Country_40,2020,1598.9
Country_40,2021,1691.0
Country_40,2022,1643.7
Country_40,2023,1656.4
Country_41,1900,1538.5
Country_41,1901,1585.4
Country_41,1902,1515.1
Country_41,1903,1527.0
Country_41,1904,1512.2
Country_41,1905,1643.0
Country_41,1906,1650.1
Country_41,1907,1638.3
Country_41,1908,1602.4
Country_41,1909,1548.9
Country_41,1910,1480.0
Country_41,1911,1524.3
Country_41,1912,1597.6
Country_41,1913,1493.4
Country_41,1914,1606.7
Country_41,1915,1533.6
Country_41,1916,1577.5
Country_41,1917,1616.8
Country_41,1918,1542.9
Country_41,1919,1501.2
Country_41,1920,1663.6
Country_41,1921,1426.2
Country_41,1922,1627.8
Country_41,1923,1637.3
Country_41,1924,1596.5
Country_41,1925,1537.5
Country_41,1926,1549.9
Country_41,1927,1536.9
Country_41,1928,1595.6
Country_41,1929,1579.6
Country_41,1930,1594.9
Country_41,1931,1558.4
Country_41,1932,1541.5
Country_41,1933,1483.6
Country_41,1934,1525.1
Country_41,1935,1559.2
Country_41,1936,1533.8
Country_41,1937,1626.8
Country_41,1938,1521.5
Country_41,1939,1533.3
Country_41,1940,1637.7
Country_41,1941,1486.8
Country_41,1942,1543.6
Country_41,1943,1481.2
Country_41,1944,1619.6
Country_41,1945,1586.3
Country_41,1946,1471.4
Country_41,1947,1504.8
Country_41,1948,1525.5
Country_41,1949,1518.6
Country_41,1950,1488.5
Country_41,1951,1482.9
Country_41,1952,1687.9
Country_41,1953,1600.8
Country_41,1954,1621.8
Country_41,1955,1507.0
Country_41,1956,1534.0
Country_41,1957,1531.1
Country_41,1958,1548.4
Country_41,1959,1635.3
Country_41,1960,1545.8
Country_41,1961,1581.1
Country_41,1962,1623.7
Country_41,1963,1590.2
Country_41,1964,1589.2
Country_41,1965,1456.0
Country_41,1966,1554.8
Country_41,1967,1541.9
Country_41,1968,1619.9
Country_41,1969,1581.4
Country_41,1970,1631.4
Country_41,1971,1560.5
Country_41,1972,1573.7
Country_41,1973,1501.5
Country_41,1974,1652.8
Country_41,1975,1538.4
Country_41,1976,1603.8
Country_41,1977,1549.1
Country_41,1978,1571.3
Country_41,1979,1505.2
Country_41,1980,1470.2
Country_41,1981,1538.9
Country_41,1982,1561.0
Country_41,1983,1572.9
Country_41,1984,1540.8
Country_41,1985,1528.1
Country_41,1986,1630.7
Country_41,1987,1561.5
Country_41,1988,1527.7
Country_41,1989,1594.2
Country_41,1990,1565.0
Country_41,1991,1589.4
Country_41,1992,1584.8
Country_41,1993,1460.8
Country_41,1994,1559.0
Country_41,1995,1507.9
Country_41,1996,1571.2
Country_41,1997,1527.6
Country_41,1998,1585.5
Country_41,1999,1568.0
Country_41,2000,1581.9
Country_41,2001,1635.0
Country_41,2002,1578.2
Country_41,2003,1508.5
Country_41,2004,1535.3
Country_41,2005,1564.6
Country_41,2006,1590.9
Country_41,2007,1642.8
Country_41,2008,1468.9
Country_41,2009,1623.8
Country_41,2010,1585.3
Country_41,2011,1610.7
Country_41,2012,1592.8
Country_41,2013,1525.1
Country_41,2014,1529.9
Country_41,2015,1575.0
Country_41,2016,1634.3
Country_41,2017,1542.0
Country_41,2018,1573.7
Country_41,2019,1502.1
Country_41,2020,1536.0
Country_41,2021,1560.4
Country_41,2022,1549.4
Country_41,2023,1637.5
Country_42,1900,651.4
Country_42,1901,687.7
Country_42,1902,487.2
Country_42,1903,631.0
Country_42,1904,660.4
Country_42,1905,633.9
Country_42,1906,622.3
Country_42,1907,661.3
Country_42,1908,589.0
Country_42,1909,558.4
Country_42,1910,626.6
Country_42,1911,564.3
Country_42,1912,616.5
Country_42,1913,625.4
Country_42,1914,682.0
Country_42,1915,639.3
Country_42,1916,541.2
Country_42,1917,588.6
Country_42,1918,532.8
Country_42,1919,622.8
Country_42,1920,627.8
Country_42,1921,592.1
Country_42,1922,574.5
Country_42,1923,667.7
Country_42,1924,650.0
Country_42,1925,601.1
Country_42,1926,539.7
Country_42,1927,558.2
Country_42,1928,659.4
Country_42,1929,669.4
Country_42,1930,614.6
Country_42,1931,643.4
Country_42,1932,639.0
Country_42,1933,635.1
Country_42,1934,691.9
Country_42,1935,594.0
Country_42,1936,550.5
Country_42,1937,614.0
Country_42,1938,714.9
Country_42,1939,668.0
Country_42,1940,612.8
Country_42,1941,564.5
Country_42,1942,615.0
Country_42,1943,591.1
Country_42,1944,704.5
Country_42,1945,609.9
Country_42,1946,575.9
Country_42,1947,643.9
Country_42,1948,634.7
Country_42,1949,513.1
Country_42,1950,571.1
Country_42,1951,625.0
Country_42,1952,674.7
Country_42,1953,605.0
Country_42,1954,631.6
Country_42,1955,669.9
Country_42,1956,623.9
Country_42,1957,653.3
Country_42,1958,626.4
Country_42,1959,501.8
Country_42,1960,620.3
Country_42,1961,593.1
Country_42,1962,643.3
Country_42,1963,543.9
Country_42,1964,603.5
Country_42,1965,641.2
Country_42,1966,650.8
Country_42,1967,712.0
Country_42,1968,548.1
Country_42,1969,597.1
Country_42,1970,615.6
Country_42,1971,702.8
Country_42,1972,631.5
Country_42,1973,679.1
Country_42,1974,595.9
Country_42,1975,651.7
Country_42,1976,676.2
Country_42,1977,675.6
Country_42,1978,676.6
Country_42,1979,654.0
Country_42,1980,595.5
Country_42,1981,617.1
Country_42,1982,693.4
Country_42,1983,619.4
Country_42,1984,604.5
Country_42,1985,730.8
Country_42,1986,634.8
Country_42,1987,610.5
Country_42,1988,537.9
Country_42,1989,642.8
Country_42,1990,603.1
Country_42,1991,559.2
Country_42,1992,578.9
Country_42,1993,629.7
Country_42,1994,683.3
Country_42,1995,703.8
Country_42,1996,667.4
Country_42,1997,592.4
Country_42,1998,606.3
Country_42,1999,644.7
Country_42,2000,630.0
Country_42,2001,611.0
Country_42,2002,619.6
Country_42,2003,599.8
Country_42,2004,696.3
Country_42,2005,606.1
Country_42,2006,594.4
Country_42,2007,590.1
Country_42,2008,614.7
Country_42,2009,657.3
Country_42,2010,647.2
Country_42,2011,630.3
Country_42,2012,663.8
Country_42,2013,553.4
Country_42,2014,679.0
Country_42,2015,632.5
Country_42,2016,705.0
Country_42,2017,627.1
Country_42,2018,695.0
Country_42,2019,613.2
Country_42,2020,688.1
Country_42,2021,615.8
Country_42,2022,596.6
Country_42,2023,667.5
Country_43,1900,1528.4
Country_43,1901,1506.3
Country_43,1902,1444.0
Country_43,1903,1545.9
Country_43,1904,1460.0
Country_43,1905,1536.9
Country_43,1906,1464.3
Country_43,1907,1466.9
Country_43,1908,1507.0
Country_43,1909,1412.3
Country_43,1910,1480.6
Country_43,1911,1562.5
Country_43,1912,1453.7
Country_43,1913,1378.3
Country_43,1914,1453.2
Country_43,1915,1492.5
Country_43,1916,1514.1
Country_43,1917,1513.1
Country_43,1918,1426.1
Country_43,1919,1601.0
Country_43,1920,1469.5
Country_43,1921,1568.0
Country_43,1922,1447.3
Country_43,1923,1451.6
Country_43,1924,1558.0
Country_43,1925,1521.2
Country_43,1926,1436.7
Country_43,1927,1483.0
Country_43,1928,1505.7
Country_43,1929,1483.8
Country_43,1930,1418.1
Country_43,1931,1435.9
Country_43,1932,1470.5
Country_43,1933,1478.6
Country_43,1934,1446.1
Country_43,1935,1543.2
Country_43,1936,1386.7
Country_43,1937,1514.6
Country_43,1938,1353.0
Country_43,1939,1528.8
Country_43,1940,1479.1
Country_43,1941,1479.2
Country_43,1942,1447.1
Country_43,1943,1495.9
Country_43,1944,1538.0
Country_43,1945,1465.7
Country_43,1946,1559.2
Country_43,1947,1493.3
Country_43,1948,1472.5
Country_43,1949,1516.5
Country_43,1950,1472.1
Country_43,1951,1482.6
Country_43,1952,1470.7
Country_43,1953,1592.6
Country_43,1954,1498.6
Country_43,1955,1395.1
Country_43,1956,1470.3
Country_43,1957,1510.3
Country_43,1958,1412.6
Country_43,1959,1545.7
Country_43,1960,1484.9
Country_43,1961,1457.8
Country_43,1962,1429.8
Country_43,1963,1397.4
Country_43,1964,1503.2
Country_43,1965,1513.0
Country_43,1966,1488.0
Country_43,1967,1491.9
Country_43,1968,1499.7
Country_43,1969,1521.7
Country_43,1970,1406.9
Country_43,1971,1517.8
Country_43,1972,1550.6
Country_43,1973,1539.0
Country_43,1974,1471.0
Country_43,1975,1626.4
Country_43,1976,1447.3
Country_43,1977,1486.0
Country_43,1978,1482.6
Country_43,1979,1464.4
Country_43,1980,1487.2
Country_43,1981,1357.7
Country_43,1982,1431.3
Country_43,1983,1453.0
Country_43,1984,1454.8
Country_43,1985,1467.8
Country_43,1986,1500.1
Country_43,1987,1458.2
Country_43,1988,1562.6
Country_43,1989,1384.1
Country_43,1990,1518.9
Country_43,1991,1498.3
Country_43,1992,1477.9
Country_43,1993,1383.4
Country_43,1994,1368.2
Country_43,1995,1410.3
Country_43,1996,1530.8
Country_43,1997,1406.0
Country_43,1998,1445.9
Country_43,1999,1504.1
Country_43,2000,1398.8
Country_43,2001,1460.6
Country_43,2002,1457.9
Country_43,2003,1399.2
Country_43,2004,1536.1
Country_43,2005,1479.3
Country_43,2006,1438.6
Country_43,2007,1454.5
Country_43,2008,1486.1
Country_43,2009,1446.4
Country_43,2010,1380.8
Country_43,2011,1610.0
Country_43,2012,1480.8
Country_43,2013,1516.7
Country_43,2014,1483.7
Country_43,2015,1442.2
Country_43,2016,1379.0
Country_43,2017,1452.6
Country_43,2018,1535.9
Country_43,2019,1425.0
Country_43,2020,1487.1
Country_43,2021,1448.1
Country_43,2022,1482.1
Country_43,2023,1393.0
Country_44,1900,1190.8
Country_44,1901,1195.1
Country_44,1902,1184.1
Country_44,1903,1109.5
Country_44,1904,1186.3
Country_44,1905,1178.2
Country_44,1906,1236.9
Country_44,1907,1186.3
Country_44,1908,1178.0
Country_44,1909,1210.2
Country_44,1910,1285.0
Country_44,1911,1179.8
Country_44,1912,1227.0
Country_44,1913,1196.1
Country_44,1914,1154.8
Country_44,1915,1158.3
Country_44,1916,1212.7
Country_44,1917,1223.8
Country_44,1918,1179.6
Country_44,1919,1172.7
Country_44,1920,1160.7
Country_44,1921,1249.0
Country_44,1922,1191.6
Country_44,1923,1173.0
Country_44,1924,1223.3
Country_44,1925,1188.8
Country_44,1926,1184.2
Country_44,1927,1148.9
Country_44,1928,1133.9
Country_44,1929,1170.5
Country_44,1930,1135.5
Country_44,1931,1131.3
Country_44,1932,1254.0
Country_44,1933,1133.9
Country_44,1934,1226.9
Country_44,1935,1194.0
Country_44,1936,1127.9
Country_44,1937,1212.7
Country_44,1938,1092.6
Country_44,1939,1142.3
Country_44,1940,1105.8
Country_44,1941,1132.9
Country_44,1942,1152.7
Country_44,1943,1270.2
Country_44,1944,1137.2
Country_44,1945,1257.4
Country_44,1946,1209.4
Country_44,1947,1152.2
Country_44,1948,1185.5
Country_44,1949,1243.6
Country_44,1950,1250.3
Country_44,1951,1135.2
Country_44,1952,1236.3
Country_44,1953,1230.9
Country_44,1954,1236.5
Country_44,1955,1150.6
Country_44,1956,1258.7
Country_44,1957,1234.5
Country_44,1958,1237.5
Country_44,1959,1201.1
Country_44,1960,1252.7
Country_44,1961,1262.9
Country_44,1962,1189.8
Country_44,1963,1192.1
Country_44,1964,1212.0
Country_44,1965,1197.1
Country_44,1966,1140.1
Country_44,1967,1190.7
Country_44,1968,1147.7
Country_44,1969,1221.8
Country_44,1970,1140.5
Country_44,1971,1203.9
Country_44,1972,1201.8
Country_44,1973,1191.7
Country_44,1974,1209.3
Country_44,1975,1168.8
Country_44,1976,1241.6
Country_44,1977,1097.1
Country_44,1978,1159.7
Country_44,1979,1251.9
Country_44,1980,1131.4
Country_44,1981,1138.0
Country_44,1982,1131.3
Country_44,1983,1154.2
Country_44,1984,1205.2
Country_44,1985,1183.9
Country_44,1986,1174.0
Country_44,1987,1150.8
Country_44,1988,1108.6
Country_44,1989,1218.6
Country_44,1990,1133.0
Country_44,1991,1186.9
Country_44,1992,1139.7
Country_44,1993,1126.8
Country_44,1994,1165.8
Country_44,1995,1191.2
Country_44,1996,1196.5
Country_44,1997,1167.6
Country_44,1998,1144.2
Country_44,1999,1185.7
Country_44,2000,1198.6
Country_44,2001,1201.5
Country_44,2002,1166.7
Country_44,2003,1143.7
Country_44,2004,1104.1
Country_44,2005,1181.0
Country_44,2006,1259.9
Country_44,2007,1225.9
Country_44,2008,1229.6
Country_44,2009,1219.0
Country_44,2010,1118.2
Country_44,2011,1137.8
Country_44,2012,1189.2
Country_44,2013,1213.9
Country_44,2014,1254.4
Country_44,2015,1159.3
Country_44,2016,1212.7
Country_44,2017,1230.2
Country_44,2018,1213.4
Country_44,2019,1212.7
Country_44,2020,1072.2
Country_44,2021,1080.3
Country_44,2022,1182.8
Country_44,2023,1232.9
Country_45,1900,598.6
Country_45,1901,627.1
Country_45,1902,649.3
Country_45,1903,744.1
Country_45,1904,668.5
Country_45,1905,732.9
Country_45,1906,626.2
Country_45,1907,635.3
Country_45,1908,589.4
Country_45,1909,579.2
Country_45,1910,575.1
Country_45,1911,605.2
Country_45,1912,593.9
Country_45,1913,749.9
Country_45,1914,700.5
Country_45,1915,631.7
Country_45,1916,699.5
Country_45,1917,598.9
Country_45,1918,647.7
Country_45,1919,579.9
Country_45,1920,593.6
Country_45,1921,626.3
Country_45,1922,718.4
Country_45,1923,606.1
Country_45,1924,707.3
Country_45,1925,549.0
Country_45,1926,674.0
Country_45,1927,656.2
Country_45,1928,639.8
Country_45,1929,740.2
Country_45,1930,652.8
Country_45,1931,629.8
Country_45,1932,647.8
Country_45,1933,495.4
Country_45,1934,562.4
Country_45,1935,666.2
Country_45,1936,625.5
Country_45,1937,653.7
Country_45,1938,614.6
Country_45,1939,666.9
Country_45,1940,716.5
Country_45,1941,740.0
Country_45,1942,665.1
Country_45,1943,732.3
Country_45,1944,633.9
Country_45,1945,575.7
Country_45,1946,617.0
Country_45,1947,697.4
Country_45,1948,663.4
Country_45,1949,695.3
Country_45,1950,630.8
Country_45,1951,564.2
Country_45,1952,674.6
Country_45,1953,676.3
Country_45,1954,699.9
Country_45,1955,672.9
Country_45,1956,654.4
Country_45,1957,644.7
Country_45,1958,547.6
Country_45,1959,565.9
Country_45,1960,670.1
Country_45,1961,642.8
Country_45,1962,591.3
Country_45,1963,662.0
Country_45,1964,604.9
Country_45,1965,613.9
Country_45,1966,686.1
Country_45,1967,713.8
Country_45,1968,603.8
Country_45,1969,620.7
Country_45,1970,614.6
Country_45,1971,631.6
Country_45,1972,618.7
Country_45,1973,665.8
Country_45,1974,651.7
Country_45,1975,679.7
Country_45,1976,651.3
Country_45,1977,584.5
Country_45,1978,562.0
Country_45,1979,644.1
Country_45,1980,663.1
Country_45,1981,736.9
Country_45,1982,701.2
Country_45,1983,683.9
Country_45,1984,646.7
Country_45,1985,607.5
Country_45,1986,623.5
Country_45,1987,692.7
Country_45,1988,579.0
Country_45,1989,577.0
Country_45,1990,671.7
Country_45,1991,679.8
Country_45,1992,691.1
Country_45,1993,724.3
Country_45,1994,665.5
Country_45,1995,582.7
Country_45,1996,564.7
Country_45,1997,687.0
Country_45,1998,658.7
Country_45,1999,692.1
Country_45,2000,626.5
Country_45,2001,568.3
Country_45,2002,630.0
Country_45,2003,636.1
Country_45,2004,630.9
Country_45,2005,687.7
Country_45,2006,596.8
Country_45,2007,657.3
Country_45,2008,628.6
Country_45,2009,667.4
Country_45,2010,493.8
Country_45,2011,634.1
Country_45,2012,673.1
Country_45,2013,674.3
Country_45,2014,605.9
Country_45,2015,663.0
Country_45,2016,671.3
Country_45,2017,696.4
Country_45,2018,613.9
Country_45,2019,593.1
Country_45,2020,706.8
Country_45,2021,554.5
Country_45,2022,629.0
Country_45,2023,545.0
Country_46,1900,1920.3
Country_46,1901,1844.2
Country_46,1902,1990.3
Country_46,1903,1849.0
Country_46,1904,1871.7
Country_46,1905,1914.6
Country_46,1906,1935.3
Country_46,1907,1945.9
Country_46,1908,1877.5
Country_46,1909,1866.2
Country_46,1910,1917.7
Country_46,1911,1838.2
Country_46,1912,1890.6
Country_46,1913,1919.3
Country_46,1914,1983.1
Country_46,1915,1876.4
Country_46,1916,1883.3
Country_46,1917,1858.2
Country_46,1918,1984.5
Country_46,1919,1940.4
Country_46,1920,1898.7
Country_46,1921,1814.7
Country_46,1922,1883.5
Country_46,1923,1829.1
Country_46,1924,1931.4
Country_46,1925,1859.7
Country_46,1926,1918.2
Country_46,1927,1866.9
Country_46,1928,1910.2
Country_46,1929,1915.1
Country_46,1930,1919.3
Country_46,1931,1944.6
Country_46,1932,1857.5
Country_46,1933,2037.3
Country_46,1934,1859.6
Country_46,1935,1900.3
Country_46,1936,1923.0
Country_46,1937,1913.3
Country_46,1938,1925.3
Country_46,1939,1890.0
Country_46,1940,1898.8
Country_46,1941,1879.4
Country_46,1942,1910.1
Country_46,1943,1942.9
Country_46,1944,1844.5
Country_46,1945,1982.8
Country_46,1946,1940.9
Country_46,1947,1818.1
Country_46,1948,1912.0
Country_46,1949,1943.8
Country_46,1950,1981.8
Country_46,1951,1804.7
Country_46,1952,1915.5
Country_46,1953,1825.6
Country_46,1954,1917.5
Country_46,1955,1894.3
Country_46,1956,1849.8
Country_46,1957,1901.6
Country_46,1958,1861.3
Country_46,1959,1843.3
Country_46,1960,1851.1
Country_46,1961,2034.8
Country_46,1962,2003.8
Country_46,1963,1952.0
Country_46,1964,1907.5
Country_46,1965,1908.5
Country_46,1966,1902.6
Country_46,1967,2000.9
Country_46,1968,1867.5
Country_46,1969,1927.3
Country_46,1970,1814.6
Country_46,1971,1945.4
Country_46,1972,1967.9
Country_46,1973,1928.5
Country_46,1974,1868.4
Country_46,1975,1862.4
Country_46,1976,1917.6
Country_46,1977,1920.4
Country_46,1978,1887.0
Country_46,1979,1926.3
Country_46,1980,1828.2
Country_46,1981,1926.7
Country_46,1982,2010.2
Country_46,1983,1887.2
Country_46,1984,1897.8
Country_46,1985,1908.7
Country_46,1986,1904.9
Country_46,1987,1791.2
Country_46,1988,1901.8
Country_46,1989,1817.8
Country_46,1990,1896.4
Country_46,1991,1892.2
Country_46,1992,1881.8
Country_46,1993,1869.6
Country_46,1994,2017.6
Country_46,1995,1906.0
Country_46,1996,1924.9
Country_46,1997,1915.0
Country_46,1998,1935.8
Country_46,1999,1891.0
Country_46,2000,1958.5
Country_46,2001,1998.6
Country_46,2002,1802.4
Country_46,2003,1879.9
Country_46,2004,1926.4
Country_46,2005,1905.0
Country_46,2006,1882.5
Country_46,2007,1866.3
Country_46,2008,1934.2
Country_46,2009,1891.1
Country_46,2010,1901.4
Country_46,2011,1970.5
Country_46,2012,1847.8
Country_46,2013,1850.2
Country_46,2014,1838.9
Country_46,2015,1820.9
Country_46,2016,1842.3
Country_46,2017,1932.0
Country_46,2018,1819.2
Country_46,2019,1886.4
Country_46,2020,1806.1
Country_46,2021,1892.9
Country_46,2022,1813.0
Country_46,2023,1932.7
Country_47,1900,1076.8
Country_47,1901,1149.8
Country_47,1902,1057.1
Country_47,1903,1158.6
Country_47,1904,1070.5
Country_47,1905,1106.0
Country_47,1906,1140.5
Country_47,1907,1119.2
Country_47,1908,1101.8
Country_47,1909,1073.4
Country_47,1910,1038.4
Country_47,1911,1105.3
Country_47,1912,1107.6
Country_47,1913,1111.0
Country_47,1914,1098.0
Country_47,1915,1105.9
Country_47,1916,1171.9
Country_47,1917,1161.8
Country_47,1918,1076.7
Country_47,1919,1128.3
Country_47,1920,1175.8
Country_47,1921,1103.0
Country_47,1922,1190.3
Country_47,1923,1160.0
Country_47,1924,1167.0
Country_47,1925,1081.4
Country_47,1926,1149.8
Country_47,1927,1133.5
Country_47,1928,1064.2
Country_47,1929,1094.9
Country_47,1930,1017.8
Country_47,1931,1189.0
Country_47,1932,1106.9
Country_47,1933,1086.5
Country_47,1934,1163.5
Country_47,1935,1104.9
Country_47,1936,1116.2
Country_47,1937,1185.7
Country_47,1938,1043.8
Country_47,1939,1104.0
Country_47,1940,1196.1
Country_47,1941,1190.2
Country_47,1942,1076.6
Country_47,1943,1077.4
Country_47,1944,1037.5
Country_47,1945,1145.1
Country_47,1946,1195.8
Country_47,1947,1146.6
Country_47,1948,1049.7
Country_47,1949,1188.6
Country_47,1950,1131.7
Country_47,1951,1178.4
Country_47,1952,1152.4
Country_47,1953,1125.8
Country_47,1954,1149.3
Country_47,1955,1058.7
Country_47,1956,1105.7
Country_47,1957,1142.0
Country_47,1958,1107.8
Country_47,1959,1016.6
Country_47,1960,1144.1
Country_47,1961,1174.6
Country_47,1962,1079.3
Country_47,1963,1127.4
Country_47,1964,1184.2
Country_47,1965,1165.9
Country_47,1966,1128.2
Country_47,1967,1091.1
Country_47,1968,1121.9
Country_47,1969,1120.8
Country_47,1970,1069.3
Country_47,1971,1113.6
Country_47,1972,1068.7
Country_47,1973,1079.7
Country_47,1974,1086.3
Country_47,1975,1149.4
Country_47,1976,1098.6
Country_47,1977,1125.1
Country_47,1978,1103.7
Country_47,1979,1126.1
Country_47,1980,1065.3
Country_47,1981,1147.7
Country_47,1982,1014.6
Country_47,1983,1198.1
Country_47,1984,1243.7
Country_47,1985,1103.4
Country_47,1986,1142.8
Country_47,1987,1130.1
Country_47,1988,1029.8
Country_47,1989,1109.0
Country_47,1990,1116.7
Country_47,1991,1112.4
Country_47,1992,1065.1
Country_47,1993,1107.3
Country_47,1994,1078.8
Country_47,1995,1140.8
Country_47,1996,1103.1
Country_47,1997,1087.7
Country_47,1998,1066.8
Country_47,1999,1111.8
Country_47,2000,1113.5
Country_47,2001,1183.6
Country_47,2002,1147.3
Country_47,2003,1022.7
Country_47,2004,1058.7
Country_47,2005,1163.3
Country_47,2006,1081.7
Country_47,2007,1073.7
Country_47,2008,1184.2
Country_47,2009,1069.0
Country_47,2010,1059.8
Country_47,2011,1167.7
Country_47,2012,1116.7
Country_47,2013,1053.8
Country_47,2014,1173.2
Country_47,2015,1032.9
Country_47,2016,1125.0
Country_47,2017,1052.4
Country_47,2018,1131.4
Country_47,2019,1111.7
Country_47,2020,1175.6
Country_47,2021,1140.1
Country_47,2022,1096.6
Country_47,2023,1158.8
Country_48,1900,1057.8
Country_48,1901,1019.7
Country_48,1902,916.8
Country_48,1903,1040.1
Country_48,1904,956.9
Country_48,1905,971.4
Country_48,1906,1082.9
Country_48,1907,1010.6
Country_48,1908,1008.7
Country_48,1909,999.8
Country_48,1910,1016.8
Country_48,1911,888.1
Country_48,1912,981.8
Country_48,1913,1031.8
Country_48,1914,925.9
Country_48,1915,970.4
Country_48,1916,1037.3
Country_48,1917,977.8
Country_48,1918,978.3
Country_48,1919,993.6
Country_48,1920,1015.3
Country_48,1921,947.5
Country_48,1922,1021.9
Country_48,1923,930.1
Country_48,1924,1024.6
Country_48,1925,1052.9
Country_48,1926,996.4
Country_48,1927,966.5
Country_48,1928,910.0
Country_48,1929,975.9
Country_48,1930,955.0
Country_48,1931,1037.1
Country_48,1932,1012.1
Country_48,1933,1031.1
Country_48,1934,1017.7
Country_48,1935,1030.3
Country_48,1936,953.5
Country_48,1937,1014.6
Country_48,1938,1036.7
Country_48,1939,1008.5
Country_48,1940,997.4
Country_48,1941,955.4
Country_48,1942,1006.0
Country_48,1943,903.5
Country_48,1944,963.7
Country_48,1945,1064.4
Country_48,1946,969.2
Country_48,1947,1044.8
Country_48,1948,996.9
Country_48,1949,1061.5
Country_48,1950,947.7
Country_48,1951,1005.8
Country_48,1952,1091.6
Country_48,1953,897.1
Country_48,1954,1018.6
Country_48,1955,980.8
Country_48,1956,925.1
Country_48,1957,955.8
Country_48,1958,1090.8
Country_48,1959,1097.0
Country_48,1960,968.8
Country_48,1961,1068.8
Country_48,1962,1026.0
Country_48,1963,1018.4
Country_48,1964,958.9
Country_48,1965,996.1
Country_48,1966,1020.2
Country_48,1967,986.3
Country_48,1968,1006.2
Country_48,1969,997.6
Country_48,1970,982.9
Country_48,1971,1041.1
Country_48,1972,976.4
Country_48,1973,1050.7
Country_48,1974,1073.0
Country_48,1975,974.5
Country_48,1976,1035.8
Country_48,1977,1083.1
Country_48,1978,983.8
Country_48,1979,992.5
Country_48,1980,906.1
Country_48,1981,986.2
Country_48,1982,1011.0
Country_48,1983,903.0
Country_48,1984,1025.2
Country_48,1985,979.7
Country_48,1986,981.8
Country_48,1987,1041.4
Country_48,1988,1051.4
Country_48,1989,1115.0
Country_48,1990,1029.9
Country_48,1991,1040.5
Country_48,1992,923.9
Country_48,1993,1114.2
Country_48,1994,958.6
Country_48,1995,947.2
Country_48,1996,1003.9
Country_48,1997,956.1
Country_48,1998,1039.2
Country_48,1999,981.5
Country_48,2000,958.1
Country_48,2001,945.6
Country_48,2002,1067.9
Country_48,2003,1035.1
Country_48,2004,917.9
Country_48,2005,1001.2
Country_48,2006,1032.4
Country_48,2007,922.2
Country_48,2008,914.3
Country_48,2009,1056.3
Country_48,2010,1067.8
Country_48,2011,878.0
Country_48,2012,942.9
Country_48,2013,1043.8
Country_48,2014,1043.7
Country_48,2015,908.6
Country_48,2016,1058.3
Country_48,2017,1010.4
Country_48,2018,998.8
Country_48,2019,1031.1
Country_48,2020,997.2
Country_48,2021,980.1
Country_48,2022,1104.9
Country_48,2023,999.8
Country_49,1900,1203.7
Country_49,1901,1217.6
Country_49,1902,1158.5
Country_49,1903,1331.3
Country_49,1904,1334.9
Country_49,1905,1228.0
Country_49,1906,1313.1
Country_49,1907,1223.3
Country_49,1908,1265.7
Country_49,1909,1250.5
Country_49,1910,1139.4
Country_49,1911,1289.0
Country_49,1912,1347.8
Country_49,1913,1237.6
Country_49,1914,1297.3
Country_49,1915,1314.2
Country_49,1916,1212.3
Country_49,1917,1241.3
Country_49,1918,1275.6
Country_49,1919,1282.6
Country_49,1920,1222.5
Country_49,1921,1250.3
Country_49,1922,1229.1
Country_49,1923,1208.6
Country_49,1924,1376.3
Country_49,1925,1227.2
Country_49,1926,1242.2
Country_49,1927,1268.1
Country_49,1928,1193.4
Country_49,1929,1223.0
Country_49,1930,1182.0
Country_49,1931,1266.3
Country_49,1932,1245.3
Country_49,1933,1206.3
Country_49,1934,1243.4
Country_49,1935,1224.3
Country_49,1936,1255.4
Country_49,1937,1223.1
Country_49,1938,1258.1
Country_49,1939,1211.4
Country_49,1940,1320.3
Country_49,1941,1295.7
Country_49,1942,1249.0
Country_49,1943,1254.7
Country_49,1944,1215.2
Country_49,1945,1275.2
Country_49,1946,1134.0
Country_49,1947,1285.8
Country_49,1948,1235.1
Country_49,1949,1263.5
Country_49,1950,1238.6
Country_49,1951,1301.5
Country_49,1952,1286.0
Country_49,1953,1217.3
Country_49,1954,1217.4
Country_49,1955,1230.5
Country_49,1956,1200.2
Country_49,1957,1299.9
Country_49,1958,1178.7
Country_49,1959,1251.6
Country_49,1960,1281.7
Country_49,1961,1300.0
Country_49,1962,1226.9
Country_49,1963,1246.2
Country_49,1964,1268.7
Country_49,1965,1273.8
Country_49,1966,1205.7
Country_49,1967,1380.5
Country_49,1968,1228.9
Country_49,1969,1239.3
Country_49,1970,1291.0
Country_49,1971,1242.0
Country_49,1972,1200.1
Country_49,1973,1269.8
Country_49,1974,1249.1
Country_49,1975,1262.4
Country_49,1976,1318.5
Country_49,1977,1230.2
Country_49,1978,1236.3
Country_49,1979,1252.4
Country_49,1980,1160.7
Country_49,1981,1116.2
Country_49,1982,1275.5
Country_49,1983,1228.8
Country_49,1984,1309.9
Country_49,1985,1205.9
Country_49,1986,1315.9
Country_49,1987,1330.6
Country_49,1988,1238.9
Country_49,1989,1271.8
Country_49,1990,1212.1
Country_49,1991,1201.0
Country_49,1992,1292.8
Country_49,1993,1220.7
Country_49,1994,1155.5
Country_49,1995,1264.0
Country_49,1996,1370.9
Country_49,1997,1285.3
Country_49,1998,1227.9
Country_49,1999,1231.0
Country_49,2000,1267.8
Country_49,2001,1206.1
Country_49,2002,1226.9
Country_49,2003,1250.9
Country_49,2004,1347.1
Country_49,2005,1297.3
Country_49,2006,1256.1
Country_49,2007,1229.2
Country_49,2008,1236.9
Country_49,2009,1233.2
Country_49,2010,1170.7
Country_49,2011,1285.6
Country_49,2012,1291.1
Country_49,2013,1231.4
Country_49,2014,1313.8
Country_49,2015,1260.9
Country_49,2016,1311.7
Country_49,2017,1247.1
Country_49,2018,1292.1
Country_49,2019,1299.0
Country_49,2020,1260.1
Country_49,2021,1219.9
Country_49,2022,1216.9
Country_49,2023,1265.3
Country_50,1900,1342.2
Country_50,1901,1312.1
Country_50,1902,1283.6
Country_50,1903,1276.9
Country_50,1904,1284.3
Country_50,1905,1348.1
Country_50,1906,1365.3
Country_50,1907,1310.1
Country_50,1908,1316.9
Country_50,1909,1301.6
Country_50,1910,1350.9
Country_50,1911,1431.9
Country_50,1912,1321.7
Country_50,1913,1322.9
Country_50,1914,1303.1
Country_50,1915,1299.1
Country_50,1916,1373.5
Country_50,1917,1377.4
Country_50,1918,1314.7
Country_50,1919,1371.4
Country_50,1920,1338.5
Country_50,1921,1259.8
Country_50,1922,1332.7
Country_50,1923,1322.6
Country_50,1924,1337.0
Country_50,1925,1346.9
Country_50,1926,1288.7
Country_50,1927,1326.5
Country_50,1928,1308.5
Country_50,1929,1415.4
Country_50,1930,1286.9
Country_50,1931,1288.9
Country_50,1932,1357.0
Country_50,1933,1330.7
Country_50,1934,1344.2
Country_50,1935,1300.4
Country_50,1936,1272.3
Country_50,1937,1426.0
Country_50,1938,1229.5
Country_50,1939,1325.6
Country_50,1940,1420.5
Country_50,1941,1439.4
Country_50,1942,1269.9
Country_50,1943,1437.3
Country_50,1944,1245.0
Country_50,1945,1361.4
Country_50,1946,1364.8
Country_50,1947,1243.2
Country_50,1948,1398.5
Country_50,1949,1355.0
Country_50,1950,1434.7
Country_50,1951,1370.7
Country_50,1952,1369.7
Country_50,1953,1312.8
Country_50,1954,1257.0
Country_50,1955,1392.2
Country_50,1956,1372.4
Country_50,1957,1316.5
Country_50,1958,1343.2
Country_50,1959,1356.7
Country_50,1960,1385.6
Country_50,1961,1345.9
Country_50,1962,1283.7
Country_50,1963,1202.3
Country_50,1964,1175.1
Country_50,1965,1352.0
Country_50,1966,1296.5
Country_50,1967,1320.6
Country_50,1968,1401.4
Country_50,1969,1297.3
Country_50,1970,1430.1
Country_50,1971,1346.5
Country_50,1972,1326.8
Country_50,1973,1345.5
Country_50,1974,1260.4
Country_50,1975,1316.0
Country_50,1976,1366.7
Country_50,1977,1309.6
Country_50,1978,1386.2
Country_50,1979,1252.5
Country_50,1980,1358.9
Country_50,1981,1373.3
Country_50,1982,1403.5
Country_50,1983,1384.0
Country_50,1984,1346.4
Country_50,1985,1389.3
Country_50,1986,1295.4
Country_50,1987,1363.7
Country_50,1988,1365.8
Country_50,1989,1399.3
Country_50,1990,1335.8
Country_50,1991,1357.9
Country_50,1992,1332.2
Country_50,1993,1345.6
Country_50,1994,1308.2
Country_50,1995,1426.6
Country_50,1996,1302.0
Country_50,1997,1346.4
Country_50,1998,1374.0
Country_50,1999,1314.2
Country_50,2000,1301.1
Country_50,2001,1342.3
Country_50,2002,1411.1
Country_50,2003,1328.0
Country_50,2004,1251.3
Country_50,2005,1335.5
Country_50,2006,1355.1
Country_50,2007,1341.5
Country_50,2008,1411.3
Country_50,2009,1465.1
Country_50,2010,1407.3
Country_50,2011,1290.4
Country_50,2012,1312.8
Country_50,2013,1355.5
Country_50,2014,1420.5
Country_50,2015,1383.1
Country_50,2016,1308.7
Country_50,2017,1315.6
Country_50,2018,1286.2
Country_50,2019,1399.3
Country_50,2020,1267.6
Country_50,2021,1366.2
Country_50,2022,1261.2
Country_50,2023,1342.6
Country_51,1900,1801.6
Country_51,1901,1831.1
Country_51,1902,1772.0
Country_51,1903,1753.5
Country_51,1904,1801.3
Country_51,1905,1809.2
Country_51,1906,1838.7
Country_51,1907,1768.7
Country_51,1908,1789.4
Country_51,1909,1863.0
Country_51,1910,1744.4
Country_51,1911,1812.3
Country_51,1912,1821.9
Country_51,1913,1915.2
Country_51,1914,1870.1
Country_51,1915,1835.2
Country_51,1916,1876.7
Country_51,1917,1802.7
Country_51,1918,1735.7
Country_51,1919,1824.0
Country_51,1920,1797.7
Country_51,1921,1790.3
Country_51,1922,1843.3
Country_51,1923,1837.2
Country_51,1924,1774.5
Country_51,1925,1781.2
Country_51,1926,1796.8
Country_51,1927,1826.5
Country_51,1928,1868.2
Country_51,1929,1812.1
Country_51,1930,1873.3
Country_51,1931,1804.0
Country_51,1932,1755.5
Country_51,1933,1848.6
Country_51,1934,1733.3
Country_51,1935,1845.8
Country_51,1936,1795.2
Country_51,1937,1887.9
Country_51,1938,1803.0
Country_51,1939,1819.1
Country_51,1940,1906.1
Country_51,1941,1807.1
Country_51,1942,1792.5
Country_51,1943,1776.0
Country_51,1944,1794.9
Country_51,1945,1777.4
Country_51,1946,1769.8
Country_51,1947,1854.1
Country_51,1948,1760.2
Country_51,1949,1822.2
Country_51,1950,1854.9
Country_51,1951,1781.4
Country_51,1952,1882.7
Country_51,1953,1830.0
Country_51,1954,1919.3
Country_51,1955,1814.8
Country_51,1956,1912.7
Country_51,1957,1800.9
Country_51,1958,1769.7
Country_51,1959,1789.5
Country_51,1960,1792.8
Country_51,1961,1767.8
Country_51,1962,1829.8
Country_51,1963,1825.0
Country_51,1964,1805.7
Country_51,1965,1819.0
Country_51,1966,1770.2
Country_51,1967,1750.5
Country_51,1968,1790.6
Country_51,1969,1699.7
Country_51,1970,1883.5
Country_51,1971,1896.5
Country_51,1972,1839.1
Country_51,1973,1866.9
Country_51,1974,1842.9
Country_51,1975,1793.3
Country_51,1976,1761.9
Country_51,1977,1832.8
Country_51,1978,1871.0
Country_51,1979,1844.4
Country_51,1980,1871.1
Country_51,1981,1810.3
Country_51,1982,1764.7
Country_51,1983,1843.2
Country_51,1984,1781.9
Country_51,1985,1876.0
Country_51,1986,1833.3
Country_51,1987,1839.8
Country_51,1988,1923.1
Country_51,1989,1859.6
Country_51,1990,1836.9
Country_51,1991,1820.7
Country_51,1992,1835.9
Country_51,1993,1811.9
Country_51,1994,1820.4
Country_51,1995,1791.7
Country_51,1996,1749.8
Country_51,1997,1802.6
Country_51,1998,1727.7
Country_51,1999,1915.5
Country_51,2000,1901.4
Country_51,2001,1852.0
Country_51,2002,1817.8
Country_51,2003,1811.9
Country_51,2004,1752.5
Country_51,2005,1780.2
Country_51,2006,1859.7
Country_51,2007,1796.8
Country_51,2008,1955.3
Country_51,2009,1740.4
Country_51,2010,1760.2
Country_51,2011,1734.3
Country_51,2012,1851.9
Country_51,2013,1848.9
Country_51,2014,1774.8
Country_51,2015,1787.6
Country_51,2016,1895.7
Country_51,2017,1855.9
Country_51,2018,1804.4
Country_51,2019,1777.9
Country_51,2020,1886.0
Country_51,2021,1771.8
Country_51,2022,1873.4
Country_51,2023,1902.3
Country_52,1900,1055.8
Country_52,1901,1200.9
Country_52,1902,1166.2
Country_52,1903,1231.6
Country_52,1904,1165.2
Country_52,1905,1123.1
Country_52,1906,1128.6
Country_52,1907,1190.7
Country_52,1908,1227.5
Country_52,1909,1180.4
Country_52,1910,1148.6
Country_52,1911,1169.1
Country_52,1912,1197.0
Country_52,1913,1166.6
Country_52,1914,1246.8
Country_52,1915,1198.4
Country_52,1916,1101.6
Country_52,1917,1190.5
Country_52,1918,1106.7
Country_52,1919,1071.9
Country_52,1920,1109.9
Country_52,1921,1179.2
Country_52,1922,1098.4
Country_52,1923,1184.0
Country_52,1924,1230.2
Country_52,1925,1223.3
Country_52,1926,1154.3
Country_52,1927,1098.4
Country_52,1928,1113.6
Country_52,1929,1173.7
Country_52,1930,1148.8
Country_52,1931,1163.9
Country_52,1932,1151.7
Country_52,1933,1175.0
Country_52,1934,1073.6
Country_52,1935,1111.3
Country_52,1936,1140.1
Country_52,1937,1237.5
Country_52,1938,1118.8
Country_52,1939,1190.9
Country_52,1940,1145.5
Country_52,1941,1143.4
Country_52,1942,1157.0
Country_52,1943,1192.9
Country_52,1944,1186.0
Country_52,1945,1072.7
Country_52,1946,1230.2
Country_52,1947,1184.6
Country_52,1948,1137.7
Country_52,1949,1148.8
Country_52,1950,1138.7
Country_52,1951,1263.7
Country_52,1952,1125.5
Country_52,1953,1114.3
Country_52,1954,1094.3
Country_52,1955,1180.9
Country_52,1956,1109.7
Country_52,1957,1152.4
Country_52,1958,1160.0
Country_52,1959,1139.3
Country_52,1960,1156.3
Country_52,1961,1148.4
Country_52,1962,1190.5
Country_52,1963,1193.0
Country_52,1964,1285.1
Country_52,1965,1135.8
Country_52,1966,1181.5
Country_52,1967,1214.5
Country_52,1968,1182.4
Country_52,1969,1229.9
Country_52,1970,1130.5
Country_52,1971,1245.8
Country_52,1972,1244.4
Country_52,1973,1240.5
Country_52,1974,1158.2
Country_52,1975,1151.9
Country_52,1976,1166.9
Country_52,1977,1112.1
Country_52,1978,1153.6
Country_52,1979,1091.7
Country_52,1980,1190.4
Country_52,1981,1134.1
Country_52,1982,1228.2
Country_52,1983,1130.5
Country_52,1984,1119.2
Country_52,1985,1172.8
Country_52,1986,1163.3
Country_52,1987,1136.4
Country_52,1988,1200.4
Country_52,1989,1159.7
Country_52,1990,1112.6
Country_52,1991,1189.3
Country_52,1992,1080.5
Country_52,1993,1228.0
Country_52,1994,1060.9
Country_52,1995,1077.8
Country_52,1996,1131.5
Country_52,1997,1049.2
Country_52,1998,1185.5
Country_52,1999,1222.5
Country_52,2000,1163.4
Country_52,2001,1157.0
Country_52,2002,1217.7
Country_52,2003,1148.1
Country_52,2004,1169.9
Country_52,2005,1159.6
Country_52,2006,1175.2
Country_52,2007,1104.9
Country_52,2008,1277.0
Country_52,2009,1154.2
Country_52,2010,1096.4
Country_52,2011,1129.8
Country_52,2012,1151.8
Country_52,2013,1193.1
Country_52,2014,1128.1
Country_52,2015,1270.0
Country_52,2016,1199.7
Country_52,2017,1169.5
Country_52,2018,1221.4
Country_52,2019,1165.6
Country_52,2020,1126.7
Country_52,2021,1178.0
Country_52,2022,1195.4
Country_52,2023,1178.5
Country_53,1900,1278.6
Country_53,1901,1336.8
Country_53,1902,1202.2
Country_53,1903,1181.9
Country_53,1904,1289.9
Country_53,1905,1226.7
Country_53,1906,1234.2
Country_53,1907,1354.4
Country_53,1908,1222.6
Country_53,1909,1196.2
Country_53,1910,1311.9
Country_53,1911,1275.3
Country_53,1912,1227.5
Country_53,1913,1250.0
Country_53,1914,1290.2
Country_53,1915,1233.3
Country_53,1916,1319.1
Country_53,1917,1314.4
Country_53,1918,1208.7
Country_53,1919,1273.4
Country_53,1920,1191.1
Country_53,1921,1304.2
Country_53,1922,1212.7
Country_53,1923,1306.6
Country_53,1924,1256.9
Country_53,1925,1356.1
Country_53,1926,1259.7
Country_53,1927,1244.4
Country_53,1928,1261.9
Country_53,1929,1206.8
Country_53,1930,1255.3
Country_53,1931,1432.1
Country_53,1932,1183.2
Country_53,1933,1316.3
Country_53,1934,1187.0
Country_53,1935,1222.5
Country_53,1936,1233.1
Country_53,1937,1256.2
Country_53,1938,1285.4
Country_53,1939,1271.8
Country_53,1940,1276.3
Country_53,1941,1316.0
Country_53,1942,1213.7
Country_53,1943,1241.8
Country_53,1944,1241.2
Country_53,1945,1286.3
Country_53,1946,1189.0
Country_53,1947,1225.5
Country_53,1948,1295.4
Country_53,1949,1246.0
Country_53,1950,1211.2
Country_53,1951,1275.5
Country_53,1952,1189.3
Country_53,1953,1251.1
Country_53,1954,1206.3
Country_53,1955,1219.1
Country_53,1956,1302.7
Country_53,1957,1279.0
Country_53,1958,1249.1
Country_53,1959,1285.6
Country_53,1960,1314.8
Country_53,1961,1245.6
Country_53,1962,1217.5
Country_53,1963,1295.0
Country_53,1964,1264.5
Country_53,1965,1222.2
Country_53,1966,1258.6
Country_53,1967,1286.4
Country_53,1968,1210.9
Country_53,1969,1228.5
Country_53,1970,1316.7
Country_53,1971,1273.0
Country_53,1972,1244.8
Country_53,1973,1155.4
Country_53,1974,1209.4
Country_53,1975,1164.7
Country_53,1976,1227.8
Country_53,1977,1277.0
Country_53,1978,1331.0
Country_53,1979,1345.1
Country_53,1980,1276.3
Country_53,1981,1240.0
Country_53,1982,1312.8
Country_53,1983,1290.9
Country_53,1984,1302.1
Country_53,1985,1238.9
Country_53,1986,1232.9
Country_53,1987,1200.9
Country_53,1988,1354.8
Country_53,1989,1288.1
Country_53,1990,1238.2
Country_53,1991,1270.7
Country_53,1992,1116.1
Country_53,1993,1282.2
Country_53,1994,1347.6
Country_53,1995,1328.0
Country_53,1996,1226.8
Country_53,1997,1273.2
Country_53,1998,1299.9
Country_53,1999,1269.3
Country_53,2000,1323.6
Country_53,2001,1279.2
Country_53,2002,1245.0
Country_53,2003,1299.0
Country_53,2004,1258.7
Country_53,2005,1345.4
Country_53,2006,1319.0
Country_53,2007,1190.3
Country_53,2008,1256.1
Country_53,2009,1288.5
Country_53,2010,1228.4
Country_53,2011,1204.0
Country_53,2012,1351.5
Country_53,2013,1290.9
Country_53,2014,1341.3
Country_53,2015,1188.9
Country_53,2016,1190.1
Country_53,2017,1225.1
Country_53,2018,1316.4
Country_53,2019,1233.7
Country_53,2020,1282.7
Country_53,2021,1241.1
Country_53,2022,1231.9
Country_53,2023,1226.3
Country_54,1900,1748.2
Country_54,1901,1835.1
Country_54,1902,1881.4
Country_54,1903,1877.5
Country_54,1904,1902.4
Country_54,1905,1919.0
Country_54,1906,1842.1
Country_54,1907,1829.1
Country_54,1908,1892.3
Country_54,1909,1879.0
Country_54,1910,1813.0
Country_54,1911,1824.3
Country_54,1912,1785.7
Country_54,1913,1843.9
Country_54,1914,1865.9
Country_54,1915,1890.8
Country_54,1916,1829.0
Country_54,1917,1844.4
Country_54,1918,1931.4
Country_54,1919,1849.7
Country_54,1920,1787.2
Country_54,1921,1917.4
Country_54,1922,1782.6
Country_54,1923,1793.3
Country_54,1924,1831.3
Country_54,1925,1787.4
Country_54,1926,1840.5
Country_54,1927,1833.9
Country_54,1928,1796.9
Country_54,1929,1823.3
Country_54,1930,1795.7
Country_54,1931,1876.1
Country_54,1932,1843.5
Country_54,1933,1828.1
Country_54,1934,1814.5
Country_54,1935,1930.6
Country_54,1936,1834.6
Country_54,1937,1875.0
Country_54,1938,1861.4
Country_54,1939,1778.2
Country_54,1940,1848.8
Country_54,1941,1771.6
Country_54,1942,1826.2
Country_54,1943,1884.6
Country_54,1944,1895.9
Country_54,1945,1709.3
Country_54,1946,1837.0
Country_54,1947,1890.6
Country_54,1948,1926.2
Country_54,1949,1869.2
Country_54,1950,1903.8
Country_54,1951,1907.3
Country_54,1952,1841.2
Country_54,1953,1809.9
Country_54,1954,1746.0
Country_54,1955,1850.9
Country_54,1956,1896.4
Country_54,1957,1828.8
Country_54,1958,1885.0
Country_54,1959,1898.0
Country_54,1960,1917.6
Country_54,1961,1792.1
Country_54,1962,1881.7
Country_54,1963,1916.3
Country_54,1964,1786.5
Country_54,1965,1804.5
Country_54,1966,1820.8
Country_54,1967,1885.6
Country_54,1968,1807.1
Country_54,1969,1868.7
Country_54,1970,1998.6
Country_54,1971,1793.1
Country_54,1972,1802.6
Country_54,1973,1811.4
Country_54,1974,1995.8
Country_54,1975,1819.5
Country_54,1976,1932.0
Country_54,1977,1839.7
Country_54,1978,1854.1
Country_54,1979,1858.7
Country_54,1980,1888.2
Country_54,1981,1906.8
Country_54,1982,1772.0
Country_54,1983,1791.1
Country_54,1984,1919.4
Country_54,1985,1802.3
Country_54,1986,1870.6
Country_54,1987,1868.3
Country_54,1988,1801.0
Country_54,1989,1830.6
Country_54,1990,1867.0
Country_54,1991,1876.7
Country_54,1992,1782.5
Country_54,1993,1870.5
Country_54,1994,1842.2
Country_54,1995,1909.4
Country_54,1996,1871.3
Country_54,1997,1923.3
Country_54,1998,1882.5
Country_54,1999,1883.6
Country_54,2000,1915.0
Country_54,2001,1880.4
Country_54,2002,1943.6
Country_54,2003,1780.2
Country_54,2004,1775.5
Country_54,2005,1799.9
Country_54,2006,1839.5
Country_54,2007,1863.6
Country_54,2008,1780.2
Country_54,2009,1849.8
Country_54,2010,1830.2
Country_54,2011,1860.7
Country_54,2012,1859.4
Country_54,2013,1803.9
Country_54,2014,1827.4
Country_54,2015,1869.8
Country_54,2016,1815.8
Country_54,2017,1927.8
Country_54,2018,2005.5
Country_54,2019,1788.5
Country_54,2020,1741.9
Country_54,2021,1785.4
Country_54,2022,1829.1
Country_54,2023,1875.1
Country_55,1900,752.9
Country_55,1901,708.7
Country_55,1902,723.1
Country_55,1903,724.2
Country_55,1904,826.7
Country_55,1905,698.4
Country_55,1906,746.1
Country_55,1907,703.1
Country_55,1908,645.2
Country_55,1909,722.4
Country_55,1910,769.1
Country_55,1911,792.5
Country_55,1912,735.2
Country_55,1913,813.9
Country_55,1914,721.2
Country_55,1915,753.9
Country_55,1916,787.8
Country_55,1917,788.8
Country_55,1918,715.9
Country_55,1919,664.3
Country_55,1920,793.6
Country_55,1921,753.7
Country_55,1922,724.1
Country_55,1923,745.5
Country_55,1924,734.8
Country_55,1925,759.8
Country_55,1926,732.0
Country_55,1927,751.0
Country_55,1928,745.2
Country_55,1929,833.8
Country_55,1930,779.2
Country_55,1931,719.7
Country_55,1932,709.4
Country_55,1933,693.8
Country_55,1934,706.6
Country_55,1935,767.2
Country_55,1936,773.0
Country_55,1937,852.2
Country_55,1938,745.7
Country_55,1939,758.2
Country_55,1940,731.8
Country_55,1941,755.9
Country_55,1942,727.2
Country_55,1943,778.5
Country_55,1944,732.8
Country_55,1945,775.5
Country_55,1946,731.3
Country_55,1947,741.1
Country_55,1948,668.7
Country_55,1949,693.8
Country_55,1950,759.3
Country_55,1951,749.6
Country_55,1952,624.8
Country_55,1953,751.7
Country_55,1954,660.6
Country_55,1955,750.1
Country_55,1956,577.5
Country_55,1957,696.3
Country_55,1958,663.1
Country_55,1959,721.4
Country_55,1960,710.2
Country_55,1961,695.0
Country_55,1962,765.1
Country_55,1963,834.0
Country_55,1964,792.4
Country_55,1965,709.5
Country_55,1966,725.2
Country_55,1967,804.7
Country_55,1968,770.2
Country_55,1969,823.6
Country_55,1970,704.2
Country_55,1971,691.4
Country_55,1972,680.6
Country_55,1973,707.3
Country_55,1974,642.8
Country_55,1975,694.5
Country_55,1976,771.4
Country_55,1977,742.1
Country_55,1978,721.6
Country_55,1979,745.0
Country_55,1980,729.1
Country_55,1981,775.7
Country_55,1982,733.6
Country_55,1983,706.4
Country_55,1984,660.7
Country_55,1985,749.4
Country_55,1986,760.9
Country_55,1987,748.2
Country_55,1988,687.1
Country_55,1989,656.8
Country_55,1990,728.9
Country_55,1991,714.1
Country_55,1992,642.0
Country_55,1993,668.0
Country_55,1994,644.8
Country_55,1995,764.7
Country_55,1996,676.0
Country_55,1997,689.2
Country_55,1998,668.9
Country_55,1999,771.4
Country_55,2000,746.2
Country_55,2001,696.0
Country_55,2002,662.0
Country_55,2003,632.2
Country_55,2004,656.3
Country_55,2005,677.6
Country_55,2006,741.4
Country_55,2007,774.4
Country_55,2008,752.3
Country_55,2009,683.4
Country_55,2010,607.7
Country_55,2011,674.1
Country_55,2012,719.9
Country_55,2013,720.9
Country_55,2014,764.6
Country_55,2015,723.0
Country_55,2016,718.4
Country_55,2017,690.3
Country_55,2018,690.3
Country_55,2019,680.1
Country_55,2020,704.9
Country_55,2021,721.4
Country_55,2022,733.4
Country_55,2023,703.8
Country_56,1900,1198.1
Country_56,1901,1172.5
Country_56,1902,1326.2
Country_56,1903,1272.0
Country_56,1904,1218.2
Country_56,1905,1298.8
Country_56,1906,1252.6
Country_56,1907,1236.6
Country_56,1908,1283.1
Country_56,1909,1268.8
Country_56,1910,1285.9
Country_56,1911,1215.3
Country_56,1912,1202.6
Country_56,1913,1142.1
Country_56,1914,1282.7
Country_56,1915,1245.1
Country_56,1916,1246.6
Country_56,1917,1237.7
Country_56,1918,1273.0
Country_56,1919,1196.9
Country_56,1920,1336.8
Country_56,1921,1163.0
Country_56,1922,1241.2
Country_56,1923,1202.6
Country_56,1924,1193.3
Country_56,1925,1244.5
Country_56,1926,1175.0
Country_56,1927,1293.8
Country_56,1928,1236.2
Country_56,1929,1216.0
Country_56,1930,1279.4
Country_56,1931,1308.7
Country_56,1932,1161.1
Country_56,1933,1183.0
Country_56,1934,1263.9
Country_56,1935,1216.2
Country_56,1936,1211.6
Country_56,1937,1252.6
Country_56,1938,1216.8
Country_56,1939,1282.9
Country_56,1940,1251.3
Country_56,1941,1219.6
Country_56,1942,1187.6
Country_56,1943,1174.6
Country_56,1944,1221.1
Country_56,1945,1292.5
Country_56,1946,1249.1
Country_56,1947,1260.5
Country_56,1948,1259.2
Country_56,1949,1278.2
Country_56,1950,1243.2
Country_56,1951,1224.3
Country_56,1952,1208.5
Country_56,1953,1295.9
Country_56,1954,1231.6
Country_56,1955,1195.6
Country_56,1956,1258.7
Country_56,1957,1260.9
Country_56,1958,1254.2
Country_56,1959,1159.5
Country_56,1960,1270.4
Country_56,1961,1229.0
Country_56,1962,1305.6
Country_56,1963,1212.3
Country_56,1964,1209.7
Country_56,1965,1189.5
Country_56,1966,1328.6
Country_56,1967,1214.7
Country_56,1968,1217.4
Country_56,1969,1269.8
Country_56,1970,1184.1
Country_56,1971,1231.8
Country_56,1972,1268.0
Country_56,1973,1179.9
Country_56,1974,1245.5
Country_56,1975,1330.4
Country_56,1976,1211.2
Country_56,1977,1304.8
Country_56,1978,1188.1
Country_56,1979,1170.4
Country_56,1980,1255.7
Country_56,1981,1235.2
Country_56,1982,1169.2
Country_56,1983,1162.9
Country_56,1984,1174.4
Country_56,1985,1292.3
Country_56,1986,1233.3
Country_56,1987,1244.6
Country_56,1988,1231.8
Country_56,1989,1157.9
Country_56,1990,1231.2
Country_56,1991,1247.8
Country_56,1992,1291.8
Country_56,1993,1235.3
Country_56,1994,1287.2
Country_56,1995,1295.2
Country_56,1996,1214.6
Country_56,1997,1378.4
Country_56,1998,1237.5
Country_56,1999,1296.4
Country_56,2000,1233.7
Country_56,2001,1302.0
Country_56,2002,1257.2
Country_56,2003,1367.9
Country_56,2004,1296.1
Country_56,2005,1287.7
Country_56,2006,1219.9
Country_56,2007,1209.4
Country_56,2008,1202.0
Country_56,2009,1223.4
Country_56,2010,1262.5
Country_56,2011,1216.2
Country_56,2012,1155.7
Country_56,2013,1251.6
Country_56,2014,1190.0
Country_56,2015,1204.0
Country_56,2016,1182.2
Country_56,2017,1292.6
Country_56,2018,1274.7
Country_56,2019,1259.4
Country_56,2020,1270.1
Country_56,2021,1270.6
Country_56,2022,1262.5
Country_56,2023,1281.7
Country_57,1900,1305.2
Country_57,1901,1384.6
Country_57,1902,1278.7
Country_57,1903,1327.9
Country_57,1904,1258.1
Country_57,1905,1337.7
Country_57,1906,1333.1
Country_57,1907,1315.2
Country_57,1908,1286.5
Country_57,1909,1267.7
Country_57,1910,1224.6
Country_57,1911,1355.6
Country_57,1912,1294.4
Country_57,1913,1328.8
Country_57,1914,1296.9
Country_57,1915,1332.3
Country_57,1916,1408.1
Country_57,1917,1360.4
Country_57,1918,1249.6
Country_57,1919,1347.3
Country_57,1920,1380.3
Country_57,1921,1271.3
Country_57,1922,1429.1
Country_57,1923,1323.6
Country_57,1924,1327.2
Country_57,1925,1375.5
Country_57,1926,1357.5
Country_57,1927,1335.1
Country_57,1928,1240.9
Country_57,1929,1305.9
Country_57,1930,1198.3
Country_57,1931,1260.8
Country_57,1932,1269.2
Country_57,1933,1333.7
Country_57,1934,1265.3
Country_57,1935,1326.5
Country_57,1936,1310.7
Country_57,1937,1325.6
Country_57,1938,1309.0
Country_57,1939,1337.3
Country_57,1940,1265.2
Country_57,1941,1422.6
Country_57,1942,1340.6
Country_57,1943,1391.3
Country_57,1944,1354.9
Country_57,1945,1377.3
Country_57,1946,1397.5
Country_57,1947,1245.9
Country_57,1948,1324.3
Country_57,1949,1360.6
Country_57,1950,1305.2
Country_57,1951,1314.2
Country_57,1952,1350.8
Country_57,1953,1374.9
Country_57,1954,1325.9
Country_57,1955,1233.2
Country_57,1956,1294.2
Country_57,1957,1342.1
Country_57,1958,1356.6
Country_57,1959,1286.2
Country_57,1960,1278.9
Country_57,1961,1362.2
Country_57,1962,1301.7
Country_57,1963,1365.8
Country_57,1964,1356.9
Country_57,1965,1300.7
Country_57,1966,1338.0
Country_57,1967,1379.3
Country_57,1968,1308.3
Country_57,1969,1359.0
Country_57,1970,1350.4
Country_57,1971,1408.0
Country_57,1972,1211.5
Country_57,1973,1270.2
Country_57,1974,1351.8
Country_57,1975,1296.4
Country_57,1976,1298.9
Country_57,1977,1337.3
Country_57,1978,1349.1
Country_57,1979,1256.7
Country_57,1980,1434.5
Country_57,1981,1314.9
Country_57,1982,1334.0
Country_57,1983,1318.5
Country_57,1984,1292.6
Country_57,1985,1303.7
Country_57,1986,1247.4
Country_57,1987,1368.8
Country_57,1988,1244.8
Country_57,1989,1401.6
Country_57,1990,1376.2
Country_57,1991,1382.5
Country_57,1992,1365.1
Country_57,1993,1363.5
Country_57,1994,1337.1
Country_57,1995,1283.6
Country_57,1996,1298.4
Country_57,1997,1374.8
Country_57,1998,1338.8
Country_57,1999,1318.1
Country_57,2000,1373.1
Country_57,2001,1248.2
Country_57,2002,1355.4
Country_57,2003,1296.1
Country_57,2004,1338.2
Country_57,2005,1385.1
Country_57,2006,1357.4
Country_57,2007,1381.1
Country_57,2008,1306.3
Country_57,2009,1284.8
Country_57,2010,1235.7
Country_57,2011,1306.6
Country_57,2012,1269.8
Country_57,2013,1317.4
Country_57,2014,1337.8
Country_57,2015,1271.4
Country_57,2016,1382.9
Country_57,2017,1282.0
Country_57,2018,1291.6
Country_57,2019,1292.1
Country_57,2020,1269.8
Country_57,2021,1377.5
Country_57,2022,1354.6
Country_57,2023,1228.1
Country_58,1900,1733.8
Country_58,1901,1787.3
Country_58,1902,1801.1
Country_58,1903,1687.2
Country_58,1904,1763.8
Country_58,1905,1819.9
Country_58,1906,1669.0
Country_58,1907,1749.5
Country_58,1908,1748.0
Country_58,1909,1749.8
Country_58,1910,1743.9
Country_58,1911,1726.3
Country_58,1912,1768.5
Country_58,1913,1698.7
Country_58,1914,1807.8
Country_58,1915,1746.3
Country_58,1916,1731.7
Country_58,1917,1737.5
Country_58,1918,1712.2
Country_58,1919,1804.5
Country_58,1920,1774.9
Country_58,1921,1715.0
Country_58,1922,1800.7
Country_58,1923,1758.9
Country_58,1924,1730.5
Country_58,1925,1757.9
Country_58,1926,1707.0
Country_58,1927,1736.6
Country_58,1928,1755.3
Country_58,1929,1763.8
Country_58,1930,1749.6
Country_58,1931,1804.9
Country_58,1932,1748.9
Country_58,1933,1757.1
Country_58,1934,1818.8
Country_58,1935,1733.9
Country_58,1936,1690.0
Country_58,1937,1822.6
Country_58,1938,1760.9
Country_58,1939,1726.3
Country_58,1940,1693.4
Country_58,1941,1636.2
Country_58,1942,1704.4
Country_58,1943,1706.4
Country_58,1944,1757.2
Country_58,1945,1714.6
Country_58,1946,1741.6
Country_58,1947,1719.6
Country_58,1948,1803.8
Country_58,1949,1657.3
Country_58,1950,1805.1
Country_58,1951,1819.6
Country_58,1952,1753.9
Country_58,1953,1760.4
Country_58,1954,1691.6
Country_58,1955,1751.6
Country_58,1956,1750.5
Country_58,1957,1809.6
Country_58,1958,1879.2
Country_58,1959,1752.6
Country_58,1960,1839.5
Country_58,1961,1670.0
Country_58,1962,1653.8
Country_58,1963,1723.5
Country_58,1964,1737.3
Country_58,1965,1698.6
Country_58,1966,1764.9
Country_58,1967,1734.3
Country_58,1968,1764.9
Country_58,1969,1787.1
Country_58,1970,1764.1
Country_58,1971,1758.4
Country_58,1972,1785.7
Country_58,1973,1774.1
Country_58,1974,1743.4
Country_58,1975,1746.4
Country_58,1976,1692.3
Country_58,1977,1755.8
Country_58,1978,1738.8
Country_58,1979,1789.7
Country_58,1980,1717.2
Country_58,1981,1764.7
Country_58,1982,1745.1
Country_58,1983,1806.7
Country_58,1984,1766.0
Country_58,1985,1716.9
Country_58,1986,1727.0
Country_58,1987,1759.7
Country_58,1988,1757.1
Country_58,1989,1707.1
Country_58,1990,1821.6
Country_58,1991,1707.4
Country_58,1992,1683.0
Country_58,1993,1653.4
Country_58,1994,1752.2
Country_58,1995,1693.9
Country_58,1996,1687.0
Country_58,1997,1740.0
Country_58,1998,1727.1
Country_58,1999,1770.4
Country_58,2000,1750.4
Country_58,2001,1727.1
Country_58,2002,1755.7
Country_58,2003,1713.8
Country_58,2004,1838.2
Country_58,2005,1774.5
Country_58,2006,1802.8
Country_58,2007,1724.7
Country_58,2008,1861.5
Country_58,2009,1766.0
Country_58,2010,1764.3
Country_58,2011,1664.8
Country_58,2012,1744.5
Country_58,2013,1755.5
Country_58,2014,1697.5
Country_58,2015,1741.9
Country_58,2016,1716.3
Country_58,2017,1780.1
Country_58,2018,1762.2
Country_58,2019,1802.6
Country_58,2020,1810.0
Country_58,2021,1800.7
Country_58,2022,1755.6
Country_58,2023,1711.8
Country_59,1900,737.2
Country_59,1901,803.4
Country_59,1902,773.7
Country_59,1903,770.4
Country_59,1904,722.0
Country_59,1905,710.9
Country_59,1906,766.1
Country_59,1907,789.5
Country_59,1908,781.8
Country_59,1909,722.2
Country_59,1910,777.3
Country_59,1911,704.1
Country_59,1912,865.5
Country_59,1913,749.6
Country_59,1914,797.9
Country_59,1915,758.6
Country_59,1916,712.8
Country_59,1917,752.5
Country_59,1918,744.4
Country_59,1919,726.3
Country_59,1920,751.4
Country_59,1921,843.8
Country_59,1922,779.8
Country_59,1923,788.4
Country_59,1924,784.4
Country_59,1925,730.2
Country_59,1926,801.2
Country_59,1927,819.5
Country_59,1928,880.9
Country_59,1929,739.2
Country_59,1930,621.3
Country_59,1931,793.8
Country_59,1932,757.5
Country_59,1933,824.4
Country_59,1934,800.5
Country_59,1935,778.4
Country_59,1936,801.0
Country_59,1937,772.1
Country_59,1938,715.4
Country_59,1939,725.4
Country_59,1940,778.4
Country_59,1941,827.4
Country_59,1942,770.9
Country_59,1943,809.0
Country_59,1944,743.8
Country_59,1945,772.3
Country_59,1946,749.8
Country_59,1947,711.8
Country_59,1948,821.6
Country_59,1949,849.6
Country_59,1950,774.2
Country_59,1951,697.8
Country_59,1952,780.7
Country_59,1953,718.7
Country_59,1954,772.1
Country_59,1955,750.0
Country_59,1956,752.4
Country_59,1957,722.8
Country_59,1958,685.4
Country_59,1959,790.4
Country_59,1960,838.1
Country_59,1961,706.2
Country_59,1962,876.8
Country_59,1963,775.5
Country_59,1964,802.5
Country_59,1965,688.6
Country_59,1966,791.3
Country_59,1967,761.5
Country_59,1968,729.7
Country_59,1969,764.1
Country_59,1970,810.5
Country_59,1971,801.6
Country_59,1972,790.1
Country_59,1973,698.8
Country_59,1974,872.1
Country_59,1975,768.1
Country_59,1976,827.5
Country_59,1977,711.2
Country_59,1978,775.6
Country_59,1979,716.0
Country_59,1980,653.1
Country_59,1981,730.6
Country_59,1982,851.1
Country_59,1983,760.1
Country_59,1984,735.4
Country_59,1985,811.5
Country_59,1986,707.9
Country_59,1987,793.1
Country_59,1988,699.1
Country_59,1989,709.3
Country_59,1990,712.6
Country_59,1991,759.0
Country_59,1992,830.3
Country_59,1993,780.9
Country_59,1994,843.5
Country_59,1995,831.4
Country_59,1996,789.8
Country_59,1997,744.0
Country_59,1998,772.5
Country_59,1999,753.6
Country_59,2000,761.3
Country_59,2001,774.7
Country_59,2002,808.6
Country_59,2003,741.5
Country_59,2004,823.8
Country_59,2005,816.5
Country_59,2006,747.6
Country_59,2007,720.3
Country_59,2008,712.5
Country_59,2009,783.7
Country_59,2010,822.4
Country_59,2011,694.6
Country_59,2012,817.1
Country_59,2013,727.1
Country_59,2014,808.7
Country_59,2015,735.1
Country_59,2016,763.6
Country_59,2017,901.5
Country_59,2018,811.3
Country_59,2019,773.2
Country_59,2020,717.6
Country_59,2021,756.2
Country_59,2022,746.0
Country_59,2023,742.5
Country_60,1900,1206.6
Country_60,1901,1291.3
Country_60,1902,1240.1
Country_60,1903,1287.4
Country_60,1904,1263.1
Country_60,1905,1264.0
Country_60,1906,1273.9
Country_60,1907,1277.1
Country_60,1908,1239.4
Country_60,1909,1236.9
Country_60,1910,1201.6
Country_60,1911,1175.8
Country_60,1912,1191.5
Country_60,1913,1141.6
Country_60,1914,1240.1
Country_60,1915,1286.2
Country_60,1916,1241.8
Country_60,1917,1200.2
Country_60,1918,1259.2
Country_60,1919,1176.2
Country_60,1920,1311.7
Country_60,1921,1235.5
Country_60,1922,1240.3
Country_60,1923,1212.1
Country_60,1924,1323.4
Country_60,1925,1198.7
Country_60,1926,1204.9
Country_60,1927,1203.4
Country_60,1928,1290.6
Country_60,1929,1276.3
Country_60,1930,1311.1
Country_60,1931,1254.3
Country_60,1932,1198.9
Country_60,1933,1217.0
Country_60,1934,1231.2
Country_60,1935,1238.0
Country_60,1936,1221.1
Country_60,1937,1190.5
Country_60,1938,1223.8
Country_60,1939,1242.4
Country_60,1940,1157.9
Country_60,1941,1233.3
Country_60,1942,1176.1
Country_60,1943,1217.4
Country_60,1944,1161.9
Country_60,1945,1239.7
Country_60,1946,1170.6
Country_60,1947,1228.5
Country_60,1948,1166.4
Country_60,1949,1210.8
Country_60,1950,1274.8
Country_60,1951,1170.8
Country_60,1952,1240.4
Country_60,1953,1206.1
Country_60,1954,1212.3
Country_60,1955,1336.3
Country_60,1956,1232.9
Country_60,1957,1271.8
Country_60,1958,1218.0
Country_60,1959,1163.6
Country_60,1960,1257.3
Country_60,1961,1199.5
Country_60,1962,1302.5
Country_60,1963,1164.9
Country_60,1964,1265.1
Country_60,1965,1179.9
Country_60,1966,1239.5
Country_60,1967,1255.0
Country_60,1968,1246.2
Country_60,1969,1172.0
Country_60,1970,1212.1
Country_60,1971,1186.2
Country_60,1972,1154.4
Country_60,1973,1164.8
Country_60,1974,1154.9
Country_60,1975,1242.9
Country_60,1976,1184.6
Country_60,1977,1180.9
Country_60,1978,1144.2
Country_60,1979,1201.9
Country_60,1980,1241.4
Country_60,1981,1269.6
Country_60,1982,1210.2
Country_60,1983,1165.4
Country_60,1984,1160.8
Country_60,1985,1266.3
Country_60,1986,1155.7
Country_60,1987,1252.4
Country_60,1988,1244.8
Country_60,1989,1217.0
Country_60,1990,1151.2
Country_60,1991,1268.1
Country_60,1992,1225.7
Country_60,1993,1199.9
Country_60,1994,1146.5
Country_60,1995,1191.4
Country_60,1996,1183.1
Country_60,1997,1183.4
Country_60,1998,1220.0
Country_60,1999,1248.7
Country_60,2000,1332.8
Country_60,2001,1223.4
Country_60,2002,1160.7
Country_60,2003,1225.5
Country_60,2004,1267.3
Country_60,2005,1182.1
Country_60,2006,1144.4
Country_60,2007,1207.5
Country_60,2008,1203.5
Country_60,2009,1173.4
Country_60,2010,1182.3
Country_60,2011,1251.3
Country_60,2012,1235.5
Country_60,2013,1243.3
Country_60,2014,1163.4
Country_60,2015,1193.2
Country_60,2016,1280.1
Country_60,2017,1224.4
Country_60,2018,1213.8
Country_60,2019,1194.1
Country_60,2020,1159.8
Country_60,2021,1224.4
Country_60,2022,1246.6
Country_60,2023,1343.8
Country_61,1900,1769.7
Country_61,1901,1730.9
Country_61,1902,1661.8
Country_61,1903,1725.5
Country_61,1904,1771.8
Country_61,1905,1739.8
Country_61,1906,1807.1
Country_61,1907,1632.8
Country_61,1908,1651.2
Country_61,1909,1739.8
Country_61,1910,1787.9
Country_61,1911,1804.8
Country_61,1912,1739.8
Country_61,1913,1717.9
Country_61,1914,1825.9
Country_61,1915,1736.7
Country_61,1916,1724.8
Country_61,1917,1730.4
Country_61,1918,1788.5
Country_61,1919,1729.7
Country_61,1920,1813.8
Country_61,1921,1698.9
Country_61,1922,1725.8
Country_61,1923,1700.0
Country_61,1924,1769.5
Country_61,1925,1782.4
Country_61,1926,1743.5
Country_61,1927,1674.6
Country_61,1928,1712.3
Country_61,1929,1819.8
Country_61,1930,1691.9
Country_61,1931,1709.7
Country_61,1932,1734.1
Country_61,1933,1712.5
Country_61,1934,1674.0
Country_61,1935,1765.7
Country_61,1936,1665.3
Country_61,1937,1645.4
Country_61,1938,1669.7
Country_61,1939,1625.2
Country_61,1940,1782.3
Country_61,1941,1799.5
Country_61,1942,1755.1
Country_61,1943,1703.3
Country_61,1944,1656.8
Country_61,1945,1707.9
Country_61,1946,1779.3
Country_61,1947,1705.6
Country_61,1948,1743.9
Country_61,1949,1689.6
Country_61,1950,1749.2
Country_61,1951,1775.3
Country_61,1952,1706.5
Country_61,1953,1778.4
Country_61,1954,1677.6
Country_61,1955,1708.7
Country_61,1956,1713.2
Country_61,1957,1768.2
Country_61,1958,1772.2
Country_61,1959,1657.9
Country_61,1960,1861.6
Country_61,1961,1695.3
Country_61,1962,1726.5
Country_61,1963,1711.8
Country_61,1964,1792.2
Country_61,1965,1700.6
Country_61,1966,1713.0
Country_61,1967,1791.7
Country_61,1968,1768.4
Country_61,1969,1764.7
Country_61,1970,1720.2
Country_61,1971,1672.0
Country_61,1972,1809.8
Country_61,1973,1690.3
Country_61,1974,1752.6
Country_61,1975,1704.2
Country_61,1976,1766.1
Country_61,1977,1760.8
Country_61,1978,1685.1
Country_61,1979,1671.9
Country_61,1980,1704.8
Country_61,1981,1756.4
Country_61,1982,1664.6
Country_61,1983,1690.4
Country_61,1984,1724.4
Country_61,1985,1731.4
Country_61,1986,1711.3
Country_61,1987,1844.7
Country_61,1988,1736.8
Country_61,1989,1712.4
Country_61,1990,1692.0
Country_61,1991,1751.7
Country_61,1992,1632.9
Country_61,1993,1776.1
Country_61,1994,1742.3
Country_61,1995,1750.9
Country_61,1996,1754.4
Country_61,1997,1747.2
Country_61,1998,1817.9
Country_61,1999,1770.9
Country_61,2000,1820.3
Country_61,2001,1693.6
Country_61,2002,1707.8
Country_61,2003,1656.1
Country_61,2004,1777.9
Country_61,2005,1778.2
Country_61,2006,1784.0
Country_61,2007,1788.7
Country_61,2008,1767.5
Country_61,2009,1746.1
Country_61,2010,1746.6
Country_61,2011,1747.5
Country_61,2012,1707.6
Country_61,2013,1775.8
Country_61,2014,1696.0
Country_61,2015,1803.7
Country_61,2016,1745.6
Country_61,2017,1712.1
Country_61,2018,1705.8
Country_61,2019,1672.2
Country_61,2020,1682.8
Country_61,2021,1708.1
Country_61,2022,1766.1
Country_61,2023,1709.9
Country_62,1900,477.2
Country_62,1901,494.1
Country_62,1902,575.7
Country_62,1903,504.3
Country_62,1904,520.4
Country_62,1905,482.9
Country_62,1906,452.3
Country_62,1907,498.1
Country_62,1908,502.2
Country_62,1909,598.8
Country_62,1910,573.4
Country_62,1911,572.0
Country_62,1912,551.7
Country_62,1913,388.3
Country_62,1914,538.1
Country_62,1915,645.6
Country_62,1916,623.6
Country_62,1917,469.1
Country_62,1918,509.6
Country_62,1919,556.2
Country_62,1920,611.7
Country_62,1921,524.1
Country_62,1922,594.4
Country_62,1923,516.2
Country_62,1924,428.6
Country_62,1925,632.3
Country_62,1926,510.3
Country_62,1927,518.6
Country_62,1928,489.4
Country_62,1929,460.9
Country_62,1930,519.5
Country_62,1931,503.9
Country_62,1932,531.1
Country_62,1933,476.2
Country_62,1934,500.9
Country_62,1935,438.6
Country_62,1936,518.3
Country_62,1937,555.2
Country_62,1938,538.8
Country_62,1939,559.4
Country_62,1940,456.0
Country_62,1941,539.3
Country_62,1942,583.0
Country_62,1943,456.2
Country_62,1944,483.1
Country_62,1945,567.2
Country_62,1946,505.6
Country_62,1947,531.8
Country_62,1948,469.2
Country_62,1949,540.9
Country_62,1950,461.5
Country_62,1951,490.9
Country_62,1952,524.9
Country_62,1953,537.6
Country_62,1954,569.5
Country_62,1955,571.1
Country_62,1956,513.1
Country_62,1957,474.4
Country_62,1958,508.8
Country_62,1959,452.0
Country_62,1960,538.2
Country_62,1961,520.7
Country_62,1962,570.2
Country_62,1963,580.7
Country_62,1964,481.6
Country_62,1965,522.2
Country_62,1966,491.2
Country_62,1967,509.1
Country_62,1968,476.3
Country_62,1969,438.0
Country_62,1970,566.3
Country_62,1971,512.5
Country_62,1972,570.6
Country_62,1973,493.9
Country_62,1974,469.4
Country_62,1975,472.6
Country_62,1976,449.6
Country_62,1977,575.3
Country_62,1978,519.1
Country_62,1979,416.1
Country_62,1980,580.5
Country_62,1981,538.1
Country_62,1982,530.4
Country_62,1983,483.1
Country_62,1984,524.7
Country_62,1985,528.1
Country_62,1986,505.9
Country_62,1987,440.0
Country_62,1988,421.2
Country_62,1989,492.3
Country_62,1990,536.9
Country_62,1991,427.6
Country_62,1992,435.4
Country_62,1993,463.0
Country_62,1994,486.8
Country_62,1995,538.3
Country_62,1996,550.4
Country_62,1997,543.4
Country_62,1998,454.4
Country_62,1999,493.6
Country_62,2000,470.9
Country_62,2001,567.6
Country_62,2002,570.6
Country_62,2003,584.0
Country_62,2004,465.3
Country_62,2005,506.1
Country_62,2006,524.7
Country_62,2007,469.4
Country_62,2008,590.5
Country_62,2009,588.4
Country_62,2010,455.8
Country_62,2011,507.9
Country_62,2012,515.8
Country_62,2013,515.5
Country_62,2014,513.8
Country_62,2015,586.9
Country_62,2016,550.2
Country_62,2017,522.1
Country_62,2018,541.7
Country_62,2019,552.2
Country_62,2020,470.6
Country_62,2021,542.6
Country_62,2022,473.5
Country_62,2023,531.8
Country_63,1900,1087.1
Country_63,1901,1101.5
Country_63,1902,1124.3
Country_63,1903,1103.7
Country_63,1904,1184.9
Country_63,1905,1092.3
Country_63,1906,1076.3
Country_63,1907,1121.2
Country_63,1908,1048.7
Country_63,1909,992.4
Country_63,1910,1110.2
Country_63,1911,1097.9
Country_63,1912,1101.5
Country_63,1913,1081.5
Country_63,1914,1137.2
Country_63,1915,986.7
Country_63,1916,1098.8
Country_63,1917,1082.6
Country_63,1918,1120.1
Country_63,1919,1108.5
Country_63,1920,1122.3
Country_63,1921,1132.1
Country_63,1922,1065.5
Country_63,1923,1197.4
Country_63,1924,1095.2
Country_63,1925,1195.8
Country_63,1926,1088.7
Country_63,1927,1064.8
Country_63,1928,1090.3
Country_63,1929,1080.9
Country_63,1930,1168.8
Country_63,1931,1118.7
Country_63,1932,1052.0
Country_63,1933,1052.4
Country_63,1934,1091.4
Country_63,1935,1050.7
Country_63,1936,1059.8
Country_63,1937,1045.4
Country_63,1938,1087.6
Country_63,1939,1195.3
Country_63,1940,1103.0
Country_63,1941,1091.4
Country_63,1942,1137.3
Country_63,1943,1064.7
Country_63,1944,1134.0
Country_63,1945,1079.3
Country_63,1946,1114.1
Country_63,1947,1138.7
Country_63,1948,1145.6
Country_63,1949,1052.5
Country_63,1950,1128.9
Country_63,1951,1087.4
Country_63,1952,1082.6
Country_63,1953,1087.9
Country_63,1954,1031.1
Country_63,1955,1079.5
Country_63,1956,1067.6
Country_63,1957,1068.7
Country_63,1958,1015.6
Country_63,1959,951.4
Country_63,1960,1042.7
Country_63,1961,1096.4
Country_63,1962,1163.5
Country_63,1963,1149.4
Country_63,1964,1112.8
Country_63,1965,1147.0
Country_63,1966,1067.6
Country_63,1967,1208.4
Country_63,1968,1090.5
Country_63,1969,1126.4
Country_63,1970,1091.0
Country_63,1971,1090.9
Country_63,1972,1066.1
Country_63,1973,999.5
Country_63,1974,1086.5
Country_63,1975,1200.9
Country_63,1976,1152.8
Country_63,1977,1056.8
Country_63,1978,1192.6
Country_63,1979,1186.5
Country_63,1980,1146.8
Country_63,1981,1081.0
Country_63,1982,1127.8
Country_63,1983,1101.3
Country_63,1984,1037.1
Country_63,1985,1042.9
Country_63,1986,1077.1
Country_63,1987,1093.1
Country_63,1988,1044.2
Country_63,1989,1092.1
Country_63,1990,1110.4
Country_63,1991,1009.8
Country_63,1992,1065.0
Country_63,1993,1057.5
Country_63,1994,1142.6
Country_63,1995,1167.0
Country_63,1996,1205.2
Country_63,1997,1158.4
Country_63,1998,1085.2
Country_63,1999,1143.8
Country_63,2000,1154.7
Country_63,2001,1148.9
Country_63,2002,1077.7
Country_63,2003,1046.1
Country_63,2004,1092.9
Country_63,2005,1116.2
Country_63,2006,1041.9
Country_63,2007,1066.4
Country_63,2008,1115.7
Country_63,2009,1046.4
Country_63,2010,1105.6
Country_63,2011,1116.3
Country_63,2012,1081.2
Country_63,2013,1069.9
Country_63,2014,1027.3
Country_63,2015,1094.4
Country_63,2016,1155.1
Country_63,2017,1107.6
Country_63,2018,1049.2
Country_63,2019,1127.4
Country_63,2020,1132.6
Country_63,2021,1146.7
Country_63,2022,1106.5
Country_63,2023,1128.4
Country_64,1900,850.3
Country_64,1901,795.4
Country_64,1902,774.8
Country_64,1903,854.5
Country_64,1904,809.8
Country_64,1905,839.5
Country_64,1906,786.8
Country_64,1907,831.5
Country_64,1908,878.4
Country_64,1909,807.9
Country_64,1910,764.8
Country_64,1911,853.6
Country_64,1912,822.8
Country_64,1913,759.9
Country_64,1914,820.6
Country_64,1915,858.4
Country_64,1916,808.2
Country_64,1917,790.1
Country_64,1918,782.5
Country_64,1919,884.9
Country_64,1920,798.9
Country_64,1921,805.5
Country_64,1922,785.3
Country_64,1923,889.7
Country_64,1924,832.9
Country_64,1925,710.5
Country_64,1926,725.5
Country_64,1927,787.3
Country_64,1928,807.3
Country_64,1929,802.7
Country_64,1930,792.4
Country_64,1931,839.5
Country_64,1932,850.5
Country_64,1933,803.2
Country_64,1934,821.6
Country_64,1935,804.5
Country_64,1936,807.8
Country_64,1937,760.7
Country_64,1938,925.5
Country_64,1939,822.1
Country_64,1940,836.3
Country_64,1941,859.1
Country_64,1942,909.3
Country_64,1943,856.2
Country_64,1944,722.6
Country_64,1945,719.1
Country_64,1946,867.3
Country_64,1947,930.7
Country_64,1948,840.0
Country_64,1949,864.5
Country_64,1950,791.7
Country_64,1951,801.3
Country_64,1952,775.1
Country_64,1953,809.4
Country_64,1954,918.5
Country_64,1955,823.0
Country_64,1956,824.7
Country_64,1957,820.3
Country_64,1958,750.8
Country_64,1959,818.4
Country_64,1960,896.9
Country_64,1961,780.2
Country_64,1962,840.4
Country_64,1963,832.9
Country_64,1964,873.2
Country_64,1965,833.0
Country_64,1966,877.3
Country_64,1967,846.0
Country_64,1968,781.7
Country_64,1969,769.1
Country_64,1970,919.8
Country_64,1971,814.3
Country_64,1972,829.6
Country_64,1973,758.9
Country_64,1974,874.1
Country_64,1975,844.4
Country_64,1976,863.6
Country_64,1977,838.2
Country_64,1978,862.4
Country_64,1979,910.2
Country_64,1980,835.3
Country_64,1981,815.8
Country_64,1982,936.9
Country_64,1983,865.0
Country_64,1984,823.2
Country_64,1985,806.7
Country_64,1986,743.5
Country_64,1987,809.0
Country_64,1988,876.7
Country_64,1989,883.0
Country_64,1990,862.9
Country_64,1991,905.4
Country_64,1992,796.2
Country_64,1993,772.0
Country_64,1994,788.0
Country_64,1995,865.5
Country_64,1996,854.1
Country_64,1997,846.2
Country_64,1998,788.3
Country_64,1999,781.5
Country_64,2000,713.0
Country_64,2001,762.0
Country_64,2002,704.3
Country_64,2003,829.0
Country_64,2004,900.1
Country_64,2005,940.4
Country_64,2006,861.2
Country_64,2007,833.4
Country_64,2008,865.6
Country_64,2009,839.1
Country_64,2010,886.6
Country_64,2011,869.7
Country_64,2012,815.5
Country_64,2013,853.3
Country_64,2014,818.1
Country_64,2015,835.8
Country_64,2016,787.6
Country_64,2017,835.6
Country_64,2018,907.8
Country_64,2019,858.5
Country_64,2020,803.5
Country_64,2021,854.5
Country_64,2022,780.9
Country_64,2023,913.2
Country_65,1900,894.5
Country_65,1901,938.2
Country_65,1902,895.1
Country_65,1903,882.7
Country_65,1904,840.0
Country_65,1905,910.4
Country_65,1906,817.3
Country_65,1907,1000.2
Country_65,1908,847.1
Country_65,1909,988.4
Country_65,1910,966.6
Country_65,1911,834.8
Country_65,1912,890.5
Country_65,1913,944.8
Country_65,1914,935.3
Country_65,1915,917.5
Country_65,1916,1043.5
Country_65,1917,927.4
Country_65,1918,902.3
Country_65,1919,999.9
Country_65,1920,859.1
Country_65,1921,942.5
Country_65,1922,929.8
Country_65,1923,865.3
Country_65,1924,936.7
Country_65,1925,864.7
Country_65,1926,956.4
Country_65,1927,876.9
Country_65,1928,841.6
Country_65,1929,950.9
Country_65,1930,904.9
Country_65,1931,912.2
Country_65,1932,891.3
Country_65,1933,865.3
Country_65,1934,896.0
Country_65,1935,919.3
Country_65,1936,960.5
Country_65,1937,945.2
Country_65,1938,973.0
Country_65,1939,878.3
Country_65,1940,876.4
Country_65,1941,918.8
Country_65,1942,956.4
Country_65,1943,897.2
Country_65,1944,902.9
Country_65,1945,871.6
Country_65,1946,980.3
Country_65,1947,927.9
Country_65,1948,1027.2
Country_65,1949,857.7
Country_65,1950,857.0
Country_65,1951,916.1
Country_65,1952,900.5
Country_65,1953,897.9
Country_65,1954,879.5
Country_65,1955,928.2
Country_65,1956,905.6
Country_65,1957,868.2
Country_65,1958,815.7
Country_65,1959,944.3
Country_65,1960,917.9
Country_65,1961,921.3
Country_65,1962,878.0
Country_65,1963,833.4
Country_65,1964,915.6
Country_65,1965,875.1
Country_65,1966,934.9
Country_65,1967,900.8
Country_65,1968,965.8
Country_65,1969,881.1
Country_65,1970,894.5
Country_65,1971,921.7
Country_65,1972,910.7
Country_65,1973,931.1
Country_65,1974,868.4
Country_65,1975,939.4
Country_65,1976,945.4
Country_65,1977,893.7
Country_65,1978,971.3
Country_65,1979,904.9
Country_65,1980,942.0
Country_65,1981,983.7
Country_65,1982,976.0
Country_65,1983,958.2
Country_65,1984,829.8
Country_65,1985,823.5
Country_65,1986,870.2
Country_65,1987,908.1
Country_65,1988,817.7
Country_65,1989,886.2
Country_65,1990,905.6
Country_65,1991,823.4
Country_65,1992,924.4
Country_65,1993,902.1
Country_65,1994,1001.3
Country_65,1995,968.9
Country_65,1996,884.8
Country_65,1997,922.7
Country_65,1998,883.9
Country_65,1999,834.9
Country_65,2000,858.6
Country_65,2001,810.2
Country_65,2002,890.7
Country_65,2003,1008.2
Country_65,2004,968.4
Country_65,2005,921.8
Country_65,2006,910.1
Country_65,2007,889.8
Country_65,2008,801.3
Country_65,2009,927.3
Country_65,2010,930.7
Country_65,2011,884.2
Country_65,2012,853.7
Country_65,2013,937.3
Country_65,2014,955.9
Country_65,2015,868.4
Country_65,2016,935.1
Country_65,2017,841.7
Country_65,2018,938.3
Country_65,2019,921.3
Country_65,2020,825.3
Country_65,2021,889.6
Country_65,2022,952.2
Country_65,2023,969.4
Country_66,1900,1104.0
Country_66,1901,1134.2
Country_66,1902,1152.0
Country_66,1903,1112.7
Country_66,1904,1033.6
Country_66,1905,1215.6
Country_66,1906,1151.3
Country_66,1907,1055.3
Country_66,1908,1177.6
Country_66,1909,1070.2
Country_66,1910,1106.8
Country_66,1911,1014.0
Country_66,1912,1205.6
Country_66,1913,1155.0
Country_66,1914,1085.4
Country_66,1915,1105.0
Country_66,1916,1064.6
Country_66,1917,1093.3
Country_66,1918,1156.5
Country_66,1919,1127.6
Country_66,1920,1059.8
Country_66,1921,1089.1
Country_66,1922,1071.2
Country_66,1923,1083.3
Country_66,1924,1177.3
Country_66,1925,1114.4
Country_66,1926,1017.8
Country_66,1927,1075.8
Country_66,1928,1131.7
Country_66,1929,1146.0
Country_66,1930,1147.9
Country_66,1931,1175.9
Country_66,1932,1159.1
Country_66,1933,1099.5
Country_66,1934,1115.3
Country_66,1935,1125.3
Country_66,1936,1100.4
Country_66,1937,1055.0
Country_66,1938,1096.1
Country_66,1939,1118.5
Country_66,1940,1158.2
Country_66,1941,1125.0
Country_66,1942,1062.9
Country_66,1943,1092.6
Country_66,1944,1116.6
Country_66,1945,1137.0
Country_66,1946,1091.8
Country_66,1947,1132.3
Country_66,1948,1048.1
Country_66,1949,1099.1
Country_66,1950,1187.3
Country_66,1951,1109.7
Country_66,1952,1051.9
Country_66,1953,1135.5
Country_66,1954,1075.6
Country_66,1955,1122.5
Country_66,1956,1143.9
Country_66,1957,1103.3
Country_66,1958,1112.2
Country_66,1959,1099.0
Country_66,1960,1147.2
Country_66,1961,1041.4
Country_66,1962,1113.4
Country_66,1963,1088.1
Country_66,1964,1131.7
Country_66,1965,1121.0
Country_66,1966,1074.1
Country_66,1967,1162.9
Country_66,1968,1211.9
Country_66,1969,1156.6
Country_66,1970,1127.1
Country_66,1971,1136.8
Country_66,1972,1088.7
Country_66,1973,1128.9
Country_66,1974,1091.7
Country_66,1975,1107.3
Country_66,1976,1043.3
Country_66,1977,1192.4
Country_66,1978,1189.8
Country_66,1979,1152.3
Country_66,1980,1119.6
Country_66,1981,1147.2
Country_66,1982,1171.5
Country_66,1983,1076.4
Country_66,1984,1079.1
Country_66,1985,1095.9
Country_66,1986,1083.0
Country_66,1987,1056.4
Country_66,1988,1116.2
Country_66,1989,1050.0
Country_66,1990,1153.6
Country_66,1991,1106.8
Country_66,1992,1155.6
Country_66,1993,1156.1
Country_66,1994,1113.7
Country_66,1995,1112.7
Country_66,1996,1062.7
Country_66,1997,1122.9
Country_66,1998,1045.7
Country_66,1999,1148.9
Country_66,2000,1096.0
Country_66,2001,1110.8
Country_66,2002,1016.8
Country_66,2003,1117.6
Country_66,2004,1260.3
Country_66,2005,1084.7
Country_66,2006,1207.7
Country_66,2007,1042.6
Country_66,2008,1087.0
Country_66,2009,1122.6
Country_66,2010,1092.9
Country_66,2011,1090.3
Country_66,2012,1035.9
Country_66,2013,1099.1
Country_66,2014,1137.2
Country_66,2015,1032.6
Country_66,2016,1105.0
Country_66,2017,1173.0
Country_66,2018,1104.6
Country_66,2019,1061.9
Country_66,2020,1039.1
Country_66,2021,1178.6
Country_66,2022,1162.7
Country_66,2023,1085.6
Country_67,1900,1133.1
Country_67,1901,1174.1
Country_67,1902,1111.4
Country_67,1903,1142.9
Country_67,1904,1243.9
Country_67,1905,1253.9
Country_67,1906,1237.3
Country_67,1907,1210.9
Country_67,1908,1234.1
Country_67,1909,1162.1
Country_67,1910,1137.2
Country_67,1911,1234.8
Country_67,1912,1222.4
Country_67,1913,1145.1
Country_67,1914,1181.4
Country_67,1915,1231.7
Country_67,1916,1238.4
Country_67,1917,1216.0
Country_67,1918,1167.0
Country_67,1919,1272.7
Country_67,1920,1222.2
Country_67,1921,1174.2
Country_67,1922,1175.8
Country_67,1923,1182.5
Country_67,1924,1174.5
Country_67,1925,1178.4
Country_67,1926,1215.9
Country_67,1927,1185.8
Country_67,1928,1281.4
Country_67,1929,1181.1
Country_67,1930,1158.9
Country_67,1931,1234.8
Country_67,1932,1128.3
Country_67,1933,1256.9
Country_67,1934,1214.5
Country_67,1935,1192.9
Country_67,1936,1163.9
Country_67,1937,1123.5
Country_67,1938,1262.6
Country_67,1939,1144.6
Country_67,1940,1147.8
Country_67,1941,1123.6
Country_67,1942,1122.0
Country_67,1943,1051.5
Country_67,1944,1222.0
Country_67,1945,1274.8
Country_67,1946,1135.5
Country_67,1947,1148.5
Country_67,1948,1192.0
Country_67,1949,1207.2
Country_67,1950,1171.5
Country_67,1951,1185.0
Country_67,1952,1118.9
Country_67,1953,1103.6
Country_67,1954,1191.0
Country_67,1955,1294.1
Country_67,1956,1171.6
Country_67,1957,1237.0
Country_67,1958,1153.7
Country_67,1959,1190.7
Country_67,1960,1261.6
Country_67,1961,1243.7
Country_67,1962,1268.9
Country_67,1963,1215.1
Country_67,1964,1189.8
Country_67,1965,1205.2
Country_67,1966,1208.4
Country_67,1967,1144.3
Country_67,1968,1175.7
Country_67,1969,1232.4
Country_67,1970,1169.7
Country_67,1971,1243.0
Country_67,1972,1183.9
Country_67,1973,1259.9
Country_67,1974,1172.7
Country_67,1975,1118.8
Country_67,1976,1129.0
Country_67,1977,1158.5
Country_67,1978,1143.8
Country_67,1979,1164.8
Country_67,1980,1185.9
Country_67,1981,1189.4
Country_67,1982,1209.1
Country_67,1983,1127.8
Country_67,1984,1078.4
Country_67,1985,1216.6
Country_67,1986,1215.3
Country_67,1987,1153.3
Country_67,1988,1157.6
Country_67,1989,1214.4
Country_67,1990,1137.8
Country_67,1991,1203.1
Country_67,1992,1150.6
Country_67,1993,1140.1
Country_67,1994,1193.1
Country_67,1995,1115.1
Country_67,1996,1127.7
Country_67,1997,1190.9
Country_67,1998,1152.4
Country_67,1999,1144.9
Country_67,2000,1195.0
Country_67,2001,1221.0
Country_67,2002,1265.5
Country_67,2003,1228.8
Country_67,2004,1208.7
Country_67,2005,1184.1
Country_67,2006,1220.6
Country_67,2007,1240.8
Country_67,2008,1210.5
Country_67,2009,1231.9
Country_67,2010,1218.5
Country_67,2011,1152.6
Country_67,2012,1260.8
Country_67,2013,1166.2
Country_67,2014,1140.3
Country_67,2015,1167.1
Country_67,2016,1237.2
Country_67,2017,1159.9
Country_67,2018,1149.5
Country_67,2019,1233.1
Country_67,2020,1162.6
Country_67,2021,1140.3
Country_67,2022,1148.7
Country_67,2023,1223.3
Country_68,1900,1280.5
Country_68,1901,1287.6
Country_68,1902,1276.0
Country_68,1903,1221.7
Country_68,1904,1221.7
Country_68,1905,1259.3
Country_68,1906,1179.5
Country_68,1907,1227.5
Country_68,1908,1196.0
Country_68,1909,1268.6
Country_68,1910,1183.7
Country_68,1911,1184.6
Country_68,1912,1230.0
Country_68,1913,1200.9
Country_68,1914,1246.1
Country_68,1915,1251.9
Country_68,1916,1236.6
Country_68,1917,1251.8
Country_68,1918,1287.9
Country_68,1919,1254.4
Country_68,1920,1221.9
Country_68,1921,1285.6
Country_68,1922,1211.2
Country_68,1923,1182.9
Country_68,1924,1212.6
Country_68,1925,1249.9
Country_68,1926,1266.0
Country_68,1927,1227.4
Country_68,1928,1207.9
Country_68,1929,1208.7
Country_68,1930,1220.5
Country_68,1931,1199.0
Country_68,1932,1292.5
Country_68,1933,1281.7
Country_68,1934,1239.6
Country_68,1935,1173.2
Country_68,1936,1270.3
Country_68,1937,1326.9
Country_68,1938,1273.7
Country_68,1939,1243.3
Country_68,1940,1222.2
Country_68,1941,1277.0
Country_68,1942,1181.9
Country_68,1943,1175.6
Country_68,1944,1293.1
Country_68,1945,1316.4
Country_68,1946,1197.1
Country_68,1947,1239.4
Country_68,1948,1222.9
Country_68,1949,1238.1
Country_68,1950,1295.9
Country_68,1951,1193.4
Country_68,1952,1304.8
Country_68,1953,1272.0
Country_68,1954,1198.0
Country_68,1955,1304.3
Country_68,1956,1319.2
Country_68,1957,1244.1
Country_68,1958,1243.9
Country_68,1959,1270.7
Country_68,1960,1266.1
Country_68,1961,1273.9
Country_68,1962,1217.6
Country_68,1963,1277.4
Country_68,1964,1312.2
Country_68,1965,1180.2
Country_68,1966,1224.6
Country_68,1967,1309.7
Country_68,1968,1157.7
Country_68,1969,1295.5
Country_68,1970,1295.4
Country_68,1971,1181.6
Country_68,1972,1260.4
Country_68,1973,1272.3
Country_68,1974,1290.1
Country_68,1975,1277.2
Country_68,1976,1214.5
Country_68,1977,1229.9
Country_68,1978,1205.0
Country_68,1979,1185.6
Country_68,1980,1277.0
Country_68,1981,1138.4
Country_68,1982,1290.5
Country_68,1983,1227.5
Country_68,1984,1285.4
Country_68,1985,1234.1
Country_68,1986,1221.5
Country_68,1987,1272.2
Country_68,1988,1178.3
Country_68,1989,1351.3
Country_68,1990,1300.6
Country_68,1991,1208.6
Country_68,1992,1241.2
Country_68,1993,1304.8
Country_68,1994,1178.5
Country_68,1995,1306.4
Country_68,1996,1221.0
Country_68,1997,1240.2
Country_68,1998,1269.0
Country_68,1999,1208.9
Country_68,2000,1184.9
Country_68,2001,1219.2
Country_68,2002,1184.1
Country_68,2003,1220.5
Country_68,2004,1279.0
Country_68,2005,1279.2
Country_68,2006,1209.2
Country_68,2007,1186.4
Country_68,2008,1160.4
Country_68,2009,1241.9
Country_68,2010,1345.4
Country_68,2011,1261.3
Country_68,2012,1188.1
Country_68,2013,1251.5
Country_68,2014,1254.3
Country_68,2015,1085.9
Country_68,2016,1142.1
Country_68,2017,1232.9
Country_68,2018,1174.7
Country_68,2019,1306.5
Country_68,2020,1140.9
Country_68,2021,1228.9
Country_68,2022,1183.9
Country_68,2023,1254.7
Country_69,1900,887.6
Country_69,1901,1059.0
Country_69,1902,1002.6
Country_69,1903,988.5
Country_69,1904,951.3
Country_69,1905,1028.2
Country_69,1906,1036.6
Country_69,1907,1015.2
Country_69,1908,998.8
Country_69,1909,1045.0
Country_69,1910,1077.5
Country_69,1911,1023.5
Country_69,1912,999.8
Country_69,1913,887.7
Country_69,1914,986.1
Country_69,1915,960.0
Country_69,1916,1035.7
Country_69,1917,942.4
Country_69,1918,1004.6
Country_69,1919,961.1
Country_69,1920,961.1
Country_69,1921,963.9
Country_69,1922,1057.4
Country_69,1923,982.5
Country_69,1924,916.4
Country_69,1925,859.4
Country_69,1926,1046.5
Country_69,1927,1015.2
Country_69,1928,1045.7
Country_69,1929,1007.0
Country_69,1930,995.5
Country_69,1931,949.2
Country_69,1932,1030.9
Country_69,1933,918.9
Country_69,1934,945.3
Country_69,1935,1104.5
Country_69,1936,993.2
Country_69,1937,1003.4
Country_69,1938,973.2
Country_69,1939,996.1
Country_69,1940,1020.4
Country_69,1941,967.6
Country_69,1942,981.1
Country_69,1943,1036.2
Country_69,1944,966.5
Country_69,1945,1049.1
Country_69,1946,980.0
Country_69,1947,1049.3
Country_69,1948,979.3
Country_69,1949,1028.8
Country_69,1950,1047.3
Country_69,1951,1014.6
Country_69,1952,996.6
Country_69,1953,1065.2
Country_69,1954,977.1
Country_69,1955,952.1
Country_69,1956,919.4
Country_69,1957,1005.4
Country_69,1958,1027.0
Country_69,1959,1008.3
Country_69,1960,993.3
Country_69,1961,1040.5
Country_69,1962,950.5
Country_69,1963,956.4
Country_69,1964,1068.7
Country_69,1965,982.3
Country_69,1966,953.7
Country_69,1967,1042.1
Country_69,1968,1029.0
Country_69,1969,900.3
Country_69,1970,1012.6
Country_69,1971,1038.4
Country_69,1972,860.3
Country_69,1973,1097.1
Country_69,1974,894.6
Country_69,1975,994.6
Country_69,1976,1015.7
Country_69,1977,864.7
Country_69,1978,944.1
Country_69,1979,1076.5
Country_69,1980,1031.6
Country_69,1981,986.1
Country_69,1982,1006.2
Country_69,1983,942.9
Country_69,1984,968.8
Country_69,1985,992.2
Country_69,1986,1026.5
Country_69,1987,990.6
Country_69,1988,1040.5
Country_69,1989,1049.9
Country_69,1990,1024.0
Country_69,1991,1022.0
Country_69,1992,915.8
Country_69,1993,1002.7
Country_69,1994,958.6
Country_69,1995,1023.8
Country_69,1996,1010.0
Country_69,1997,966.0
Country_69,1998,919.1
Country_69,1999,901.4
Country_69,2000,1014.7
Country_69,2001,945.0
Country_69,2002,981.9
Country_69,2003,1039.9
Country_69,2004,1039.4
Country_69,2005,1032.0
Country_69,2006,967.7
Country_69,2007,885.4
Country_69,2008,983.1
Country_69,2009,945.3
Country_69,2010,989.1
Country_69,2011,1023.6
Country_69,2012,966.2
Country_69,2013,933.6
Country_69,2014,968.0
Country_69,2015,1023.1
Country_69,2016,905.8
Country_69,2017,988.3
Country_69,2018,979.6
Country_69,2019,984.1
Country_69,2020,940.4
Country_69,2021,988.1
Country_69,2022,1001.6
Country_69,2023,991.1
Country_70,1900,1104.7
Country_70,1901,1142.4
Country_70,1902,1138.3
Country_70,1903,1094.6
Country_70,1904,1139.8
Country_70,1905,1139.5
Country_70,1906,1141.4
Country_70,1907,1157.8
Country_70,1908,1218.6
Country_70,1909,1177.8
Country_70,1910,1108.5
Country_70,1911,1185.7
Country_70,1912,1088.1
Country_70,1913,1153.4
Country_70,1914,1106.0
Country_70,1915,1160.1
Country_70,1916,1156.5
Country_70,1917,1106.2
Country_70,1918,1114.4
Country_70,1919,1145.4
Country_70,1920,1087.8
Country_70,1921,1111.7
Country_70,1922,1137.7
Country_70,1923,1116.8
Country_70,1924,1189.3
Country_70,1925,1144.2
Country_70,1926,1143.0
Country_70,1927,1151.2
Country_70,1928,1027.8
Country_70,1929,1191.3
Country_70,1930,1133.0
Country_70,1931,1154.8
Country_70,1932,1120.3
Country_70,1933,1153.4
Country_70,1934,1141.1
Country_70,1935,1025.9
Country_70,1936,1052.7
Country_70,1937,1037.1
Country_70,1938,1108.1
Country_70,1939,1100.1
Country_70,1940,1199.9
Country_70,1941,1163.6
Country_70,1942,1090.9
Country_70,1943,1025.1
Country_70,1944,1067.0
Country_70,1945,1171.0
Country_70,1946,1101.2
Country_70,1947,1106.3
Country_70,1948,1099.6
Country_70,1949,1051.1
Country_70,1950,1092.6
Country_70,1951,1139.5
Country_70,1952,1000.3
Country_70,1953,991.2
Country_70,1954,1115.0
Country_70,1955,1117.5
Country_70,1956,1125.2
Country_70,1957,1124.8
Country_70,1958,1121.3
Country_70,1959,1098.9
Country_70,1960,1204.5
Country_70,1961,1133.1
Country_70,1962,1132.5
Country_70,1963,1060.8
Country_70,1964,1122.0
Country_70,1965,1068.5
Country_70,1966,1160.2
Country_70,1967,1036.1
Country_70,1968,1153.0
Country_70,1969,1138.1
Country_70,1970,1118.1
Country_70,1971,1140.1
Country_70,1972,1145.7
Country_70,1973,1119.4
Country_70,1974,1075.3
Country_70,1975,1136.3
Country_70,1976,1139.4
Country_70,1977,1087.7
Country_70,1978,1191.1
Country_70,1979,1021.0
Country_70,1980,1132.2
Country_70,1981,1194.4
Country_70,1982,1082.0
Country_70,1983,1024.6
Country_70,1984,1180.0
Country_70,1985,1160.7
Country_70,1986,1134.3
Country_70,1987,1215.7
Country_70,1988,1109.4
Country_70,1989,1039.1
Country_70,1990,1167.3
Country_70,1991,1029.0
Country_70,1992,1255.1
Country_70,1993,1148.7
Country_70,1994,1171.1
Country_70,1995,1147.2
Country_70,1996,1157.0
Country_70,1997,1173.5
Country_70,1998,1117.9
Country_70,1999,1156.4
Country_70,2000,1171.7
Country_70,2001,1096.3
Country_70,2002,1221.2
Country_70,2003,1065.3
Country_70,2004,1106.3
Country_70,2005,1042.7
Country_70,2006,996.5
Country_70,2007,1150.0
Country_70,2008,1112.8
Country_70,2009,1139.8
Country_70,2010,1038.8
Country_70,2011,1078.8
Country_70,2012,1212.7
Country_70,2013,1165.7
Country_70,2014,1132.9
Country_70,2015,1075.1
Country_70,2016,1140.3
Country_70,2017,1042.2
Country_70,2018,1091.4
Country_70,2019,1208.2
Country_70,2020,1018.5
Country_70,2021,1090.1
Country_70,2022,1133.4
Country_70,2023,1037.6
Country_71,1900,568.4
Country_71,1901,419.8
Country_71,1902,500.6
Country_71,1903,593.9
Country_71,1904,473.5
Country_71,1905,581.4
Country_71,1906,462.9
Country_71,1907,521.6
Country_71,1908,440.4
Country_71,1909,600.3
Country_71,1910,456.5
Country_71,1911,545.7
Country_71,1912,578.2
Country_71,1913,565.5
Country_71,1914,512.8
Country_71,1915,487.8
Country_71,1916,408.4
Country_71,1917,545.3
Country_71,1918,533.0
Country_71,1919,528.2
Country_71,1920,455.9
Country_71,1921,552.1
Country_71,1922,564.9
Country_71,1923,536.1
Country_71,1924,584.7
Country_71,1925,453.3
Country_71,1926,554.2
Country_71,1927,513.2
Country_71,1928,495.8
Country_71,1929,552.4
Country_71,1930,403.1
Country_71,1931,559.1
Country_71,1932,496.5
Country_71,1933,457.9
Country_71,1934,492.0
Country_71,1935,537.5
Country_71,1936,506.4
Country_71,1937,511.7
Country_71,1938,493.0
Country_71,1939,450.9
Country_71,1940,598.6
Country_71,1941,443.9
Country_71,1942,494.1
Country_71,1943,528.0
Country_71,1944,605.2
Country_71,1945,483.1
Country_71,1946,477.6
Country_71,1947,546.1
Country_71,1948,505.8
Country_71,1949,530.3
Country_71,1950,549.7
Country_71,1951,610.0
Country_71,1952,522.7
Country_71,1953,405.7
Country_71,1954,585.0
Country_71,1955,543.6
Country_71,1956,445.8
Country_71,1957,485.6
Country_71,1958,528.8
Country_71,1959,526.3
Country_71,1960,534.3
Country_71,1961,362.4
Country_71,1962,493.9
Country_71,1963,518.4
Country_71,1964,529.6
Country_71,1965,536.4
Country_71,1966,470.6
Country_71,1967,460.9
Country_71,1968,504.3
Country_71,1969,580.1
Country_71,1970,480.9
Country_71,1971,443.5
Country_71,1972,519.3
Country_71,1973,547.0
Country_71,1974,456.9
Country_71,1975,576.9
Country_71,1976,457.6
Country_71,1977,490.0
Country_71,1978,488.6
Country_71,1979,511.3
Country_71,1980,535.9
Country_71,1981,496.9
Country_71,1982,393.9
Country_71,1983,528.8
Country_71,1984,483.8
Country_71,1985,608.3
Country_71,1986,480.3
Country_71,1987,571.8
Country_71,1988,512.2
Country_71,1989,506.4
Country_71,1990,489.2
Country_71,1991,497.3
Country_71,1992,464.7
Country_71,1993,545.9
Country_71,1994,528.8
Country_71,1995,534.0
Country_71,1996,418.7
Country_71,1997,539.6
Country_71,1998,542.8
Country_71,1999,592.7
Country_71,2000,529.1
Country_71,2001,491.9
Country_71,2002,570.3
Country_71,2003,458.1
Country_71,2004,474.4
Country_71,2005,446.6
Country_71,2006,438.6
Country_71,2007,505.0
Country_71,2008,423.5
Country_71,2009,511.2
Country_71,2010,527.8
Country_71,2011,461.7
Country_71,2012,570.4
Country_71,2013,491.6
Country_71,2014,512.0
Country_71,2015,539.7
Country_71,2016,454.6
Country_71,2017,390.3
Country_71,2018,458.3
Country_71,2019,578.6
Country_71,2020,465.9
Country_71,2021,426.9
Country_71,2022,543.9
Country_71,2023,510.8
Country_72,1900,668.7
Country_72,1901,685.5
Country_72,1902,463.9
Country_72,1903,662.2
Country_72,1904,646.1
Country_72,1905,595.3
Country_72,1906,601.5
Country_72,1907,642.6
Country_72,1908,652.8
Country_72,1909,621.4
Country_72,1910,645.2
Country_72,1911,629.1
Country_72,1912,512.6
Country_72,1913,624.6
Country_72,1914,639.5
Country_72,1915,664.8
Country_72,1916,607.8
Country_72,1917,626.6
Country_72,1918,619.6
Country_72,1919,595.8
Country_72,1920,668.5
Country_72,1921,716.9
Country_72,1922,659.2
Country_72,1923,526.7
Country_72,1924,638.3
Country_72,1925,648.7
Country_72,1926,574.1
Country_72,1927,677.2
Country_72,1928,625.2
Country_72,1929,604.8
Country_72,1930,504.4
Country_72,1931,606.1
Country_72,1932,661.9
Country_72,1933,662.0
Country_72,1934,690.3
Country_72,1935,595.7
Country_72,1936,615.8
Country_72,1937,704.7
Country_72,1938,636.3
Country_72,1939,693.7
Country_72,1940,633.0
Country_72,1941,614.4
Country_72,1942,653.7
Country_72,1943,628.2
Country_72,1944,601.3
Country_72,1945,664.9
Country_72,1946,608.9
Country_72,1947,640.6
Country_72,1948,679.6
Country_72,1949,671.4
Country_72,1950,663.8
Country_72,1951,548.4
Country_72,1952,616.1
Country_72,1953,556.9
Country_72,1954,655.5
Country_72,1955,630.1
Country_72,1956,687.3
Country_72,1957,572.7
Country_72,1958,621.1
Country_72,1959,729.4
Country_72,1960,638.1
Country_72,1961,605.0
Country_72,1962,576.0
Country_72,1963,661.8
Country_72,1964,664.8
Country_72,1965,646.2
Country_72,1966,591.8
Country_72,1967,594.4
Country_72,1968,588.7
Country_72,1969,590.0
Country_72,1970,709.9
Country_72,1971,594.3
Country_72,1972,772.5
Country_72,1973,591.7
Country_72,1974,628.7
Country_72,1975,639.4
Country_72,1976,671.4
Country_72,1977,636.0
Country_72,1978,641.3
Country_72,1979,652.4
Country_72,1980,625.7
Country_72,1981,660.0
Country_72,1982,681.6
Country_72,1983,657.1
Country_72,1984,504.5
Country_72,1985,643.0
Country_72,1986,577.0
Country_72,1987,547.6
Country_72,1988,628.4
Country_72,1989,647.1
Country_72,1990,723.0
Country_72,1991,688.2
Country_72,1992,588.0
Country_72,1993,602.2
Country_72,1994,581.7
Country_72,1995,531.5
Country_72,1996,710.0
Country_72,1997,559.7
Country_72,1998,590.1
Country_72,1999,656.4
Country_72,2000,637.4
Country_72,2001,576.2
Country_72,2002,583.2
Country_72,2003,549.6
Country_72,2004,718.0
Country_72,2005,639.1
Country_72,2006,584.8
Country_72,2007,548.4
Country_72,2008,630.0
Country_72,2009,616.6
Country_72,2010,672.4
Country_72,2011,587.1
Country_72,2012,665.1
Country_72,2013,634.3
Country_72,2014,604.7
Country_72,2015,684.9
Country_72,2016,708.5
Country_72,2017,637.4
Country_72,2018,646.0
Country_72,2019,628.0
Country_72,2020,641.5
Country_72,2021,598.5
Country_72,2022,553.0
Country_72,2023,636.4
Country_73,1900,1219.9
Country_73,1901,1231.8
Country_73,1902,1127.1
Country_73,1903,1165.4
Country_73,1904,1285.4
Country_73,1905,1224.6
Country_73,1906,1216.6
Country_73,1907,1286.4
Country_73,1908,1145.8
Country_73,1909,1155.0
Country_73,1910,1184.0
Country_73,1911,1192.8
Country_73,1912,1100.0
Country_73,1913,1152.5
Country_73,1914,1195.4
Country_73,1915,1138.0
Country_73,1916,1204.7
Country_73,1917,1222.6
Country_73,1918,1260.2
Country_73,1919,1140.5
Country_73,1920,1245.8
Country_73,1921,1235.2
Country_73,1922,1215.1
Country_73,1923,1201.4
Country_73,1924,1242.8
Country_73,1925,1206.8
Country_73,1926,1290.8
Country_73,1927,1192.0
Country_73,1928,1205.8
Country_73,1929,1217.2
Country_73,1930,1245.7
Country_73,1931,1183.3
Country_73,1932,1295.9
Country_73,1933,1187.2
Country_73,1934,1166.0
Country_73,1935,1222.9
Country_73,1936,1142.7
Country_73,1937,1214.6
Country_73,1938,1188.2
Country_73,1939,1169.7
Country_73,1940,1257.1
Country_73,1941,1235.2
Country_73,1942,1098.3
Country_73,1943,1285.4
Country_73,1944,1194.8
Country_73,1945,1202.9
Country_73,1946,1136.1
Country_73,1947,1232.2
Country_73,1948,1217.5
Country_73,1949,1226.1
Country_73,1950,1170.7
Country_73,1951,1275.2
Country_73,1952,1186.0
Country_73,1953,1043.6
Country_73,1954,1231.3
Country_73,1955,1237.9
Country_73,1956,1189.2
Country_73,1957,1196.8
Country_73,1958,1245.3
Country_73,1959,1166.1
Country_73,1960,1191.1
Country_73,1961,1151.1
Country_73,1962,1319.9
Country_73,1963,1225.9
Country_73,1964,1180.5
Country_73,1965,1247.6
Country_73,1966,1179.3
Country_73,1967,1202.4
Country_73,1968,1180.1
Country_73,1969,1224.9
Country_73,1970,1104.1
Country_73,1971,1260.6
Country_73,1972,1096.7
Country_73,1973,1205.2
Country_73,1974,1301.5
Country_73,1975,1287.4
Country_73,1976,1256.4
Country_73,1977,1157.6
Country_73,1978,1202.6
Country_73,1979,1215.9
Country_73,1980,1190.2
Country_73,1981,1144.4
Country_73,1982,1193.6
Country_73,1983,1174.8
Country_73,1984,1213.6
Country_73,1985,1188.5
Country_73,1986,1170.8
Country_73,1987,1231.4
Country_73,1988,1165.0
Country_73,1989,1184.5
Country_73,1990,1176.7
Country_73,1991,1189.0
Country_73,1992,1149.5
Country_73,1993,1285.8
Country_73,1994,1162.1
Country_73,1995,1191.9
Country_73,1996,1262.1
Country_73,1997,1164.1
Country_73,1998,1265.9
Country_73,1999,1191.2
Country_73,2000,1166.1
Country_73,2001,1201.4
Country_73,2002,1198.7
Country_73,2003,1222.1
Country_73,2004,1234.0
Country_73,2005,1289.1
Country_73,2006,1120.5
Country_73,2007,1210.1
Country_73,2008,1181.7
Country_73,2009,1262.2
Country_73,2010,1177.2
Country_73,2011,1193.0
Country_73,2012,1299.3
Country_73,2013,1164.6
Country_73,2014,1197.8
Country_73,2015,1171.5
Country_73,2016,1052.3
Country_73,2017,1191.0
Country_73,2018,1217.0
Country_73,2019,1183.4
Country_73,2020,1295.1
Country_73,2021,1293.6
Country_73,2022,1226.3
Country_73,2023,1275.0
Country_74,1900,1126.0
Country_74,1901,1183.4
Country_74,1902,1212.6
Country_74,1903,1126.6
Country_74,1904,1216.3
Country_74,1905,1144.5
Country_74,1906,1146.6
Country_74,1907,1195.7
Country_74,1908,1145.5
Country_74,1909,1159.2
Country_74,1910,1193.7
Country_74,1911,1185.9
Country_74,1912,1127.0
Country_74,1913,1195.5
Country_74,1914,1131.9
Country_74,1915,1245.3
Country_74,1916,1107.3
Country_74,1917,1173.5
Country_74,1918,1123.5
Country_74,1919,1158.3
Country_74,1920,1170.5
Country_74,1921,1195.9
Country_74,1922,1187.0
Country_74,1923,1165.7
Country_74,1924,1155.4
Country_74,1925,1097.8
Country_74,1926,1115.0
Country_74,1927,1149.4
Country_74,1928,1118.3
Country_74,1929,1158.9
Country_74,1930,1172.8
Country_74,1931,1099.7
Country_74,1932,1200.0
Country_74,1933,1108.4
Country_74,1934,1234.9
Country_74,1935,1122.2
Country_74,1936,1154.2
Country_74,1937,1185.3
Country_74,1938,1216.9
Country_74,1939,1279.0
Country_74,1940,1145.7
Country_74,1941,1127.4
Country_74,1942,1155.3
Country_74,1943,1125.7
Country_74,1944,1165.1
Country_74,1945,1121.9
Country_74,1946,1212.4
Country_74,1947,1192.1
Country_74,1948,1190.2
Country_74,1949,1149.4
Country_74,1950,1111.8
Country_74,1951,1193.9
Country_74,1952,1167.0
Country_74,1953,1118.9
Country_74,1954,1239.3
Country_74,1955,1246.4
Country_74,1956,1192.5
Country_74,1957,1111.3
Country_74,1958,1125.9
Country_74,1959,1210.9
Country_74,1960,1146.5
Country_74,1961,1164.3
Country_74,1962,1068.5
Country_74,1963,1079.3
Country_74,1964,1180.9
Country_74,1965,1115.8
Country_74,1966,1007.2
Country_74,1967,1198.2
Country_74,1968,1125.0
Country_74,1969,1170.5
Country_74,1970,1118.2
Country_74,1971,1195.9
Country_74,1972,1145.6
Country_74,1973,1175.2
Country_74,1974,1163.2
Country_74,1975,1110.6
Country_74,1976,1112.2
Country_74,1977,1145.7
Country_74,1978,1162.3
Country_74,1979,1152.8
Country_74,1980,1168.0
Country_74,1981,1204.7
Country_74,1982,1214.3
Country_74,1983,1167.8
Country_74,1984,1178.5
Country_74,1985,1239.0
Country_74,1986,1241.1
Country_74,1987,1121.0
Country_74,1988,1176.1
Country_74,1989,1212.6
Country_74,1990,1059.0
Country_74,1991,1164.3
Country_74,1992,1131.4
Country_74,1993,1134.8
Country_74,1994,1180.0
Country_74,1995,1171.2
Country_74,1996,1167.6
Country_74,1997,1242.5
Country_74,1998,1147.0
Country_74,1999,1193.0
Country_74,2000,1059.9
Country_74,2001,1208.2
Country_74,2002,1234.6
Country_74,2003,1165.1
Country_74,2004,1198.7
Country_74,2005,1157.8
Country_74,2006,1219.8
Country_74,2007,1144.5
Country_74,2008,1177.1
Country_74,2009,1063.4
Country_74,2010,1161.8
Country_74,2011,985.1
Country_74,2012,1169.8
Country_74,2013,1182.3
Country_74,2014,1138.6
Country_74,2015,1169.8
Country_74,2016,1121.7
Country_74,2017,1166.5
Country_74,2018,1100.8
Country_74,2019,1106.9
Country_74,2020,1200.7
Country_74,2021,1224.2
Country_74,2022,1092.8
Country_74,2023,1170.4
Country_75,1900,885.5
Country_75,1901,877.3
Country_75,1902,798.0
Country_75,1903,879.8
Country_75,1904,882.7
Country_75,1905,946.2
Country_75,1906,857.6
Country_75,1907,828.9
Country_75,1908,958.3
Country_75,1909,887.7
Country_75,1910,899.4
Country_75,1911,884.9
Country_75,1912,928.3
Country_75,1913,877.6
Country_75,1914,823.3
Country_75,1915,835.9
Country_75,1916,980.3
Country_75,1917,913.7
Country_75,1918,937.4
Country_75,1919,872.6
Country_75,1920,849.6
Country_75,1921,876.4
Country_75,1922,896.0
Country_75,1923,848.0
Country_75,1924,920.9
Country_75,1925,934.8
Country_75,1926,937.3
Country_75,1927,863.8
Country_75,1928,882.6
Country_75,1929,877.2
Country_75,1930,814.6
Country_75,1931,971.3
Country_75,1932,901.2
Country_75,1933,796.4
Country_75,1934,825.6
Country_75,1935,855.4
Country_75,1936,865.4
Country_75,1937,870.8
Country_75,1938,896.7
Country_75,1939,946.9
Country_75,1940,885.5
Country_75,1941,854.8
Country_75,1942,887.3
Country_75,1943,842.1
Country_75,1944,857.0
Country_75,1945,926.3
Country_75,1946,865.9
Country_75,1947,1010.9
Country_75,1948,842.5
Country_75,1949,919.7
Country_75,1950,887.7
Country_75,1951,799.1
Country_75,1952,851.3
Country_75,1953,891.7
Country_75,1954,955.0
Country_75,1955,902.6
Country_75,1956,965.4
Country_75,1957,832.0
Country_75,1958,866.8
Country_75,1959,1008.5
Country_75,1960,852.5
Country_75,1961,935.2
Country_75,1962,802.1
Country_75,1963,859.3
Country_75,1964,855.7
Country_75,1965,869.6
Country_75,1966,897.6
Country_75,1967,921.5
Country_75,1968,957.0
Country_75,1969,973.8
Country_75,1970,889.7
Country_75,1971,959.6
Country_75,1972,886.2
Country_75,1973,952.3
Country_75,1974,933.6
Country_75,1975,880.0
Country_75,1976,902.4
Country_75,1977,965.0
Country_75,1978,889.1
Country_75,1979,899.0
Country_75,1980,870.4
Country_75,1981,848.9
Country_75,1982,916.2
Country_75,1983,948.1
Country_75,1984,940.9
Country_75,1985,806.2
Country_75,1986,902.6
Country_75,1987,956.2
Country_75,1988,877.9
Country_75,1989,884.4
Country_75,1990,901.5
Country_75,1991,908.3
Country_75,1992,943.0
Country_75,1993,931.5
Country_75,1994,885.9
Country_75,1995,926.1
Country_75,1996,807.9
Country_75,1997,972.3
Country_75,1998,924.1
Country_75,1999,888.8
Country_75,2000,900.3
Country_75,2001,853.4
Country_75,2002,961.7
Country_75,2003,805.0
Country_75,2004,924.3
Country_75,2005,907.2
Country_75,2006,869.4
Country_75,2007,871.8
Country_75,2008,775.9
Country_75,2009,824.5
Country_75,2010,869.4
Country_75,2011,1000.8
Country_75,2012,897.2
Country_75,2013,828.0
Country_75,2014,941.7
Country_75,2015,962.6
Country_75,2016,860.2
Country_75,2017,843.6
Country_75,2018,939.5
Country_75,2019,936.1
Country_75,2020,1030.6
Country_75,2021,934.4
Country_75,2022,816.6
Country_75,2023,890.4
Country_76,1900,1132.3
Country_76,1901,1155.2
Country_76,1902,1073.2
Country_76,1903,1171.2
Country_76,1904,1093.7
Country_76,1905,1055.3
Country_76,1906,1096.7
Country_76,1907,1091.7
Country_76,1908,1110.2
Country_76,1909,1156.4
Country_76,1910,1128.1
Country_76,1911,1137.6
Country_76,1912,1085.5
Country_76,1913,1188.4
Country_76,1914,1038.1
Country_76,1915,1182.1
Country_76,1916,1033.3
Country_76,1917,1125.3
Country_76,1918,1151.0
Country_76,1919,1180.4
Country_76,1920,1124.4
Country_76,1921,1054.6
Country_76,1922,1126.9
Country_76,1923,1136.0
Country_76,1924,1036.6
Country_76,1925,1115.4
Country_76,1926,1126.0
Country_76,1927,1126.5
Country_76,1928,1143.2
Country_76,1929,1115.3
Country_76,1930,1112.5
Country_76,1931,1110.5
Country_76,1932,1078.1
Country_76,1933,1144.1
Country_76,1934,1037.0
Country_76,1935,1104.8
Country_76,1936,1119.9
Country_76,1937,1198.1
Country_76,1938,1099.9
Country_76,1939,1104.4
Country_76,1940,1067.4
Country_76,1941,1116.4
Country_76,1942,1131.2
Country_76,1943,1029.8
Country_76,1944,1043.1
Country_76,1945,1010.8
Country_76,1946,1067.3
Country_76,1947,1128.7
Country_76,1948,1031.1
Country_76,1949,1075.1
Country_76,1950,1101.1
Country_76,1951,1188.0
Country_76,1952,1141.7
Country_76,1953,1095.1
Country_76,1954,1120.3
Country_76,1955,1109.4
Country_76,1956,1064.4
Country_76,1957,1118.8
Country_76,1958,1106.9
Country_76,1959,1065.9
Country_76,1960,1032.3
Country_76,1961,1117.8
Country_76,1962,1040.1
Country_76,1963,1153.0
Country_76,1964,1151.6
Country_76,1965,1088.6
Country_76,1966,1059.2
Country_76,1967,1163.4
Country_76,1968,1150.0
Country_76,1969,1062.1
Country_76,1970,1042.3
Country_76,1971,1024.8
Country_76,1972,1109.5
Country_76,1973,1209.6
Country_76,1974,1046.0
Country_76,1975,1110.6
Country_76,1976,1167.6
Country_76,1977,1087.5
Country_76,1978,1151.2
Country_76,1979,1060.4
Country_76,1980,1173.6
Country_76,1981,1064.4
Country_76,1982,1107.0
Country_76,1983,1171.7
Country_76,1984,1046.6
Country_76,1985,1079.0
Country_76,1986,1030.7
Country_76,1987,1126.5
Country_76,1988,1158.7
Country_76,1989,1197.4
Country_76,1990,1092.0
Country_76,1991,1052.8
Country_76,1992,1161.1
Country_76,1993,1126.6
Country_76,1994,1149.9
Country_76,1995,1133.2
Country_76,1996,1208.9
Country_76,1997,1086.4
Country_76,1998,1122.6
Country_76,1999,1065.1
Country_76,2000,1109.6
Country_76,2001,1097.0
Country_76,2002,1078.0
Country_76,2003,1210.9
Country_76,2004,1124.5
Country_76,2005,1099.8
Country_76,2006,1041.7
Country_76,2007,1052.4
Country_76,2008,1136.8
Country_76,2009,1059.5
Country_76,2010,1032.6
Country_76,2011,1035.2
Country_76,2012,1058.9
Country_76,2013,1130.8
Country_76,2014,1050.7
Country_76,2015,1070.8
Country_76,2016,1123.4
Country_76,2017,1050.8
Country_76,2018,1111.1
Country_76,2019,1034.1
Country_76,2020,1026.3
Country_76,2021,995.8
Country_76,2022,1117.8
Country_76,2023,1138.3
Country_77,1900,1839.9
Country_77,1901,1827.9
Country_77,1902,1816.9
Country_77,1903,1813.7
Country_77,1904,1766.4
Country_77,1905,1779.6
Country_77,1906,1722.0
Country_77,1907,1799.9
Country_77,1908,1874.3
Country_77,1909,1828.2
Country_77,1910,1731.7
Country_77,1911,1853.6
Country_77,1912,1779.5
Country_77,1913,1738.3
Country_77,1914,1832.0
Country_77,1915,1870.9
Country_77,1916,1800.2
Country_77,1917,1740.6
Country_77,1918,1916.0
Country_77,1919,1805.2
Country_77,1920,1892.2
Country_77,1921,1853.1
Country_77,1922,1836.7
Country_77,1923,1822.1
Country_77,1924,1784.4
Country_77,1925,1850.8
Country_77,1926,1844.4
Country_77,1927,1829.4
Country_77,1928,1785.9
Country_77,1929,1806.8
Country_77,1930,1805.0
Country_77,1931,1777.1
Country_77,1932,1961.0
Country_77,1933,1827.5
Country_77,1934,1912.6
Country_77,1935,1808.4
Country_77,1936,1898.0
Country_77,1937,1867.9
Country_77,1938,1825.0
Country_77,1939,1807.1
Country_77,1940,1805.1
Country_77,1941,1840.2
Country_77,1942,1861.5
Country_77,1943,1778.4
Country_77,1944,1795.9
Country_77,1945,1769.1
Country_77,1946,1777.2
Country_77,1947,1854.4
Country_77,1948,1794.8
Country_77,1949,1903.3
Country_77,1950,1836.5
Country_77,1951,1893.7
Country_77,1952,1835.9
Country_77,1953,1809.6
Country_77,1954,1860.4
Country_77,1955,1733.6
Country_77,1956,1804.5
Country_77,1957,1757.8
Country_77,1958,1847.0
Country_77,1959,1833.0
Country_77,1960,1862.9
Country_77,1961,1819.6
Country_77,1962,1821.3
Country_77,1963,1823.3
Country_77,1964,1712.7
Country_77,1965,1828.9
Country_77,1966,1778.9
Country_77,1967,1839.4
Country_77,1968,1789.2
Country_77,1969,1772.8
Country_77,1970,1848.6
Country_77,1971,1804.8
Country_77,1972,1808.1
Country_77,1973,1816.7
Country_77,1974,1893.9
Country_77,1975,1800.8
Country_77,1976,1823.3
Country_77,1977,1758.8
Country_77,1978,1806.9
Country_77,1979,1832.1
Country_77,1980,1796.8
Country_77,1981,1854.1
Country_77,1982,1817.8
Country_77,1983,1785.5
Country_77,1984,1892.4
Country_77,1985,1777.0
Country_77,1986,1801.1
Country_77,1987,1753.4
Country_77,1988,1842.3
Country_77,1989,1784.3
Country_77,1990,1757.5
Country_77,1991,1821.7
Country_77,1992,1821.6
Country_77,1993,1864.6
Country_77,1994,1849.6
Country_77,1995,1793.4
Country_77,1996,1814.9
Country_77,1997,1866.0
Country_77,1998,1808.1
Country_77,1999,1873.1
Country_77,2000,1875.4
Country_77,2001,1800.8
Country_77,2002,1842.7
Country_77,2003,1797.9
Country_77,2004,1893.3
Country_77,2005,1851.6
Country_77,2006,1780.8
Country_77,2007,1847.9
Country_77,2008,1829.3
Country_77,2009,1844.4
Country_77,2010,1742.6
Country_77,2011,1825.0
Country_77,2012,1854.8
Country_77,2013,1849.1
Country_77,2014,1850.8
Country_77,2015,1827.2
Country_77,2016,1937.5
Country_77,2017,1928.9
Country_77,2018,1783.3
Country_77,2019,1882.9
Country_77,2020,1819.3
Country_77,2021,1931.7
Country_77,2022,1780.6
Country_77,2023,1778.6
Country_78,1900,1642.8
Country_78,1901,1754.5
Country_78,1902,1589.0
Country_78,1903,1553.9
Country_78,1904,1773.3
Country_78,1905,1604.9
Country_78,1906,1672.0
Country_78,1907,1699.1
Country_78,1908,1649.8
Country_78,1909,1649.0
Country_78,1910,1656.8
Country_78,1911,1605.9
Country_78,1912,1575.8
Country_78,1913,1581.8
Country_78,1914,1718.1
Country_78,1915,1587.4
Country_78,1916,1675.5
Country_78,1917,1603.5
Country_78,1918,1592.2
Country_78,1919,1642.8
Country_78,1920,1644.9
Country_78,1921,1653.2
Country_78,1922,1652.1
Country_78,1923,1593.0
Country_78,1924,1734.1
Country_78,1925,1627.8
Country_78,1926,1643.3
Country_78,1927,1681.7
Country_78,1928,1613.7
Country_78,1929,1692.8
Country_78,1930,1574.2
Country_78,1931,1629.7
Country_78,1932,1759.0
Country_78,1933,1659.7
Country_78,1934,1590.6
Country_78,1935,1613.3
Country_78,1936,1612.7
Country_78,1937,1654.4
Country_78,1938,1616.9
Country_78,1939,1638.9
Country_78,1940,1689.7
Country_78,1941,1640.3
Country_78,1942,1717.9
Country_78,1943,1632.7
Country_78,1944,1734.0
Country_78,1945,1560.8
Country_78,1946,1727.1
Country_78,1947,1668.5
Country_78,1948,1591.4
Country_78,1949,1612.3
Country_78,1950,1624.9
Country_78,1951,1628.1
Country_78,1952,1593.3
Country_78,1953,1615.9
Country_78,1954,1687.7
Country_78,1955,1646.0
Country_78,1956,1564.4
Country_78,1957,1676.1
Country_78,1958,1561.7
Country_78,1959,1731.8
Country_78,1960,1609.3
Country_78,1961,1651.5
Country_78,1962,1694.8
Country_78,1963,1700.9
Country_78,1964,1657.4
Country_78,1965,1557.8
Country_78,1966,1670.7
Country_78,1967,1680.2
Country_78,1968,1639.0
Country_78,1969,1694.5
Country_78,1970,1681.3
Country_78,1971,1688.6
Country_78,1972,1565.0
Country_78,1973,1624.1
Country_78,1974,1563.8
Country_78,1975,1706.3
Country_78,1976,1697.5
Country_78,1977,1706.0
Country_78,1978,1623.7
Country_78,1979,1635.9
Country_78,1980,1599.6
Country_78,1981,1585.2
Country_78,1982,1573.0
Country_78,1983,1738.4
Country_78,1984,1665.8
Country_78,1985,1610.1
Country_78,1986,1611.7
Country_78,1987,1643.7
Country_78,1988,1609.1
Country_78,1989,1713.9
Country_78,1990,1667.2
Country_78,1991,1753.7
Country_78,1992,1615.6
Country_78,1993,1610.8
Country_78,1994,1496.0
Country_78,1995,1740.8
Country_78,1996,1586.4
Country_78,1997,1802.4
Country_78,1998,1664.1
Country_78,1999,1563.0
Country_78,2000,1711.5
Country_78,2001,1631.6
Country_78,2002,1666.6
Country_78,2003,1685.2
Country_78,2004,1764.9
Country_78,2005,1619.4
Country_78,2006,1538.5
Country_78,2007,1558.7
Country_78,2008,1640.0
Country_78,2009,1700.4
Country_78,2010,1548.7
Country_78,2011,1685.6
Country_78,2012,1583.2
Country_78,2013,1659.2
Country_78,2014,1663.9
Country_78,2015,1665.8
Country_78,2016,1649.5
Country_78,2017,1647.9
Country_78,2018,1640.0
Country_78,2019,1600.2
Country_78,2020,1599.5
Country_78,2021,1567.5
Country_78,2022,1553.3
Country_78,2023,1687.0
Country_79,1900,1305.9
Country_79,1901,1242.4
Country_79,1902,1315.2
Country_79,1903,1224.5
Country_79,1904,1203.3
Country_79,1905,1248.4
Country_79,1906,1213.4
Country_79,1907,1195.9
Country_79,1908,1117.0
Country_79,1909,1133.5
Country_79,1910,1219.1
Country_79,1911,1152.5
Country_79,1912,1263.3
Country_79,1913,1271.5
Country_79,1914,1187.1
Country_79,1915,1295.4
Country_79,1916,1211.5
Country_79,1917,1188.8
Country_79,1918,1137.2
Country_79,1919,1226.5
Country_79,1920,1270.4
Country_79,1921,1247.1
Country_79,1922,1266.9
Country_79,1923,1248.5
Country_79,1924,1177.2
Country_79,1925,1226.6
Country_79,1926,1232.1
Country_79,1927,1249.0
Country_79,1928,1158.5
Country_79,1929,1153.9
Country_79,1930,1151.2
Country_79,1931,1241.7
Country_79,1932,1316.9
Country_79,1933,1106.0
Country_79,1934,1172.7
Country_79,1935,1226.2
Country_79,1936,1229.8
Country_79,1937,1258.8
Country_79,1938,1295.1
Country_79,1939,1189.5
Country_79,1940,1180.5
Country_79,1941,1216.8
Country_79,1942,1279.4
Country_79,1943,1183.4
Country_79,1944,1203.9
Country_79,1945,1164.4
Country_79,1946,1181.2
Country_79,1947,1151.9
Country_79,1948,1311.9
Country_79,1949,1193.9
Country_79,1950,1166.6
Country_79,1951,1214.8
Country_79,1952,1255.2
Country_79,1953,1167.9
Country_79,1954,1243.1
Country_79,1955,1165.5
Country_79,1956,1119.8
Country_79,1957,1188.6
Country_79,1958,1255.7
Country_79,1959,1320.2
Country_79,1960,1215.8
Country_79,1961,1148.5
Country_79,1962,1315.1
Country_79,1963,1190.2
Country_79,1964,1226.7
Country_79,1965,1155.0
Country_79,1966,1175.6
Country_79,1967,1262.9
Country_79,1968,1162.4
Country_79,1969,1263.9
Country_79,1970,1214.0
Country_79,1971,1289.6
Country_79,1972,1263.5
Country_79,1973,1232.6
Country_79,1974,1204.1
Country_79,1975,1136.6
Country_79,1976,1203.0
Country_79,1977,1217.6
Country_79,1978,1206.3
Country_79,1979,1124.9
Country_79,1980,1179.6
Country_79,1981,1232.2
Country_79,1982,1262.1
Country_79,1983,1256.0
Country_79,1984,1271.7
Country_79,1985,1224.5
Country_79,1986,1237.0
Country_79,1987,1132.7
Country_79,1988,1280.5
Country_79,1989,1219.0
Country_79,1990,1111.2
Country_79,1991,1231.0
Country_79,1992,1162.4
Country_79,1993,1228.3
Country_79,1994,1152.5
Country_79,1995,1128.2
Country_79,1996,1178.2
Country_79,1997,1167.8
Country_79,1998,1203.3
Country_79,1999,1229.3
Country_79,2000,1264.6
Country_79,2001,1300.3
Country_79,2002,1235.2
Country_79,2003,1214.5
Country_79,2004,1204.6
Country_79,2005,1262.8
Country_79,2006,1236.2
Country_79,2007,1200.9
Country_79,2008,1220.0
Country_79,2009,1218.3
Country_79,2010,1277.0
Country_79,2011,1199.7
Country_79,2012,1257.5
Country_79,2013,1098.6
Country_79,2014,1199.5
Country_79,2015,1180.1
Country_79,2016,1242.5
Country_79,2017,1283.9
Country_79,2018,1301.3
Country_79,2019,1159.0
Country_79,2020,1139.2
Country_79,2021,1243.1
Country_79,2022,1253.2
Country_79,2023,1151.7
Country_80,1900,1808.5
Country_80,1901,1799.7
Country_80,1902,1770.3
Country_80,1903,1863.0
Country_80,1904,1775.0
Country_80,1905,1822.5
Country_80,1906,1769.3
Country_80,1907,1837.3
Country_80,1908,1739.1
Country_80,1909,1907.2
Country_80,1910,1891.0
Country_80,1911,1800.0
Country_80,1912,1793.6
Country_80,1913,1821.8
Country_80,1914,1843.6
Country_80,1915,1728.0
Country_80,1916,1854.6
Country_80,1917,1760.0
Country_80,1918,1875.5
Country_80,1919,1911.0
Country_80,1920,1788.6
Country_80,1921,1838.3
Country_80,1922,1805.6
Country_80,1923,1853.5
Country_80,1924,1744.7
Country_80,1925,1811.5
Country_80,1926,1797.3
Country_80,1927,1799.8
Country_80,1928,1814.0
Country_80,1929,1811.4
Country_80,1930,1802.9
Country_80,1931,1823.8
Country_80,1932,1757.0
Country_80,1933,1870.2
Country_80,1934,1757.0
Country_80,1935,1767.1
Country_80,1936,1856.5
Country_80,1937,1803.8
Country_80,1938,1812.1
Country_80,1939,1792.9
Country_80,1940,1819.3
Country_80,1941,1793.1
Country_80,1942,1817.5
Country_80,1943,1821.7
Country_80,1944,1845.3
Country_80,1945,1848.0
Country_80,1946,1877.5
Country_80,1947,1833.0
Country_80,1948,1818.6
Country_80,1949,1769.3
Country_80,1950,1761.1
Country_80,1951,1724.2
Country_80,1952,1833.7
Country_80,1953,1798.1
Country_80,1954,1774.9
Country_80,1955,1835.8
Country_80,1956,1893.3
Country_80,1957,1819.3
Country_80,1958,1785.6
Country_80,1959,1804.5
Country_80,1960,1782.8
Country_80,1961,1846.2
Country_80,1962,1868.1
Country_80,1963,1780.6
Country_80,1964,1910.1
Country_80,1965,1821.1
Country_80,1966,1890.1
Country_80,1967,1887.3
Country_80,1968,1777.1
Country_80,1969,1791.4
Country_80,1970,1785.9
Country_80,1971,1822.4
Country_80,1972,1812.5
Country_80,1973,1861.4
Country_80,1974,1916.4
Country_80,1975,1886.1
Country_80,1976,1829.8
Country_80,1977,1794.9
Country_80,1978,1810.4
Country_80,1979,1773.3
Country_80,1980,1726.0
Country_80,1981,1804.9
Country_80,1982,1826.0
Country_80,1983,1724.3
Country_80,1984,1872.0
Country_80,1985,1864.9
Country_80,1986,1792.6
Country_80,1987,1866.0
Country_80,1988,1779.9
Country_80,1989,1719.6
Country_80,1990,1840.4
Country_80,1991,1825.8
Country_80,1992,1745.0
Country_80,1993,1801.8
Country_80,1994,1761.8
Country_80,1995,1827.7
Country_80,1996,1810.8
Country_80,1997,1815.9
Country_80,1998,1756.6
Country_80,1999,1829.5
Country_80,2000,1858.8
Country_80,2001,1942.6
Country_80,2002,1774.1
Country_80,2003,1886.7
Country_80,2004,1784.8
Country_80,2005,1917.5
Country_80,2006,1785.3
Country_80,2007,1837.0
Country_80,2008,1785.0
Country_80,2009,1726.9
Country_80,2010,1909.4
Country_80,2011,1695.0
Country_80,2012,1901.0
Country_80,2013,1844.2
Country_80,2014,1899.5
Country_80,2015,1751.4
Country_80,2016,1855.1
Country_80,2017,1832.9
Country_80,2018,1787.2
Country_80,2019,1951.8
Country_80,2020,1865.4
Country_80,2021,1896.2
Country_80,2022,1842.2
Country_80,2023,1790.9
Country_81,1900,806.1
Country_81,1901,829.7
Country_81,1902,878.2
Country_81,1903,883.3
Country_81,1904,837.8
Country_81,1905,777.3
Country_81,1906,814.1
Country_81,1907,788.1
Country_81,1908,797.2
Country_81,1909,828.2
Country_81,1910,802.3
Country_81,1911,876.9
Country_81,1912,787.8
Country_81,1913,890.7
Country_81,1914,815.5
Country_81,1915,863.4
Country_81,1916,921.6
Country_81,1917,813.6
Country_81,1918,789.9
Country_81,1919,891.0
Country_81,1920,848.6
Country_81,1921,866.4
Country_81,1922,818.3
Country_81,1923,825.8
Country_81,1924,860.1
Country_81,1925,855.3
Country_81,1926,946.5
Country_81,1927,787.5
Country_81,1928,824.9
Country_81,1929,843.6
Country_81,1930,885.9
Country_81,1931,778.0
Country_81,1932,759.1
Country_81,1933,878.4
Country_81,1934,829.3
Country_81,1935,866.6
Country_81,1936,849.1
Country_81,1937,861.3
Country_81,1938,911.6
Country_81,1939,851.8
Country_81,1940,788.5
Country_81,1941,778.0
Country_81,1942,793.5
Country_81,1943,914.5
Country_81,1944,814.4
Country_81,1945,777.4
Country_81,1946,761.0
Country_81,1947,814.9
Country_81,1948,805.9
Country_81,1949,962.6
Country_81,1950,781.6
Country_81,1951,913.8
Country_81,1952,759.1
Country_81,1953,906.7
Country_81,1954,840.4
Country_81,1955,818.4
Country_81,1956,863.5
Country_81,1957,802.2
Country_81,1958,893.2
Country_81,1959,822.7
Country_81,1960,808.5
Country_81,1961,830.6
Country_81,1962,856.5
Country_81,1963,794.5
Country_81,1964,830.9
Country_81,1965,827.8
Country_81,1966,860.2
Country_81,1967,836.4
Country_81,1968,833.7
Country_81,1969,866.2
Country_81,1970,836.2
Country_81,1971,687.4
Country_81,1972,791.2
Country_81,1973,868.4
Country_81,1974,803.5
Country_81,1975,710.6
Country_81,1976,823.1
Country_81,1977,865.7
Country_81,1978,828.1
Country_81,1979,793.2
Country_81,1980,799.5
Country_81,1981,853.2
Country_81,1982,840.6
Country_81,1983,779.8
Country_81,1984,911.5
Country_81,1985,838.9
Country_81,1986,770.9
Country_81,1987,794.4
Country_81,1988,798.5
Country_81,1989,771.5
Country_81,1990,794.8
Country_81,1991,892.9
Country_81,1992,784.6
Country_81,1993,880.8
Country_81,1994,775.8
Country_81,1995,848.9
Country_81,1996,933.2
Country_81,1997,813.9
Country_81,1998,867.2
Country_81,1999,812.0
Country_81,2000,787.2
Country_81,2001,852.2
Country_81,2002,885.0
Country_81,2003,829.3
Country_81,2004,841.8
Country_81,2005,707.0
Country_81,2006,878.1
Country_81,2007,751.7
Country_81,2008,819.3
Country_81,2009,748.3
Country_81,2010,913.3
Country_81,2011,820.0
Country_81,2012,845.7
Country_81,2013,791.8
Country_81,2014,904.8
Country_81,2015,736.0
Country_81,2016,879.7
Country_81,2017,843.9
Country_81,2018,773.8
Country_81,2019,821.6
Country_81,2020,737.4
Country_81,2021,877.6
Country_81,2022,871.7
Country_81,2023,878.1
Country_82,1900,1117.8
Country_82,1901,1234.1
Country_82,1902,1155.9
Country_82,1903,1184.4
Country_82,1904,1210.3
Country_82,1905,1187.8
Country_82,1906,1164.8
Country_82,1907,1253.0
Country_82,1908,1170.0
Country_82,1909,1189.3
Country_82,1910,1152.0
Country_82,1911,1171.9
Country_82,1912,1133.5
Country_82,1913,1096.0
Country_82,1914,1222.5
Country_82,1915,1196.1
Country_82,1916,1180.9
Country_82,1917,1208.4
Country_82,1918,1223.9
Country_82,1919,1184.7
Country_82,1920,1196.4
Country_82,1921,1228.6
Country_82,1922,1168.0
Country_82,1923,1144.5
Country_82,1924,1235.7
Country_82,1925,1202.0
Country_82,1926,1183.1
Country_82,1927,1233.5
Country_82,1928,1225.1
Country_82,1929,1213.5
Country_82,1930,1216.5
Country_82,1931,1192.8
Country_82,1932,1133.8
Country_82,1933,1128.2
Country_82,1934,1149.3
Country_82,1935,1228.1
Country_82,1936,1139.5
Country_82,1937,1114.6
Country_82,1938,1122.7
Country_82,1939,1149.4
Country_82,1940,1156.3
Country_82,1941,1221.9
Country_82,1942,1229.5
Country_82,1943,1163.4
Country_82,1944,1153.4
Country_82,1945,1296.6
Country_82,1946,1247.1
Country_82,1947,1130.6
Country_82,1948,1193.3
Country_82,1949,1137.4
Country_82,1950,1160.9
Country_82,1951,1202.5
Country_82,1952,1218.6
Country_82,1953,1182.1
Country_82,1954,1140.8
Country_82,1955,1159.8
Country_82,1956,1136.4
Country_82,1957,1222.3
Country_82,1958,1161.3
Country_82,1959,1206.0
Country_82,1960,1098.3
Country_82,1961,1212.3
Country_82,1962,1203.0
Country_82,1963,1141.0
Country_82,1964,1192.6
Country_82,1965,1196.0
Country_82,1966,1197.2
Country_82,1967,1174.9
Country_82,1968,1153.1
Country_82,1969,1157.7
Country_82,1970,1253.4
Country_82,1971,1186.5
Country_82,1972,1199.2
Country_82,1973,1228.9
Country_82,1974,1161.0
Country_82,1975,1112.8
Country_82,1976,1175.0
Country_82,1977,1278.7
Country_82,1978,1111.2
Country_82,1979,1204.5
Country_82,1980,1109.7
Country_82,1981,1216.7
Country_82,1982,1099.1
Country_82,1983,1201.8
Country_82,1984,1152.5
Country_82,1985,1175.1
Country_82,1986,1128.1
Country_82,1987,1243.1
Country_82,1988,1213.0
Country_82,1989,1198.0
Country_82,1990,1184.6
Country_82,1991,1310.8
Country_82,1992,1143.5
Country_82,1993,1235.1
Country_82,1994,1224.3
Country_82,1995,1290.8
Country_82,1996,1198.0
Country_82,1997,1224.9
Country_82,1998,1176.0
Country_82,1999,1185.0
Country_82,2000,1228.5
Country_82,2001,1176.6
Country_82,2002,1197.0
Country_82,2003,1139.4
Country_82,2004,1129.1
Country_82,2005,1124.1
Country_82,2006,1163.8
Country_82,2007,1205.6
Country_82,2008,1140.8
Country_82,2009,1093.8
Country_82,2010,1167.7
Country_82,2011,1141.4
Country_82,2012,1142.2
Country_82,2013,1223.8
Country_82,2014,1256.6
Country_82,2015,1274.1
Country_82,2016,1191.2
Country_82,2017,1127.8
Country_82,2018,1138.4
Country_82,2019,1177.8
Country_82,2020,1248.3
Country_82,2021,1141.3
Country_82,2022,1236.4
Country_82,2023,1204.2
Country_83,1900,1846.2
Country_83,1901,1798.8
Country_83,1902,1821.1
Country_83,1903,1797.7
Country_83,1904,1801.7
Country_83,1905,1810.3
Country_83,1906,1832.2
Country_83,1907,1784.9
Country_83,1908,1850.6
Country_83,1909,1853.6
Country_83,1910,1835.0
Country_83,1911,1807.1
Country_83,1912,1704.6
Country_83,1913,1801.4
Country_83,1914,1759.9
Country_83,1915,1804.5
Country_83,1916,1799.7
Country_83,1917,1848.1
Country_83,1918,1755.4
Country_83,1919,1835.0
Country_83,1920,1853.0
Country_83,1921,1696.3
Country_83,1922,1844.0
Country_83,1923,1805.5
Country_83,1924,1829.0
Country_83,1925,1804.5
Country_83,1926,1807.7
Country_83,1927,1785.6
Country_83,1928,1864.6
Country_83,1929,1838.9
Country_83,1930,1789.5
Country_83,1931,1748.8
Country_83,1932,1819.6
Country_83,1933,1855.5
Country_83,1934,1859.1
Country_83,1935,1805.1
Country_83,1936,1778.0
Country_83,1937,1874.8
Country_83,1938,1786.0
Country_83,1939,1818.2
Country_83,1940,1886.0
Country_83,1941,1728.8
Country_83,1942,1762.7
Country_83,1943,1800.2
Country_83,1944,1824.8
Country_83,1945,1824.3
Country_83,1946,1931.6
Country_83,1947,1810.3
Country_83,1948,1744.1
Country_83,1949,1864.5
Country_83,1950,1768.4
Country_83,1951,1900.8
Country_83,1952,1814.4
Country_83,1953,1781.6
Country_83,1954,1854.6
Country_83,1955,1814.8
Country_83,1956,1768.3
Country_83,1957,1753.6
Country_83,1958,1813.3
Country_83,1959,1821.3
Country_83,1960,1794.8
Country_83,1961,1833.7
Country_83,1962,1866.1
Country_83,1963,1867.5
Country_83,1964,1741.9
Country_83,1965,1815.8
Country_83,1966,1865.8
Country_83,1967,1747.8
Country_83,1968,1736.9
Country_83,1969,1756.6
Country_83,1970,1834.2
Country_83,1971,1873.3
Country_83,1972,1787.2
Country_83,1973,1799.9
Country_83,1974,1753.5
Country_83,1975,1847.4
Country_83,1976,1856.0
Country_83,1977,1777.3
Country_83,1978,1801.0
Country_83,1979,1830.1
Country_83,1980,1808.8
Country_83,1981,1807.5
Country_83,1982,1781.6
Country_83,1983,1808.8
Country_83,1984,1823.0
Country_83,1985,1853.6
Country_83,1986,1864.1
Country_83,1987,1775.3
Country_83,1988,1819.1
Country_83,1989,1840.6
Country_83,1990,1798.9
Country_83,1991,1691.2
Country_83,1992,1843.5
Country_83,1993,1813.3
Country_83,1994,1856.9
Country_83,1995,1844.0
Country_83,1996,1818.3
Country_83,1997,1815.7
Country_83,1998,1836.2
Country_83,1999,1803.2
Country_83,2000,1741.1
Country_83,2001,1794.8
Country_83,2002,1861.4
Country_83,2003,1836.6
Country_83,2004,1773.7
Country_83,2005,1794.9
Country_83,2006,1702.5
Country_83,2007,1799.1
Country_83,2008,1942.9
Country_83,2009,1774.4
Country_83,2010,1836.8
Country_83,2011,1718.9
Country_83,2012,1851.2
Country_83,2013,1851.2
Country_83,2014,1758.3
Country_83,2015,1867.6
Country_83,2016,1768.0
Country_83,2017,1788.5
Country_83,2018,1819.1
Country_83,2019,1828.8
Country_83,2020,1777.7
Country_83,2021,1711.3
Country_83,2022,1848.6
Country_83,2023,1810.1
Country_84,1900,1934.8
Country_84,1901,1854.3
Country_84,1902,1855.4
Country_84,1903,1906.0
Country_84,1904,1886.7
Country_84,1905,1894.5
Country_84,1906,1933.7
Country_84,1907,1871.2
Country_84,1908,1799.9
Country_84,1909,1780.3
Country_84,1910,1766.4
Country_84,1911,1890.6
Country_84,1912,1859.0
Country_84,1913,1803.0
Country_84,1914,1869.0
Country_84,1915,1784.4
Country_84,1916,1880.7
Country_84,1917,1771.9
Country_84,1918,1833.6
Country_84,1919,1810.4
Country_84,1920,1897.2
Country_84,1921,1878.3
Country_84,1922,1836.3
Country_84,1923,1801.7
Country_84,1924,1840.4
Country_84,1925,1903.7
Country_84,1926,1863.0
Country_84,1927,1850.5
Country_84,1928,1859.9
Country_84,1929,1783.7
Country_84,1930,1904.4
Country_84,1931,1914.5
Country_84,1932,1823.5
Country_84,1933,1797.0
Country_84,1934,1879.6
Country_84,1935,1951.1
Country_84,1936,1876.3
Country_84,1937,1828.9
Country_84,1938,1815.7
Country_84,1939,1858.2
Country_84,1940,1790.5
Country_84,1941,1880.1
Country_84,1942,1790.7
Country_84,1943,1916.7
Country_84,1944,1916.7
Country_84,1945,1850.7
Country_84,1946,1890.0
Country_84,1947,1741.4
Country_84,1948,1870.7
Country_84,1949,1881.2
Country_84,1950,1870.5
Country_84,1951,1758.9
Country_84,1952,1826.1
Country_84,1953,1920.2
Country_84,1954,1831.3
Country_84,1955,1827.9
Country_84,1956,1884.0
Country_84,1957,1905.9
Country_84,1958,1811.4
Country_84,1959,1919.1
Country_84,1960,1837.6
Country_84,1961,1809.3
Country_84,1962,1797.5
Country_84,1963,1867.4
Country_84,1964,1829.1
Country_84,1965,1893.0
Country_84,1966,1834.4
Country_84,1967,1892.4
Country_84,1968,1784.1
Country_84,1969,1874.9
Country_84,1970,1864.1
Country_84,1971,1829.6
Country_84,1972,1909.4
Country_84,1973,1801.7
Country_84,1974,1921.5
Country_84,1975,1836.1
Country_84,1976,1845.5
Country_84,1977,1863.7
Country_84,1978,1882.7
Country_84,1979,1802.8
Country_84,1980,1901.1
Country_84,1981,1925.0
Country_84,1982,1835.4
Country_84,1983,1826.5
Country_84,1984,1791.6
Country_84,1985,1862.5
Country_84,1986,1916.2
Country_84,1987,1829.1
Country_84,1988,1836.1
Country_84,1989,1785.6
Country_84,1990,1832.5
Country_84,1991,1923.1
Country_84,1992,1836.0
Country_84,1993,1815.4
Country_84,1994,1860.7
Country_84,1995,1856.4
Country_84,1996,1820.1
Country_84,1997,1794.6
Country_84,1998,1821.7
Country_84,1999,1936.4
Country_84,2000,1797.8
Country_84,2001,1900.1
Country_84,2002,1828.5
Country_84,2003,1919.1
Country_84,2004,1810.8
Country_84,2005,1874.1
Country_84,2006,1730.2
Country_84,2007,1707.3
Country_84,2008,1875.2
Country_84,2009,1767.0
Country_84,2010,1827.0
Country_84,2011,1851.7
Country_84,2012,1870.4
Country_84,2013,1807.8
Country_84,2014,1809.3
Country_84,2015,1832.7
Country_84,2016,1877.9
Country_84,2017,1850.2
Country_84,2018,1787.7
Country_84,2019,1786.5
Country_84,2020,1763.5
Country_84,2021,1776.2
Country_84,2022,1915.0
Country_84,2023,1946.4
Country_85,1900,1031.7
Country_85,1901,999.9
Country_85,1902,1057.8
Country_85,1903,956.9
Country_85,1904,961.6
Country_85,1905,932.9
Country_85,1906,1020.0
Country_85,1907,1003.2
Country_85,1908,1005.4
Country_85,1909,1006.6
Country_85,1910,1038.5
Country_85,1911,990.1
Country_85,1912,912.2
Country_85,1913,1028.4
Country_85,1914,1065.7
Country_85,1915,1017.7
Country_85,1916,1009.6
Country_85,1917,1029.9
Country_85,1918,982.6
Country_85,1919,1096.9
Country_85,1920,1047.4
Country_85,1921,960.0
Country_85,1922,995.8
Country_85,1923,1094.2
Country_85,1924,1044.0
Country_85,1925,1035.7
Country_85,1926,1080.0
Country_85,1927,991.6
Country_85,1928,1019.9
Country_85,1929,973.2
Country_85,1930,1026.3
Country_85,1931,1129.4
Country_85,1932,996.3
Country_85,1933,979.7
Country_85,1934,1089.9
Country_85,1935,1041.6
Country_85,1936,952.0
Country_85,1937,1063.5
Country_85,1938,958.2
Country_85,1939,990.1
Country_85,1940,1035.6
Country_85,1941,988.3
Country_85,1942,979.3
Country_85,1943,1066.6
Country_85,1944,1054.8
Country_85,1945,1031.0
Country_85,1946,956.3
Country_85,1947,1110.4
Country_85,1948,1031.4
Country_85,1949,1047.2
Country_85,1950,965.5
Country_85,1951,992.6
Country_85,1952,975.3
Country_85,1953,1060.7
Country_85,1954,965.3
Country_85,1955,1004.9
Country_85,1956,1023.9
Country_85,1957,994.5
Country_85,1958,1093.9
Country_85,1959,1041.5
Country_85,1960,1004.0
Country_85,1961,1019.5
Country_85,1962,1062.2
Country_85,1963,1062.3
Country_85,1964,1061.3
Country_85,1965,1004.7
Country_85,1966,997.5
Country_85,1967,1087.9
Country_85,1968,927.0
Country_85,1969,1042.2
Country_85,1970,1022.8
Country_85,1971,922.1
Country_85,1972,1033.5
Country_85,1973,971.4
Country_85,1974,1068.7
Country_85,1975,1071.1
Country_85,1976,1082.3
Country_85,1977,1008.8
Country_85,1978,1002.9
Country_85,1979,987.8
Country_85,1980,1110.3
Country_85,1981,990.1
Country_85,1982,1050.7
Country_85,1983,946.7
Country_85,1984,998.8
Country_85,1985,956.4
Country_85,1986,978.3
Country_85,1987,950.0
Country_85,1988,999.2
Country_85,1989,1002.7
Country_85,1990,1008.2
Country_85,1991,957.6
Country_85,1992,994.7
Country_85,1993,976.3
Country_85,1994,998.1
Country_85,1995,1007.2
Country_85,1996,951.6
Country_85,1997,1096.5
Country_85,1998,1071.4
Country_85,1999,947.2
Country_85,2000,1041.4
Country_85,2001,1009.7
Country_85,2002,1015.4
Country_85,2003,994.5
Country_85,2004,937.4
Country_85,2005,1094.8
Country_85,2006,1049.5
Country_85,2007,1087.5
Country_85,2008,997.9
Country_85,2009,999.6
Country_85,2010,965.4
Country_85,2011,1034.9
Country_85,2012,992.9
Country_85,2013,1031.1
Country_85,2014,1052.4
Country_85,2015,1051.7
Country_85,2016,1047.8
Country_85,2017,1076.7
Country_85,2018,1022.0
Country_85,2019,1035.0
Country_85,2020,1010.6
Country_85,2021,1095.8
Country_85,2022,1020.8
Country_85,2023,1006.2
Country_86,1900,629.7
Country_86,1901,701.0
Country_86,1902,683.0
Country_86,1903,702.9
Country_86,1904,607.3
Country_86,1905,674.9
Country_86,1906,709.4
Country_86,1907,618.6
Country_86,1908,648.9
Country_86,1909,700.1
Country_86,1910,687.4
Country_86,1911,635.2
Country_86,1912,714.8
Country_86,1913,752.9
Country_86,1914,655.2
Country_86,1915,619.5
Country_86,1916,734.5
Country_86,1917,618.1
Country_86,1918,668.9
Country_86,1919,733.9
Country_86,1920,624.5
Country_86,1921,655.1
Country_86,1922,751.3
Country_86,1923,657.6
Country_86,1924,669.3
Country_86,1925,757.9
Country_86,1926,667.8
Country_86,1927,616.4
Country_86,1928,693.2
Country_86,1929,753.3
Country_86,1930,733.7
Country_86,1931,649.6
Country_86,1932,640.8
Country_86,1933,716.5
Country_86,1934,677.4
Country_86,1935,686.6
Country_86,1936,719.9
Country_86,1937,677.8
Country_86,1938,664.4
Country_86,1939,710.1
Country_86,1940,673.6
Country_86,1941,780.7
Country_86,1942,725.0
Country_86,1943,614.2
Country_86,1944,684.6
Country_86,1945,632.1
Country_86,1946,765.4
Country_86,1947,605.4
Country_86,1948,685.8
Country_86,1949,575.4
Country_86,1950,708.8
Country_86,1951,742.1
Country_86,1952,751.5
Country_86,1953,732.1
Country_86,1954,788.1
Country_86,1955,738.5
Country_86,1956,643.0
Country_86,1957,700.4
Country_86,1958,659.9
Country_86,1959,727.9
Country_86,1960,652.1
Country_86,1961,650.3
Country_86,1962,686.3
Country_86,1963,622.7
Country_86,1964,787.3
Country_86,1965,735.8
Country_86,1966,734.1
Country_86,1967,734.2
Country_86,1968,715.8
Country_86,1969,586.3
Country_86,1970,672.2
Country_86,1971,655.2
Country_86,1972,696.7
Country_86,1973,606.3
Country_86,1974,617.7
Country_86,1975,706.8
Country_86,1976,651.3
Country_86,1977,640.9
Country_86,1978,642.9
Country_86,1979,802.9
Country_86,1980,629.5
Country_86,1981,654.6
Country_86,1982,690.7
Country_86,1983,719.5
Country_86,1984,683.8
Country_86,1985,716.5
Country_86,1986,700.8
Country_86,1987,726.3
Country_86,1988,639.4
Country_86,1989,588.3
Country_86,1990,748.2
Country_86,1991,679.3
Country_86,1992,624.5
Country_86,1993,675.2
Country_86,1994,677.3
Country_86,1995,663.8
Country_86,1996,590.1
Country_86,1997,767.2
Country_86,1998,722.7
Country_86,1999,655.0
Country_86,2000,656.7
Country_86,2001,773.6
Country_86,2002,783.3
Country_86,2003,729.4
Country_86,2004,731.1
Country_86,2005,582.9
Country_86,2006,730.2
Country_86,2007,686.1
Country_86,2008,671.3
Country_86,2009,733.4
Country_86,2010,776.2
Country_86,2011,656.2
Country_86,2012,720.2
Country_86,2013,604.6
Country_86,2014,714.5
Country_86,2015,759.9
Country_86,2016,680.3
Country_86,2017,600.7
Country_86,2018,755.2
Country_86,2019,696.3
Country_86,2020,636.7
Country_86,2021,762.8
Country_86,2022,748.9
Country_86,2023,725.6
Country_87,1900,885.4
Country_87,1901,888.9
Country_87,1902,965.3
Country_87,1903,900.4
Country_87,1904,886.9
Country_87,1905,896.2
Country_87,1906,916.0
Country_87,1907,940.2
Country_87,1908,941.8
Country_87,1909,997.5
Country_87,1910,940.2
Country_87,1911,965.8
Country_87,1912,947.4
Country_87,1913,919.9
Country_87,1914,917.3
Country_87,1915,862.6
Country_87,1916,848.5
Country_87,1917,939.4
Country_87,1918,967.7
Country_87,1919,987.8
Country_87,1920,906.6
Country_87,1921,892.4
Country_87,1922,906.2
Country_87,1923,951.6
Country_87,1924,947.1
Country_87,1925,954.3
Country_87,1926,901.9
Country_87,1927,867.3
Country_87,1928,859.1
Country_87,1929,870.4
Country_87,1930,956.2
Country_87,1931,925.1
Country_87,1932,906.6
Country_87,1933,904.7
Country_87,1934,895.4
Country_87,1935,867.1
Country_87,1936,920.7
Country_87,1937,893.1
Country_87,1938,940.9
Country_87,1939,910.0
Country_87,1940,910.3
Country_87,1941,964.8
Country_87,1942,864.6
Country_87,1943,969.5
Country_87,1944,964.5
Country_87,1945,844.2
Country_87,1946,932.8
Country_87,1947,804.7
Country_87,1948,864.5
Country_87,1949,910.5
Country_87,1950,964.5
Country_87,1951,908.0
Country_87,1952,894.0
Country_87,1953,925.2
Country_87,1954,1030.0
Country_87,1955,918.8
Country_87,1956,966.0
Country_87,1957,913.3
Country_87,1958,926.0
Country_87,1959,915.1
Country_87,1960,908.9
Country_87,1961,919.3
Country_87,1962,875.8
Country_87,1963,876.4
Country_87,1964,953.0
Country_87,1965,964.7
Country_87,1966,938.8
Country_87,1967,948.1
Country_87,1968,939.4
Country_87,1969,883.1
Country_87,1970,889.7
Country_87,1971,881.5
Country_87,1972,928.9
Country_87,1973,938.8
Country_87,1974,889.7
Country_87,1975,901.2
Country_87,1976,1017.8
Country_87,1977,981.4
Country_87,1978,919.1
Country_87,1979,900.8
Country_87,1980,951.0
Country_87,1981,885.0
Country_87,1982,886.6
Country_87,1983,988.9
Country_87,1984,955.2
Country_87,1985,885.1
Country_87,1986,871.2
Country_87,1987,831.7
Country_87,1988,930.8
Country_87,1989,944.3
Country_87,1990,919.3
Country_87,1991,932.6
Country_87,1992,943.6
Country_87,1993,893.9
Country_87,1994,970.0
Country_87,1995,914.9
Country_87,1996,849.0
Country_87,1997,926.2
Country_87,1998,959.7
Country_87,1999,903.5
Country_87,2000,886.5
Country_87,2001,975.5
Country_87,2002,901.0
Country_87,2003,857.0
Country_87,2004,924.4
Country_87,2005,817.5
Country_87,2006,949.2
Country_87,2007,899.9
Country_87,2008,933.6
Country_87,2009,930.7
Country_87,2010,935.2
Country_87,2011,910.6
Country_87,2012,967.9
Country_87,2013,964.5
Country_87,2014,951.1
Country_87,2015,894.9
Country_87,2016,932.5
Country_87,2017,867.1
Country_87,2018,933.6
Country_87,2019,957.3
Country_87,2020,864.4
Country_87,2021,914.7
Country_87,2022,936.5
Country_87,2023,871.3
Country_88,1900,1587.1
Country_88,1901,1647.0
Country_88,1902,1597.0
Country_88,1903,1602.4
Country_88,1904,1723.3
Country_88,1905,1676.9
Country_88,1906,1605.4
Country_88,1907,1657.2
Country_88,1908,1661.0
Country_88,1909,1667.4
Country_88,1910,1576.8
Country_88,1911,1536.7
Country_88,1912,1669.2
Country_88,1913,1591.4
Country_88,1914,1602.0
Country_88,1915,1726.0
Country_88,1916,1624.7
Country_88,1917,1637.1
Country_88,1918,1680.0
Country_88,1919,1600.2
Country_88,1920,1680.1
Country_88,1921,1584.0
Country_88,1922,1605.5
Country_88,1923,1562.6
Country_88,1924,1706.9
Country_88,1925,1662.9
Country_88,1926,1669.5
Country_88,1927,1672.8
Country_88,1928,1712.2
Country_88,1929,1648.6
Country_88,1930,1610.1
Country_88,1931,1647.5
Country_88,1932,1664.0
Country_88,1933,1628.4
Country_88,1934,1595.5
Country_88,1935,1670.6
Country_88,1936,1692.2
Country_88,1937,1658.3
Country_88,1938,1595.0
Country_88,1939,1595.5
Country_88,1940,1561.4
Country_88,1941,1683.8
Country_88,1942,1648.6
Country_88,1943,1628.6
Country_88,1944,1597.2
Country_88,1945,1609.4
Country_88,1946,1724.1
Country_88,1947,1611.4
Country_88,1948,1634.6
Country_88,1949,1667.8
Country_88,1950,1617.1
Country_88,1951,1692.0
Country_88,1952,1708.4
Country_88,1953,1613.7
Country_88,1954,1608.7
Country_88,1955,1591.9
Country_88,1956,1668.2
Country_88,1957,1671.5
Country_88,1958,1653.4
Country_88,1959,1588.3
Country_88,1960,1623.9
Country_88,1961,1628.8
Country_88,1962,1668.0
Country_88,1963,1735.6
Country_88,1964,1654.7
Country_88,1965,1683.0
Country_88,1966,1660.7
Country_88,1967,1671.1
Country_88,1968,1535.2
Country_88,1969,1591.6
Country_88,1970,1598.0
Country_88,1971,1593.0
Country_88,1972,1624.0
Country_88,1973,1676.7
Country_88,1974,1627.2
Country_88,1975,1639.9
Country_88,1976,1682.0
Country_88,1977,1673.4
Country_88,1978,1690.5
Country_88,1979,1638.1
Country_88,1980,1681.1
Country_88,1981,1741.8
Country_88,1982,1678.1
Country_88,1983,1583.6
Country_88,1984,1682.8
Country_88,1985,1583.6
Country_88,1986,1681.6
Country_88,1987,1608.6
Country_88,1988,1612.9
Country_88,1989,1630.9
Country_88,1990,1613.8
Country_88,1991,1613.9
Country_88,1992,1650.7
Country_88,1993,1653.8
Country_88,1994,1583.3
Country_88,1995,1768.4
Country_88,1996,1567.9
Country_88,1997,1633.2
Country_88,1998,1568.0
Country_88,1999,1536.6
Country_88,2000,1600.0
Country_88,2001,1705.5
Country_88,2002,1572.7
Country_88,2003,1679.2
Country_88,2004,1629.7
Country_88,2005,1596.9
Country_88,2006,1638.3
Country_88,2007,1608.7
Country_88,2008,1540.2
Country_88,2009,1679.7
Country_88,2010,1580.3
Country_88,2011,1583.2
Country_88,2012,1706.1
Country_88,2013,1506.2
Country_88,2014,1667.1
Country_88,2015,1578.7
Country_88,2016,1653.5
Country_88,2017,1556.9
Country_88,2018,1606.5
Country_88,2019,1660.4
Country_88,2020,1619.8
Country_88,2021,1660.1
Country_88,2022,1688.4
Country_88,2023,1637.2
Country_89,1900,1528.9
Country_89,1901,1546.8
Country_89,1902,1522.1
Country_89,1903,1591.2
Country_89,1904,1562.3
Country_89,1905,1658.3
Country_89,1906,1543.0
Country_89,1907,1545.4
Country_89,1908,1606.7
Country_89,1909,1507.3
Country_89,1910,1569.3
Country_89,1911,1505.8
Country_89,1912,1645.6
Country_89,1913,1634.8
Country_89,1914,1589.4
Country_89,1915,1456.5
Country_89,1916,1525.2
Country_89,1917,1566.7
Country_89,1918,1541.4
Country_89,1919,1543.0
Country_89,1920,1493.4
Country_89,1921,1534.5
Country_89,1922,1584.5
Country_89,1923,1654.5
Country_89,1924,1504.4
Country_89,1925,1548.5
Country_89,1926,1587.0
Country_89,1927,1515.5
Country_89,1928,1520.8
Country_89,1929,1601.3
Country_89,1930,1570.2
Country_89,1931,1539.4
Country_89,1932,1643.5
Country_89,1933,1593.2
Country_89,1934,1517.7
Country_89,1935,1518.2
Country_89,1936,1598.4
Country_89,1937,1525.4
Country_89,1938,1525.9
Country_89,1939,1555.5
Country_89,1940,1562.3
Country_89,1941,1669.4
Country_89,1942,1532.4
Country_89,1943,1552.1
Country_89,1944,1522.3
Country_89,1945,1576.9
Country_89,1946,1566.7
Country_89,1947,1584.0
Country_89,1948,1562.2
Country_89,1949,1550.9
Country_89,1950,1599.8
Country_89,1951,1565.5
Country_89,1952,1550.4
Country_89,1953,1518.7
Country_89,1954,1537.2
Country_89,1955,1506.8
Country_89,1956,1482.6
Country_89,1957,1510.3
Country_89,1958,1505.2
Country_89,1959,1514.9
Country_89,1960,1553.9
Country_89,1961,1537.9
Country_89,1962,1626.7
Country_89,1963,1642.7
Country_89,1964,1565.0
Country_89,1965,1571.8
Country_89,1966,1668.3
Country_89,1967,1632.6
Country_89,1968,1504.7
Country_89,1969,1586.5
Country_89,1970,1535.2
Country_89,1971,1611.7
Country_89,1972,1619.8
Country_89,1973,1621.9
Country_89,1974,1564.8
Country_89,1975,1515.6
Country_89,1976,1556.0
Country_89,1977,1598.6
Country_89,1978,1678.2
Country_89,1979,1552.6
Country_89,1980,1485.3
Country_89,1981,1623.7
Country_89,1982,1572.5
Country_89,1983,1583.2
Country_89,1984,1618.1
Country_89,1985,1538.1
Country_89,1986,1515.6
Country_89,1987,1611.9
Country_89,1988,1552.5
Country_89,1989,1567.1
Country_89,1990,1547.4
Country_89,1991,1527.0
Country_89,1992,1525.3
Country_89,1993,1451.9
Country_89,1994,1622.7
Country_89,1995,1627.8
Country_89,1996,1444.6
Country_89,1997,1668.5
Country_89,1998,1566.9
Country_89,1999,1574.0
Country_89,2000,1586.2
Country_89,2001,1490.3
Country_89,2002,1513.2
Country_89,2003,1522.2
Country_89,2004,1539.0
Country_89,2005,1463.3
Country_89,2006,1546.2
Country_89,2007,1530.2
Country_89,2008,1548.2
Country_89,2009,1582.8
Country_89,2010,1648.1
Country_89,2011,1621.4
Country_89,2012,1607.8
Country_89,2013,1614.9
Country_89,2014,1533.6
Country_89,2015,1476.6
Country_89,2016,1484.8
Country_89,2017,1582.3
Country_89,2018,1600.4
Country_89,2019,1596.6
Country_89,2020,1467.3
Country_89,2021,1467.8
Country_89,2022,1604.9
Country_89,2023,1538.1
Country_90,1900,1905.2
Country_90,1901,1887.0
Country_90,1902,1978.6
Country_90,1903,1960.5
Country_90,1904,1891.8
Country_90,1905,1908.5
Country_90,1906,1894.5
Country_90,1907,1862.9
Country_90,1908,1910.6
Country_90,1909,1897.5
Country_90,1910,1887.9
Country_90,1911,1945.5
Country_90,1912,2001.0
Country_90,1913,1943.0
Country_90,1914,1942.4
Country_90,1915,1981.1
Country_90,1916,2019.5
Country_90,1917,1954.1
Country_90,1918,1899.6
Country_90,1919,2054.9
Country_90,1920,1878.1
Country_90,1921,1968.2
Country_90,1922,1854.8
Country_90,1923,1915.0
Country_90,1924,1928.1
Country_90,1925,1890.8
Country_90,1926,1864.3
Country_90,1927,1936.3
Country_90,1928,1962.2
Country_90,1929,1851.0
Country_90,1930,1907.5
Country_90,1931,1917.1
Country_90,1932,1869.4
Country_90,1933,2011.3
Country_90,1934,1939.4
Country_90,1935,2014.4
Country_90,1936,1873.0
Country_90,1937,1943.7
Country_90,1938,1961.5
Country_90,1939,1952.7
Country_90,1940,1907.1
Country_90,1941,1956.2
Country_90,1942,1922.0
Country_90,1943,1875.1
Country_90,1944,1912.2
Country_90,1945,1971.4
Country_90,1946,1942.7
Country_90,1947,1961.1
Country_90,1948,1926.7
Country_90,1949,1905.6
Country_90,1950,1943.2
Country_90,1951,1962.0
Country_90,1952,1925.2
Country_90,1953,1856.0
Country_90,1954,1982.6
Country_90,1955,1885.9
Country_90,1956,1966.8
Country_90,1957,1929.7
Country_90,1958,1931.9
Country_90,1959,1882.9
Country_90,1960,1877.8
Country_90,1961,1917.5
Country_90,1962,2053.2
Country_90,1963,1918.6
Country_90,1964,1995.4
Country_90,1965,1836.1
Country_90,1966,1897.6
Country_90,1967,1914.1
Country_90,1968,1960.6
Country_90,1969,1839.8
Country_90,1970,1869.9
Country_90,1971,1963.2
Country_90,1972,1915.8
Country_90,1973,1986.6
Country_90,1974,1852.5
Country_90,1975,1848.5
Country_90,1976,1905.6
Country_90,1977,1896.2
Country_90,1978,1903.4
Country_90,1979,1922.0
Country_90,1980,1888.7
Country_90,1981,1924.9
Country_90,1982,1900.3
Country_90,1983,1964.3
Country_90,1984,1915.7
Country_90,1985,1935.7
Country_90,1986,1929.3
Country_90,1987,1929.4
Country_90,1988,1922.7
Country_90,1989,1972.7
Country_90,1990,1929.3
Country_90,1991,1946.3
Country_90,1992,1888.9
Country_90,1993,1852.2
Country_90,1994,1996.4
Country_90,1995,1872.0
Country_90,1996,1919.7
Country_90,1997,1821.8
Country_90,1998,1937.0
Country_90,1999,1922.4
Country_90,2000,1986.8
Country_90,2001,1957.4
Country_90,2002,1917.0
Country_90,2003,1994.6
Country_90,2004,1912.2
Country_90,2005,1917.5
Country_90,2006,1880.0
Country_90,2007,1956.5
Country_90,2008,1910.5
Country_90,2009,1866.7
Country_90,2010,1978.7
Country_90,2011,1969.4
Country_90,2012,1892.3
Country_90,2013,1994.0
Country_90,2014,1975.0
Country_90,2015,1924.1
Country_90,2016,1930.1
Country_90,2017,1857.0
Country_90,2018,2025.6
Country_90,2019,1895.0
Country_90,2020,1963.2
Country_90,2021,1964.8
Country_90,2022,1941.2
Country_90,2023,1823.6
Country_91,1900,1499.7
Country_91,1901,1457.0
Country_91,1902,1386.5
Country_91,1903,1411.9
Country_91,1904,1537.7
Country_91,1905,1461.6
Country_91,1906,1410.7
Country_91,1907,1417.9
Country_91,1908,1491.1
Country_91,1909,1409.1
Country_91,1910,1361.7
Country_91,1911,1434.5
Country_91,1912,1520.2
Country_91,1913,1403.1
Country_91,1914,1502.1
Country_91,1915,1479.6
Country_91,1916,1411.0
Country_91,1917,1550.5
Country_91,1918,1398.9
Country_91,1919,1437.7
Country_91,1920,1492.9
Country_91,1921,1363.9
Country_91,1922,1486.7
Country_91,1923,1387.3
Country_91,1924,1320.7
Country_91,1925,1454.5
Country_91,1926,1413.6
Country_91,1927,1367.4
Country_91,1928,1395.0
Country_91,1929,1413.7
Country_91,1930,1482.2
Country_91,1931,1403.5
Country_91,1932,1398.9
Country_91,1933,1530.4
Country_91,1934,1428.8
Country_91,1935,1504.5
Country_91,1936,1452.5
Country_91,1937,1453.8
Country_91,1938,1410.9
Country_91,1939,1495.2
Country_91,1940,1412.2
Country_91,1941,1436.2
Country_91,1942,1509.5
Country_91,1943,1396.6
Country_91,1944,1399.7
Country_91,1945,1377.0
Country_91,1946,1459.8
Country_91,1947,1460.5
Country_91,1948,1394.0
Country_91,1949,1479.3
Country_91,1950,1407.3
Country_91,1951,1408.2
Country_91,1952,1395.3
Country_91,1953,1394.9
Country_91,1954,1398.0
Country_91,1955,1464.9
Country_91,1956,1468.8
Country_91,1957,1433.2
Country_91,1958,1414.6
Country_91,1959,1393.8
Country_91,1960,1443.8
Country_91,1961,1439.4
Country_91,1962,1420.5
Country_91,1963,1487.5
Country_91,1964,1440.9
Country_91,1965,1386.2
Country_91,1966,1443.0
Country_91,1967,1442.1
Country_91,1968,1441.4
Country_91,1969,1490.6
Country_91,1970,1463.0
Country_91,1971,1325.4
Country_91,1972,1517.5
Country_91,1973,1476.4
Country_91,1974,1449.1
Country_91,1975,1438.1
Country_91,1976,1406.4
Country_91,1977,1493.1
Country_91,1978,1351.8
Country_91,1979,1480.0
Country_91,1980,1441.5
Country_91,1981,1515.3
Country_91,1982,1455.2
Country_91,1983,1446.9
Country_91,1984,1345.9
Country_91,1985,1456.8
Country_91,1986,1553.8
Country_91,1987,1462.4
Country_91,1988,1539.3
Country_91,1989,1431.5
Country_91,1990,1440.4
Country_91,1991,1434.5
Country_91,1992,1468.2
Country_91,1993,1445.6
Country_91,1994,1474.7
Country_91,1995,1338.2
Country_91,1996,1443.6
Country_91,1997,1484.4
Country_91,1998,1471.6
Country_91,1999,1409.2
Country_91,2000,1317.3
Country_91,2001,1465.4
Country_91,2002,1414.9
Country_91,2003,1449.8
Country_91,2004,1484.2
Country_91,2005,1479.3
Country_91,2006,1438.9
Country_91,2007,1376.6
Country_91,2008,1384.5
Country_91,2009,1448.7
Country_91,2010,1452.6
Country_91,2011,1492.9
Country_91,2012,1366.5
Country_91,2013,1323.8
Country_91,2014,1366.2
Country_91,2015,1498.8
Country_91,2016,1440.9
Country_91,2017,1455.9
Country_91,2018,1407.3
Country_91,2019,1494.1
Country_91,2020,1373.4
Country_91,2021,1463.9
Country_91,2022,1455.9
Country_91,2023,1459.2
Country_92,1900,451.8
Country_92,1901,697.3
Country_92,1902,465.9
Country_92,1903,628.6
Country_92,1904,524.9
Country_92,1905,473.2
Country_92,1906,492.8
Country_92,1907,537.8
Country_92,1908,549.8
Country_92,1909,554.6
Country_92,1910,575.7
Country_92,1911,565.3
Country_92,1912,583.8
Country_92,1913,492.4
Country_92,1914,542.4
Country_92,1915,560.7
Country_92,1916,565.5
Country_92,1917,600.7
Country_92,1918,524.3
Country_92,1919,490.9
Country_92,1920,464.6
Country_92,1921,554.5
Country_92,1922,557.8
Country_92,1923,525.4
Country_92,1924,561.4
Country_92,1925,466.9
Country_92,1926,611.1
Country_92,1927,544.8
Country_92,1928,560.4
Country_92,1929,493.6
Country_92,1930,599.7
Country_92,1931,476.0
Country_92,1932,536.1
Country_92,1933,491.9
Country_92,1934,599.9
Country_92,1935,560.1
Country_92,1936,625.8
Country_92,1937,562.8
Country_92,1938,484.0
Country_92,1939,497.4
Country_92,1940,544.3
Country_92,1941,499.9
Country_92,1942,635.0
Country_92,1943,527.5
Country_92,1944,542.3
Country_92,1945,529.4
Country_92,1946,532.6
Country_92,1947,576.1
Country_92,1948,529.6
Country_92,1949,579.0
Country_92,1950,586.2
Country_92,1951,621.2
Country_92,1952,473.7
Country_92,1953,463.6
Country_92,1954,592.9
Country_92,1955,548.9
Country_92,1956,586.0
Country_92,1957,580.9
Country_92,1958,550.7
Country_92,1959,567.1
Country_92,1960,587.8
Country_92,1961,486.6
Country_92,1962,520.3
Country_92,1963,507.6
Country_92,1964,517.0
Country_92,1965,531.1
Country_92,1966,540.2
Country_92,1967,524.7
Country_92,1968,556.1
Country_92,1969,478.0
Country_92,1970,548.2
Country_92,1971,621.7
Country_92,1972,547.0
Country_92,1973,551.8
Country_92,1974,450.5
Country_92,1975,423.7
Country_92,1976,552.4
Country_92,1977,441.7
Country_92,1978,564.6
Country_92,1979,567.8
Country_92,1980,544.8
Country_92,1981,533.8
Country_92,1982,583.6
Country_92,1983,590.6
Country_92,1984,516.5
Country_92,1985,521.3
Country_92,1986,479.3
Country_92,1987,478.7
Country_92,1988,505.0
Country_92,1989,566.0
Country_92,1990,627.6
Country_92,1991,539.4
Country_92,1992,591.7
Country_92,1993,475.1
Country_92,1994,615.4
Country_92,1995,569.2
Country_92,1996,613.7
Country_92,1997,572.5
Country_92,1998,612.2
Country_92,1999,475.5
Country_92,2000,500.0
Country_92,2001,532.8
Country_92,2002,519.7
Country_92,2003,551.2
Country_92,2004,610.9
Country_92,2005,636.2
Country_92,2006,527.1
Country_92,2007,528.6
Country_92,2008,531.5
Country_92,2009,560.6
Country_92,2010,622.0
Country_92,2011,536.4
Country_92,2012,473.4
Country_92,2013,548.0
Country_92,2014,537.2
Country_92,2015,513.7
Country_92,2016,579.8
Country_92,2017,641.3
Country_92,2018,606.8
Country_92,2019,534.7
Country_92,2020,471.8
Country_92,2021,531.1
Country_92,2022,559.8
Country_92,2023,597.2
Country_93,1900,870.9
Country_93,1901,816.9
Country_93,1902,801.7
Country_93,1903,879.3
Country_93,1904,863.1
Country_93,1905,870.2
Country_93,1906,867.3
Country_93,1907,794.5
Country_93,1908,782.4
Country_93,1909,736.0
Country_93,1910,754.3
Country_93,1911,782.8
Country_93,1912,879.2
Country_93,1913,825.8
Country_93,1914,787.7
Country_93,1915,852.5
Country_93,1916,750.6
Country_93,1917,845.0
Country_93,1918,784.6
Country_93,1919,808.7
Country_93,1920,828.1
Country_93,1921,829.1
Country_93,1922,875.8
Country_93,1923,916.1
Country_93,1924,842.4
Country_93,1925,817.9
Country_93,1926,832.4
Country_93,1927,916.0
Country_93,1928,858.8
Country_93,1929,889.3
Country_93,1930,841.2
Country_93,1931,847.0
Country_93,1932,882.2
Country_93,1933,813.2
Country_93,1934,857.1
Country_93,1935,794.1
Country_93,1936,836.2
Country_93,1937,925.6
Country_93,1938,883.3
Country_93,1939,781.1
Country_93,1940,756.9
Country_93,1941,800.1
Country_93,1942,897.3
Country_93,1943,831.1
Country_93,1944,854.6
Country_93,1945,761.5
Country_93,1946,818.3
Country_93,1947,854.9
Country_93,1948,828.2
Country_93,1949,782.5
Country_93,1950,710.3
Country_93,1951,782.5
Country_93,1952,828.8
Country_93,1953,863.4
Country_93,1954,804.2
Country_93,1955,749.2
Country_93,1956,846.1
Country_93,1957,908.3
Country_93,1958,865.5
Country_93,1959,882.2
Country_93,1960,848.2
Country_93,1961,861.9
Country_93,1962,699.0
Country_93,1963,828.3
Country_93,1964,893.8
Country_93,1965,848.1
Country_93,1966,771.4
Country_93,1967,791.3
Country_93,1968,783.3
Country_93,1969,814.0
Country_93,1970,788.2
Country_93,1971,952.8
Country_93,1972,826.0
Country_93,1973,830.5
Country_93,1974,768.2
Country_93,1975,726.3
Country_93,1976,879.4
Country_93,1977,795.9
Country_93,1978,812.6
Country_93,1979,832.4
Country_93,1980,865.4
Country_93,1981,870.7
Country_93,1982,837.0
Country_93,1983,803.9
Country_93,1984,745.3
Country_93,1985,726.4
Country_93,1986,776.0
Country_93,1987,948.2
Country_93,1988,843.9
Country_93,1989,914.2
Country_93,1990,742.7
Country_93,1991,844.6
Country_93,1992,817.9
Country_93,1993,723.0
Country_93,1994,910.9
Country_93,1995,843.3
Country_93,1996,885.9
Country_93,1997,805.8
Country_93,1998,849.9
Country_93,1999,823.0
Country_93,2000,825.7
Country_93,2001,760.8
Country_93,2002,872.8
Country_93,2003,880.1
Country_93,2004,859.0
Country_93,2005,866.9
Country_93,2006,755.9
Country_93,2007,728.8
Country_93,2008,772.4
Country_93,2009,828.3
Country_93,2010,932.7
Country_93,2011,757.1
Country_93,2012,917.2
Country_93,2013,772.7
Country_93,2014,779.3
Country_93,2015,722.3
Country_93,2016,804.2
Country_93,2017,870.0
Country_93,2018,872.8
Country_93,2019,830.9
Country_93,2020,800.4
Country_93,2021,776.1
Country_93,2022,833.9
Country_93,2023,826.5
Country_94,1900,567.6
Country_94,1901,477.2
Country_94,1902,560.2
Country_94,1903,519.7
Country_94,1904,525.6
Country_94,1905,617.4
Country_94,1906,521.6
Country_94,1907,548.4
Country_94,1908,521.6
Country_94,1909,523.8
Country_94,1910,532.5
Country_94,1911,514.2
Country_94,1912,617.8
Country_94,1913,514.4
Country_94,1914,555.8
Country_94,1915,452.3
Country_94,1916,546.8
Country_94,1917,529.0
Country_94,1918,446.0
Country_94,1919,478.3
Country_94,1920,461.0
Country_94,1921,448.4
Country_94,1922,480.7
Country_94,1923,532.3
Country_94,1924,485.8
Country_94,1925,471.5
Country_94,1926,455.8
Country_94,1927,597.3
Country_94,1928,491.3
Country_94,1929,504.0
Country_94,1930,505.3
Country_94,1931,451.2
Country_94,1932,622.8
Country_94,1933,491.3
Country_94,1934,517.3
Country_94,1935,521.0
Country_94,1936,552.3
Country_94,1937,461.8
Country_94,1938,550.8
Country_94,1939,506.2
Country_94,1940,477.8
Country_94,1941,582.2
Country_94,1942,501.3
Country_94,1943,541.2
Country_94,1944,541.9
Country_94,1945,475.2
Country_94,1946,585.3
Country_94,1947,500.7
Country_94,1948,508.7
Country_94,1949,493.8
Country_94,1950,555.4
Country_94,1951,500.1
Country_94,1952,564.8
Country_94,1953,585.9
Country_94,1954,563.1
Country_94,1955,573.5
Country_94,1956,576.7
Country_94,1957,503.3
Country_94,1958,510.8
Country_94,1959,532.4
Country_94,1960,558.0
Country_94,1961,482.1
Country_94,1962,408.1
Country_94,1963,533.6
Country_94,1964,469.2
Country_94,1965,523.0
Country_94,1966,502.8
Country_94,1967,560.5
Country_94,1968,516.4
Country_94,1969,496.3
Country_94,1970,572.8
Country_94,1971,613.9
Country_94,1972,477.1
Country_94,1973,541.3
Country_94,1974,542.6
Country_94,1975,559.8
Country_94,1976,532.0
Country_94,1977,466.2
Country_94,1978,575.4
Country_94,1979,535.1
Country_94,1980,560.7
Country_94,1981,591.5
Country_94,1982,554.7
Country_94,1983,445.5
Country_94,1984,421.5
Country_94,1985,445.7
Country_94,1986,533.5
Country_94,1987,538.8
Country_94,1988,521.9
Country_94,1989,543.7
Country_94,1990,562.2
Country_94,1991,544.7
Country_94,1992,388.8
Country_94,1993,494.6
Country_94,1994,529.1
Country_94,1995,536.3
Country_94,1996,574.9
Country_94,1997,562.7
Country_94,1998,547.5
Country_94,1999,468.8
Country_94,2000,427.9
Country_94,2001,475.2
Country_94,2002,578.4
Country_94,2003,512.0
Country_94,2004,571.5
Country_94,2005,510.4
Country_94,2006,488.8
Country_94,2007,565.8
Country_94,2008,467.1
Country_94,2009,536.6
Country_94,2010,584.7
Country_94,2011,516.9
Country_94,2012,585.8
Country_94,2013,591.1
Country_94,2014,488.6
Country_94,2015,508.1
Country_94,2016,443.2
Country_94,2017,521.7
Country_94,2018,509.0
Country_94,2019,546.6
Country_94,2020,517.1
Country_94,2021,557.6
Country_94,2022,526.3
Country_94,2023,536.9
Country_95,1900,1945.1
Country_95,1901,2018.7
Country_95,1902,1857.7
Country_95,1903,1893.3
Country_95,1904,1917.9
Country_95,1905,1859.7
Country_95,1906,1891.4
Country_95,1907,1869.1
Country_95,1908,1908.8
Country_95,1909,1881.6
Country_95,1910,1941.9
Country_95,1911,1869.9
Country_95,1912,1953.5
Country_95,1913,1991.3
Country_95,1914,1985.6
Country_95,1915,1935.8
Country_95,1916,1911.5
Country_95,1917,1980.0
Country_95,1918,1945.5
Country_95,1919,2019.4
Country_95,1920,1922.8
Country_95,1921,1950.0
Country_95,1922,2002.4
Country_95,1923,1921.1
Country_95,1924,1857.0
Country_95,1925,1873.0
Country_95,1926,1892.1
Country_95,1927,2009.4
Country_95,1928,1970.0
Country_95,1929,1978.7
Country_95,1930,1964.8
Country_95,1931,1914.5
Country_95,1932,1835.2
Country_95,1933,1994.3
Country_95,1934,1886.3
Country_95,1935,1959.5
Country_95,1936,1921.6
Country_95,1937,1943.9
Country_95,1938,1961.3
Country_95,1939,1891.6
Country_95,1940,1894.2
Country_95,1941,1896.1
Country_95,1942,1913.6
Country_95,1943,1854.2
Country_95,1944,1924.4
Country_95,1945,1927.3
Country_95,1946,1886.6
Country_95,1947,1798.7
Country_95,1948,1920.5
Country_95,1949,1860.5
Country_95,1950,2009.9
Country_95,1951,1819.1
Country_95,1952,1908.9
Country_95,1953,1918.6
Country_95,1954,1908.4
Country_95,1955,1911.9
Country_95,1956,1929.4
Country_95,1957,1922.3
Country_95,1958,1906.8
Country_95,1959,1882.0
Country_95,1960,1931.1
Country_95,1961,1922.0
Country_95,1962,1945.3
Country_95,1963,1949.6
Country_95,1964,1947.7
Country_95,1965,2011.6
Country_95,1966,1904.2
Country_95,1967,1983.1
Country_95,1968,1870.1
Country_95,1969,2013.4
Country_95,1970,1854.5
Country_95,1971,1914.0
Country_95,1972,1905.9
Country_95,1973,1956.9
Country_95,1974,1925.9
Country_95,1975,2041.7
Country_95,1976,1909.8
Country_95,1977,1937.9
Country_95,1978,1932.8
Country_95,1979,1934.9
Country_95,1980,1961.8
Country_95,1981,1924.8
Country_95,1982,2018.9
Country_95,1983,2004.0
Country_95,1984,1854.8
Country_95,1985,1997.7
Country_95,1986,1962.2
Country_95,1987,1955.7
Country_95,1988,1974.8
Country_95,1989,2003.5
Country_95,1990,1943.7
Country_95,1991,1964.5
Country_95,1992,1995.2
Country_95,1993,1828.2
Country_95,1994,1986.6
Country_95,1995,1955.2
Country_95,1996,1933.9
Country_95,1997,1937.9
Country_95,1998,1895.1
Country_95,1999,1927.8
Country_95,2000,1934.2
Country_95,2001,1934.3
Country_95,2002,1926.8
Country_95,2003,1893.5
Country_95,2004,1953.1
Country_95,2005,2015.3
Country_95,2006,1921.8
Country_95,2007,1959.6
Country_95,2008,1898.2
Country_95,2009,1927.1
Country_95,2010,1977.4
Country_95,2011,1903.4
Country_95,2012,1911.0
Country_95,2013,1979.9
Country_95,2014,1884.5
Country_95,2015,1966.6
Country_95,2016,1903.0
Country_95,2017,1853.5
Country_95,2018,1927.5
Country_95,2019,1957.5
Country_95,2020,2004.3
Country_95,2021,2018.1
Country_95,2022,1975.5
Country_95,2023,1837.5
Country_96,1900,1561.3
Country_96,1901,1569.1
Country_96,1902,1512.5
Country_96,1903,1549.7
Country_96,1904,1577.5
Country_96,1905,1618.6
Country_96,1906,1481.3
Country_96,1907,1623.6
Country_96,1908,1619.1
Country_96,1909,1525.0
Country_96,1910,1628.8
Country_96,1911,1453.5
Country_96,1912,1584.8
Country_96,1913,1592.4
Country_96,1914,1504.4
Country_96,1915,1519.0
Country_96,1916,1491.9
Country_96,1917,1578.6
Country_96,1918,1631.4
Country_96,1919,1534.8
Country_96,1920,1480.1
Country_96,1921,1565.4
Country_96,1922,1607.2
Country_96,1923,1521.4
Country_96,1924,1595.7
Country_96,1925,1574.9
Country_96,1926,1480.5
Country_96,1927,1569.5
Country_96,1928,1597.9
Country_96,1929,1583.1
Country_96,1930,1600.0
Country_96,1931,1635.5
Country_96,1932,1482.5
Country_96,1933,1540.6
Country_96,1934,1564.1
Country_96,1935,1528.3
Country_96,1936,1548.8
Country_96,1937,1524.3
Country_96,1938,1557.6
Country_96,1939,1599.9
Country_96,1940,1508.4
Country_96,1941,1448.1
Country_96,1942,1536.2
Country_96,1943,1491.1
Country_96,1944,1437.7
Country_96,1945,1612.2
Country_96,1946,1521.1
Country_96,1947,1505.7
Country_96,1948,1574.9
Country_96,1949,1568.4
Country_96,1950,1526.6
Country_96,1951,1559.9
Country_96,1952,1486.2
Country_96,1953,1553.7
Country_96,1954,1561.6
Country_96,1955,1484.5
Country_96,1956,1607.7
Country_96,1957,1552.3
Country_96,1958,1625.7
Country_96,1959,1723.1
Country_96,1960,1558.4
Country_96,1961,1542.4
Country_96,1962,1552.4
Country_96,1963,1563.5
Country_96,1964,1540.4
Country_96,1965,1540.2
Country_96,1966,1551.3
Country_96,1967,1541.8
Country_96,1968,1551.0
Country_96,1969,1590.3
Country_96,1970,1467.5
Country_96,1971,1512.7
Country_96,1972,1548.1
Country_96,1973,1553.2
Country_96,1974,1526.5
Country_96,1975,1601.9
Country_96,1976,1515.8
Country_96,1977,1650.1
Country_96,1978,1573.6
Country_96,1979,1562.3
Country_96,1980,1544.0
Country_96,1981,1609.8
Country_96,1982,1460.4
Country_96,1983,1532.4
Country_96,1984,1588.1
Country_96,1985,1506.7
Country_96,1986,1544.2
Country_96,1987,1523.5
Country_96,1988,1630.1
Country_96,1989,1509.8
Country_96,1990,1556.3
Country_96,1991,1585.7
Country_96,1992,1609.6
Country_96,1993,1621.9
Country_96,1994,1632.5
Country_96,1995,1553.3
Country_96,1996,1570.8
Country_96,1997,1514.5
Country_96,1998,1501.2
Country_96,1999,1522.7
Country_96,2000,1501.2
Country_96,2001,1527.9
Country_96,2002,1595.3
Country_96,2003,1580.0
Country_96,2004,1585.9
Country_96,2005,1524.5
Country_96,2006,1573.6
Country_96,2007,1618.0
Country_96,2008,1608.3
Country_96,2009,1464.9
Country_96,2010,1591.2
Country_96,2011,1551.7
Country_96,2012,1537.2
Country_96,2013,1485.7
Country_96,2014,1571.2
Country_96,2015,1534.4
Country_96,2016,1573.7
Country_96,2017,1604.8
Country_96,2018,1503.6
Country_96,2019,1621.1
Country_96,2020,1540.2
Country_96,2021,1579.3
Country_96,2022,1657.1
Country_96,2023,1547.8
Country_97,1900,1728.3
Country_97,1901,1568.2
Country_97,1902,1612.5
Country_97,1903,1705.7
Country_97,1904,1732.1
Country_97,1905,1632.3
Country_97,1906,1672.4
Country_97,1907,1720.8
Country_97,1908,1617.7
Country_97,1909,1692.5
Country_97,1910,1778.6
Country_97,1911,1678.1
Country_97,1912,1682.8
Country_97,1913,1655.1
Country_97,1914,1620.3
Country_97,1915,1666.7
Country_97,1916,1568.4
Country_97,1917,1758.3
Country_97,1918,1586.4
Country_97,1919,1693.1
Country_97,1920,1634.6
Country_97,1921,1684.2
Country_97,1922,1636.8
Country_97,1923,1640.8
Country_97,1924,1651.5
Country_97,1925,1774.6
Country_97,1926,1746.6
Country_97,1927,1735.0
Country_97,1928,1604.6
Country_97,1929,1633.5
Country_97,1930,1605.8
Country_97,1931,1656.5
Country_97,1932,1588.6
Country_97,1933,1675.8
Country_97,1934,1622.9
Country_97,1935,1739.5
Country_97,1936,1684.3
Country_97,1937,1622.8
Country_97,1938,1678.6
Country_97,1939,1693.5
Country_97,1940,1656.5
Country_97,1941,1763.0
Country_97,1942,1744.8
Country_97,1943,1727.3
Country_97,1944,1623.1
Country_97,1945,1745.2
Country_97,1946,1621.2
Country_97,1947,1672.2
Country_97,1948,1627.2
Country_97,1949,1700.5
Country_97,1950,1676.4
Country_97,1951,1715.7
Country_97,1952,1607.1
Country_97,1953,1676.1
Country_97,1954,1673.2
Country_97,1955,1651.8
Country_97,1956,1681.9
Country_97,1957,1705.0
Country_97,1958,1683.8
Country_97,1959,1621.3
Country_97,1960,1686.7
Country_97,1961,1638.9
Country_97,1962,1664.2
Country_97,1963,1669.5
Country_97,1964,1713.0
Country_97,1965,1745.3
Country_97,1966,1679.4
Country_97,1967,1682.2
Country_97,1968,1687.8
Country_97,1969,1716.4
Country_97,1970,1671.6
Country_97,1971,1642.7
Country_97,1972,1696.3
Country_97,1973,1739.8
Country_97,1974,1675.2
Country_97,1975,1706.7
Country_97,1976,1661.7
Country_97,1977,1682.7
Country_97,1978,1672.3
Country_97,1979,1610.1
Country_97,1980,1624.4
Country_97,1981,1747.0
Country_97,1982,1700.9
Country_97,1983,1626.6
Country_97,1984,1570.0
Country_97,1985,1604.4
Country_97,1986,1704.6
Country_97,1987,1669.4
Country_97,1988,1655.7
Country_97,1989,1768.0
Country_97,1990,1687.5
Country_97,1991,1738.6
Country_97,1992,1756.9
Country_97,1993,1746.0
Country_97,1994,1581.5
Country_97,1995,1727.2
Country_97,1996,1630.9
Country_97,1997,1626.9
Country_97,1998,1716.0
Country_97,1999,1693.3
Country_97,2000,1710.2
Country_97,2001,1748.4
Country_97,2002,1642.9
Country_97,2003,1714.2
Country_97,2004,1656.7
Country_97,2005,1656.2
Country_97,2006,1673.6
Country_97,2007,1725.5
Country_97,2008,1609.7
Country_97,2009,1572.5
Country_97,2010,1636.5
Country_97,2011,1667.1
Country_97,2012,1683.9
Country_97,2013,1616.5
Country_97,2014,1615.2
Country_97,2015,1674.1
Country_97,2016,1756.6
Country_97,2017,1669.1
Country_97,2018,1627.4
Country_97,2019,1736.1
Country_97,2020,1773.4
Country_97,2021,1704.6
Country_97,2022,1652.4
Country_97,2023,1660.5
Country_98,1900,1221.2
Country_98,1901,1101.6
Country_98,1902,1142.4
Country_98,1903,1166.4
Country_98,1904,1161.6
Country_98,1905,1174.3
Country_98,1906,1125.5
Country_98,1907,1224.9
Country_98,1908,1244.4
Country_98,1909,1144.5
Country_98,1910,1254.7
Country_98,1911,1138.5
Country_98,1912,1094.5
Country_98,1913,1089.1
Country_98,1914,1247.9
Country_98,1915,1246.3
Country_98,1916,1180.6
Country_98,1917,1156.0
Country_98,1918,1222.5
Country_98,1919,1156.7
Country_98,1920,1177.6
Country_98,1921,1190.2
Country_98,1922,1115.7
Country_98,1923,1203.3
Country_98,1924,1243.7
Country_98,1925,1263.1
Country_98,1926,1062.8
Country_98,1927,1206.4
Country_98,1928,1170.0
Country_98,1929,1214.2
Country_98,1930,1259.2
Country_98,1931,1187.2
Country_98,1932,1130.2
Country_98,1933,1163.5
Country_98,1934,1131.3
Country_98,1935,1141.3
Country_98,1936,1206.8
Country_98,1937,1256.2
Country_98,1938,1155.7
Country_98,1939,1261.9
Country_98,1940,1170.3
Country_98,1941,1071.7
Country_98,1942,1150.6
Country_98,1943,1186.3
Country_98,1944,1165.2
Country_98,1945,1162.3
Country_98,1946,1149.0
Country_98,1947,1115.5
Country_98,1948,1175.5
Country_98,1949,1175.4
Country_98,1950,1226.0
Country_98,1951,1186.9
Country_98,1952,1231.7
Country_98,1953,1144.4
Country_98,1954,1110.3
Country_98,1955,1186.0
Country_98,1956,1160.8
Country_98,1957,1247.0
Country_98,1958,1159.8
Country_98,1959,1169.8
Country_98,1960,1172.8
Country_98,1961,1179.2
Country_98,1962,1115.8
Country_98,1963,1193.2
Country_98,1964,1106.4
Country_98,1965,1159.9
Country_98,1966,1156.4
Country_98,1967,1260.8
Country_98,1968,1089.4
Country_98,1969,1147.7
Country_98,1970,1159.7
Country_98,1971,1185.3
Country_98,1972,1240.7
Country_98,1973,1191.1
Country_98,1974,1164.9
Country_98,1975,1095.2
Country_98,1976,1098.5
Country_98,1977,1142.7
Country_98,1978,1187.4
Country_98,1979,1195.5
Country_98,1980,1242.1
Country_98,1981,1270.6
Country_98,1982,1041.0
Country_98,1983,1134.3
Country_98,1984,1201.2
Country_98,1985,1167.7
Country_98,1986,1213.0
Country_98,1987,1239.3
Country_98,1988,1186.9
Country_98,1989,1207.1
Country_98,1990,1100.9
Country_98,1991,1156.0
Country_98,1992,1253.8
Country_98,1993,1170.7
Country_98,1994,1144.8
Country_98,1995,1121.0
Country_98,1996,1184.9
Country_98,1997,1096.4
Country_98,1998,1084.4
Country_98,1999,1123.6
Country_98,2000,1207.0
Country_98,2001,1189.8
Country_98,2002,1157.9
Country_98,2003,1218.0
Country_98,2004,1120.4
Country_98,2005,1223.8
Country_98,2006,1209.9
Country_98,2007,1103.6
Country_98,2008,1108.5
Country_98,2009,1164.2
Country_98,2010,1239.3
Country_98,2011,1175.0
Country_98,2012,1118.9
Country_98,2013,1187.8
Country_98,2014,1303.0
Country_98,2015,1163.2
Country_98,2016,1138.1
Country_98,2017,1095.0
Country_98,2018,1184.6
Country_98,2019,1125.4
Country_98,2020,1260.8
Country_98,2021,1251.5
Country_98,2022,1225.9
Country_98,2023,1134.1
Country_99,1900,1410.4
Country_99,1901,1252.3
Country_99,1902,1274.2
Country_99,1903,1320.7
Country_99,1904,1302.7
Country_99,1905,1281.1
Country_99,1906,1284.9
Country_99,1907,1383.2
Country_99,1908,1333.8
Country_99,1909,1282.7
Country_99,1910,1362.9
Country_99,1911,1238.5
Country_99,1912,1456.5
Country_99,1913,1304.3
Country_99,1914,1348.2
Country_99,1915,1354.1
Country_99,1916,1314.5
Country_99,1917,1329.6
Country_99,1918,1300.3
Country_99,1919,1401.2
Country_99,1920,1396.3
Country_99,1921,1309.9
Country_99,1922,1254.4
Country_99,1923,1240.5
Country_99,1924,1373.7
Country_99,1925,1349.6
Country_99,1926,1267.5
Country_99,1927,1328.3
Country_99,1928,1289.8
Country_99,1929,1317.3
Country_99,1930,1317.7
Country_99,1931,1306.7
Country_99,1932,1328.0
Country_99,1933,1240.9
Country_99,1934,1282.2
Country_99,1935,1322.9
Country_99,1936,1323.2
Country_99,1937,1268.7
Country_99,1938,1305.6
Country_99,1939,1204.1
Country_99,1940,1305.2
Country_99,1941,1339.5
Country_99,1942,1412.9
Country_99,1943,1335.9
Country_99,1944,1310.7
Country_99,1945,1207.2
Country_99,1946,1345.1
Country_99,1947,1376.2
Country_99,1948,1281.3
Country_99,1949,1389.2
Country_99,1950,1349.9
Country_99,1951,1342.1
Country_99,1952,1309.4
Country_99,1953,1332.9
Country_99,1954,1325.0
Country_99,1955,1331.2
Country_99,1956,1335.7
Country_99,1957,1333.4
Country_99,1958,1382.9
Country_99,1959,1262.6
Country_99,1960,1325.8
Country_99,1961,1230.5
Country_99,1962,1314.0
Country_99,1963,1356.9
Country_99,1964,1285.7
Country_99,1965,1269.8
Country_99,1966,1348.5
Country_99,1967,1419.5
Country_99,1968,1334.4
Country_99,1969,1388.9
Country_99,1970,1294.4
Country_99,1971,1395.5
Country_99,1972,1340.9
Country_99,1973,1290.9
Country_99,1974,1291.2
Country_99,1975,1355.9
Country_99,1976,1299.7
Country_99,1977,1265.5
Country_99,1978,1270.7
Country_99,1979,1205.0
Country_99,1980,1312.9
Country_99,1981,1253.1
Country_99,1982,1335.4
Country_99,1983,1320.7
Country_99,1984,1279.8
Country_99,1985,1304.2
Country_99,1986,1345.6
Country_99,1987,1266.2
Country_99,1988,1390.3
Country_99,1989,1281.5
Country_99,1990,1296.9
Country_99,1991,1296.8
Country_99,1992,1412.6
Country_99,1993,1305.2
Country_99,1994,1345.2
Country_99,1995,1286.6
Country_99,1996,1280.6
Country_99,1997,1388.2
Country_99,1998,1289.5
Country_99,1999,1290.5
Country_99,2000,1254.0
Country_99,2001,1326.9
Country_99,2002,1278.4
Country_99,2003,1300.2
Country_99,2004,1192.9
Country_99,2005,1299.2
Country_99,2006,1284.9
Country_99,2007,1345.6
Country_99,2008,1331.1
Country_99,2009,1323.7
Country_99,2010,1273.9
Country_99,2011,1287.5
Country_99,2012,1332.5
Country_99,2013,1290.9
Country_99,2014,1324.3
Country_99,2015,1338.9
Country_99,2016,1357.9
Country_99,2017,1170.7
Country_99,2018,1229.5
Country_99,2019,1220.1
Country_99,2020,1283.0
Country_99,2021,1216.1
Country_99,2022,1394.2
Country_99,2023,1293.3
Country_100,1900,1035.3
Country_100,1901,904.9
Country_100,1902,1055.2
Country_100,1903,1064.5
Country_100,1904,1014.5
Country_100,1905,1100.6
Country_100,1906,955.4
Country_100,1907,1062.9
Country_100,1908,1057.3
Country_100,1909,1026.8
Country_100,1910,908.9
Country_100,1911,966.9
Country_100,1912,922.9
Country_100,1913,987.9
Country_100,1914,950.1
Country_100,1915,1164.6
Country_100,1916,946.6
Country_100,1917,1010.0
Country_100,1918,1043.2
Country_100,1919,995.5
Country_100,1920,1026.1
Country_100,1921,1021.9
Country_100,1922,1041.4
Country_100,1923,1029.2
Country_100,1924,946.4
Country_100,1925,1021.6
Country_100,1926,958.2
Country_100,1927,975.9
Country_100,1928,1055.5
Country_100,1929,1029.3
Country_100,1930,918.2
Country_100,1931,1000.4
Country_100,1932,967.1
Country_100,1933,1027.3
Country_100,1934,1048.8
Country_100,1935,1018.9
Country_100,1936,1008.4
Country_100,1937,1081.0
Country_100,1938,986.6
Country_100,1939,946.3
Country_100,1940,1003.9
Country_100,1941,995.7
Country_100,1942,1067.8
Country_100,1943,978.2
Country_100,1944,1017.2
Country_100,1945,986.8
Country_100,1946,990.9
Country_100,1947,1019.4
Country_100,1948,949.3
Country_100,1949,1044.7
Country_100,1950,955.7
Country_100,1951,937.0
Country_100,1952,990.8
Country_100,1953,1076.3
Country_100,1954,963.7
Country_100,1955,978.1
Country_100,1956,1092.8
Country_100,1957,1087.4
Country_100,1958,1079.8
Country_100,1959,944.0
Country_100,1960,1013.9
Country_100,1961,999.8
Country_100,1962,1010.4
Country_100,1963,949.2
Country_100,1964,1044.8
Country_100,1965,1116.8
Country_100,1966,1013.2
Country_100,1967,965.6
Country_100,1968,1002.1
Country_100,1969,978.3
Country_100,1970,1002.4
Country_100,1971,1148.1
Country_100,1972,1012.1
Country_100,1973,1035.5
Country_100,1974,953.7
Country_100,1975,1038.1
Country_100,1976,941.8
Country_100,1977,987.8
Country_100,1978,1037.8
Country_100,1979,1027.9
Country_100,1980,975.8
Country_100,1981,1062.6
Country_100,1982,903.2
Country_100,1983,950.4
Country_100,1984,887.9
Country_100,1985,1015.2
Country_100,1986,1034.5
Country_100,1987,972.8
Country_100,1988,1077.0
Country_100,1989,1003.6
Country_100,1990,1001.4
Country_100,1991,1032.5
Country_100,1992,1062.2
Country_100,1993,1066.5
Country_100,1994,996.6
Country_100,1995,914.8
Country_100,1996,1004.4
Country_100,1997,1075.1
Country_100,1998,1081.2
Country_100,1999,864.4
Country_100,2000,886.6
Country_100,2001,1013.4
Country_100,2002,1047.4
Country_100,2003,1009.4
Country_100,2004,961.1
Country_100,2005,1083.2
Country_100,2006,1015.1
Country_100,2007,1093.8
Country_100,2008,1040.1
Country_100,2009,900.9
Country_100,2010,1108.3
Country_100,2011,1027.6
Country_100,2012,1059.0
Country_100,2013,1019.2
Country_100,2014,823.4
Country_100,2015,959.2
Country_100,2016,1018.1
Country_100,2017,967.2
Country_100,2018,1013.5
Country_100,2019,1008.8
Country_100,2020,1021.5
Country_100,2021,1090.6
Country_100,2022,994.2
Country_100,2023,995.2
Country_101,1900,729.5
Country_101,1901,663.3
Country_101,1902,723.7
Country_101,1903,711.3
Country_101,1904,810.1
Country_101,1905,630.2
Country_101,1906,687.2
Country_101,1907,717.2
Country_101,1908,709.2
Country_101,1909,735.6
Country_101,1910,693.1
Country_101,1911,748.3
Country_101,1912,766.9
Country_101,1913,695.0
Country_101,1914,716.6
Country_101,1915,663.9
Country_101,1916,720.8
Country_101,1917,712.0
Country_101,1918,732.7
Country_101,1919,690.8
Country_101,1920,662.1
Country_101,1921,623.7
Country_101,1922,734.9
Country_101,1923,736.3
Country_101,1924,751.4
Country_101,1925,705.2
Country_101,1926,687.4
Country_101,1927,684.9
Country_101,1928,711.5
Country_101,1929,753.4
Country_101,1930,657.4
Country_101,1931,672.7
Country_101,1932,711.7
Country_101,1933,696.7
Country_101,1934,752.1
Country_101,1935,782.2
Country_101,1936,714.7
Country_101,1937,694.4
Country_101,1938,735.8
Country_101,1939,721.7
Country_101,1940,646.3
Country_101,1941,762.8
Country_101,1942,661.3
Country_101,1943,674.4
Country_101,1944,726.7
Country_101,1945,691.9
Country_101,1946,736.0
Country_101,1947,701.6
Country_101,1948,783.6
Country_101,1949,735.2
Country_101,1950,750.2
Country_101,1951,662.4
Country_101,1952,712.9
Country_101,1953,814.0
Country_101,1954,735.9
Country_101,1955,751.7
Country_101,1956,719.6
Country_101,1957,671.6
Country_101,1958,628.9
Country_101,1959,800.7
Country_101,1960,645.8
Country_101,1961,731.2
Country_101,1962,703.5
Country_101,1963,739.7
Country_101,1964,673.9
Country_101,1965,744.0
Country_101,1966,675.2
Country_101,1967,724.9
Country_101,1968,764.6
Country_101,1969,677.9
Country_101,1970,646.8
Country_101,1971,645.3
Country_101,1972,779.6
Country_101,1973,675.5
Country_101,1974,623.9
Country_101,1975,773.2
Country_101,1976,703.3
Country_101,1977,631.3
Country_101,1978,744.2
Country_101,1979,652.0
Country_101,1980,748.8
Country_101,1981,715.3
Country_101,1982,703.7
Country_101,1983,711.7
Country_101,1984,698.8
Country_101,1985,721.0
Country_101,1986,693.3
Country_101,1987,727.0
Country_101,1988,674.5
Country_101,1989,716.7
Country_101,1990,729.2
Country_101,1991,711.3
Country_101,1992,701.3
Country_101,1993,695.1
Country_101,1994,691.8
Country_101,1995,715.3
Country_101,1996,687.9
Country_101,1997,758.0
Country_101,1998,681.7
Country_101,1999,784.3
Country_101,2000,753.0
Country_101,2001,783.6
Country_101,2002,713.1
Country_101,2003,704.1
Country_101,2004,719.0
Country_101,2005,665.1
Country_101,2006,624.9
Country_101,2007,811.5
Country_101,2008,719.6
Country_101,2009,677.6
Country_101,2010,790.6
Country_101,2011,754.4
Country_101,2012,661.0
Country_101,2013,696.7
Country_101,2014,724.0
Country_101,2015,720.4
Country_101,2016,693.2
Country_101,2017,734.9
Country_101,2018,705.6
Country_101,2019,688.7
Country_101,2020,794.2
Country_101,2021,739.2
Country_101,2022,762.1
Country_101,2023,701.9
Country_102,1900,1211.2
Country_102,1901,1250.9
Country_102,1902,1258.8
Country_102,1903,1290.3
Country_102,1904,1322.4
Country_102,1905,1270.0
Country_102,1906,1281.9
Country_102,1907,1259.1
Country_102,1908,1268.0
Country_102,1909,1382.4
Country_102,1910,1222.2
Country_102,1911,1356.6
Country_102,1912,1301.1
Country_102,1913,1258.5
Country_102,1914,1304.0
Country_102,1915,1333.2
Country_102,1916,1298.2
Country_102,1917,1278.2
Country_102,1918,1248.8
Country_102,1919,1299.2
Country_102,1920,1345.3
Country_102,1921,1379.2
Country_102,1922,1312.8
Country_102,1923,1362.9
Country_102,1924,1259.9
Country_102,1925,1313.4
Country_102,1926,1227.0
Country_102,1927,1246.6
Country_102,1928,1271.2
Country_102,1929,1339.7
Country_102,1930,1236.1
Country_102,1931,1307.9
Country_102,1932,1235.6
Country_102,1933,1248.9
Country_102,1934,1239.8
Country_102,1935,1293.9
Country_102,1936,1276.2
Country_102,1937,1273.2
Country_102,1938,1309.7
Country_102,1939,1249.9
Country_102,1940,1265.9
Country_102,1941,1410.0
Country_102,1942,1284.9
Country_102,1943,1308.5
Country_102,1944,1336.3
Country_102,1945,1206.8
Country_102,1946,1246.5
Country_102,1947,1274.0
Country_102,1948,1242.6
Country_102,1949,1306.8
Country_102,1950,1277.3
Country_102,1951,1249.7
Country_102,1952,1249.7
Country_102,1953,1247.2
Country_102,1954,1298.3
Country_102,1955,1293.2
Country_102,1956,1257.4
Country_102,1957,1386.4
Country_102,1958,1370.8
Country_102,1959,1210.2
Country_102,1960,1283.0
Country_102,1961,1327.4
Country_102,1962,1336.9
Country_102,1963,1344.2
Country_102,1964,1259.5
Country_102,1965,1359.2
Country_102,1966,1324.0
Country_102,1967,1254.9
Country_102,1968,1336.5
Country_102,1969,1299.3
Country_102,1970,1227.1
Country_102,1971,1273.8
Country_102,1972,1387.1
Country_102,1973,1278.5
Country_102,1974,1278.7
Country_102,1975,1314.9
Country_102,1976,1251.0
Country_102,1977,1379.8
Country_102,1978,1205.4
Country_102,1979,1326.0
Country_102,1980,1242.6
Country_102,1981,1292.1
Country_102,1982,1344.6
Country_102,1983,1219.7
Country_102,1984,1322.1
Country_102,1985,1336.6
Country_102,1986,1189.5
Country_102,1987,1317.9
Country_102,1988,1252.2
Country_102,1989,1289.1
Country_102,1990,1333.3
Country_102,1991,1390.0
Country_102,1992,1262.4
Country_102,1993,1363.0
Country_102,1994,1300.6
Country_102,1995,1336.8
Country_102,1996,1307.6
Country_102,1997,1252.7
Country_102,1998,1320.9
Country_102,1999,1268.3
Country_102,2000,1247.5
Country_102,2001,1221.6
Country_102,2002,1232.3
Country_102,2003,1270.9
Country_102,2004,1333.9
Country_102,2005,1275.1
Country_102,2006,1319.8
Country_102,2007,1274.9
Country_102,2008,1258.6
Country_102,2009,1262.4
Country_102,2010,1355.7
Country_102,2011,1279.9
Country_102,2012,1344.2
Country_102,2013,1332.7
Country_102,2014,1343.3
Country_102,2015,1286.6
Country_102,2016,1339.6
Country_102,2017,1334.4
Country_102,2018,1373.9
Country_102,2019,1343.6
Country_102,2020,1243.8
Country_102,2021,1266.8
Country_102,2022,1324.0
Country_102,2023,1377.4
Country_103,1900,1180.3
Country_103,1901,1147.6
Country_103,1902,1017.1
Country_103,1903,1085.8
Country_103,1904,1130.6
Country_103,1905,1125.0
Country_103,1906,1144.6
Country_103,1907,1077.8
Country_103,1908,1153.1
Country_103,1909,1123.2
Country_103,1910,1146.6
Country_103,1911,1174.0
Country_103,1912,1063.7
Country_103,1913,1048.3
Country_103,1914,1128.5
Country_103,1915,1096.2
Country_103,1916,1113.1
Country_103,1917,1082.0
Country_103,1918,1088.6
Country_103,1919,1063.2
Country_103,1920,1053.7
Country_103,1921,1200.7
Country_103,1922,1144.1
Country_103,1923,1051.7
Country_103,1924,1071.3
Country_103,1925,1121.6
Country_103,1926,1068.2
Country_103,1927,1078.7
Country_103,1928,922.3
Country_103,1929,1087.8
Country_103,1930,1161.9
Country_103,1931,1062.5
Country_103,1932,1124.5
Country_103,1933,1053.5
Country_103,1934,1150.6
Country_103,1935,1047.1
Country_103,1936,1084.9
Country_103,1937,1057.9
Country_103,1938,1146.6
Country_103,1939,1059.9
Country_103,1940,1108.0
Country_103,1941,1224.8
Country_103,1942,1148.0
Country_103,1943,1132.6
Country_103,1944,1112.7
Country_103,1945,1026.4
Country_103,1946,983.8
Country_103,1947,1146.4
Country_103,1948,1100.8
Country_103,1949,1058.5
Country_103,1950,1104.8
Country_103,1951,1071.3
Country_103,1952,1113.7
Country_103,1953,1116.1
Country_103,1954,1072.9
Country_103,1955,1110.3
Country_103,1956,1097.5
Country_103,1957,1114.4
Country_103,1958,1175.8
Country_103,1959,1087.6
Country_103,1960,1175.4
Country_103,1961,1074.3
Country_103,1962,1041.2
Country_103,1963,1137.2
Country_103,1964,1117.9
Country_103,1965,1017.8
Country_103,1966,1097.1
Country_103,1967,1073.6
Country_103,1968,1083.1
Country_103,1969,1037.6
Country_103,1970,1073.2
Country_103,1971,1125.9
Country_103,1972,1059.9
Country_103,1973,1143.0
Country_103,1974,1059.3
Country_103,1975,1100.9
Country_103,1976,1053.5
Country_103,1977,1140.5
Country_103,1978,1008.9
Country_103,1979,1032.2
Country_103,1980,971.2
Country_103,1981,1092.2
Country_103,1982,1143.6
Country_103,1983,1128.2
Country_103,1984,1097.8
Country_103,1985,1123.4
Country_103,1986,1175.2
Country_103,1987,1052.8
Country_103,1988,1090.1
Country_103,1989,1146.6
Country_103,1990,1100.7
Country_103,1991,1136.8
Country_103,1992,1088.5
Country_103,1993,1162.6
Country_103,1994,1158.0
Country_103,1995,1109.4
Country_103,1996,1213.3
Country_103,1997,1051.6
Country_103,1998,1130.7
Country_103,1999,1063.8
Country_103,2000,1205.0
Country_103,2001,1153.3
Country_103,2002,1053.6
Country_103,2003,1186.1
Country_103,2004,1119.2
Country_103,2005,1277.9
Country_103,2006,1154.2
Country_103,2007,1167.9
Country_103,2008,982.1
Country_103,2009,1161.7
Country_103,2010,1013.1
Country_103,2011,1090.5
Country_103,2012,1126.5
Country_103,2013,1104.7
Country_103,2014,1100.8
Country_103,2015,1179.6
Country_103,2016,1092.0
Country_103,2017,1107.4
Country_103,2018,1090.7
Country_103,2019,1117.4
Country_103,2020,1138.2
Country_103,2021,1183.3
Country_103,2022,1028.0
Country_103,2023,1067.6
Country_104,1900,1566.7
Country_104,1901,1612.8
Country_104,1902,1451.7
Country_104,1903,1547.0
Country_104,1904,1579.5
Country_104,1905,1452.3
Country_104,1906,1659.8
Country_104,1907,1560.4
Country_104,1908,1571.3
Country_104,1909,1585.3
Country_104,1910,1490.9
Country_104,1911,1541.3
Country_104,1912,1599.9
Country_104,1913,1552.5
Country_104,1914,1504.9
Country_104,1915,1603.6
Country_104,1916,1562.8
Country_104,1917,1525.2
Country_104,1918,1513.7
Country_104,1919,1525.0
Country_104,1920,1605.1
Country_104,1921,1607.8
Country_104,1922,1604.9
Country_104,1923,1629.7
Country_104,1924,1500.2
Country_104,1925,1603.6
Country_104,1926,1551.6
Country_104,1927,1632.2
Country_104,1928,1624.4
Country_104,1929,1545.0
Country_104,1930,1575.7
Country_104,1931,1675.2
Country_104,1932,1568.3
Country_104,1933,1653.5
Country_104,1934,1511.6
Country_104,1935,1649.2
Country_104,1936,1541.0
Country_104,1937,1601.4
Country_104,1938,1668.9
Country_104,1939,1615.7
Country_104,1940,1606.6
Country_104,1941,1530.0
Country_104,1942,1537.2
Country_104,1943,1599.8
Country_104,1944,1599.5
Country_104,1945,1525.6
Country_104,1946,1604.5
Country_104,1947,1482.9
Country_104,1948,1501.7
Country_104,1949,1643.9
Country_104,1950,1567.6
Country_104,1951,1588.1
Country_104,1952,1548.9
Country_104,1953,1594.1
Country_104,1954,1487.8
Country_104,1955,1639.7
Country_104,1956,1528.4
Country_104,1957,1545.6
Country_104,1958,1593.3
Country_104,1959,1484.6
Country_104,1960,1595.8
Country_104,1961,1489.9
Country_104,1962,1611.2
Country_104,1963,1640.1
Country_104,1964,1568.8
Country_104,1965,1650.7
Country_104,1966,1476.4
Country_104,1967,1587.8
Country_104,1968,1545.0
Country_104,1969,1584.1
Country_104,1970,1524.6
Country_104,1971,1530.4
Country_104,1972,1461.7
Country_104,1973,1624.5
Country_104,1974,1512.8
Country_104,1975,1546.6
Country_104,1976,1592.2
Country_104,1977,1596.8
Country_104,1978,1559.0
Country_104,1979,1636.8
Country_104,1980,1669.5
Country_104,1981,1609.3
Country_104,1982,1619.4
Country_104,1983,1636.1
Country_104,1984,1557.0
Country_104,1985,1584.8
Country_104,1986,1614.2
Country_104,1987,1504.8
Country_104,1988,1568.6
Country_104,1989,1562.9
Country_104,1990,1525.5
Country_104,1991,1572.7
Country_104,1992,1619.9
Country_104,1993,1456.9
Country_104,1994,1609.3
Country_104,1995,1528.8
Country_104,1996,1537.3
Country_104,1997,1648.5
Country_104,1998,1539.7
Country_104,1999,1547.0
Country_104,2000,1566.1
Country_104,2001,1554.7
Country_104,2002,1550.7
Country_104,2003,1560.1
Country_104,2004,1574.9
Country_104,2005,1547.1
Country_104,2006,1597.5
Country_104,2007,1504.4
Country_104,2008,1465.2
Country_104,2009,1468.8
Country_104,2010,1656.0
Country_104,2011,1606.2
Country_104,2012,1519.6
Country_104,2013,1604.5
Country_104,2014,1607.3
Country_104,2015,1554.7
Country_104,2016,1532.9
Country_104,2017,1694.1
Country_104,2018,1532.6
Country_104,2019,1596.4
Country_104,2020,1507.1
Country_104,2021,1590.3
Country_104,2022,1640.4
Country_104,2023,1593.0
Country_105,1900,785.3
Country_105,1901,826.5
Country_105,1902,771.6
Country_105,1903,815.5
Country_105,1904,791.2
Country_105,1905,853.8
Country_105,1906,771.7
Country_105,1907,836.2
Country_105,1908,849.5
Country_105,1909,779.1
Country_105,1910,861.8
Country_105,1911,878.6
Country_105,1912,781.4
Country_105,1913,879.7
Country_105,1914,780.1
Country_105,1915,809.0
Country_105,1916,767.3
Country_105,1917,815.6
Country_105,1918,866.9
Country_105,1919,821.5
Country_105,1920,811.4
Country_105,1921,833.2
Country_105,1922,832.5
Country_105,1923,779.9
Country_105,1924,819.1
Country_105,1925,814.9
Country_105,1926,821.8
Country_105,1927,798.6
Country_105,1928,872.3
Country_105,1929,862.3
Country_105,1930,793.7
Country_105,1931,848.8
Country_105,1932,795.8
Country_105,1933,764.2
Country_105,1934,778.5
Country_105,1935,816.1
Country_105,1936,857.2
Country_105,1937,803.2
Country_105,1938,826.1
Country_105,1939,918.4
Country_105,1940,850.5
Country_105,1941,849.3
Country_105,1942,822.5
Country_105,1943,902.5
Country_105,1944,798.4
Country_105,1945,856.5
Country_105,1946,834.2
Country_105,1947,743.9
Country_105,1948,876.2
Country_105,1949,897.2
Country_105,1950,847.7
Country_105,1951,834.8
Country_105,1952,971.7
Country_105,1953,779.7
Country_105,1954,920.9
Country_105,1955,809.1
Country_105,1956,870.3
Country_105,1957,966.6
Country_105,1958,857.2
Country_105,1959,922.1
Country_105,1960,897.2
Country_105,1961,825.9
Country_105,1962,894.2
Country_105,1963,786.4
Country_105,1964,752.2
Country_105,1965,797.7
Country_105,1966,770.3
Country_105,1967,804.6
Country_105,1968,755.0
Country_105,1969,849.3
Country_105,1970,886.7
Country_105,1971,765.0
Country_105,1972,716.9
Country_105,1973,737.6
Country_105,1974,819.6
Country_105,1975,830.2
Country_105,1976,806.8
Country_105,1977,874.5
Country_105,1978,848.8
Country_105,1979,905.8
Country_105,1980,848.1
Country_105,1981,773.2
Country_105,1982,811.6
Country_105,1983,808.1
Country_105,1984,831.7
Country_105,1985,769.3
Country_105,1986,858.7
Country_105,1987,834.7
Country_105,1988,964.9
Country_105,1989,829.9
Country_105,1990,836.6
Country_105,1991,791.9
Country_105,1992,825.5
Country_105,1993,835.8
Country_105,1994,858.4
Country_105,1995,834.2
Country_105,1996,859.8
Country_105,1997,797.3
Country_105,1998,787.1
Country_105,1999,831.8
Country_105,2000,778.5
Country_105,2001,808.0
Country_105,2002,887.1
Country_105,2003,786.8
Country_105,2004,712.3
Country_105,2005,772.2
Country_105,2006,834.0
Country_105,2007,865.5
Country_105,2008,899.3
Country_105,2009,670.5
Country_105,2010,821.0
Country_105,2011,783.5
Country_105,2012,854.0
Country_105,2013,867.0
Country_105,2014,793.5
Country_105,2015,776.9
Country_105,2016,855.7
Country_105,2017,919.7
Country_105,2018,791.0
Country_105,2019,795.7
Country_105,2020,894.4
Country_105,2021,859.8
Country_105,2022,919.3
Country_105,2023,813.6
Country_106,1900,1407.2
Country_106,1901,1403.1
Country_106,1902,1458.5
Country_106,1903,1377.5
Country_106,1904,1450.7
Country_106,1905,1328.0
Country_106,1906,1309.4
Country_106,1907,1327.9
Country_106,1908,1393.8
Country_106,1909,1369.1
Country_106,1910,1388.7
Country_106,1911,1430.5
Country_106,1912,1365.4
Country_106,1913,1350.4
Country_106,1914,1311.8
Country_106,1915,1403.7
Country_106,1916,1280.3
Country_106,1917,1456.8
Country_106,1918,1292.2
Country_106,1919,1434.3
Country_106,1920,1360.1
Country_106,1921,1359.4
Country_106,1922,1427.4
Country_106,1923,1470.8
Country_106,1924,1400.2
Country_106,1925,1388.7
Country_106,1926,1418.0
Country_106,1927,1377.7
Country_106,1928,1313.2
Country_106,1929,1350.2
Country_106,1930,1360.2
Country_106,1931,1341.2
Country_106,1932,1314.7
Country_106,1933,1485.4
Country_106,1934,1411.7
Country_106,1935,1438.1
Country_106,1936,1416.6
Country_106,1937,1295.5
Country_106,1938,1418.0
Country_106,1939,1358.9
Country_106,1940,1436.0
Country_106,1941,1287.6
Country_106,1942,1306.8
Country_106,1943,1339.5
Country_106,1944,1415.7
Country_106,1945,1481.0
Country_106,1946,1388.0
Country_106,1947,1263.2
Country_106,1948,1321.1
Country_106,1949,1287.8
Country_106,1950,1335.0
Country_106,1951,1352.5
Country_106,1952,1345.3
Country_106,1953,1384.8
Country_106,1954,1352.0
Country_106,1955,1389.8
Country_106,1956,1403.6
Country_106,1957,1448.7
Country_106,1958,1441.0
Country_106,1959,1421.3
Country_106,1960,1351.9
Country_106,1961,1364.2
Country_106,1962,1320.0
Country_106,1963,1386.9
Country_106,1964,1303.8
Country_106,1965,1297.1
Country_106,1966,1382.0
Country_106,1967,1351.9
Country_106,1968,1320.5
Country_106,1969,1474.8
Country_106,1970,1397.6
Country_106,1971,1435.3
Country_106,1972,1399.4
Country_106,1973,1340.9
Country_106,1974,1362.7
Country_106,1975,1420.0
Country_106,1976,1364.6
Country_106,1977,1356.3
Country_106,1978,1327.1
Country_106,1979,1394.2
Country_106,1980,1385.4
Country_106,1981,1311.8
Country_106,1982,1467.0
Country_106,1983,1344.9
Country_106,1984,1416.6
Country_106,1985,1499.0
Country_106,1986,1402.2
Country_106,1987,1445.0
Country_106,1988,1324.9
Country_106,1989,1368.7
Country_106,1990,1374.3
Country_106,1991,1279.5
Country_106,1992,1393.2
Country_106,1993,1384.3
Country_106,1994,1430.4
Country_106,1995,1420.8
Country_106,1996,1342.8
Country_106,1997,1410.7
Country_106,1998,1385.6
Country_106,1999,1338.9
Country_106,2000,1352.2
Country_106,2001,1425.0
Country_106,2002,1317.0
Country_106,2003,1386.0
Country_106,2004,1356.7
Country_106,2005,1373.2
Country_106,2006,1320.9
Country_106,2007,1349.3
Country_106,2008,1480.4
Country_106,2009,1378.6
Country_106,2010,1351.4
Country_106,2011,1353.4
Country_106,2012,1410.2
Country_106,2013,1339.6
Country_106,2014,1330.1
Country_106,2015,1447.3
Country_106,2016,1360.8
Country_106,2017,1326.2
Country_106,2018,1360.8
Country_106,2019,1391.8
Country_106,2020,1353.3
Country_106,2021,1438.3
Country_106,2022,1328.8
Country_106,2023,1390.8
Country_107,1900,1164.9
Country_107,1901,1219.4
Country_107,1902,1225.9
Country_107,1903,1151.9
Country_107,1904,1179.0
Country_107,1905,1164.1
Country_107,1906,1262.9
Country_107,1907,1214.8
Country_107,1908,1234.6
Country_107,1909,1116.6
Country_107,1910,1249.1
Country_107,1911,1213.3
Country_107,1912,1222.9
Country_107,1913,1134.2
Country_107,1914,1206.9
Country_107,1915,1267.3
Country_107,1916,1286.6
Country_107,1917,1244.3
Country_107,1918,1238.8
Country_107,1919,1281.8
Country_107,1920,1184.5
Country_107,1921,1169.6
Country_107,1922,1193.3
Country_107,1923,1324.5
Country_107,1924,1208.2
Country_107,1925,1236.5
Country_107,1926,1299.8
Country_107,1927,1234.7
Country_107,1928,1191.2
Country_107,1929,1180.5
Country_107,1930,1232.9
Country_107,1931,1197.0
Country_107,1932,1248.8
Country_107,1933,1146.1
Country_107,1934,1189.5
Country_107,1935,1177.6
Country_107,1936,1335.7
Country_107,1937,1244.7
Country_107,1938,1254.0
Country_107,1939,1208.5
Country_107,1940,1085.3
Country_107,1941,1249.6
Country_107,1942,1222.1
Country_107,1943,1228.8
Country_107,1944,1253.1
Country_107,1945,1245.1
Country_107,1946,1180.5
Country_107,1947,1249.9
Country_107,1948,1170.2
Country_107,1949,1239.1
Country_107,1950,1231.0
Country_107,1951,1326.2
Country_107,1952,1199.9
Country_107,1953,1229.8
Country_107,1954,1142.8
Country_107,1955,1256.7
Country_107,1956,1169.4
Country_107,1957,1231.7
Country_107,1958,1175.2
Country_107,1959,1186.9
Country_107,1960,1203.0
Country_107,1961,1211.9
Country_107,1962,1135.0
Country_107,1963,1121.6
Country_107,1964,1213.5
Country_107,1965,1158.7
Country_107,1966,1180.1
Country_107,1967,1184.3
Country_107,1968,1211.3
Country_107,1969,1213.7
Country_107,1970,1153.9
Country_107,1971,1262.6
Country_107,1972,1183.5
Country_107,1973,1253.5
Country_107,1974,1220.7
Country_107,1975,1240.3
Country_107,1976,1289.3
Country_107,1977,1219.1
Country_107,1978,1230.8
Country_107,1979,1210.1
Country_107,1980,1242.5
Country_107,1981,1297.6
Country_107,1982,1146.0
Country_107,1983,1225.7
Country_107,1984,1157.1
Country_107,1985,1295.7
Country_107,1986,1138.1
Country_107,1987,1177.0
Country_107,1988,1254.3
Country_107,1989,1179.1
Country_107,1990,1227.6
Country_107,1991,1194.9
Country_107,1992,1227.5
Country_107,1993,1211.8
Country_107,1994,1151.1
Country_107,1995,1239.3
Country_107,1996,1199.1
Country_107,1997,1165.2
Country_107,1998,1196.5
Country_107,1999,1267.1
Country_107,2000,1278.6
Country_107,2001,1095.1
Country_107,2002,1212.1
Country_107,2003,1191.1
Country_107,2004,1247.3
Country_107,2005,1212.4
Country_107,2006,1197.1
Country_107,2007,1195.4
Country_107,2008,1295.1
Country_107,2009,1092.1
Country_107,2010,1293.1
Country_107,2011,1208.8
Country_107,2012,1221.6
Country_107,2013,1265.9
Country_107,2014,1227.5
Country_107,2015,1187.3
Country_107,2016,1189.8
Country_107,2017,1157.8
Country_107,2018,1147.8
Country_107,2019,1224.9
Country_107,2020,1350.2
Country_107,2021,1242.4
Country_107,2022,1217.3
Country_107,2023,1206.5
Country_108,1900,456.9
Country_108,1901,562.9
Country_108,1902,484.7
Country_108,1903,474.1
Country_108,1904,525.5
Country_108,1905,555.0
Country_108,1906,524.5
Country_108,1907,565.6
Country_108,1908,555.8
Country_108,1909,569.4
Country_108,1910,538.5
Country_108,1911,523.0
Country_108,1912,556.7
Country_108,1913,572.0
Country_108,1914,549.9
Country_108,1915,534.4
Country_108,1916,493.4
Country_108,1917,484.2
Country_108,1918,603.0
Country_108,1919,543.9
Country_108,1920,529.4
Country_108,1921,367.8
Country_108,1922,536.9
Country_108,1923,644.4
Country_108,1924,560.0
Country_108,1925,468.8
Country_108,1926,445.1
Country_108,1927,529.7
Country_108,1928,556.4
Country_108,1929,566.3
Country_108,1930,592.9
Country_108,1931,508.2
Country_108,1932,611.6
Country_108,1933,540.4
Country_108,1934,501.3
Country_108,1935,525.4
Country_108,1936,507.0
Country_108,1937,398.7
Country_108,1938,547.4
Country_108,1939,510.1
Country_108,1940,658.6
Country_108,1941,534.3
Country_108,1942,453.1
Country_108,1943,563.3
Country_108,1944,458.4
Country_108,1945,566.7
Country_108,1946,555.7
Country_108,1947,454.7
Country_108,1948,589.0
Country_108,1949,548.8
Country_108,1950,508.6
Country_108,1951,538.7
Country_108,1952,553.0
Country_108,1953,525.2
Country_108,1954,589.6
Country_108,1955,584.6
Country_108,1956,520.3
Country_108,1957,483.9
Country_108,1958,534.6
Country_108,1959,552.3
Country_108,1960,537.2
Country_108,1961,511.1
Country_108,1962,394.1
Country_108,1963,487.6
Country_108,1964,666.1
Country_108,1965,506.9
Country_108,1966,551.0
Country_108,1967,514.4
Country_108,1968,551.3
Country_108,1969,553.5
Country_108,1970,495.4
Country_108,1971,549.3
Country_108,1972,487.9
Country_108,1973,483.6
Country_108,1974,551.8
Country_108,1975,581.5
Country_108,1976,541.4
Country_108,1977,492.9
Country_108,1978,464.1
Country_108,1979,531.2
Country_108,1980,569.8
Country_108,1981,611.2
Country_108,1982,560.6
Country_108,1983,687.7
Country_108,1984,544.1
Country_108,1985,487.9
Country_108,1986,539.7
Country_108,1987,516.0
Country_108,1988,503.5
Country_108,1989,554.5
Country_108,1990,555.9
Country_108,1991,583.3
Country_108,1992,509.4
Country_108,1993,587.3
Country_108,1994,532.3
Country_108,1995,560.3
Country_108,1996,529.7
Country_108,1997,633.7
Country_108,1998,422.9
Country_108,1999,585.9
Country_108,2000,478.0
Country_108,2001,540.6
Country_108,2002,495.3
Country_108,2003,579.5
Country_108,2004,513.9
Country_108,2005,470.5
Country_108,2006,528.4
Country_108,2007,468.1
Country_108,2008,536.2
Country_108,2009,473.4
Country_108,2010,552.9
Country_108,2011,649.3
Country_108,2012,547.0
Country_108,2013,565.9
Country_108,2014,489.6
Country_108,2015,535.4
Country_108,2016,616.2
Country_108,2017,583.8
Country_108,2018,544.8
Country_108,2019,553.0
Country_108,2020,476.1
Country_108,2021,460.7
Country_108,2022,581.2
Country_108,2023,568.1
Country_109,1900,1126.7
Country_109,1901,1120.0
Country_109,1902,1258.8
Country_109,1903,1262.0
Country_109,1904,1091.9
Country_109,1905,1159.9
Country_109,1906,1185.5
Country_109,1907,1093.0
Country_109,1908,1113.6
Country_109,1909,1098.8
Country_109,1910,1121.8
Country_109,1911,1175.4
Country_109,1912,1049.0
Country_109,1913,1089.3
Country_109,1914,1098.4
Country_109,1915,1063.2
Country_109,1916,1067.2
Country_109,1917,1129.2
Country_109,1918,1173.0
Country_109,1919,1082.0
Country_109,1920,1204.5
Country_109,1921,1095.4
Country_109,1922,1073.7
Country_109,1923,981.9
Country_109,1924,1115.0
Country_109,1925,1095.2
Country_109,1926,1167.0
Country_109,1927,1110.8
Country_109,1928,1100.3
Country_109,1929,1173.6
Country_109,1930,1148.0
Country_109,1931,1033.4
Country_109,1932,1222.6
Country_109,1933,1090.4
Country_109,1934,1178.5
Country_109,1935,1099.6
Country_109,1936,1147.4
Country_109,1937,1108.1
Country_109,1938,1155.7
Country_109,1939,1224.6
Country_109,1940,1161.2
Country_109,1941,1144.2
Country_109,1942,1165.6
Country_109,1943,1155.9
Country_109,1944,1093.3
Country_109,1945,1127.7
Country_109,1946,1178.4
Country_109,1947,1046.9
Country_109,1948,1180.1
Country_109,1949,1159.0
Country_109,1950,1163.0
Country_109,1951,1142.0
Country_109,1952,1093.9
Country_109,1953,1046.8
Country_109,1954,1141.8
Country_109,1955,1046.3
Country_109,1956,1106.0
Country_109,1957,1108.6
Country_109,1958,1125.3
Country_109,1959,1229.9
Country_109,1960,1132.4
Country_109,1961,1144.5
Country_109,1962,1164.8
Country_109,1963,1146.8
Country_109,1964,1132.3
Country_109,1965,1157.5
Country_109,1966,1105.3
Country_109,1967,1101.2
Country_109,1968,1128.1
Country_109,1969,1112.6
Country_109,1970,1109.2
Country_109,1971,1145.9
Country_109,1972,1064.9
Country_109,1973,1093.9
Country_109,1974,1110.1
Country_109,1975,1168.5
Country_109,1976,1224.9
Country_109,1977,1168.2
Country_109,1978,1066.9
Country_109,1979,978.3
Country_109,1980,1106.3
Country_109,1981,1163.4
Country_109,1982,1132.1
Country_109,1983,1115.2
Country_109,1984,1064.4
Country_109,1985,1130.9
Country_109,1986,1213.3
Country_109,1987,1175.2
Country_109,1988,1062.8
Country_109,1989,1116.0
Country_109,1990,1160.7
Country_109,1991,1215.5
Country_109,1992,1144.7
Country_109,1993,1179.4
Country_109,1994,1142.2
Country_109,1995,1162.5
Country_109,1996,1123.4
Country_109,1997,1163.7
Country_109,1998,1141.6
Country_109,1999,1194.3
Country_109,2000,1172.3
Country_109,2001,1143.7
Country_109,2002,1162.4
Country_109,2003,1130.1
Country_109,2004,1155.5
Country_109,2005,1162.9
Country_109,2006,1177.1
Country_109,2007,1094.6
Country_109,2008,1110.6
Country_109,2009,1201.4
Country_109,2010,1076.9
Country_109,2011,1091.0
Country_109,2012,1134.5
Country_109,2013,1136.5
Country_109,2014,1112.6
Country_109,2015,1077.4
Country_109,2016,1174.4
Country_109,2017,1095.2
Country_109,2018,1106.5
Country_109,2019,1121.9
Country_109,2020,1092.4
Country_109,2021,1097.9
Country_109,2022,1102.7
Country_109,2023,1103.4
Country_110,1900,877.9
Country_110,1901,865.9
Country_110,1902,1027.4
Country_110,1903,887.7
Country_110,1904,976.5
Country_110,1905,932.7
Country_110,1906,881.3
Country_110,1907,993.6
Country_110,1908,784.1
Country_110,1909,948.0
Country_110,1910,939.2
Country_110,1911,892.0
Country_110,1912,923.2
Country_110,1913,859.6
Country_110,1914,914.4
Country_110,1915,971.1
Country_110,1916,942.9
Country_110,1917,903.0
Country_110,1918,1005.8
Country_110,1919,821.7
Country_110,1920,991.9
Country_110,1921,909.5
Country_110,1922,958.8
Country_110,1923,977.3
Country_110,1924,875.1
Country_110,1925,858.0
Country_110,1926,850.2
Country_110,1927,869.1
Country_110,1928,944.0
Country_110,1929,915.2
Country_110,1930,958.2
Country_110,1931,906.4
Country_110,1932,940.5
Country_110,1933,995.8
Country_110,1934,923.7
Country_110,1935,974.3
Country_110,1936,886.1
Country_110,1937,917.5
Country_110,1938,900.1
Country_110,1939,907.3
Country_110,1940,832.8
Country_110,1941,961.2
Country_110,1942,947.5
Country_110,1943,988.6
Country_110,1944,1068.4
Country_110,1945,906.5
Country_110,1946,822.6
Country_110,1947,922.7
Country_110,1948,920.1
Country_110,1949,903.6
Country_110,1950,930.7
Country_110,1951,874.8
Country_110,1952,871.3
Country_110,1953,855.5
Country_110,1954,908.6
Country_110,1955,913.0
Country_110,1956,969.8
Country_110,1957,960.0
Country_110,1958,828.9
Country_110,1959,913.6
Country_110,1960,856.2
Country_110,1961,911.0
Country_110,1962,909.2
Country_110,1963,895.0
Country_110,1964,924.2
Country_110,1965,904.7
Country_110,1966,955.5
Country_110,1967,993.9
Country_110,1968,945.2
Country_110,1969,933.7
Country_110,1970,829.9
Country_110,1971,933.0
Country_110,1972,988.3
Country_110,1973,974.7
Country_110,1974,939.1
Country_110,1975,937.1
Country_110,1976,1008.9
Country_110,1977,957.8
Country_110,1978,904.4
Country_110,1979,835.1
Country_110,1980,979.5
Country_110,1981,823.4
Country_110,1982,913.0
Country_110,1983,925.5
Country_110,1984,929.5
Country_110,1985,913.5
Country_110,1986,928.0
Country_110,1987,838.5
Country_110,1988,981.8
Country_110,1989,991.3
Country_110,1990,933.0
Country_110,1991,789.7
Country_110,1992,948.9
Country_110,1993,893.2
Country_110,1994,1021.5
Country_110,1995,1012.0
Country_110,1996,980.5
Country_110,1997,897.4
Country_110,1998,979.9
Country_110,1999,856.8
Country_110,2000,924.7
Country_110,2001,891.7
Country_110,2002,899.8
Country_110,2003,857.0
Country_110,2004,877.8
Country_110,2005,1066.7
Country_110,2006,922.0
Country_110,2007,971.6
Country_110,2008,941.7
Country_110,2009,926.2
Country_110,2010,912.0
Country_110,2011,877.5
Country_110,2012,931.3
Country_110,2013,873.9
Country_110,2014,841.4
Country_110,2015,809.4
Country_110,2016,981.2
Country_110,2017,942.7
Country_110,2018,941.0
Country_110,2019,912.5
Country_110,2020,927.1
Country_110,2021,945.2
Country_110,2022,923.8
Country_110,2023,982.4
Country_111,1900,1236.4
Country_111,1901,1213.0
Country_111,1902,1250.8
Country_111,1903,1174.2
Country_111,1904,1141.8
Country_111,1905,1288.5
Country_111,1906,1154.6
Country_111,1907,1219.8
Country_111,1908,1200.2
Country_111,1909,1179.7
Country_111,1910,1215.8
Country_111,1911,1233.1
Country_111,1912,1130.0
Country_111,1913,1137.1
Country_111,1914,1141.7
Country_111,1915,1271.5
Country_111,1916,1156.9
Country_111,1917,1285.5
Country_111,1918,1089.4
Country_111,1919,1245.7
Country_111,1920,1267.5
Country_111,1921,1187.7
Country_111,1922,1250.1
Country_111,1923,1191.0
Country_111,1924,1189.6
Country_111,1925,1193.9
Country_111,1926,1287.1
Country_111,1927,1258.9
Country_111,1928,1122.6
Country_111,1929,1235.0
Country_111,1930,1156.9
Country_111,1931,1224.4
Country_111,1932,1243.1
Country_111,1933,1206.8
Country_111,1934,1231.6
Country_111,1935,1205.1
Country_111,1936,1232.4
Country_111,1937,1234.1
Country_111,1938,1219.2
Country_111,1939,1220.3
Country_111,1940,1259.9
Country_111,1941,1220.1
Country_111,1942,1279.0
Country_111,1943,1197.8
Country_111,1944,1182.2
Country_111,1945,1267.2
Country_111,1946,1235.2
Country_111,1947,1134.3
Country_111,1948,1182.7
Country_111,1949,1244.1
Country_111,1950,1118.2
Country_111,1951,1142.1
Country_111,1952,1238.8
Country_111,1953,1258.7
Country_111,1954,1179.9
Country_111,1955,1177.8
Country_111,1956,1152.4
Country_111,1957,1296.6
Country_111,1958,1222.3
Country_111,1959,1217.6
Country_111,1960,1131.9
Country_111,1961,1116.9
Country_111,1962,1291.4
Country_111,1963,1224.0
Country_111,1964,1251.5
Country_111,1965,1224.1
Country_111,1966,1205.0
Country_111,1967,1191.9
Country_111,1968,1112.4
Country_111,1969,1191.5
Country_111,1970,1125.0
Country_111,1971,1289.5
Country_111,1972,1232.2
Country_111,1973,1219.1
Country_111,1974,1249.5
Country_111,1975,1161.9
Country_111,1976,1283.8
Country_111,1977,1236.6
Country_111,1978,1197.2
Country_111,1979,1251.8
Country_111,1980,1239.3
Country_111,1981,1212.8
Country_111,1982,1176.7
Country_111,1983,1263.7
Country_111,1984,1263.6
Country_111,1985,1235.2
Country_111,1986,1233.4
Country_111,1987,1279.4
Country_111,1988,1155.6
Country_111,1989,1261.8
Country_111,1990,1205.9
Country_111,1991,1228.2
Country_111,1992,1240.5
Country_111,1993,1228.8
Country_111,1994,1225.9
Country_111,1995,1199.8
Country_111,1996,1228.3
Country_111,1997,1304.9
Country_111,1998,1260.8
Country_111,1999,1271.3
Country_111,2000,1262.0
Country_111,2001,1273.1
Country_111,2002,1267.2
Country_111,2003,1173.5
Country_111,2004,1257.6
Country_111,2005,1277.2
Country_111,2006,1175.7
Country_111,2007,1198.6
Country_111,2008,1250.3
Country_111,2009,1264.6
Country_111,2010,1264.1
Country_111,2011,1240.0
Country_111,2012,1147.9
Country_111,2013,1228.8
Country_111,2014,1202.9
Country_111,2015,1194.4
Country_111,2016,1168.7
Country_111,2017,1143.6
Country_111,2018,1250.1
Country_111,2019,1307.2
Country_111,2020,1265.2
Country_111,2021,1194.7
Country_111,2022,1218.7
Country_111,2023,1165.2
Country_112,1900,1121.2
Country_112,1901,1040.1
Country_112,1902,1082.0
Country_112,1903,1187.4
Country_112,1904,1111.0
Country_112,1905,1180.7
Country_112,1906,1057.8
Country_112,1907,1046.0
Country_112,1908,1159.8
Country_112,1909,1088.7
Country_112,1910,1102.6
Country_112,1911,1048.9
Country_112,1912,1103.7
Country_112,1913,1051.3
Country_112,1914,1020.4
Country_112,1915,1101.8
Country_112,1916,1122.5
Country_112,1917,1098.0
Country_112,1918,1181.4
Country_112,1919,1119.9
Country_112,1920,1138.2
Country_112,1921,1132.8
Country_112,1922,1054.6
Country_112,1923,1041.3
Country_112,1924,1092.8
Country_112,1925,1153.9
Country_112,1926,1142.1
Country_112,1927,1102.3
Country_112,1928,1091.2
Country_112,1929,1140.0
Country_112,1930,1123.3
Country_112,1931,1152.2
Country_112,1932,1065.4
Country_112,1933,1105.2
Country_112,1934,1133.4
Country_112,1935,1160.5
Country_112,1936,1160.2
Country_112,1937,1071.4
Country_112,1938,1060.7
Country_112,1939,1193.1
Country_112,1940,1194.5
Country_112,1941,1073.5
Country_112,1942,1199.0
Country_112,1943,1061.6
Country_112,1944,1141.3
Country_112,1945,1121.4
Country_112,1946,1120.2
Country_112,1947,1160.8
Country_112,1948,1156.7
Country_112,1949,1157.0
Country_112,1950,1118.1
Country_112,1951,1129.3
Country_112,1952,1148.4
Country_112,1953,1128.9
Country_112,1954,1074.6
Country_112,1955,1063.2
Country_112,1956,1106.0
Country_112,1957,1130.0
Country_112,1958,1129.1
Country_112,1959,1144.3
Country_112,1960,1125.4
Country_112,1961,1163.6
Country_112,1962,1198.1
Country_112,1963,1168.3
Country_112,1964,1199.7
Country_112,1965,1061.9
Country_112,1966,1094.1
Country_112,1967,1069.9
Country_112,1968,1011.6
Country_112,1969,1062.4
Country_112,1970,1205.4
Country_112,1971,1089.2
Country_112,1972,1121.0
Country_112,1973,1197.1
Country_112,1974,1235.6
Country_112,1975,1176.9
Country_112,1976,1010.0
Country_112,1977,1091.9
Country_112,1978,952.9
Country_112,1979,1137.1
Country_112,1980,1142.6
Country_112,1981,1057.9
Country_112,1982,1071.5
Country_112,1983,1123.6
Country_112,1984,1100.7
Country_112,1985,1156.0
Country_112,1986,1046.8
Country_112,1987,1043.3
Country_112,1988,1138.2
Country_112,1989,1116.9
Country_112,1990,1008.4
Country_112,1991,1205.6
Country_112,1992,1190.4
Country_112,1993,1120.9
Country_112,1994,1147.5
Country_112,1995,1114.2
Country_112,1996,1123.4
Country_112,1997,1104.6
Country_112,1998,1121.3
Country_112,1999,1101.2
Country_112,2000,1067.6
Country_112,2001,1119.7
Country_112,2002,1177.5
Country_112,2003,1117.8
Country_112,2004,1015.2
Country_112,2005,1206.0
Country_112,2006,1043.6
Country_112,2007,1145.3
Country_112,2008,1042.1
Country_112,2009,1063.3
Country_112,2010,1160.6
Country_112,2011,1124.2
Country_112,2012,1008.4
Country_112,2013,1083.5
Country_112,2014,1108.3
Country_112,2015,1108.9
Country_112,2016,1164.8
Country_112,2017,1179.1
Country_112,2018,1101.9
Country_112,2019,1143.7
Country_112,2020,1102.0
Country_112,2021,1084.6
Country_112,2022,1095.1
Country_112,2023,1058.6
Country_113,1900,1075.6
Country_113,1901,1038.1
Country_113,1902,1015.7
Country_113,1903,994.2
Country_113,1904,976.8
Country_113,1905,1110.0
Country_113,1906,1082.3
Country_113,1907,1013.5
Country_113,1908,1045.0
Country_113,1909,990.0
Country_113,1910,1038.4
Country_113,1911,899.5
Country_113,1912,1046.7
Country_113,1913,1043.0
Country_113,1914,1095.6
Country_113,1915,1051.5
Country_113,1916,1043.3
Country_113,1917,1066.6
Country_113,1918,1091.7
Country_113,1919,1074.7
Country_113,1920,1085.9
Country_113,1921,1107.7
Country_113,1922,1016.6
Country_113,1923,1152.4
Country_113,1924,1005.8
Country_113,1925,1195.7
Country_113,1926,1046.7
Country_113,1927,1065.1
Country_113,1928,1048.2
Country_113,1929,1103.3
Country_113,1930,1020.6
Country_113,1931,1029.3
Country_113,1932,1136.0
Country_113,1933,1044.2
Country_113,1934,1138.5
Country_113,1935,1040.8
Country_113,1936,1032.8
Country_113,1937,1043.9
Country_113,1938,1104.8
Country_113,1939,1085.1
Country_113,1940,980.9
Country_113,1941,1183.1
Country_113,1942,1092.5
Country_113,1943,1098.0
Country_113,1944,1022.7
Country_113,1945,1083.1
Country_113,1946,1027.3
Country_113,1947,1091.0
Country_113,1948,968.9
Country_113,1949,1003.7
Country_113,1950,1035.0
Country_113,1951,1080.9
Country_113,1952,1003.9
Country_113,1953,990.8
Country_113,1954,1126.1
Country_113,1955,1009.1
Country_113,1956,1049.7
Country_113,1957,992.7
Country_113,1958,988.8
Country_113,1959,1079.5
Country_113,1960,1076.6
Country_113,1961,1057.0
Country_113,1962,1104.3
Country_113,1963,1088.1
Country_113,1964,1030.5
Country_113,1965,1034.8
Country_113,1966,1067.8
Country_113,1967,1029.5
Country_113,1968,1056.2
Country_113,1969,963.6
Country_113,1970,1068.2
Country_113,1971,1011.5
Country_113,1972,1039.7
Country_113,1973,1172.1
Country_113,1974,1037.4
Country_113,1975,983.9
Country_113,1976,1021.6
Country_113,1977,1093.1
Country_113,1978,1052.1
Country_113,1979,1029.4
Country_113,1980,1025.9
Country_113,1981,990.3
Country_113,1982,1086.7
Country_113,1983,1102.9
Country_113,1984,1077.8
Country_113,1985,1054.3
Country_113,1986,1053.8
Country_113,1987,1061.7
Country_113,1988,1022.2
Country_113,1989,1044.5
Country_113,1990,1010.4
Country_113,1991,1037.0
Country_113,1992,1012.1
Country_113,1993,1004.3
Country_113,1994,1047.7
Country_113,1995,1095.0
Country_113,1996,1004.2
Country_113,1997,1022.1
Country_113,1998,1015.2
Country_113,1999,1132.5
Country_113,2000,1025.0
Country_113,2001,1078.5
Country_113,2002,1029.1
Country_113,2003,1091.4
Country_113,2004,1138.2
Country_113,2005,1070.0
Country_113,2006,1032.0
Country_113,2007,1029.0
Country_113,2008,970.1
Country_113,2009,1072.5
Country_113,2010,982.1
Country_113,2011,1047.5
Country_113,2012,1064.4
Country_113,2013,1012.9
Country_113,2014,1031.9
Country_113,2015,1057.6
Country_113,2016,1074.1
Country_113,2017,1109.5
Country_113,2018,1070.0
Country_113,2019,1102.2
Country_113,2020,1083.8
Country_113,2021,1101.8
Country_113,2022,1181.3
Country_113,2023,964.7
Country_114,1900,1873.4
Country_114,1901,1840.6
Country_114,1902,1792.3
Country_114,1903,1910.1
Country_114,1904,1819.4
Country_114,1905,1849.0
Country_114,1906,1790.9
Country_114,1907,1864.8
Country_114,1908,1949.1
Country_114,1909,1903.7
Country_114,1910,1819.9
Country_114,1911,1872.9
Country_114,1912,1875.1
Country_114,1913,1904.7
Country_114,1914,1770.6
Country_114,1915,1840.6
Country_114,1916,1857.7
Country_114,1917,1817.4
Country_114,1918,1879.9
Country_114,1919,1908.1
Country_114,1920,1860.1
Country_114,1921,1817.6
Country_114,1922,1794.0
Country_114,1923,1913.0
Country_114,1924,1917.7
Country_114,1925,1838.0
Country_114,1926,1750.3
Country_114,1927,1889.7
Country_114,1928,1860.6
Country_114,1929,1831.0
Country_114,1930,1825.4
Country_114,1931,1894.7
Country_114,1932,1912.0
Country_114,1933,1814.6
Country_114,1934,1905.6
Country_114,1935,1852.9
Country_114,1936,1795.5
Country_114,1937,1820.3
Country_114,1938,1812.5
Country_114,1939,1852.6
Country_114,1940,1783.2
Country_114,1941,1919.6
Country_114,1942,1858.3
Country_114,1943,1822.7
Country_114,1944,1817.2
Country_114,1945,1807.1
Country_114,1946,1899.7
Country_114,1947,1805.1
Country_114,1948,1871.9
Country_114,1949,1775.3
Country_114,1950,1914.0
Country_114,1951,1905.1
Country_114,1952,1882.0
Country_114,1953,1823.0
Country_114,1954,1854.5
Country_114,1955,1952.0
Country_114,1956,1912.1
Country_114,1957,1812.9
Country_114,1958,1804.3
Country_114,1959,1895.3
Country_114,1960,1929.1
Country_114,1961,1906.0
Country_114,1962,1776.8
Country_114,1963,1922.3
Country_114,1964,1932.0
Country_114,1965,1971.3
Country_114,1966,1926.9
Country_114,1967,1778.3
Country_114,1968,1858.0
Country_114,1969,1845.7
Country_114,1970,1917.1
Country_114,1971,1890.6
Country_114,1972,1863.5
Country_114,1973,1867.4
Country_114,1974,1866.8
Country_114,1975,1860.2
Country_114,1976,1815.0
Country_114,1977,1963.9
Country_114,1978,1865.8
Country_114,1979,1926.6
Country_114,1980,1848.5
Country_114,1981,1811.0
Country_114,1982,1943.6
Country_114,1983,1976.2
Country_114,1984,1822.3
Country_114,1985,1813.7
Country_114,1986,1872.9
Country_114,1987,1880.3
Country_114,1988,1908.3
Country_114,1989,1901.2
Country_114,1990,1903.9
Country_114,1991,1826.2
Country_114,1992,1853.6
Country_114,1993,1813.2
Country_114,1994,1824.4
Country_114,1995,1817.5
Country_114,1996,1874.9
Country_114,1997,1817.8
Country_114,1998,1977.8
Country_114,1999,1898.0
Country_114,2000,1882.4
Country_114,2001,1949.4
Country_114,2002,1888.7
Country_114,2003,1897.5
Country_114,2004,2004.1
Country_114,2005,1886.7
Country_114,2006,1840.0
Country_114,2007,1806.3
Country_114,2008,1857.4
Country_114,2009,1909.9
Country_114,2010,1823.2
Country_114,2011,1889.4
Country_114,2012,1882.8
Country_114,2013,1844.5
Country_114,2014,1902.7
Country_114,2015,1854.9
Country_114,2016,1882.9
Country_114,2017,1779.7
Country_114,2018,1848.6
Country_114,2019,1902.1
Country_114,2020,1933.9
Country_114,2021,1842.2
Country_114,2022,1809.0
Country_114,2023,1858.4
Country_115,1900,886.7
Country_115,1901,839.5
Country_115,1902,787.5
Country_115,1903,872.0
Country_115,1904,803.3
Country_115,1905,848.8
Country_115,1906,788.1
Country_115,1907,823.7
Country_115,1908,822.4
Country_115,1909,760.4
Country_115,1910,871.5
Country_115,1911,829.3
Country_115,1912,802.0
Country_115,1913,872.9
Country_115,1914,864.0
Country_115,1915,846.8
Country_115,1916,834.3
Country_115,1917,877.2
Country_115,1918,816.6
Country_115,1919,849.9
Country_115,1920,833.2
Country_115,1921,776.1
Country_115,1922,817.5
Country_115,1923,838.2
Country_115,1924,755.7
Country_115,1925,889.9
Country_115,1926,965.6
Country_115,1927,823.5
Country_115,1928,932.6
Country_115,1929,867.0
Country_115,1930,938.2
Country_115,1931,923.6
Country_115,1932,929.0
Country_115,1933,872.6
Country_115,1934,768.0
Country_115,1935,821.0
Country_115,1936,822.7
Country_115,1937,913.3
Country_115,1938,841.6
Country_115,1939,760.1
Country_115,1940,921.7
Country_115,1941,956.4
Country_115,1942,755.2
Country_115,1943,785.3
Country_115,1944,795.2
Country_115,1945,864.6
Country_115,1946,744.3
Country_115,1947,752.1
Country_115,1948,880.8
Country_115,1949,923.7
Country_115,1950,867.9
Country_115,1951,847.8
Country_115,1952,860.5
Country_115,1953,775.8
Country_115,1954,937.5
Country_115,1955,876.0
Country_115,1956,795.8
Country_115,1957,878.0
Country_115,1958,825.7
Country_115,1959,906.2
Country_115,1960,836.7
Country_115,1961,847.9
Country_115,1962,825.9
Country_115,1963,815.9
Country_115,1964,878.6
Country_115,1965,729.2
Country_115,1966,769.2
Country_115,1967,848.4
Country_115,1968,792.1
Country_115,1969,848.0
Country_115,1970,807.0
Country_115,1971,743.9
Country_115,1972,816.1
Country_115,1973,852.0
Country_115,1974,766.4
Country_115,1975,802.3
Country_115,1976,865.8
Country_115,1977,783.7
Country_115,1978,831.9
Country_115,1979,831.1
Country_115,1980,780.2
Country_115,1981,833.6
Country_115,1982,752.7
Country_115,1983,806.8
Country_115,1984,941.7
Country_115,1985,819.4
Country_115,1986,860.5
Country_115,1987,796.9
Country_115,1988,809.4
Country_115,1989,823.0
Country_115,1990,929.9
Country_115,1991,879.7
Country_115,1992,795.5
Country_115,1993,797.5
Country_115,1994,859.6
Country_115,1995,839.9
Country_115,1996,849.9
Country_115,1997,906.4
Country_115,1998,788.7
Country_115,1999,924.3
Country_115,2000,797.0
Country_115,2001,773.9
Country_115,2002,872.1
Country_115,2003,878.4
Country_115,2004,761.6
Country_115,2005,849.8
Country_115,2006,902.6
Country_115,2007,833.3
Country_115,2008,884.0
Country_115,2009,777.2
Country_115,2010,809.7
Country_115,2011,703.8
Country_115,2012,836.4
Country_115,2013,893.4
Country_115,2014,736.6
Country_115,2015,868.8
Country_115,2016,827.9
Country_115,2017,831.1
Country_115,2018,886.3
Country_115,2019,855.6
Country_115,2020,806.6
Country_115,2021,908.6
Country_115,2022,736.6
Country_115,2023,816.7
Country_116,1900,1554.4
Country_116,1901,1544.2
Country_116,1902,1564.6
Country_116,1903,1488.1
Country_116,1904,1562.5
Country_116,1905,1569.0
Country_116,1906,1534.8
Country_116,1907,1505.7
Country_116,1908,1563.5
Country_116,1909,1455.5
Country_116,1910,1492.4
Country_116,1911,1570.7
Country_116,1912,1587.3
Country_116,1913,1546.4
Country_116,1914,1609.1
Country_116,1915,1535.6
Country_116,1916,1556.5
Country_116,1917,1574.0
Country_116,1918,1522.0
Country_116,1919,1569.9
Country_116,1920,1588.0
Country_116,1921,1488.6
Country_116,1922,1555.6
Country_116,1923,1566.9
Country_116,1924,1559.6
Country_116,1925,1549.3
Country_116,1926,1604.1
Country_116,1927,1688.4
Country_116,1928,1488.7
Country_116,1929,1521.0
Country_116,1930,1578.5
Country_116,1931,1603.6
Country_116,1932,1443.2
Country_116,1933,1595.3
Country_116,1934,1565.3
Country_116,1935,1554.4
Country_116,1936,1585.5
Country_116,1937,1561.3
Country_116,1938,1486.8
Country_116,1939,1550.4
Country_116,1940,1564.4
Country_116,1941,1533.4
Country_116,1942,1574.8
Country_116,1943,1563.6
Country_116,1944,1489.5
Country_116,1945,1564.8
Country_116,1946,1536.1
Country_116,1947,1615.8
Country_116,1948,1544.1
Country_116,1949,1551.4
Country_116,1950,1517.3
Country_116,1951,1574.3
Country_116,1952,1594.8
Country_116,1953,1519.0
Country_116,1954,1611.1
Country_116,1955,1589.2
Country_116,1956,1487.8
Country_116,1957,1468.5
Country_116,1958,1609.6
Country_116,1959,1614.5
Country_116,1960,1550.5
Country_116,1961,1604.1
Country_116,1962,1552.2
Country_116,1963,1470.5
Country_116,1964,1557.3
Country_116,1965,1524.3
Country_116,1966,1486.2
Country_116,1967,1540.2
Country_116,1968,1521.4
Country_116,1969,1542.6
Country_116,1970,1537.1
Country_116,1971,1540.8
Country_116,1972,1569.2
Country_116,1973,1557.8
Country_116,1974,1601.3
Country_116,1975,1671.7
Country_116,1976,1521.1
Country_116,1977,1605.8
Country_116,1978,1571.6
Country_116,1979,1457.4
Country_116,1980,1701.7
Country_116,1981,1566.3
Country_116,1982,1529.1
Country_116,1983,1517.9
Country_116,1984,1492.4
Country_116,1985,1540.2
Country_116,1986,1558.2
Country_116,1987,1527.9
Country_116,1988,1573.7
Country_116,1989,1560.6
Country_116,1990,1571.6
Country_116,1991,1500.5
Country_116,1992,1430.6
Country_116,1993,1667.7
Country_116,1994,1564.7
Country_116,1995,1522.6
Country_116,1996,1631.4
Country_116,1997,1502.2
Country_116,1998,1631.7
Country_116,1999,1543.6
Country_116,2000,1632.5
Country_116,2001,1563.5
Country_116,2002,1557.5
Country_116,2003,1463.7
Country_116,2004,1515.1
Country_116,2005,1511.4
Country_116,2006,1457.9
Country_116,2007,1548.7
Country_116,2008,1551.5
Country_116,2009,1544.2
Country_116,2010,1591.2
Country_116,2011,1582.6
Country_116,2012,1482.0
Country_116,2013,1514.1
Country_116,2014,1633.2
Country_116,2015,1542.5
Country_116,2016,1585.6
Country_116,2017,1560.6
Country_116,2018,1542.9
Country_116,2019,1628.1
Country_116,2020,1516.8
Country_116,2021,1585.9
Country_116,2022,1554.7
Country_116,2023,1549.1
Country_117,1900,1707.7
Country_117,1901,1764.8
Country_117,1902,1748.2
Country_117,1903,1838.0
Country_117,1904,1871.1
Country_117,1905,1774.2
Country_117,1906,1883.4
Country_117,1907,1947.8
Country_117,1908,1795.1
Country_117,1909,1766.9
Country_117,1910,1850.7
Country_117,1911,1791.8
Country_117,1912,1771.5
Country_117,1913,1788.3
Country_117,1914,1721.5
Country_117,1915,1769.6
Country_117,1916,1802.3
Country_117,1917,1834.5
Country_117,1918,1766.6
Country_117,1919,1802.3
Country_117,1920,1807.2
Country_117,1921,1773.5
Country_117,1922,1854.6
Country_117,1923,1843.2
Country_117,1924,1671.4
Country_117,1925,1791.0
Country_117,1926,1904.6
Country_117,1927,1801.9
Country_117,1928,1775.5
Country_117,1929,1771.0
Country_117,1930,1843.4
Country_117,1931,1814.1
Country_117,1932,1821.2
Country_117,1933,1782.1
Country_117,1934,1959.3
Country_117,1935,1906.2
Country_117,1936,1890.4
Country_117,1937,1830.3
Country_117,1938,1827.2
Country_117,1939,1775.0
Country_117,1940,1774.7
Country_117,1941,1824.8
Country_117,1942,1759.8
Country_117,1943,1765.4
Country_117,1944,1675.7
Country_117,1945,1827.8
Country_117,1946,1759.1
Country_117,1947,1825.3
Country_117,1948,1742.1
Country_117,1949,1772.5
Country_117,1950,1841.5
Country_117,1951,1787.1
Country_117,1952,1807.5
Country_117,1953,1862.7
Country_117,1954,1771.3
Country_117,1955,1805.9
Country_117,1956,1820.2
Country_117,1957,1827.7
Country_117,1958,1748.0
Country_117,1959,1802.1
Country_117,1960,1783.4
Country_117,1961,1836.3
Country_117,1962,1783.5
Country_117,1963,1806.4
Country_117,1964,1810.5
Country_117,1965,1760.8
Country_117,1966,1783.3
Country_117,1967,1794.5
Country_117,1968,1775.8
Country_117,1969,1847.0
Country_117,1970,1847.8
Country_117,1971,1820.7
Country_117,1972,1807.5
Country_117,1973,1781.2
Country_117,1974,1851.7
Country_117,1975,1907.4
Country_117,1976,1866.1
Country_117,1977,1791.0
Country_117,1978,1791.3
Country_117,1979,1830.1
Country_117,1980,1793.3
Country_117,1981,1702.9
Country_117,1982,1869.8
Country_117,1983,1810.3
Country_117,1984,1909.8
Country_117,1985,1732.5
Country_117,1986,1835.6
Country_117,1987,1821.5
Country_117,1988,1796.1
Country_117,1989,1825.6
Country_117,1990,1853.3
Country_117,1991,1781.3
Country_117,1992,1706.1
Country_117,1993,1772.3
Country_117,1994,1697.9
Country_117,1995,1772.0
Country_117,1996,1809.3
Country_117,1997,1793.6
Country_117,1998,1931.0
Country_117,1999,1788.3
Country_117,2000,1808.4
Country_117,2001,1843.6
Country_117,2002,1762.5
Country_117,2003,1904.3
Country_117,2004,1886.0
Country_117,2005,1824.8
Country_117,2006,1848.4
Country_117,2007,1790.6
Country_117,2008,1807.8
Country_117,2009,1808.0
Country_117,2010,1866.0
Country_117,2011,1858.3
Country_117,2012,1762.9
Country_117,2013,1778.9
Country_117,2014,1839.0
Country_117,2015,1904.2
Country_117,2016,1800.2
Country_117,2017,1925.2
Country_117,2018,1839.7
Country_117,2019,1867.2
Country_117,2020,1835.0
Country_117,2021,1841.2
Country_117,2022,1875.6
Country_117,2023,1800.6
Country_118,1900,1173.2
Country_118,1901,1180.5
Country_118,1902,1095.3
Country_118,1903,1125.8
Country_118,1904,1128.3
Country_118,1905,1103.4
Country_118,1906,1097.7
Country_118,1907,1137.4
Country_118,1908,1166.9
Country_118,1909,1085.6
Country_118,1910,1155.9
Country_118,1911,1100.9
Country_118,1912,1136.0
Country_118,1913,1149.6
Country_118,1914,1087.0
Country_118,1915,1155.5
Country_118,1916,1187.7
Country_118,1917,1038.6
Country_118,1918,1077.1
Country_118,1919,1162.4
Country_118,1920,1043.1
Country_118,1921,1152.4
Country_118,1922,1088.0
Country_118,1923,1233.8
Country_118,1924,1026.5
Country_118,1925,1241.7
Country_118,1926,1097.3
Country_118,1927,1155.3
Country_118,1928,1134.3
Country_118,1929,1142.7
Country_118,1930,971.8
Country_118,1931,1093.1
Country_118,1932,1131.5
Country_118,1933,1127.9
Country_118,1934,1104.8
Country_118,1935,1076.6
Country_118,1936,1129.0
Country_118,1937,1054.1
Country_118,1938,1127.5
Country_118,1939,1117.8
Country_118,1940,1103.0
Country_118,1941,1062.5
Country_118,1942,1076.6
Country_118,1943,1130.6
Country_118,1944,1018.9
Country_118,1945,1150.4
Country_118,1946,1141.6
Country_118,1947,1166.6
Country_118,1948,1094.1
Country_118,1949,1110.4
Country_118,1950,1050.0
Country_118,1951,1053.8
Country_118,1952,1130.1
Country_118,1953,1139.1
Country_118,1954,1134.4
Country_118,1955,1161.5
Country_118,1956,1170.6
Country_118,1957,1097.6
Country_118,1958,1117.5
Country_118,1959,1020.6
Country_118,1960,1146.1
Country_118,1961,1133.0
Country_118,1962,1166.6
Country_118,1963,1048.6
Country_118,1964,1101.0
Country_118,1965,1184.2
Country_118,1966,1125.7
Country_118,1967,1098.4
Country_118,1968,1191.2
Country_118,1969,1146.3
Country_118,1970,1096.1
Country_118,1971,1158.1
Country_118,1972,1157.8
Country_118,1973,1093.2
Country_118,1974,1202.1
Country_118,1975,1107.8
Country_118,1976,1175.1
Country_118,1977,1165.1
Country_118,1978,1073.4
Country_118,1979,1044.1
Country_118,1980,1109.3
Country_118,1981,1039.2
Country_118,1982,1143.4
Country_118,1983,1128.3
Country_118,1984,1099.0
Country_118,1985,1221.0
Country_118,1986,1117.3
Country_118,1987,1099.8
Country_118,1988,1142.7
Country_118,1989,1033.5
Country_118,1990,1189.3
Country_118,1991,1083.5
Country_118,1992,1080.4
Country_118,1993,1120.1
Country_118,1994,1116.4
Country_118,1995,1142.8
Country_118,1996,1152.6
Country_118,1997,1152.7
Country_118,1998,1157.0
Country_118,1999,1148.7
Country_118,2000,1128.2
Country_118,2001,1143.1
Country_118,2002,1097.0
Country_118,2003,1133.8
Country_118,2004,1217.0
Country_118,2005,1091.7
Country_118,2006,1077.7
Country_118,2007,1223.8
Country_118,2008,1130.9
Country_118,2009,1215.0
Country_118,2010,1118.4
Country_118,2011,1202.7
Country_118,2012,1102.6
Country_118,2013,1042.0
Country_118,2014,1078.7
Country_118,2015,1176.8
Country_118,2016,1139.6
Country_118,2017,1134.9
Country_118,2018,1103.2
Country_118,2019,1169.5
Country_118,2020,1073.8
Country_118,2021,1139.1
Country_118,2022,1143.2
Country_118,2023,1185.9
Country_119,1900,830.3
Country_119,1901,872.7
Country_119,1902,857.2
Country_119,1903,843.4
Country_119,1904,871.2
Country_119,1905,972.3
Country_119,1906,831.2
Country_119,1907,863.4
Country_119,1908,881.3
Country_119,1909,971.3
Country_119,1910,816.3
Country_119,1911,850.5
Country_119,1912,897.8
Country_119,1913,819.4
Country_119,1914,928.7
Country_119,1915,858.0
Country_119,1916,915.5
Country_119,1917,925.2
Country_119,1918,831.5
Country_119,1919,874.0
Country_119,1920,855.1
Country_119,1921,861.4
Country_119,1922,886.4
Country_119,1923,863.7
Country_119,1924,844.8
Country_119,1925,890.7
Country_119,1926,857.6
Country_119,1927,899.4
Country_119,1928,916.9
Country_119,1929,885.2
Country_119,1930,840.4
Country_119,1931,893.4
Country_119,1932,821.2
Country_119,1933,847.0
Country_119,1934,892.9
Country_119,1935,837.3
Country_119,1936,945.1
Country_119,1937,867.7
Country_119,1938,868.9
Country_119,1939,892.3
Country_119,1940,891.7
Country_119,1941,854.3
Country_119,1942,819.8
Country_119,1943,864.0
Country_119,1944,956.0
Country_119,1945,863.5
Country_119,1946,874.8
Country_119,1947,795.4
Country_119,1948,969.4
Country_119,1949,931.2
Country_119,1950,844.8
Country_119,1951,872.0
Country_119,1952,872.9
Country_119,1953,911.5
Country_119,1954,891.5
Country_119,1955,966.9
Country_119,1956,899.2
Country_119,1957,849.1
Country_119,1958,841.7
Country_119,1959,903.1
Country_119,1960,851.3
Country_119,1961,927.6
Country_119,1962,864.5
Country_119,1963,801.9
Country_119,1964,891.1
Country_119,1965,929.0
Country_119,1966,894.7
Country_119,1967,878.1
Country_119,1968,934.1
Country_119,1969,848.5
Country_119,1970,818.8
Country_119,1971,881.3
Country_119,1972,860.0
Country_119,1973,856.7
Country_119,1974,969.1
Country_119,1975,888.8
Country_119,1976,876.6
Country_119,1977,785.5
Country_119,1978,896.0
Country_119,1979,866.2
Country_119,1980,867.3
Country_119,1981,887.6
Country_119,1982,887.9
Country_119,1983,889.2
Country_119,1984,818.7
Country_119,1985,784.0
Country_119,1986,826.9
Country_119,1987,885.5
Country_119,1988,850.7
Country_119,1989,868.9
Country_119,1990,894.7
Country_119,1991,841.9
Country_119,1992,895.7
Country_119,1993,909.7
Country_119,1994,861.5
Country_119,1995,839.7
Country_119,1996,927.8
Country_119,1997,868.5
Country_119,1998,903.0
Country_119,1999,901.4
Country_119,2000,845.4
Country_119,2001,915.1
Country_119,2002,850.2
Country_119,2003,862.4
Country_119,2004,820.7
Country_119,2005,891.3
Country_119,2006,946.6
Country_119,2007,804.0
Country_119,2008,876.8
Country_119,2009,876.7
Country_119,2010,953.6
Country_119,2011,862.0
Country_119,2012,835.3
Country_119,2013,795.0
Country_119,2014,886.0
Country_119,2015,892.1
Country_119,2016,847.9
Country_119,2017,936.3
Country_119,2018,947.4
Country_119,2019,901.1
Country_119,2020,872.3
Country_119,2021,867.0
Country_119,2022,955.2
Country_119,2023,908.2
Country_120,1900,1854.1
Country_120,1901,1897.6
Country_120,1902,1845.2
Country_120,1903,1796.1
Country_120,1904,1814.8
Country_120,1905,1737.7
Country_120,1906,1817.8
Country_120,1907,1837.4
Country_120,1908,1853.9
Country_120,1909,1785.4
Country_120,1910,1778.1
Country_120,1911,1778.5
Country_120,1912,1819.7
Country_120,1913,1787.6
Country_120,1914,1741.4
Country_120,1915,1830.5
Country_120,1916,1891.3
Country_120,1917,1838.7
Country_120,1918,1797.0
Country_120,1919,1840.5
Country_120,1920,1836.0
Country_120,1921,1810.9
Country_120,1922,1892.7
Country_120,1923,1822.5
Country_120,1924,1882.6
Country_120,1925,1699.0
Country_120,1926,1814.7
Country_120,1927,1824.8
Country_120,1928,1831.9
Country_120,1929,1815.5
Country_120,1930,1792.6
Country_120,1931,1903.4
Country_120,1932,1889.0
Country_120,1933,1770.4
Country_120,1934,1753.5
Country_120,1935,1819.0
Country_120,1936,1718.6
Country_120,1937,1861.3
Country_120,1938,1867.8
Country_120,1939,1767.6
Country_120,1940,1830.5
Country_120,1941,1821.1
Country_120,1942,1755.9
Country_120,1943,1816.5
Country_120,1944,1909.0
Country_120,1945,1800.2
Country_120,1946,1732.9
Country_120,1947,1804.3
Country_120,1948,1752.6
Country_120,1949,1865.7
Country_120,1950,1807.5
Country_120,1951,1929.1
Country_120,1952,1825.1
Country_120,1953,1819.4
Country_120,1954,1824.0
Country_120,1955,1800.1
Country_120,1956,1762.9
Country_120,1957,1793.2
Country_120,1958,1876.3
Country_120,1959,1767.8
Country_120,1960,1833.6
Country_120,1961,1928.1
Country_120,1962,1898.3
Country_120,1963,1903.9
Country_120,1964,1760.6
Country_120,1965,1807.7
Country_120,1966,1661.2
Country_120,1967,1767.4
Country_120,1968,1781.6
Country_120,1969,1797.9
Country_120,1970,1809.7
Country_120,1971,1787.4
Country_120,1972,1734.7
Country_120,1973,1778.1
Country_120,1974,1815.2
Country_120,1975,1828.2
Country_120,1976,1837.9
Country_120,1977,1877.8
Country_120,1978,1798.9
Country_120,1979,1807.6
Country_120,1980,1733.7
Country_120,1981,1787.1
Country_120,1982,1819.8
Country_120,1983,1762.8
Country_120,1984,1830.8
Country_120,1985,1798.3
Country_120,1986,1819.0
Country_120,1987,1914.6
Country_120,1988,1718.6
Country_120,1989,1761.3
Country_120,1990,1809.6
Country_120,1991,1884.2
Country_120,1992,1828.7
Country_120,1993,1772.8
Country_120,1994,1745.4
Country_120,1995,1796.4
Country_120,1996,1833.6
Country_120,1997,1861.0
Country_120,1998,1753.5
Country_120,1999,1822.1
Country_120,2000,1694.6
Country_120,2001,1976.3
Country_120,2002,1929.3
Country_120,2003,1781.7
Country_120,2004,1834.1
Country_120,2005,1874.1
Country_120,2006,1883.6
Country_120,2007,1834.8
Country_120,2008,1794.1
Country_120,2009,1806.9
Country_120,2010,1839.9
Country_120,2011,1758.2
Country_120,2012,1880.1
Country_120,2013,1792.5
Country_120,2014,1863.6
Country_120,2015,1760.4
Country_120,2016,1883.9
Country_120,2017,1866.7
Country_120,2018,1679.1
Country_120,2019,1826.7
Country_120,2020,1816.4
Country_120,2021,1829.3
Country_120,2022,1789.8
Country_120,2023,1818.6
Country_121,1900,1356.4
Country_121,1901,1439.2
Country_121,1902,1472.3
Country_121,1903,1416.6
Country_121,1904,1504.5
Country_121,1905,1529.9
Country_121,1906,1396.3
Country_121,1907,1442.8
Country_121,1908,1419.6
Country_121,1909,1426.8
Country_121,1910,1453.0
Country_121,1911,1495.5
Country_121,1912,1448.6
Country_121,1913,1475.1
Country_121,1914,1503.3
Country_121,1915,1398.5
Country_121,1916,1456.3
Country_121,1917,1442.2
Country_121,1918,1501.5
Country_121,1919,1450.0
Country_121,1920,1452.9
Country_121,1921,1492.4
Country_121,1922,1502.8
Country_121,1923,1481.9
Country_121,1924,1443.9
Country_121,1925,1399.7
Country_121,1926,1486.0
Country_121,1927,1439.1
Country_121,1928,1353.9
Country_121,1929,1386.8
Country_121,1930,1479.7
Country_121,1931,1424.8
Country_121,1932,1501.4
Country_121,1933,1436.4
Country_121,1934,1474.5
Country_121,1935,1501.7
Country_121,1936,1390.2
Country_121,1937,1455.8
Country_121,1938,1431.6
Country_121,1939,1518.6
Country_121,1940,1537.6
Country_121,1941,1409.5
Country_121,1942,1521.7
Country_121,1943,1480.4
Country_121,1944,1519.2
Country_121,1945,1437.4
Country_121,1946,1374.3
Country_121,1947,1419.5
Country_121,1948,1464.1
Country_121,1949,1440.0
Country_121,1950,1399.1
Country_121,1951,1396.2
Country_121,1952,1433.7
Country_121,1953,1505.2
Country_121,1954,1375.9
Country_121,1955,1482.3
Country_121,1956,1354.6
Country_121,1957,1483.6
Country_121,1958,1517.3
Country_121,1959,1420.4
Country_121,1960,1442.6
Country_121,1961,1357.2
Country_121,1962,1508.5
Country_121,1963,1397.7
Country_121,1964,1467.0
Country_121,1965,1410.4
Country_121,1966,1470.3
Country_121,1967,1410.9
Country_121,1968,1478.6
Country_121,1969,1391.9
Country_121,1970,1443.8
Country_121,1971,1461.4
Country_121,1972,1543.8
Country_121,1973,1428.0
Country_121,1974,1424.5
Country_121,1975,1482.2
Country_121,1976,1402.8
Country_121,1977,1481.6
Country_121,1978,1489.0
Country_121,1979,1444.0
Country_121,1980,1471.0
Country_121,1981,1504.7
Country_121,1982,1412.2
Country_121,1983,1467.7
Country_121,1984,1425.4
Country_121,1985,1457.7
Country_121,1986,1467.4
Country_121,1987,1453.6
Country_121,1988,1489.9
Country_121,1989,1347.6
Country_121,1990,1487.0
Country_121,1991,1443.3
Country_121,1992,1528.9
Country_121,1993,1525.2
Country_121,1994,1452.9
Country_121,1995,1406.4
Country_121,1996,1476.0
Country_121,1997,1454.6
Country_121,1998,1520.2
Country_121,1999,1426.7
Country_121,2000,1473.9
Country_121,2001,1354.0
Country_121,2002,1439.0
Country_121,2003,1452.3
Country_121,2004,1476.1
Country_121,2005,1425.7
Country_121,2006,1471.9
Country_121,2007,1461.7
Country_121,2008,1513.9
Country_121,2009,1439.1
Country_121,2010,1435.8
Country_121,2011,1523.4
Country_121,2012,1425.3
Country_121,2013,1462.3
Country_121,2014,1533.6
Country_121,2015,1428.7
Country_121,2016,1424.4
Country_121,2017,1506.6
Country_121,2018,1580.5
Country_121,2019,1487.0
Country_121,2020,1488.2
Country_121,2021,1477.6
Country_121,2022,1403.5
Country_121,2023,1456.8
Country_122,1900,1288.0
Country_122,1901,1351.8
Country_122,1902,1262.7
Country_122,1903,1346.0
Country_122,1904,1357.6
Country_122,1905,1256.8
Country_122,1906,1192.4
Country_122,1907,1387.1
Country_122,1908,1283.5
Country_122,1909,1255.3
Country_122,1910,1279.0
Country_122,1911,1325.4
Country_122,1912,1373.1
Country_122,1913,1321.7
Country_122,1914,1256.4
Country_122,1915,1274.1
Country_122,1916,1374.4
Country_122,1917,1311.5
Country_122,1918,1303.6
Country_122,1919,1313.7
Country_122,1920,1271.6
Country_122,1921,1340.4
Country_122,1922,1245.7
Country_122,1923,1220.2
Country_122,1924,1391.7
Country_122,1925,1317.4
Country_122,1926,1384.4
Country_122,1927,1233.7
Country_122,1928,1361.4
Country_122,1929,1291.2
Country_122,1930,1319.4
Country_122,1931,1333.9
Country_122,1932,1252.5
Country_122,1933,1286.0
Country_122,1934,1307.0
Country_122,1935,1225.9
Country_122,1936,1264.9
Country_122,1937,1363.8
Country_122,1938,1329.5
Country_122,1939,1327.4
Country_122,1940,1305.1
Country_122,1941,1318.5
Country_122,1942,1323.0
Country_122,1943,1319.6
Country_122,1944,1326.4
Country_122,1945,1268.9
Country_122,1946,1378.4
Country_122,1947,1453.5
Country_122,1948,1335.6
Country_122,1949,1342.4
Country_122,1950,1357.1
Country_122,1951,1345.5
Country_122,1952,1379.6
Country_122,1953,1345.8
Country_122,1954,1310.8
Country_122,1955,1216.5
Country_122,1956,1355.6
Country_122,1957,1208.0
Country_122,1958,1256.8
Country_122,1959,1322.5
Country_122,1960,1286.7
Country_122,1961,1322.4
Country_122,1962,1263.1
Country_122,1963,1363.5
Country_122,1964,1311.3
Country_122,1965,1270.5
Country_122,1966,1275.2
Country_122,1967,1312.7
Country_122,1968,1280.3
Country_122,1969,1319.4
Country_122,1970,1300.1
Country_122,1971,1308.4
Country_122,1972,1299.8
Country_122,1973,1352.3
Country_122,1974,1257.2
Country_122,1975,1360.0
Country_122,1976,1241.8
Country_122,1977,1308.1
Country_122,1978,1325.6
Country_122,1979,1276.2
Country_122,1980,1324.7
Country_122,1981,1259.4
Country_122,1982,1241.7
Country_122,1983,1284.7
Country_122,1984,1288.5
Country_122,1985,1410.4
Country_122,1986,1291.5
Country_122,1987,1393.9
Country_122,1988,1199.7
Country_122,1989,1282.8
Country_122,1990,1287.4
Country_122,1991,1349.5
Country_122,1992,1310.2
Country_122,1993,1325.4
Country_122,1994,1201.9
Country_122,1995,1307.4
Country_122,1996,1408.0
Country_122,1997,1295.8
Country_122,1998,1362.0
Country_122,1999,1415.5
Country_122,2000,1206.1
Country_122,2001,1289.1
Country_122,2002,1342.8
Country_122,2003,1273.8
Country_122,2004,1316.5
Country_122,2005,1281.6
Country_122,2006,1397.0
Country_122,2007,1364.9
Country_122,2008,1281.2
Country_122,2009,1337.5
Country_122,2010,1324.2
Country_122,2011,1391.5
Country_122,2012,1244.7
Country_122,2013,1334.0
Country_122,2014,1283.0
Country_122,2015,1273.7
Country_122,2016,1281.0
Country_122,2017,1410.5
Country_122,2018,1233.8
Country_122,2019,1348.5
Country_122,2020,1250.5
Country_122,2021,1299.9
Country_122,2022,1312.4
Country_122,2023,1318.5
Country_123,1900,1735.1
Country_123,1901,1788.6
Country_123,1902,1645.5
Country_123,1903,1737.7
Country_123,1904,1727.2
Country_123,1905,1734.9
Country_123,1906,1766.9
Country_123,1907,1786.7
Country_123,1908,1718.8
Country_123,1909,1754.6
Country_123,1910,1722.0
Country_123,1911,1712.4
Country_123,1912,1794.8
Country_123,1913,1790.1
Country_123,1914,1731.0
Country_123,1915,1701.8
Country_123,1916,1739.9
Country_123,1917,1696.8
Country_123,1918,1762.8
Country_123,1919,1762.9
Country_123,1920,1759.8
Country_123,1921,1733.8
Country_123,1922,1707.0
Country_123,1923,1751.0
Country_123,1924,1735.8
Country_123,1925,1755.5
Country_123,1926,1791.9
Country_123,1927,1772.5
Country_123,1928,1725.6
Country_123,1929,1783.6
Country_123,1930,1758.3
Country_123,1931,1728.2
Country_123,1932,1640.2
Country_123,1933,1706.3
Country_123,1934,1755.8
Country_123,1935,1694.9
Country_123,1936,1783.5
Country_123,1937,1731.4
Country_123,1938,1722.8
Country_123,1939,1754.9
Country_123,1940,1734.1
Country_123,1941,1691.5
Country_123,1942,1764.6
Country_123,1943,1783.0
Country_123,1944,1691.9
Country_123,1945,1763.7
Country_123,1946,1805.5
Country_123,1947,1792.6
Country_123,1948,1672.8
Country_123,1949,1720.7
Country_123,1950,1738.8
Country_123,1951,1680.5
Country_123,1952,1791.7
Country_123,1953,1797.1
Country_123,1954,1808.6
Country_123,1955,1697.8
Country_123,1956,1746.9
Country_123,1957,1804.5
Country_123,1958,1697.8
Country_123,1959,1794.4
Country_123,1960,1788.0
Country_123,1961,1690.0
Country_123,1962,1798.0
Country_123,1963,1668.2
Country_123,1964,1746.9
Country_123,1965,1769.7
Country_123,1966,1762.5
Country_123,1967,1725.4
Country_123,1968,1764.8
Country_123,1969,1693.5
Country_123,1970,1788.7
Country_123,1971,1754.1
Country_123,1972,1702.2
Country_123,1973,1856.6
Country_123,1974,1743.5
Country_123,1975,1725.3
Country_123,1976,1780.8
Country_123,1977,1720.0
Country_123,1978,1727.9
Country_123,1979,1769.5
Country_123,1980,1762.6
Country_123,1981,1696.0
Country_123,1982,1755.3
Country_123,1983,1589.9
Country_123,1984,1826.0
Country_123,1985,1653.8
Country_123,1986,1694.3
Country_123,1987,1793.8
Country_123,1988,1700.5
Country_123,1989,1765.1
Country_123,1990,1671.4
Country_123,1991,1703.5
Country_123,1992,1752.3
Country_123,1993,1692.7
Country_123,1994,1759.7
Country_123,1995,1799.3
Country_123,1996,1743.3
Country_123,1997,1694.7
Country_123,1998,1699.0
Country_123,1999,1747.3
Country_123,2000,1770.0
Country_123,2001,1807.9
Country_123,2002,1720.5
Country_123,2003,1769.2
Country_123,2004,1751.4
Country_123,2005,1747.0
Country_123,2006,1701.2
Country_123,2007,1763.1
Country_123,2008,1757.6
Country_123,2009,1785.6
Country_123,2010,1767.3
Country_123,2011,1813.4
Country_123,2012,1755.9
Country_123,2013,1710.2
Country_123,2014,1808.7
Country_123,2015,1830.7
Country_123,2016,1652.3
Country_123,2017,1792.3
Country_123,2018,1788.7
Country_123,2019,1769.3
Country_123,2020,1743.4
Country_123,2021,1839.8
Country_123,2022,1862.2
Country_123,2023,1822.2
Country_124,1900,1176.2
Country_124,1901,1279.3
Country_124,1902,1228.9
Country_124,1903,1215.5
Country_124,1904,1212.2
Country_124,1905,1210.2
Country_124,1906,1129.4
Country_124,1907,1147.1
Country_124,1908,1202.0
Country_124,1909,1203.5
Country_124,1910,1155.9
Country_124,1911,1109.9
Country_124,1912,1288.2
Country_124,1913,1230.9
Country_124,1914,1172.7
Country_124,1915,1133.5
Country_124,1916,1195.0
Country_124,1917,1204.7
Country_124,1918,1309.2
Country_124,1919,1138.0
Country_124,1920,1152.8
Country_124,1921,1252.5
Country_124,1922,1260.5
Country_124,1923,1182.1
Country_124,1924,1156.9
Country_124,1925,1231.2
Country_124,1926,1213.0
Country_124,1927,1212.8
Country_124,1928,1230.2
Country_124,1929,1270.4
Country_124,1930,1129.9
Country_124,1931,1140.4
Country_124,1932,1172.2
Country_124,1933,1215.3
Country_124,1934,1127.2
Country_124,1935,1131.2
Country_124,1936,1189.4
Country_124,1937,1232.3
Country_124,1938,1212.5
Country_124,1939,1156.7
Country_124,1940,1283.5
Country_124,1941,1107.8
Country_124,1942,1204.0
Country_124,1943,1224.9
Country_124,1944,1249.5
Country_124,1945,1177.9
Country_124,1946,1230.6
Country_124,1947,1202.4
Country_124,1948,1251.0
Country_124,1949,1259.2
Country_124,1950,1259.6
Country_124,1951,1189.1
Country_124,1952,1129.4
Country_124,1953,1238.0
Country_124,1954,1267.0
Country_124,1955,1221.9
Country_124,1956,1172.6
Country_124,1957,1099.1
Country_124,1958,1180.7
Country_124,1959,1253.1
Country_124,1960,1194.8
Country_124,1961,1169.8
Country_124,1962,1240.7
Country_124,1963,1231.9
Country_124,1964,1208.9
Country_124,1965,1254.8
Country_124,1966,1197.6
Country_124,1967,1305.4
Country_124,1968,1167.3
Country_124,1969,1215.0
Country_124,1970,1254.7
Country_124,1971,1190.1
Country_124,1972,1208.6
Country_124,1973,1121.7
Country_124,1974,1209.9
Country_124,1975,1130.6
Country_124,1976,1203.2
Country_124,1977,1224.4
Country_124,1978,1297.9
Country_124,1979,1258.1
Country_124,1980,1242.7
Country_124,1981,1225.2
Country_124,1982,1264.8
Country_124,1983,1232.8
Country_124,1984,1268.8
Country_124,1985,1210.3
Country_124,1986,1253.9
Country_124,1987,1219.0
Country_124,1988,1222.2
Country_124,1989,1220.4
Country_124,1990,1164.9
Country_124,1991,1220.3
Country_124,1992,1227.3
Country_124,1993,1144.2
Country_124,1994,1180.8
Country_124,1995,1240.7
Country_124,1996,1225.2
Country_124,1997,1227.1
Country_124,1998,1176.6
Country_124,1999,1263.0
Country_124,2000,1132.3
Country_124,2001,1239.6
Country_124,2002,1182.4
Country_124,2003,1222.1
Country_124,2004,1217.1
Country_124,2005,1200.3
Country_124,2006,1192.8
Country_124,2007,1199.4
Country_124,2008,1222.0
Country_124,2009,1258.7
Country_124,2010,1096.2
Country_124,2011,1125.0
Country_124,2012,1294.5
Country_124,2013,1225.7
Country_124,2014,1083.2
Country_124,2015,1203.2
Country_124,2016,1201.4
Country_124,2017,1277.8
Country_124,2018,1307.1
Country_124,2019,1223.1
Country_124,2020,1180.4
Country_124,2021,1233.1
Country_124,2022,1219.7
Country_124,2023,1189.9
Country_125,1900,1095.0
Country_125,1901,1186.0
Country_125,1902,1129.5
Country_125,1903,1148.1
Country_125,1904,1143.3
Country_125,1905,1097.1
Country_125,1906,1158.1
Country_125,1907,1155.3
Country_125,1908,1174.1
Country_125,1909,1225.5
Country_125,1910,1237.6
Country_125,1911,1190.5
Country_125,1912,1163.8
Country_125,1913,1115.0
Country_125,1914,1158.7
Country_125,1915,1147.4
Country_125,1916,1173.2
Country_125,1917,1143.7
Country_125,1918,1115.8
Country_125,1919,1270.5
Country_125,1920,1180.3
Country_125,1921,1120.3
Country_125,1922,1179.9
Country_125,1923,1287.2
Country_125,1924,1138.8
Country_125,1925,1144.0
Country_125,1926,1135.0
Country_125,1927,1133.4
Country_125,1928,1085.4
Country_125,1929,1181.4
Country_125,1930,1170.9
Country_125,1931,1114.7
Country_125,1932,1142.9
Country_125,1933,1241.8
Country_125,1934,1267.9
Country_125,1935,1111.9
Country_125,1936,1146.5
Country_125,1937,1022.5
Country_125,1938,1168.2
Country_125,1939,1165.8
Country_125,1940,1132.6
Country_125,1941,1144.3
Country_125,1942,1206.5
Country_125,1943,1081.9
Country_125,1944,1135.7
Country_125,1945,1104.1
Country_125,1946,1181.6
Country_125,1947,1160.6
Country_125,1948,1245.1
Country_125,1949,1095.2
Country_125,1950,1090.7
Country_125,1951,1096.0
Country_125,1952,1246.1
Country_125,1953,1197.7
Country_125,1954,1126.9
Country_125,1955,1083.8
Country_125,1956,1116.8
Country_125,1957,1166.3
Country_125,1958,1121.0
Country_125,1959,1181.0
Country_125,1960,1223.0
Country_125,1961,1172.4
Country_125,1962,1210.6
Country_125,1963,1106.1
Country_125,1964,1188.1
Country_125,1965,1165.7
Country_125,1966,1128.2
Country_125,1967,1210.1
Country_125,1968,1088.8
Country_125,1969,1163.6
Country_125,1970,1089.2
Country_125,1971,1140.2
Country_125,1972,1210.1
Country_125,1973,1112.9
Country_125,1974,1209.9
Country_125,1975,1148.7
Country_125,1976,1109.0
Country_125,1977,1078.4
Country_125,1978,1073.0
Country_125,1979,1073.0
Country_125,1980,1204.5
Country_125,1981,1186.7
Country_125,1982,1153.9
Country_125,1983,1193.6
Country_125,1984,1103.0
Country_125,1985,1196.3
Country_125,1986,1145.0
Country_125,1987,1214.3
Country_125,1988,1237.7
Country_125,1989,1165.2
Country_125,1990,1283.6
Country_125,1991,1082.7
Country_125,1992,1133.4
Country_125,1993,1200.3
Country_125,1994,1157.0
Country_125,1995,1268.4
Country_125,1996,1177.6
Country_125,1997,1160.6
Country_125,1998,1179.6
Country_125,1999,1161.9
Country_125,2000,1145.0
Country_125,2001,1134.0
Country_125,2002,1187.6
Country_125,2003,1207.2
Country_125,2004,1202.6
Country_125,2005,1133.6
Country_125,2006,1168.1
Country_125,2007,1118.0
Country_125,2008,1152.3
Country_125,2009,1146.8
Country_125,2010,1106.1
Country_125,2011,1060.7
Country_125,2012,1160.3
Country_125,2013,1209.1
Country_125,2014,1198.3
Country_125,2015,1220.5
Country_125,2016,1204.4
Country_125,2017,1209.0
Country_125,2018,1186.6
Country_125,2019,1271.8
Country_125,2020,1176.9
Country_125,2021,1114.2
Country_125,2022,1181.5
Country_125,2023,1242.8
Country_126,1900,1853.2
Country_126,1901,1760.7
Country_126,1902,1815.0
Country_126,1903,1812.9
Country_126,1904,1881.6
Country_126,1905,1897.4
Country_126,1906,1761.7
Country_126,1907,1796.2
Country_126,1908,1763.3
Country_126,1909,1863.4
Country_126,1910,1908.9
Country_126,1911,1785.2
Country_126,1912,1831.9
Country_126,1913,1792.6
Country_126,1914,1872.8
Country_126,1915,1843.6
Country_126,1916,1865.9
Country_126,1917,1728.1
Country_126,1918,1833.0
Country_126,1919,1854.2
Country_126,1920,1857.7
Country_126,1921,1771.7
Country_126,1922,1866.8
Country_126,1923,1823.0
Country_126,1924,1920.7
Country_126,1925,1856.6
Country_126,1926,1666.3
Country_126,1927,1835.7
Country_126,1928,1815.5
Country_126,1929,1875.3
Country_126,1930,1729.2
Country_126,1931,1843.4
Country_126,1932,1849.8
Country_126,1933,1791.5
Country_126,1934,1821.7
Country_126,1935,1838.8
Country_126,1936,1878.0
Country_126,1937,1802.4
Country_126,1938,1809.6
Country_126,1939,1788.0
Country_126,1940,1869.1
Country_126,1941,1801.0
Country_126,1942,1842.6
Country_126,1943,1897.4
Country_126,1944,1816.7
Country_126,1945,1775.6
Country_126,1946,1844.9
Country_126,1947,1788.8
Country_126,1948,1806.7
Country_126,1949,1848.8
Country_126,1950,1829.3
Country_126,1951,1857.4
Country_126,1952,1862.7
Country_126,1953,1810.5
Country_126,1954,1822.7
Country_126,1955,1789.5
Country_126,1956,1673.1
Country_126,1957,1821.0
Country_126,1958,1837.0
Country_126,1959,1859.8
Country_126,1960,1786.2
Country_126,1961,1768.2
Country_126,1962,1819.1
Country_126,1963,1822.9
Country_126,1964,1777.0
Country_126,1965,1896.1
Country_126,1966,1826.0
Country_126,1967,1825.1
Country_126,1968,1827.6
Country_126,1969,1829.8
Country_126,1970,1798.3
Country_126,1971,1832.7
Country_126,1972,1862.0
Country_126,1973,1873.2
Country_126,1974,1774.6
Country_126,1975,1835.6
Country_126,1976,1861.5
Country_126,1977,1794.5
Country_126,1978,1805.0
Country_126,1979,1778.8
Country_126,1980,1777.5
Country_126,1981,1775.9
Country_126,1982,1838.8
Country_126,1983,1859.1
Country_126,1984,1779.6
Country_126,1985,1733.9
Country_126,1986,1810.9
Country_126,1987,1856.6
Country_126,1988,1851.4
Country_126,1989,1805.4
Country_126,1990,1825.2
Country_126,1991,1928.9
Country_126,1992,1907.2
Country_126,1993,1855.0
Country_126,1994,1888.6
Country_126,1995,1901.8
Country_126,1996,1733.4
Country_126,1997,1794.8
Country_126,1998,1839.3
Country_126,1999,1968.3
Country_126,2000,1830.4
Country_126,2001,1794.4
Country_126,2002,1793.0
Country_126,2003,1764.9
Country_126,2004,1799.6
Country_126,2005,1868.9
Country_126,2006,1800.7
Country_126,2007,1831.5
Country_126,2008,1838.2
Country_126,2009,1893.7
Country_126,2010,1828.1
Country_126,2011,1859.0
Country_126,2012,1800.3
Country_126,2013,1780.8
Country_126,2014,1790.3
Country_126,2015,1694.5
Country_126,2016,1837.8
Country_126,2017,1832.7
Country_126,2018,1829.2
Country_126,2019,1796.0
Country_126,2020,1813.8
Country_126,2021,1820.5
Country_126,2022,1789.3
Country_126,2023,1885.2
Country_127,1900,1455.9
Country_127,1901,1313.2
Country_127,1902,1348.0
Country_127,1903,1402.6
Country_127,1904,1411.8
Country_127,1905,1324.6
Country_127,1906,1299.6
Country_127,1907,1316.5
Country_127,1908,1395.9
Country_127,1909,1418.3
Country_127,1910,1401.9
Country_127,1911,1401.9
Country_127,1912,1404.5
Country_127,1913,1421.5
Country_127,1914,1365.1
Country_127,1915,1495.2
Country_127,1916,1361.4
Country_127,1917,1303.5
Country_127,1918,1344.2
Country_127,1919,1496.0
Country_127,1920,1425.3
Country_127,1921,1282.3
Country_127,1922,1320.3
Country_127,1923,1470.0
Country_127,1924,1470.9
Country_127,1925,1431.4
Country_127,1926,1402.9
Country_127,1927,1388.3
Country_127,1928,1390.7
Country_127,1929,1353.8
Country_127,1930,1417.1
Country_127,1931,1533.7
Country_127,1932,1340.1
Country_127,1933,1409.4
Country_127,1934,1384.3
Country_127,1935,1468.4
Country_127,1936,1407.7
Country_127,1937,1391.2
Country_127,1938,1500.5
Country_127,1939,1463.2
Country_127,1940,1364.5
Country_127,1941,1356.7
Country_127,1942,1403.9
Country_127,1943,1453.9
Country_127,1944,1348.2
Country_127,1945,1314.4
Country_127,1946,1426.5
Country_127,1947,1399.0
Country_127,1948,1394.5
Country_127,1949,1459.0
Country_127,1950,1381.0
Country_127,1951,1443.0
Country_127,1952,1470.2
Country_127,1953,1375.2
Country_127,1954,1410.8
Country_127,1955,1407.2
Country_127,1956,1410.5
Country_127,1957,1366.5
Country_127,1958,1354.4
Country_127,1959,1376.3
Country_127,1960,1472.2
Country_127,1961,1419.4
Country_127,1962,1382.7
Country_127,1963,1369.8
Country_127,1964,1356.0
Country_127,1965,1354.8
Country_127,1966,1363.9
Country_127,1967,1526.0
Country_127,1968,1447.2
Country_127,1969,1341.0
Country_127,1970,1546.2
Country_127,1971,1233.1
Country_127,1972,1365.8
Country_127,1973,1498.7
Country_127,1974,1304.8
Country_127,1975,1406.2
Country_127,1976,1537.5
Country_127,1977,1379.7
Country_127,1978,1491.5
Country_127,1979,1463.8
Country_127,1980,1478.8
Country_127,1981,1397.9
Country_127,1982,1341.1
Country_127,1983,1432.0
Country_127,1984,1437.2
Country_127,1985,1456.7
Country_127,1986,1416.6
Country_127,1987,1353.5
Country_127,1988,1345.5
Country_127,1989,1462.0
Country_127,1990,1341.8
Country_127,1991,1477.7
Country_127,1992,1371.9
Country_127,1993,1416.3
Country_127,1994,1373.1
Country_127,1995,1402.0
Country_127,1996,1412.5
Country_127,1997,1410.5
Country_127,1998,1490.0
Country_127,1999,1409.9
Country_127,2000,1544.0
Country_127,2001,1354.0
Country_127,2002,1353.4
Country_127,2003,1442.2
Country_127,2004,1361.0
Country_127,2005,1432.4
Country_127,2006,1409.7
Country_127,2007,1416.8
Country_127,2008,1379.1
Country_127,2009,1392.0
Country_127,2010,1435.8
Country_127,2011,1389.1
Country_127,2012,1477.5
Country_127,2013,1309.8
Country_127,2014,1364.6
Country_127,2015,1438.2
Country_127,2016,1390.4
Country_127,2017,1341.9
Country_127,2018,1461.6
Country_127,2019,1364.1
Country_127,2020,1412.0
Country_127,2021,1474.1
Country_127,2022,1324.7
Country_127,2023,1351.8
Country_128,1900,1248.5
Country_128,1901,1267.8
Country_128,1902,1284.4
Country_128,1903,1245.8
Country_128,1904,1235.9
Country_128,1905,1324.2
Country_128,1906,1211.3
Country_128,1907,1347.6
Country_128,1908,1272.3
Country_128,1909,1373.3
Country_128,1910,1215.5
Country_128,1911,1333.0
Country_128,1912,1299.9
Country_128,1913,1329.6
Country_128,1914,1300.1
Country_128,1915,1279.3
Country_128,1916,1345.2
Country_128,1917,1319.4
Country_128,1918,1284.0
Country_128,1919,1306.9
Country_128,1920,1271.0
Country_128,1921,1271.1
Country_128,1922,1312.6
Country_128,1923,1326.7
Country_128,1924,1214.6
Country_128,1925,1278.7
Country_128,1926,1324.7
Country_128,1927,1275.4
Country_128,1928,1308.2
Country_128,1929,1317.9
Country_128,1930,1231.7
Country_128,1931,1277.4
Country_128,1932,1259.2
Country_128,1933,1327.7
Country_128,1934,1273.9
Country_128,1935,1409.0
Country_128,1936,1281.9
Country_128,1937,1293.1
Country_128,1938,1252.5
Country_128,1939,1215.9
Country_128,1940,1316.9
Country_128,1941,1251.0
Country_128,1942,1306.6
Country_128,1943,1404.3
Country_128,1944,1325.8
Country_128,1945,1229.5
Country_128,1946,1246.5
Country_128,1947,1267.5
Country_128,1948,1339.4
Country_128,1949,1329.5
Country_128,1950,1262.7
Country_128,1951,1301.4
Country_128,1952,1263.4
Country_128,1953,1254.6
Country_128,1954,1289.5
Country_128,1955,1320.0
Country_128,1956,1316.8
Country_128,1957,1301.4
Country_128,1958,1285.6
Country_128,1959,1381.1
Country_128,1960,1228.7
Country_128,1961,1332.4
Country_128,1962,1293.1
Country_128,1963,1270.8
Country_128,1964,1280.2
Country_128,1965,1226.1
Country_128,1966,1246.6
Country_128,1967,1322.7
Country_128,1968,1357.8
Country_128,1969,1277.9
Country_128,1970,1277.1
Country_128,1971,1368.1
Country_128,1972,1315.3
Country_128,1973,1272.2
Country_128,1974,1205.8
Country_128,1975,1230.2
Country_128,1976,1288.1
Country_128,1977,1346.2
Country_128,1978,1282.8
Country_128,1979,1353.9
Country_128,1980,1276.7
Country_128,1981,1335.0
Country_128,1982,1309.3
Country_128,1983,1276.9
Country_128,1984,1347.8
Country_128,1985,1212.7
Country_128,1986,1315.1
Country_128,1987,1270.5
Country_128,1988,1214.5
Country_128,1989,1235.5
Country_128,1990,1288.5
Country_128,1991,1212.4
Country_128,1992,1323.0
Country_128,1993,1355.4
Country_128,1994,1270.2
Country_128,1995,1323.4
Country_128,1996,1300.2
Country_128,1997,1282.0
Country_128,1998,1331.7
Country_128,1999,1264.9
Country_128,2000,1275.7
Country_128,2001,1302.9
Country_128,2002,1256.9
Country_128,2003,1340.5
Country_128,2004,1225.9
Country_128,2005,1349.5
Country_128,2006,1356.6
Country_128,2007,1276.4
Country_128,2008,1233.5
Country_128,2009,1355.3
Country_128,2010,1303.2
Country_128,2011,1274.7
Country_128,2012,1314.3
Country_128,2013,1347.7
Country_128,2014,1223.4
Country_128,2015,1297.5
Country_128,2016,1227.1
Country_128,2017,1274.4
Country_128,2018,1292.0
Country_128,2019,1193.9
Country_128,2020,1155.0
Country_128,2021,1257.8
Country_128,2022,1348.3
Country_128,2023,1288.2
Country_129,1900,1592.0
Country_129,1901,1666.6
Country_129,1902,1581.5
Country_129,1903,1596.6
Country_129,1904,1611.1
Country_129,1905,1590.6
Country_129,1906,1549.3
Country_129,1907,1632.0
Country_129,1908,1617.2
Country_129,1909,1560.1
Country_129,1910,1579.9
Country_129,1911,1624.5
Country_129,1912,1575.2
Country_129,1913,1564.7
Country_129,1914,1654.4
Country_129,1915,1552.3
Country_129,1916,1537.2
Country_129,1917,1472.5
Country_129,1918,1682.7
Country_129,1919,1566.7
Country_129,1920,1637.3
Country_129,1921,1549.7
Country_129,1922,1575.3
Country_129,1923,1596.0
Country_129,1924,1525.4
Country_129,1925,1580.4
Country_129,1926,1587.9
Country_129,1927,1575.0
Country_129,1928,1637.5
Country_129,1929,1604.8
Country_129,1930,1623.0
Country_129,1931,1546.1
Country_129,1932,1592.9
Country_129,1933,1590.3
Country_129,1934,1579.0
Country_129,1935,1566.9
Country_129,1936,1608.3
Country_129,1937,1627.9
Country_129,1938,1558.4
Country_129,1939,1586.8
Country_129,1940,1608.3
Country_129,1941,1545.4
Country_129,1942,1564.2
Country_129,1943,1564.2
Country_129,1944,1637.4
Country_129,1945,1524.2
Country_129,1946,1548.3
Country_129,1947,1427.4
Country_129,1948,1597.9
Country_129,1949,1621.8
Country_129,1950,1664.3
Country_129,1951,1611.3
Country_129,1952,1613.8
Country_129,1953,1534.9
Country_129,1954,1489.9
Country_129,1955,1706.6
Country_129,1956,1574.4
Country_129,1957,1572.9
Country_129,1958,1665.4
Country_129,1959,1584.0
Country_129,1960,1566.5
Country_129,1961,1550.5
Country_129,1962,1614.9
Country_129,1963,1641.1
Country_129,1964,1538.0
Country_129,1965,1611.8
Country_129,1966,1579.9
Country_129,1967,1559.9
Country_129,1968,1598.1
Country_129,1969,1538.6
Country_129,1970,1517.2
Country_129,1971,1690.7
Country_129,1972,1607.8
Country_129,1973,1553.4
Country_129,1974,1539.7
Country_129,1975,1595.2
Country_129,1976,1607.1
Country_129,1977,1581.3
Country_129,1978,1653.3
Country_129,1979,1564.2
Country_129,1980,1607.7
Country_129,1981,1671.5
Country_129,1982,1497.3
Country_129,1983,1667.1
Country_129,1984,1636.5
Country_129,1985,1637.2
Country_129,1986,1507.0
Country_129,1987,1559.4
Country_129,1988,1603.8
Country_129,1989,1678.2
Country_129,1990,1537.0
Country_129,1991,1616.8
Country_129,1992,1629.4
Country_129,1993,1535.2
Country_129,1994,1693.2
Country_129,1995,1574.8
Country_129,1996,1592.5
Country_129,1997,1576.4
Country_129,1998,1577.1
Country_129,1999,1572.3
Country_129,2000,1700.8
Country_129,2001,1606.7
Country_129,2002,1530.3
Country_129,2003,1500.6
Country_129,2004,1577.7
Country_129,2005,1573.4
Country_129,2006,1593.0
Country_129,2007,1552.2
Country_129,2008,1599.7
Country_129,2009,1522.7
Country_129,2010,1608.1
Country_129,2011,1579.5
Country_129,2012,1672.0
Country_129,2013,1554.2
Country_129,2014,1579.8
Country_129,2015,1498.3
Country_129,2016,1605.9
Country_129,2017,1517.0
Country_129,2018,1508.6
Country_129,2019,1552.4
Country_129,2020,1507.3
Country_129,2021,1639.3
Country_129,2022,1595.2
Country_129,2023,1560.3
Country_130,1900,760.6
Country_130,1901,757.8
Country_130,1902,699.6
Country_130,1903,770.0
Country_130,1904,789.1
Country_130,1905,768.6
Country_130,1906,792.5
Country_130,1907,731.9
Country_130,1908,674.2
Country_130,1909,755.3
Country_130,1910,868.0
Country_130,1911,734.0
Country_130,1912,725.5
Country_130,1913,765.1
Country_130,1914,722.9
Country_130,1915,811.3
Country_130,1916,706.0
Country_130,1917,765.1
Country_130,1918,647.0
Country_130,1919,717.8
Country_130,1920,836.0
Country_130,1921,811.3
Country_130,1922,629.3
Country_130,1923,743.1
Country_130,1924,811.5
Country_130,1925,780.2
Country_130,1926,772.2
Country_130,1927,672.1
Country_130,1928,742.1
Country_130,1929,741.0
Country_130,1930,785.2
Country_130,1931,769.1
Country_130,1932,775.2
Country_130,1933,681.5
Country_130,1934,724.2
Country_130,1935,798.4
Country_130,1936,816.8
Country_130,1937,717.8
Country_130,1938,764.8
Country_130,1939,778.4
Country_130,1940,649.4
Country_130,1941,678.1
Country_130,1942,760.7
Country_130,1943,641.0
Country_130,1944,757.6
Country_130,1945,724.1
Country_130,1946,672.6
Country_130,1947,733.8
Country_130,1948,701.1
Country_130,1949,691.0
Country_130,1950,770.8
Country_130,1951,786.5
Country_130,1952,765.5
Country_130,1953,742.1
Country_130,1954,757.3
Country_130,1955,753.3
Country_130,1956,773.1
Country_130,1957,707.5
Country_130,1958,745.3
Country_130,1959,755.0
Country_130,1960,836.7
Country_130,1961,776.7
Country_130,1962,714.4
Country_130,1963,724.1
Country_130,1964,668.9
Country_130,1965,663.8
Country_130,1966,698.7
Country_130,1967,688.0
Country_130,1968,700.5
Country_130,1969,789.3
Country_130,1970,745.1
Country_130,1971,745.3
Country_130,1972,781.4
Country_130,1973,776.1
Country_130,1974,748.5
Country_130,1975,688.9
Country_130,1976,804.0
Country_130,1977,855.8
Country_130,1978,790.2
Country_130,1979,771.6
Country_130,1980,700.7
Country_130,1981,812.5
Country_130,1982,778.3
Country_130,1983,764.7
Country_130,1984,748.8
Country_130,1985,723.2
Country_130,1986,748.5
Country_130,1987,753.1
Country_130,1988,706.2
Country_130,1989,718.9
Country_130,1990,703.5
Country_130,1991,690.6
Country_130,1992,673.0
Country_130,1993,674.2
Country_130,1994,634.9
Country_130,1995,810.6
Country_130,1996,748.9
Country_130,1997,798.1
Country_130,1998,804.1
Country_130,1999,825.7
Country_130,2000,719.1
Country_130,2001,798.3
Country_130,2002,725.5
Country_130,2003,716.6
Country_130,2004,776.3
Country_130,2005,755.8
Country_130,2006,682.7
Country_130,2007,726.4
Country_130,2008,694.0
Country_130,2009,784.0
Country_130,2010,721.0
Country_130,2011,788.2
Country_130,2012,726.6
Country_130,2013,760.9
Country_130,2014,714.3
Country_130,2015,713.8
Country_130,2016,731.7
Country_130,2017,774.6
Country_130,2018,725.2
Country_130,2019,763.0
Country_130,2020,747.3
Country_130,2021,797.6
Country_130,2022,756.6
Country_130,2023,756.2
Country_131,1900,883.6
Country_131,1901,933.6
Country_131,1902,856.0
Country_131,1903,993.9
Country_131,1904,899.2
Country_131,1905,943.5
Country_131,1906,906.6
Country_131,1907,888.9
Country_131,1908,860.2
Country_131,1909,959.0
Country_131,1910,869.1
Country_131,1911,764.3
Country_131,1912,898.1
Country_131,1913,919.4
Country_131,1914,884.3
Country_131,1915,924.3
Country_131,1916,887.6
Country_131,1917,878.5
Country_131,1918,792.4
Country_131,1919,916.5
Country_131,1920,881.5
Country_131,1921,888.3
Country_131,1922,896.7
Country_131,1923,841.2
Country_131,1924,864.2
Country_131,1925,847.5
Country_131,1926,928.4
Country_131,1927,839.3
Country_131,1928,865.6
Country_131,1929,835.6
Country_131,1930,814.6
Country_131,1931,876.8
Country_131,1932,870.1
Country_131,1933,872.0
Country_131,1934,783.1
Country_131,1935,864.1
Country_131,1936,898.3
Country_131,1937,851.8
Country_131,1938,844.2
Country_131,1939,908.3
Country_131,1940,914.5
Country_131,1941,874.7
Country_131,1942,856.4
Country_131,1943,901.6
Country_131,1944,913.8
Country_131,1945,872.8
Country_131,1946,881.0
Country_131,1947,833.3
Country_131,1948,836.9
Country_131,1949,943.1
Country_131,1950,874.4
Country_131,1951,846.7
Country_131,1952,897.8
Country_131,1953,880.6
Country_131,1954,898.7
Country_131,1955,988.1
Country_131,1956,808.8
Country_131,1957,890.8
Country_131,1958,825.5
Country_131,1959,996.0
Country_131,1960,856.0
Country_131,1961,880.3
Country_131,1962,907.3
Country_131,1963,766.4
Country_131,1964,862.5
Country_131,1965,938.9
Country_131,1966,862.7
Country_131,1967,916.3
Country_131,1968,795.2
Country_131,1969,821.1
Country_131,1970,909.8
Country_131,1971,895.5
Country_131,1972,839.0
Country_131,1973,950.3
Country_131,1974,819.8
Country_131,1975,898.6
Country_131,1976,815.9
Country_131,1977,836.7
Country_131,1978,921.3
Country_131,1979,900.9
Country_131,1980,936.7
Country_131,1981,815.2
Country_131,1982,852.8
Country_131,1983,980.7
Country_131,1984,837.6
Country_131,1985,922.4
Country_131,1986,855.7
Country_131,1987,807.4
Country_131,1988,823.2
Country_131,1989,827.9
Country_131,1990,813.1
Country_131,1991,823.4
Country_131,1992,906.2
Country_131,1993,949.4
Country_131,1994,826.6
Country_131,1995,833.4
Country_131,1996,1001.6
Country_131,1997,876.3
Country_131,1998,889.3
Country_131,1999,779.7
Country_131,2000,731.4
Country_131,2001,891.8
Country_131,2002,973.9
Country_131,2003,908.4
Country_131,2004,823.3
Country_131,2005,901.3
Country_131,2006,910.4
Country_131,2007,902.0
Country_131,2008,913.4
Country_131,2009,860.4
Country_131,2010,935.2
Country_131,2011,884.9
Country_131,2012,894.6
Country_131,2013,912.2
Country_131,2014,938.1
Country_131,2015,816.1
Country_131,2016,817.1
Country_131,2017,892.9
Country_131,2018,876.3
Country_131,2019,859.8
Country_131,2020,875.9
Country_131,2021,891.3
Country_131,2022,847.7
Country_131,2023,760.2
Country_132,1900,452.4
Country_132,1901,649.6
Country_132,1902,467.0
Country_132,1903,587.9
Country_132,1904,596.9
Country_132,1905,539.2
Country_132,1906,628.1
Country_132,1907,543.9
Country_132,1908,573.8
Country_132,1909,626.6
Country_132,1910,463.5
Country_132,1911,504.4
Country_132,1912,622.8
Country_132,1913,462.5
Country_132,1914,522.2
Country_132,1915,449.3
Country_132,1916,591.3
Country_132,1917,512.1
Country_132,1918,525.2
Country_132,1919,408.6
Country_132,1920,570.7
Country_132,1921,614.0
Country_132,1922,541.8
Country_132,1923,474.5
Country_132,1924,523.4
Country_132,1925,495.8
Country_132,1926,513.4
Country_132,1927,524.9
Country_132,1928,533.9
Country_132,1929,480.1
Country_132,1930,539.2
Country_132,1931,543.4
Country_132,1932,489.9
Country_132,1933,523.7
Country_132,1934,562.0
Country_132,1935,549.3
Country_132,1936,530.2
Country_132,1937,560.2
Country_132,1938,524.2
Country_132,1939,442.8
Country_132,1940,537.3
Country_132,1941,496.9
Country_132,1942,444.7
Country_132,1943,521.3
Country_132,1944,478.5
Country_132,1945,600.3
Country_132,1946,568.2
Country_132,1947,442.7
Country_132,1948,517.9
Country_132,1949,456.5
Country_132,1950,572.5
Country_132,1951,529.5
Country_132,1952,538.3
Country_132,1953,442.0
Country_132,1954,418.5
Country_132,1955,477.9
Country_132,1956,546.7
Country_132,1957,491.8
Country_132,1958,495.8
Country_132,1959,498.6
Country_132,1960,569.3
Country_132,1961,568.1
Country_132,1962,512.4
Country_132,1963,486.5
Country_132,1964,592.2
Country_132,1965,578.3
Country_132,1966,489.6
Country_132,1967,648.9
Country_132,1968,592.8
Country_132,1969,558.4
Country_132,1970,504.8
Country_132,1971,504.6
Country_132,1972,499.2
Country_132,1973,558.6
Country_132,1974,553.2
Country_132,1975,446.4
Country_132,1976,538.7
Country_132,1977,483.0
Country_132,1978,569.6
Country_132,1979,504.0
Country_132,1980,432.5
Country_132,1981,484.4
Country_132,1982,498.3
Country_132,1983,539.8
Country_132,1984,497.0
Country_132,1985,586.5
Country_132,1986,494.1
Country_132,1987,555.2
Country_132,1988,375.4
Country_132,1989,555.7
Country_132,1990,647.6
Country_132,1991,576.4
Country_132,1992,590.7
Country_132,1993,590.2
Country_132,1994,428.2
Country_132,1995,514.6
Country_132,1996,545.8
Country_132,1997,489.9
Country_132,1998,524.3
Country_132,1999,586.0
Country_132,2000,532.1
Country_132,2001,516.2
Country_132,2002,438.4
Country_132,2003,599.8
Country_132,2004,504.1
Country_132,2005,523.4
Country_132,2006,542.6
Country_132,2007,580.1
Country_132,2008,527.3
Country_132,2009,555.3
Country_132,2010,539.2
Country_132,2011,615.5
Country_132,2012,560.1
Country_132,2013,569.8
Country_132,2014,565.1
Country_132,2015,530.8
Country_132,2016,471.0
Country_132,2017,488.0
Country_132,2018,522.5
Country_132,2019,563.8
Country_132,2020,526.8
Country_132,2021,529.1
Country_132,2022,480.2
Country_132,2023,567.0
Country_133,1900,1925.6
Country_133,1901,1893.1
Country_133,1902,1940.5
Country_133,1903,1862.5
Country_133,1904,1944.3
Country_133,1905,1932.8
Country_133,1906,2000.9
Country_133,1907,1923.7
Country_133,1908,1957.0
Country_133,1909,1957.1
Country_133,1910,1948.3
Country_133,1911,1926.9
Country_133,1912,1966.1
Country_133,1913,1808.6
Country_133,1914,1899.9
Country_133,1915,2030.6
Country_133,1916,1889.9
Country_133,1917,1928.3
Country_133,1918,1902.4
Country_133,1919,1938.4
Country_133,1920,1884.5
Country_133,1921,1901.3
Country_133,1922,1814.2
Country_133,1923,1824.0
Country_133,1924,1880.0
Country_133,1925,1918.5
Country_133,1926,1848.3
Country_133,1927,1907.5
Country_133,1928,1928.0
Country_133,1929,1921.4
Country_133,1930,1895.9
Country_133,1931,1979.6
Country_133,1932,1798.0
Country_133,1933,1850.0
Country_133,1934,1838.1
Country_133,1935,2073.0
Country_133,1936,1933.4
Country_133,1937,1914.3
Country_133,1938,1938.3
Country_133,1939,1892.3
Country_133,1940,1857.4
Country_133,1941,1897.9
Country_133,1942,1910.7
Country_133,1943,1810.3
Country_133,1944,1938.8
Country_133,1945,1927.2
Country_133,1946,1914.3
Country_133,1947,1871.1
Country_133,1948,1804.9
Country_133,1949,1943.1
Country_133,1950,1805.7
Country_133,1951,1938.2
Country_133,1952,1945.9
Country_133,1953,1997.5
Country_133,1954,1887.2
Country_133,1955,1910.3
Country_133,1956,1891.5
Country_133,1957,1848.6
Country_133,1958,1900.9
Country_133,1959,1825.2
Country_133,1960,1910.3
Country_133,1961,1969.7
Country_133,1962,1851.0
Country_133,1963,1938.2
Country_133,1964,1847.2
Country_133,1965,1951.2
Country_133,1966,1972.3
Country_133,1967,1894.5
Country_133,1968,2007.1
Country_133,1969,1935.4
Country_133,1970,1849.2
Country_133,1971,1979.9
Country_133,1972,1862.7
Country_133,1973,1902.5
Country_133,1974,1982.5
Country_133,1975,1864.7
Country_133,1976,1867.7
Country_133,1977,1866.4
Country_133,1978,1888.4
Country_133,1979,1827.3
Country_133,1980,1797.2
Country_133,1981,1913.3
Country_133,1982,1918.4
Country_133,1983,1942.4
Country_133,1984,1905.5
Country_133,1985,1886.6
Country_133,1986,1919.4
Country_133,1987,1840.6
Country_133,1988,1811.2
Country_133,1989,1892.5
Country_133,1990,1860.0
Country_133,1991,1896.7
Country_133,1992,1876.4
Country_133,1993,1914.2
Country_133,1994,1898.4
Country_133,1995,1884.4
Country_133,1996,1883.7
Country_133,1997,1874.4
Country_133,1998,1962.1
Country_133,1999,1877.1
Country_133,2000,1861.6
Country_133,2001,1929.4
Country_133,2002,1936.8
Country_133,2003,2015.9
Country_133,2004,1923.7
Country_133,2005,1894.9
Country_133,2006,1935.2
Country_133,2007,1911.1
Country_133,2008,1954.9
Country_133,2009,1974.4
Country_133,2010,1857.2
Country_133,2011,1975.7
Country_133,2012,1895.1
Country_133,2013,1855.3
Country_133,2014,1871.3
Country_133,2015,1873.1
Country_133,2016,1927.7
Country_133,2017,1936.3
Country_133,2018,1913.8
Country_133,2019,1902.9
Country_133,2020,1972.6
Country_133,2021,1912.1
Country_133,2022,1875.3
Country_133,2023,1980.5
Country_134,1900,1672.7
Country_134,1901,1698.0
Country_134,1902,1725.1
Country_134,1903,1708.6
Country_134,1904,1666.7
Country_134,1905,1740.9
Country_134,1906,1630.3
Country_134,1907,1716.8
Country_134,1908,1733.2
Country_134,1909,1657.3
Country_134,1910,1623.6
Country_134,1911,1660.5
Country_134,1912,1680.2
Country_134,1913,1591.7
Country_134,1914,1678.5
Country_134,1915,1642.4
Country_134,1916,1718.4
Country_134,1917,1652.5
Country_134,1918,1654.0
Country_134,1919,1755.9
Country_134,1920,1777.7
Country_134,1921,1764.0
Country_134,1922,1789.0
Country_134,1923,1655.1
Country_134,1924,1757.0
Country_134,1925,1707.6
Country_134,1926,1651.8
Country_134,1927,1700.7
Country_134,1928,1689.7
Country_134,1929,1756.1
Country_134,1930,1741.1
Country_134,1931,1778.4
Country_134,1932,1736.0
Country_134,1933,1843.4
Country_134,1934,1704.4
Country_134,1935,1682.1
Country_134,1936,1714.3
Country_134,1937,1612.2
Country_134,1938,1670.9
Country_134,1939,1710.5
Country_134,1940,1670.0
Country_134,1941,1701.5
Country_134,1942,1745.7
Country_134,1943,1664.6
Country_134,1944,1750.0
Country_134,1945,1645.3
Country_134,1946,1783.8
Country_134,1947,1658.6
Country_134,1948,1720.1
Country_134,1949,1743.9
Country_134,1950,1763.5
Country_134,1951,1716.9
Country_134,1952,1686.6
Country_134,1953,1734.7
Country_134,1954,1752.1
Country_134,1955,1647.4
Country_134,1956,1764.6
Country_134,1957,1663.7
Country_134,1958,1723.3
Country_134,1959,1700.7
Country_134,1960,1676.0
Country_134,1961,1736.9
Country_134,1962,1744.7
Country_134,1963,1684.1
Country_134,1964,1670.8
Country_134,1965,1718.9
Country_134,1966,1752.9
Country_134,1967,1708.6
Country_134,1968,1692.8
Country_134,1969,1772.8
Country_134,1970,1761.4
Country_134,1971,1694.3
Country_134,1972,1728.0
Country_134,1973,1760.5
Country_134,1974,1759.4
Country_134,1975,1707.0
Country_134,1976,1737.7
Country_134,1977,1683.5
Country_134,1978,1704.3
Country_134,1979,1670.0
Country_134,1980,1750.5
Country_134,1981,1625.8
Country_134,1982,1693.6
Country_134,1983,1698.5
Country_134,1984,1748.0
Country_134,1985,1788.4
Country_134,1986,1724.8
Country_134,1987,1669.7
Country_134,1988,1736.0
Country_134,1989,1664.1
Country_134,1990,1734.2
Country_134,1991,1628.6
Country_134,1992,1750.9
Country_134,1993,1782.7
Country_134,1994,1785.5
Country_134,1995,1723.4
Country_134,1996,1718.7
Country_134,1997,1692.8
Country_134,1998,1690.1
Country_134,1999,1769.8
Country_134,2000,1828.2
Country_134,2001,1691.2
Country_134,2002,1685.1
Country_134,2003,1790.8
Country_134,2004,1770.0
Country_134,2005,1688.8
Country_134,2006,1755.9
Country_134,2007,1689.4
Country_134,2008,1633.9
Country_134,2009,1751.0
Country_134,2010,1767.3
Country_134,2011,1714.4
Country_134,2012,1772.6
Country_134,2013,1665.7
Country_134,2014,1777.3
Country_134,2015,1682.2
Country_134,2016,1684.7
Country_134,2017,1793.0
Country_134,2018,1592.1
Country_134,2019,1744.3
Country_134,2020,1647.9
Country_134,2021,1782.2
Country_134,2022,1767.5
Country_134,2023,1745.5
Country_135,1900,521.6
Country_135,1901,589.5
Country_135,1902,465.5
Country_135,1903,541.2
Country_135,1904,493.0
Country_135,1905,436.4
Country_135,1906,507.8
Country_135,1907,537.4
Country_135,1908,520.1
Country_135,1909,518.6
Country_135,1910,564.2
Country_135,1911,435.1
Country_135,1912,528.6
Country_135,1913,478.4
Country_135,1914,565.4
Country_135,1915,502.0
Country_135,1916,543.5
Country_135,1917,489.1
Country_135,1918,535.7
Country_135,1919,607.9
Country_135,1920,503.9
Country_135,1921,472.9
Country_135,1922,548.0
Country_135,1923,511.9
Country_135,1924,580.8
Country_135,1925,437.9
Country_135,1926,486.2
Country_135,1927,539.9
Country_135,1928,446.6
Country_135,1929,448.0
Country_135,1930,536.7
Country_135,1931,519.6
Country_135,1932,539.6
Country_135,1933,453.5
Country_135,1934,488.2
Country_135,1935,519.8
Country_135,1936,475.9
Country_135,1937,508.1
Country_135,1938,515.0
Country_135,1939,387.4
Country_135,1940,457.4
Country_135,1941,554.0
Country_135,1942,441.5
Country_135,1943,514.6
Country_135,1944,466.1
Country_135,1945,593.5
Country_135,1946,548.0
Country_135,1947,502.9
Country_135,1948,620.9
Country_135,1949,553.4
Country_135,1950,611.3
Country_135,1951,568.5
Country_135,1952,489.3
Country_135,1953,490.4
Country_135,1954,525.0
Country_135,1955,488.0
Country_135,1956,507.3
Country_135,1957,468.2
Country_135,1958,525.9
Country_135,1959,504.6
Country_135,1960,564.6
Country_135,1961,496.4
Country_135,1962,455.0
Country_135,1963,545.0
Country_135,1964,464.4
Country_135,1965,455.4
Country_135,1966,544.9
Country_135,1967,503.4
Country_135,1968,483.1
Country_135,1969,445.1
Country_135,1970,565.8
Country_135,1971,520.1
Country_135,1972,425.0
Country_135,1973,546.9
Country_135,1974,527.8
Country_135,1975,451.1
Country_135,1976,531.4
Country_135,1977,452.1
Country_135,1978,501.0
Country_135,1979,474.5
Country_135,1980,538.1
Country_135,1981,468.0
Country_135,1982,524.6
Country_135,1983,518.5
Country_135,1984,573.0
Country_135,1985,501.4
Country_135,1986,531.4
Country_135,1987,490.0
Country_135,1988,425.6
Country_135,1989,449.3
Country_135,1990,500.8
Country_135,1991,520.2
Country_135,1992,465.9
Country_135,1993,510.1
Country_135,1994,483.6
Country_135,1995,563.6
Country_135,1996,489.3
Country_135,1997,424.9
Country_135,1998,567.2
Country_135,1999,448.0
Country_135,2000,548.4
Country_135,2001,456.6
Country_135,2002,514.8
Country_135,2003,495.9
Country_135,2004,523.2
Country_135,2005,586.0
Country_135,2006,541.0
Country_135,2007,554.3
Country_135,2008,523.7
Country_135,2009,498.2
Country_135,2010,498.5
Country_135,2011,436.5
Country_135,2012,503.6
Country_135,2013,479.4
Country_135,2014,443.5
Country_135,2015,507.9
Country_135,2016,486.3
Country_135,2017,489.6
Country_135,2018,563.3
Country_135,2019,459.9
Country_135,2020,502.2
Country_135,2021,508.2
Country_135,2022,527.5
Country_135,2023,523.6
Country_136,1900,1570.1
Country_136,1901,1555.4
Country_136,1902,1545.4
Country_136,1903,1605.4
Country_136,1904,1549.7
Country_136,1905,1603.7
Country_136,1906,1573.6
Country_136,1907,1538.1
Country_136,1908,1546.9
Country_136,1909,1546.1
Country_136,1910,1519.7
Country_136,1911,1593.0
Country_136,1912,1483.2
Country_136,1913,1454.6
Country_136,1914,1531.6
Country_136,1915,1546.9
Country_136,1916,1512.4
Country_136,1917,1519.7
Country_136,1918,1517.2
Country_136,1919,1537.5
Country_136,1920,1522.5
Country_136,1921,1555.5
Country_136,1922,1549.4
Country_136,1923,1620.4
Country_136,1924,1594.7
Country_136,1925,1581.1
Country_136,1926,1648.8
Country_136,1927,1561.4
Country_136,1928,1531.9
Country_136,1929,1532.2
Country_136,1930,1567.3
Country_136,1931,1568.3
Country_136,1932,1553.0
Country_136,1933,1521.6
Country_136,1934,1519.8
Country_136,1935,1567.3
Country_136,1936,1466.8
Country_136,1937,1576.5
Country_136,1938,1525.2
Country_136,1939,1597.7
Country_136,1940,1513.2
Country_136,1941,1645.3
Country_136,1942,1483.2
Country_136,1943,1564.6
Country_136,1944,1555.9
Country_136,1945,1501.6
Country_136,1946,1546.5
Country_136,1947,1575.2
Country_136,1948,1468.1
Country_136,1949,1593.1
Country_136,1950,1620.1
Country_136,1951,1555.3
Country_136,1952,1633.3
Country_136,1953,1637.3
Country_136,1954,1505.7
Country_136,1955,1647.2
Country_136,1956,1544.4
Country_136,1957,1534.6
Country_136,1958,1547.8
Country_136,1959,1594.7
Country_136,1960,1492.3
Country_136,1961,1525.7
Country_136,1962,1560.0
Country_136,1963,1521.8
Country_136,1964,1572.6
Country_136,1965,1575.3
Country_136,1966,1623.1
Country_136,1967,1559.9
Country_136,1968,1536.6
Country_136,1969,1549.0
Country_136,1970,1457.1
Country_136,1971,1594.7
Country_136,1972,1560.0
Country_136,1973,1607.4
Country_136,1974,1564.9
Country_136,1975,1409.6
Country_136,1976,1582.4
Country_136,1977,1523.1
Country_136,1978,1580.6
Country_136,1979,1548.9
Country_136,1980,1570.4
Country_136,1981,1554.2
Country_136,1982,1637.1
Country_136,1983,1517.8
Country_136,1984,1481.0
Country_136,1985,1595.2
Country_136,1986,1616.3
Country_136,1987,1492.9
Country_136,1988,1517.1
Country_136,1989,1474.2
Country_136,1990,1527.2
Country_136,1991,1528.7
Country_136,1992,1489.9
Country_136,1993,1482.3
Country_136,1994,1434.3
Country_136,1995,1524.5
Country_136,1996,1528.4
Country_136,1997,1515.3
Country_136,1998,1601.5
Country_136,1999,1512.7
Country_136,2000,1542.8
Country_136,2001,1548.7
Country_136,2002,1512.0
Country_136,2003,1485.1
Country_136,2004,1535.4
Country_136,2005,1496.3
Country_136,2006,1540.7
Country_136,2007,1561.3
Country_136,2008,1582.6
Country_136,2009,1548.7
Country_136,2010,1545.5
Country_136,2011,1627.3
Country_136,2012,1543.6
Country_136,2013,1511.1
Country_136,2014,1594.5
Country_136,2015,1600.8
Country_136,2016,1632.1
Country_136,2017,1571.6
Country_136,2018,1599.6
Country_136,2019,1623.2
Country_136,2020,1530.4
Country_136,2021,1591.3
Country_136,2022,1615.2
Country_136,2023,1477.7
Country_137,1900,1299.1
Country_137,1901,1215.4
Country_137,1902,1328.9
Country_137,1903,1237.1
Country_137,1904,1301.3
Country_137,1905,1290.2
Country_137,1906,1358.4
Country_137,1907,1337.8
Country_137,1908,1294.1
Country_137,1909,1302.3
Country_137,1910,1337.8
Country_137,1911,1273.2
Country_137,1912,1291.0
Country_137,1913,1226.5
Country_137,1914,1238.1
Country_137,1915,1297.7
Country_137,1916,1270.3
Country_137,1917,1279.9
Country_137,1918,1294.8
Country_137,1919,1268.2
Country_137,1920,1185.3
Country_137,1921,1295.6
Country_137,1922,1309.7
Country_137,1923,1188.2
Country_137,1924,1304.9
Country_137,1925,1197.2
Country_137,1926,1254.3
Country_137,1927,1201.7
Country_137,1928,1298.7
Country_137,1929,1292.0
Country_137,1930,1294.3
Country_137,1931,1283.0
Country_137,1932,1266.7
Country_137,1933,1204.0
Country_137,1934,1324.6
Country_137,1935,1294.8
Country_137,1936,1328.4
Country_137,1937,1335.1
Country_137,1938,1226.1
Country_137,1939,1304.0
Country_137,1940,1374.5
Country_137,1941,1349.9
Country_137,1942,1295.3
Country_137,1943,1259.4
Country_137,1944,1277.2
Country_137,1945,1266.2
Country_137,1946,1285.4
Country_137,1947,1284.9
Country_137,1948,1285.1
Country_137,1949,1249.2
Country_137,1950,1272.3
Country_137,1951,1299.1
Country_137,1952,1444.3
Country_137,1953,1377.2
Country_137,1954,1170.2
Country_137,1955,1265.2
Country_137,1956,1320.5
Country_137,1957,1270.2
Country_137,1958,1218.5
Country_137,1959,1283.3
Country_137,1960,1315.8
Country_137,1961,1303.1
Country_137,1962,1241.2
Country_137,1963,1341.8
Country_137,1964,1275.4
Country_137,1965,1279.9
Country_137,1966,1267.2
Country_137,1967,1200.3
Country_137,1968,1258.0
Country_137,1969,1251.1
Country_137,1970,1351.7
Country_137,1971,1273.2
Country_137,1972,1315.8
Country_137,1973,1312.7
Country_137,1974,1243.3
Country_137,1975,1251.0
Country_137,1976,1300.3
Country_137,1977,1373.1
Country_137,1978,1181.7
Country_137,1979,1291.8
Country_137,1980,1263.0
Country_137,1981,1294.1
Country_137,1982,1213.0
Country_137,1983,1314.6
Country_137,1984,1338.7
Country_137,1985,1283.3
Country_137,1986,1275.0
Country_137,1987,1259.4
Country_137,1988,1179.6
Country_137,1989,1231.6
Country_137,1990,1255.9
Country_137,1991,1222.0
Country_137,1992,1240.2
Country_137,1993,1270.6
Country_137,1994,1238.8
Country_137,1995,1240.8
Country_137,1996,1240.9
Country_137,1997,1283.3
Country_137,1998,1174.6
Country_137,1999,1363.9
Country_137,2000,1330.6
Country_137,2001,1353.0
Country_137,2002,1361.8
Country_137,2003,1285.8
Country_137,2004,1282.5
Country_137,2005,1259.4
Country_137,2006,1292.2
Country_137,2007,1290.5
Country_137,2008,1358.4
Country_137,2009,1349.9
Country_137,2010,1299.6
Country_137,2011,1230.9
Country_137,2012,1377.6
Country_137,2013,1357.5
Country_137,2014,1345.8
Country_137,2015,1241.2
Country_137,2016,1245.7
Country_137,2017,1286.5
Country_137,2018,1306.2
Country_137,2019,1264.5
Country_137,2020,1305.0
Country_137,2021,1298.9
Country_137,2022,1290.4
Country_137,2023,1301.3
Country_138,1900,781.5
Country_138,1901,691.8
Country_138,1902,731.6
Country_138,1903,814.4
Country_138,1904,731.0
Country_138,1905,596.3
Country_138,1906,641.2
Country_138,1907,710.2
Country_138,1908,721.7
Country_138,1909,715.4
Country_138,1910,708.3
Country_138,1911,748.0
Country_138,1912,715.8
Country_138,1913,794.7
Country_138,1914,696.9
Country_138,1915,696.1
Country_138,1916,634.9
Country_138,1917,769.5
Country_138,1918,826.5
Country_138,1919,680.7
Country_138,1920,660.7
Country_138,1921,691.9
Country_138,1922,754.3
Country_138,1923,698.6
Country_138,1924,694.7
Country_138,1925,733.4
Country_138,1926,743.4
Country_138,1927,781.4
Country_138,1928,686.1
Country_138,1929,661.8
Country_138,1930,687.1
Country_138,1931,791.2
Country_138,1932,750.7
Country_138,1933,761.8
Country_138,1934,700.7
Country_138,1935,758.2
Country_138,1936,760.3
Country_138,1937,754.0
Country_138,1938,707.4
Country_138,1939,691.5
Country_138,1940,663.5
Country_138,1941,661.6
Country_138,1942,720.7
Country_138,1943,748.6
Country_138,1944,707.3
Country_138,1945,659.8
Country_138,1946,762.2
Country_138,1947,753.8
Country_138,1948,722.9
Country_138,1949,685.3
Country_138,1950,728.2
Country_138,1951,774.2
Country_138,1952,721.4
Country_138,1953,633.9
Country_138,1954,645.4
Country_138,1955,674.8
Country_138,1956,741.4
Country_138,1957,725.2
Country_138,1958,684.2
Country_138,1959,675.9
Country_138,1960,674.4
Country_138,1961,691.1
Country_138,1962,759.7
Country_138,1963,746.4
Country_138,1964,624.1
Country_138,1965,697.4
Country_138,1966,683.2
Country_138,1967,720.5
Country_138,1968,631.5
Country_138,1969,726.5
Country_138,1970,673.7
Country_138,1971,692.2
Country_138,1972,693.1
Country_138,1973,609.4
Country_138,1974,865.5
Country_138,1975,739.9
Country_138,1976,734.6
Country_138,1977,710.6
Country_138,1978,751.7
Country_138,1979,709.5
Country_138,1980,693.1
Country_138,1981,774.3
Country_138,1982,643.4
Country_138,1983,766.2
Country_138,1984,795.7
Country_138,1985,668.3
Country_138,1986,734.0
Country_138,1987,804.5
Country_138,1988,683.7
Country_138,1989,790.1
Country_138,1990,697.0
Country_138,1991,672.5
Country_138,1992,654.8
Country_138,1993,650.5
Country_138,1994,729.3
Country_138,1995,762.5
Country_138,1996,730.8
Country_138,1997,705.3
Country_138,1998,724.5
Country_138,1999,609.1
Country_138,2000,707.0
Country_138,2001,774.0
Country_138,2002,769.7
Country_138,2003,788.8
Country_138,2004,682.6
Country_138,2005,702.2
Country_138,2006,780.4
Country_138,2007,776.6
Country_138,2008,718.0
Country_138,2009,743.6
Country_138,2010,700.8
Country_138,2011,760.4
Country_138,2012,747.4
Country_138,2013,851.4
Country_138,2014,693.5
Country_138,2015,770.2
Country_138,2016,707.3
Country_138,2017,779.3
Country_138,2018,665.5
Country_138,2019,672.1
Country_138,2020,655.9
Country_138,2021,714.3
Country_138,2022,722.6
Country_138,2023,678.3
Country_139,1900,868.1
Country_139,1901,833.8
Country_139,1902,878.3
Country_139,1903,787.1
Country_139,1904,832.9
Country_139,1905,902.5
Country_139,1906,847.3
Country_139,1907,814.5
Country_139,1908,840.3
Country_139,1909,787.9
Country_139,1910,788.6
Country_139,1911,830.4
Country_139,1912,807.4
Country_139,1913,849.9
Country_139,1914,887.2
Country_139,1915,801.5
Country_139,1916,656.0
Country_139,1917,739.8
Country_139,1918,897.8
Country_139,1919,840.1
Country_139,1920,814.1
Country_139,1921,742.8
Country_139,1922,792.9
Country_139,1923,697.4
Country_139,1924,776.4
Country_139,1925,745.8
Country_139,1926,807.4
Country_139,1927,879.7
Country_139,1928,738.7
Country_139,1929,840.2
Country_139,1930,818.1
Country_139,1931,783.0
Country_139,1932,800.5
Country_139,1933,871.7
Country_139,1934,773.0
Country_139,1935,782.0
Country_139,1936,812.2
Country_139,1937,779.8
Country_139,1938,807.5
Country_139,1939,756.2
Country_139,1940,796.2
Country_139,1941,779.5
Country_139,1942,834.5
Country_139,1943,776.9
Country_139,1944,813.8
Country_139,1945,882.4
Country_139,1946,778.1
Country_139,1947,837.4
Country_139,1948,884.4
Country_139,1949,774.9
Country_139,1950,903.4
Country_139,1951,806.7
Country_139,1952,813.4
Country_139,1953,786.9
Country_139,1954,884.3
Country_139,1955,860.2
Country_139,1956,828.5
Country_139,1957,860.8
Country_139,1958,893.4
Country_139,1959,862.6
Country_139,1960,883.2
Country_139,1961,766.8
Country_139,1962,876.9
Country_139,1963,855.1
Country_139,1964,782.2
Country_139,1965,842.5
Country_139,1966,801.3
Country_139,1967,793.7
Country_139,1968,754.9
Country_139,1969,818.9
Country_139,1970,775.8
Country_139,1971,796.0
Country_139,1972,871.3
Country_139,1973,867.4
Country_139,1974,797.9
Country_139,1975,766.1
Country_139,1976,771.6
Country_139,1977,938.4
Country_139,1978,857.1
Country_139,1979,885.2
Country_139,1980,820.4
Country_139,1981,904.4
Country_139,1982,798.7
Country_139,1983,815.5
Country_139,1984,682.8
Country_139,1985,838.1
Country_139,1986,856.1
Country_139,1987,785.1
Country_139,1988,855.3
Country_139,1989,804.4
Country_139,1990,783.6
Country_139,1991,699.5
Country_139,1992,822.1
Country_139,1993,829.5
Country_139,1994,837.2
Country_139,1995,897.3
Country_139,1996,888.5
Country_139,1997,845.6
Country_139,1998,835.9
Country_139,1999,816.2
Country_139,2000,735.1
Country_139,2001,853.6
Country_139,2002,821.8
Country_139,2003,883.3
Country_139,2004,734.9
Country_139,2005,839.9
Country_139,2006,748.1
Country_139,2007,880.4
Country_139,2008,826.5
Country_139,2009,833.1
Country_139,2010,800.9
Country_139,2011,849.4
Country_139,2012,742.1
Country_139,2013,918.0
Country_139,2014,738.8
Country_139,2015,697.9
Country_139,2016,872.9
Country_139,2017,813.2
Country_139,2018,849.0
Country_139,2019,752.6
Country_139,2020,855.1
Country_139,2021,849.1
Country_139,2022,826.7
Country_139,2023,823.5
Country_140,1900,707.7
Country_140,1901,791.6
Country_140,1902,742.8
Country_140,1903,787.1
Country_140,1904,751.7
Country_140,1905,806.7
Country_140,1906,747.8
Country_140,1907,772.8
Country_140,1908,650.0
Country_140,1909,756.9
Country_140,1910,820.9
Country_140,1911,664.0
Country_140,1912,722.1
Country_140,1913,780.5
Country_140,1914,731.3
Country_140,1915,730.9
Country_140,1916,746.0
Country_140,1917,724.4
Country_140,1918,789.4
Country_140,1919,776.9
Country_140,1920,747.4
Country_140,1921,843.2
Country_140,1922,717.8
Country_140,1923,675.4
Country_140,1924,749.3
Country_140,1925,864.5
Country_140,1926,725.3
Country_140,1927,755.7
Country_140,1928,760.1
Country_140,1929,814.6
Country_140,1930,767.7
Country_140,1931,762.1
Country_140,1932,775.5
Country_140,1933,732.4
Country_140,1934,691.2
Country_140,1935,618.1
Country_140,1936,749.8
Country_140,1937,802.8
Country_140,1938,786.4
Country_140,1939,783.4
Country_140,1940,758.5
Country_140,1941,690.0
Country_140,1942,733.1
Country_140,1943,753.4
Country_140,1944,817.8
Country_140,1945,664.9
Country_140,1946,768.8
Country_140,1947,806.2
Country_140,1948,762.4
Country_140,1949,712.2
Country_140,1950,697.9
Country_140,1951,799.6
Country_140,1952,841.4
Country_140,1953,778.7
Country_140,1954,796.9
Country_140,1955,755.6
Country_140,1956,690.0
Country_140,1957,789.1
Country_140,1958,691.7
Country_140,1959,727.4
Country_140,1960,766.9
Country_140,1961,779.1
Country_140,1962,848.6
Country_140,1963,742.6
Country_140,1964,753.8
Country_140,1965,655.2
Country_140,1966,745.5
Country_140,1967,707.5
Country_140,1968,800.2
Country_140,1969,738.4
Country_140,1970,828.5
Country_140,1971,724.8
Country_140,1972,742.5
Country_140,1973,832.1
Country_140,1974,799.3
Country_140,1975,761.8
Country_140,1976,864.9
Country_140,1977,762.0
Country_140,1978,858.4
Country_140,1979,753.6
Country_140,1980,812.5
Country_140,1981,743.9
Country_140,1982,781.3
Country_140,1983,796.3
Country_140,1984,722.6
Country_140,1985,716.1
Country_140,1986,704.1
Country_140,1987,696.8
Country_140,1988,694.9
Country_140,1989,650.0
Country_140,1990,741.8
Country_140,1991,704.9
Country_140,1992,717.9
Country_140,1993,753.9
Country_140,1994,845.8
Country_140,1995,721.5
Country_140,1996,721.0
Country_140,1997,712.7
Country_140,1998,657.6
Country_140,1999,719.4
Country_140,2000,758.7
Country_140,2001,694.1
Country_140,2002,743.8
Country_140,2003,784.6
Country_140,2004,745.9
Country_140,2005,802.5
Country_140,2006,864.8
Country_140,2007,711.4
Country_140,2008,724.0
Country_140,2009,744.2
Country_140,2010,660.8
Country_140,2011,773.0
Country_140,2012,718.9
Country_140,2013,759.7
Country_140,2014,722.1
Country_140,2015,727.2
Country_140,2016,729.8
Country_140,2017,699.1
Country_140,2018,723.5
Country_140,2019,783.6
Country_140,2020,781.1
Country_140,2021,781.1
Country_140,2022,759.2
Country_140,2023,798.7
Country_141,1900,818.9
Country_141,1901,921.7
Country_141,1902,855.7
Country_141,1903,824.4
Country_141,1904,838.5
Country_141,1905,774.3
Country_141,1906,862.6
Country_141,1907,782.0
Country_141,1908,807.8
Country_141,1909,777.1
Country_141,1910,899.2
Country_141,1911,875.8
Country_141,1912,904.4
Country_141,1913,881.6
Country_141,1914,771.3
Country_141,1915,827.4
Country_141,1916,820.1
Country_141,1917,871.7
Country_141,1918,842.0
Country_141,1919,734.0
Country_141,1920,836.8
Country_141,1921,726.4
Country_141,1922,826.5
Country_141,1923,858.3
Country_141,1924,790.0
Country_141,1925,852.8
Country_141,1926,816.0
Country_141,1927,920.1
Country_141,1928,820.5
Country_141,1929,811.1
Country_141,1930,838.0
Country_141,1931,923.2
Country_141,1932,780.0
Country_141,1933,778.7
Country_141,1934,816.9
Country_141,1935,781.2
Country_141,1936,894.1
Country_141,1937,802.2
Country_141,1938,869.0
Country_141,1939,795.9
Country_141,1940,805.2
Country_141,1941,898.2
Country_141,1942,794.5
Country_141,1943,830.9
Country_141,1944,917.4
Country_141,1945,789.8
Country_141,1946,867.6
Country_141,1947,901.6
Country_141,1948,843.5
Country_141,1949,852.3
Country_141,1950,757.0
Country_141,1951,818.2
Country_141,1952,880.4
Country_141,1953,776.6
Country_141,1954,801.2
Country_141,1955,801.7
Country_141,1956,863.5
Country_141,1957,806.1
Country_141,1958,878.6
Country_141,1959,751.1
Country_141,1960,880.5
Country_141,1961,839.5
Country_141,1962,822.8
Country_141,1963,803.5
Country_141,1964,842.4
Country_141,1965,920.2
Country_141,1966,829.6
Country_141,1967,830.2
Country_141,1968,841.1
Country_141,1969,851.8
Country_141,1970,751.4
Country_141,1971,769.8
Country_141,1972,911.8
Country_141,1973,772.8
Country_141,1974,962.0
Country_141,1975,879.6
Country_141,1976,798.9
Country_141,1977,880.6
Country_141,1978,850.8
Country_141,1979,811.2
Country_141,1980,796.2
Country_141,1981,850.7
Country_141,1982,772.9
Country_141,1983,883.0
Country_141,1984,908.3
Country_141,1985,784.5
Country_141,1986,822.3
Country_141,1987,849.0
Country_141,1988,846.9
Country_141,1989,813.5
Country_141,1990,929.8
Country_141,1991,847.8
Country_141,1992,770.6
Country_141,1993,926.8
Country_141,1994,858.7
Country_141,1995,893.0
Country_141,1996,849.1
Country_141,1997,769.8
Country_141,1998,769.8
Country_141,1999,892.0
Country_141,2000,816.3
Country_141,2001,866.1
Country_141,2002,851.6
Country_141,2003,748.8
Country_141,2004,830.6
Country_141,2005,792.0
Country_141,2006,878.3
Country_141,2007,929.2
Country_141,2008,795.6
Country_141,2009,885.1
Country_141,2010,862.5
Country_141,2011,875.9
Country_141,2012,807.4
Country_141,2013,880.3
Country_141,2014,845.5
Country_141,2015,890.6
Country_141,2016,878.1
Country_141,2017,887.1
Country_141,2018,789.4
Country_141,2019,811.0
Country_141,2020,854.4
Country_141,2021,881.4
Country_141,2022,813.2
Country_141,2023,785.6
Country_142,1900,953.6
Country_142,1901,899.2
Country_142,1902,982.8
Country_142,1903,958.4
Country_142,1904,997.7
Country_142,1905,890.6
Country_142,1906,949.1
Country_142,1907,1031.7
Country_142,1908,876.3
Country_142,1909,916.2
Country_142,1910,903.5
Country_142,1911,974.2
Country_142,1912,903.5
Country_142,1913,996.7
Country_142,1914,937.8
Country_142,1915,1013.7
Country_142,1916,992.4
Country_142,1917,892.5
Country_142,1918,979.6
Country_142,1919,878.5
Country_142,1920,887.7
Country_142,1921,1026.5
Country_142,1922,992.3
Country_142,1923,983.0
Country_142,1924,917.0
Country_142,1925,906.6
Country_142,1926,902.5
Country_142,1927,953.6
Country_142,1928,1001.0
Country_142,1929,894.7
Country_142,1930,949.8
Country_142,1931,994.1
Country_142,1932,930.1
Country_142,1933,879.8
Country_142,1934,1045.0
Country_142,1935,954.9
Country_142,1936,940.9
Country_142,1937,979.3
Country_142,1938,876.0
Country_142,1939,869.5
Country_142,1940,951.4
Country_142,1941,928.4
Country_142,1942,938.9
Country_142,1943,942.7
Country_142,1944,939.9
Country_142,1945,888.6
Country_142,1946,908.7
Country_142,1947,961.2
Country_142,1948,950.1
Country_142,1949,909.9
Country_142,1950,957.5
Country_142,1951,916.3
Country_142,1952,917.6
Country_142,1953,891.7
Country_142,1954,983.2
Country_142,1955,964.2
Country_142,1956,1104.6
Country_142,1957,972.0
Country_142,1958,1012.5
Country_142,1959,964.7
Country_142,1960,993.0
Country_142,1961,876.9
Country_142,1962,868.6
Country_142,1963,926.9
Country_142,1964,971.2
Country_142,1965,957.1
Country_142,1966,930.1
Country_142,1967,1026.2
Country_142,1968,943.6
Country_142,1969,889.8
Country_142,1970,955.9
Country_142,1971,1038.8
Country_142,1972,969.3
Country_142,1973,935.9
Country_142,1974,876.6
Country_142,1975,890.2
Country_142,1976,937.0
Country_142,1977,980.2
Country_142,1978,889.2
Country_142,1979,1056.5
Country_142,1980,955.0
Country_142,1981,920.2
Country_142,1982,950.9
Country_142,1983,968.2
Country_142,1984,876.6
Country_142,1985,879.9
Country_142,1986,884.3
Country_142,1987,895.3
Country_142,1988,1006.3
Country_142,1989,915.4
Country_142,1990,891.4
Country_142,1991,1061.4
Country_142,1992,980.6
Country_142,1993,887.0
Country_142,1994,994.0
Country_142,1995,954.2
Country_142,1996,910.3
Country_142,1997,948.4
Country_142,1998,900.6
Country_142,1999,838.5
Country_142,2000,981.5
Country_142,2001,1036.9
Country_142,2002,897.8
Country_142,2003,1003.7
Country_142,2004,984.6
Country_142,2005,927.1
Country_142,2006,981.3
Country_142,2007,900.5
Country_142,2008,950.5
Country_142,2009,1003.7
Country_142,2010,930.1
Country_142,2011,1005.9
Country_142,2012,899.4
Country_142,2013,942.8
Country_142,2014,934.8
Country_142,2015,926.0
Country_142,2016,977.5
Country_142,2017,981.9
Country_142,2018,935.0
Country_142,2019,1080.8
Country_142,2020,998.1
Country_142,2021,946.0
Country_142,2022,934.3
Country_142,2023,944.5
Country_143,1900,1644.8
Country_143,1901,1643.5
Country_143,1902,1730.4
Country_143,1903,1649.3
Country_143,1904,1640.7
Country_143,1905,1631.1
Country_143,1906,1712.6
Country_143,1907,1669.0
Country_143,1908,1705.4
Country_143,1909,1649.4
Country_143,1910,1667.7
Country_143,1911,1727.4
Country_143,1912,1707.1
Country_143,1913,1609.7
Country_143,1914,1672.8
Country_143,1915,1661.9
Country_143,1916,1620.4
Country_143,1917,1610.9
Country_143,1918,1645.2
Country_143,1919,1706.2
Country_143,1920,1595.5
Country_143,1921,1678.1
Country_143,1922,1605.3
Country_143,1923,1591.2
Country_143,1924,1670.2
Country_143,1925,1702.3
Country_143,1926,1730.1
Country_143,1927,1684.5
Country_143,1928,1616.3
Country_143,1929,1730.1
Country_143,1930,1624.3
Country_143,1931,1641.8
Country_143,1932,1676.6
Country_143,1933,1706.5
Country_143,1934,1658.8
Country_143,1935,1621.5
Country_143,1936,1683.6
Country_143,1937,1668.2
Country_143,1938,1714.6
Country_143,1939,1666.2
Country_143,1940,1665.9
Country_143,1941,1676.4
Country_143,1942,1701.4
Country_143,1943,1567.3
Country_143,1944,1686.7
Country_143,1945,1579.5
Country_143,1946,1697.4
Country_143,1947,1679.8
Country_143,1948,1663.2
Country_143,1949,1619.2
Country_143,1950,1592.9
Country_143,1951,1650.9
Country_143,1952,1727.6
Country_143,1953,1692.9
Country_143,1954,1744.2
Country_143,1955,1595.4
Country_143,1956,1692.2
Country_143,1957,1699.5
Country_143,1958,1719.9
Country_143,1959,1698.2
Country_143,1960,1719.6
Country_143,1961,1599.3
Country_143,1962,1712.5
Country_143,1963,1680.6
Country_143,1964,1600.3
Country_143,1965,1602.4
Country_143,1966,1638.4
Country_143,1967,1595.9
Country_143,1968,1675.5
Country_143,1969,1654.7
Country_143,1970,1698.6
Country_143,1971,1653.1
Country_143,1972,1651.9
Country_143,1973,1574.8
Country_143,1974,1767.2
Country_143,1975,1719.9
Country_143,1976,1592.9
Country_143,1977,1714.2
Country_143,1978,1711.7
Country_143,1979,1616.4
Country_143,1980,1677.7
Country_143,1981,1627.3
Country_143,1982,1704.8
Country_143,1983,1668.0
Country_143,1984,1569.4
Country_143,1985,1621.1
Country_143,1986,1693.9
Country_143,1987,1684.4
Country_143,1988,1694.7
Country_143,1989,1545.3
Country_143,1990,1672.4
Country_143,1991,1622.5
Country_143,1992,1732.3
Country_143,1993,1698.9
Country_143,1994,1717.9
Country_143,1995,1664.1
Country_143,1996,1715.7
Country_143,1997,1608.1
Country_143,1998,1695.1
Country_143,1999,1616.2
Country_143,2000,1692.3
Country_143,2001,1700.8
Country_143,2002,1698.7
Country_143,2003,1731.4
Country_143,2004,1650.6
Country_143,2005,1584.6
Country_143,2006,1615.8
Country_143,2007,1619.4
Country_143,2008,1656.3
Country_143,2009,1625.7
Country_143,2010,1615.8
Country_143,2011,1686.2
Country_143,2012,1706.4
Country_143,2013,1650.9
Country_143,2014,1672.2
Country_143,2015,1726.6
Country_143,2016,1675.2
Country_143,2017,1582.1
Country_143,2018,1727.5
Country_143,2019,1663.9
Country_143,2020,1649.1
Country_143,2021,1627.9
Country_143,2022,1700.2
Country_143,2023,1659.3
Country_144,1900,1496.0
Country_144,1901,1637.7
Country_144,1902,1541.5
Country_144,1903,1699.9
Country_144,1904,1678.3
Country_144,1905,1557.5
Country_144,1906,1558.0
Country_144,1907,1625.0
Country_144,1908,1614.5
Country_144,1909,1668.5
Country_144,1910,1626.2
Country_144,1911,1580.4
Country_144,1912,1555.4
Country_144,1913,1643.9
Country_144,1914,1638.5
Country_144,1915,1611.5
Country_144,1916,1678.1
Country_144,1917,1648.6
Country_144,1918,1561.7
Country_144,1919,1669.1
Country_144,1920,1755.4
Country_144,1921,1601.0
Country_144,1922,1631.3
Country_144,1923,1562.6
Country_144,1924,1696.7
Country_144,1925,1600.7
Country_144,1926,1583.2
Country_144,1927,1649.6
Country_144,1928,1639.3
Country_144,1929,1712.2
Country_144,1930,1601.8
Country_144,1931,1699.5
Country_144,1932,1659.9
Country_144,1933,1721.8
Country_144,1934,1632.1
Country_144,1935,1674.1
Country_144,1936,1596.1
Country_144,1937,1653.0
Country_144,1938,1613.5
Country_144,1939,1720.3
Country_144,1940,1733.4
Country_144,1941,1643.7
Country_144,1942,1592.9
Country_144,1943,1592.2
Country_144,1944,1504.5
Country_144,1945,1577.8
Country_144,1946,1714.2
Country_144,1947,1550.2
Country_144,1948,1597.4
Country_144,1949,1630.9
Country_144,1950,1591.3
Country_144,1951,1598.9
Country_144,1952,1589.8
Country_144,1953,1680.3
Country_144,1954,1661.2
Country_144,1955,1635.8
Country_144,1956,1681.2
Country_144,1957,1587.5
Country_144,1958,1538.2
Country_144,1959,1627.7
Country_144,1960,1574.6
Country_144,1961,1576.9
Country_144,1962,1631.2
Country_144,1963,1626.1
Country_144,1964,1568.2
Country_144,1965,1625.7
Country_144,1966,1595.7
Country_144,1967,1689.1
Country_144,1968,1568.4
Country_144,1969,1656.0
Country_144,1970,1654.5
Country_144,1971,1641.0
Country_144,1972,1663.8
Country_144,1973,1566.9
Country_144,1974,1568.2
Country_144,1975,1632.4
Country_144,1976,1642.8
Country_144,1977,1680.7
Country_144,1978,1578.7
Country_144,1979,1683.2
Country_144,1980,1527.0
Country_144,1981,1582.0
Country_144,1982,1598.6
Country_144,1983,1516.1
Country_144,1984,1547.6
Country_144,1985,1650.7
Country_144,1986,1612.7
Country_144,1987,1620.6
Country_144,1988,1646.1
Country_144,1989,1699.1
Country_144,1990,1616.0
Country_144,1991,1612.4
Country_144,1992,1597.0
Country_144,1993,1535.7
Country_144,1994,1631.1
Country_144,1995,1597.9
Country_144,1996,1653.6
Country_144,1997,1640.5
Country_144,1998,1679.4
Country_144,1999,1690.6
Country_144,2000,1544.3
Country_144,2001,1709.3
Country_144,2002,1547.3
Country_144,2003,1693.4
Country_144,2004,1532.7
Country_144,2005,1534.4
Country_144,2006,1628.8
Country_144,2007,1576.8
Country_144,2008,1756.5
Country_144,2009,1550.6
Country_144,2010,1608.1
Country_144,2011,1690.6
Country_144,2012,1602.4
Country_144,2013,1672.2
Country_144,2014,1666.0
Country_144,2015,1724.9
Country_144,2016,1626.3
Country_144,2017,1641.0
Country_144,2018,1568.4
Country_144,2019,1571.4
Country_144,2020,1631.6
Country_144,2021,1603.6
Country_144,2022,1632.6
Country_144,2023,1641.1
Country_145,1900,843.0
Country_145,1901,865.7
Country_145,1902,804.4
Country_145,1903,755.4
Country_145,1904,785.0
Country_145,1905,836.8
Country_145,1906,842.4
Country_145,1907,870.6
Country_145,1908,914.2
Country_145,1909,861.6
Country_145,1910,818.6
Country_145,1911,862.6
Country_145,1912,835.5
Country_145,1913,761.5
Country_145,1914,793.1
Country_145,1915,896.2
Country_145,1916,673.9
Country_145,1917,879.7
Country_145,1918,838.5
Country_145,1919,866.6
Country_145,1920,869.8
Country_145,1921,794.4
Country_145,1922,846.4
Country_145,1923,695.1
Country_145,1924,786.8
Country_145,1925,809.4
Country_145,1926,777.6
Country_145,1927,787.7
Country_145,1928,848.0
Country_145,1929,809.1
Country_145,1930,817.9
Country_145,1931,861.8
Country_145,1932,799.0
Country_145,1933,937.7
Country_145,1934,799.1
Country_145,1935,840.9
Country_145,1936,788.9
Country_145,1937,922.1
Country_145,1938,814.1
Country_145,1939,848.4
Country_145,1940,770.7
Country_145,1941,840.7
Country_145,1942,876.7
Country_145,1943,860.5
Country_145,1944,804.8
Country_145,1945,806.6
Country_145,1946,753.6
Country_145,1947,711.2
Country_145,1948,762.9
Country_145,1949,858.0
Country_145,1950,759.2
Country_145,1951,839.5
Country_145,1952,842.0
Country_145,1953,812.7
Country_145,1954,845.7
Country_145,1955,909.4
Country_145,1956,922.1
Country_145,1957,797.5
Country_145,1958,947.2
Country_145,1959,722.3
Country_145,1960,847.1
Country_145,1961,827.3
Country_145,1962,793.1
Country_145,1963,825.1
Country_145,1964,832.6
Country_145,1965,835.2
Country_145,1966,778.8
Country_145,1967,824.5
Country_145,1968,738.0
Country_145,1969,783.2
Country_145,1970,851.1
Country_145,1971,782.4
Country_145,1972,818.7
Country_145,1973,824.5
Country_145,1974,878.7
Country_145,1975,803.7
Country_145,1976,871.8
Country_145,1977,830.7
Country_145,1978,860.5
Country_145,1979,762.5
Country_145,1980,850.5
Country_145,1981,887.4
Country_145,1982,876.9
Country_145,1983,851.8
Country_145,1984,896.1
Country_145,1985,820.4
Country_145,1986,749.0
Country_145,1987,849.5
Country_145,1988,743.0
Country_145,1989,842.5
Country_145,1990,787.4
Country_145,1991,780.1
Country_145,1992,742.5
Country_145,1993,867.2
Country_145,1994,786.0
Country_145,1995,765.6
Country_145,1996,831.1
Country_145,1997,868.5
Country_145,1998,805.3
Country_145,1999,822.3
Country_145,2000,749.7
Country_145,2001,828.9
Country_145,2002,883.3
Country_145,2003,796.6
Country_145,2004,842.4
Country_145,2005,969.8
Country_145,2006,809.7
Country_145,2007,794.8
Country_145,2008,758.8
Country_145,2009,778.2
Country_145,2010,738.5
Country_145,2011,823.3
Country_145,2012,939.8
Country_145,2013,833.7
Country_145,2014,790.7
Country_145,2015,817.5
Country_145,2016,876.2
Country_145,2017,891.6
Country_145,2018,818.5
Country_145,2019,823.2
Country_145,2020,873.0
Country_145,2021,758.0
Country_145,2022,868.5
Country_145,2023,777.0
Country_146,1900,1380.5
Country_146,1901,1371.4
Country_146,1902,1395.7
Country_146,1903,1329.5
Country_146,1904,1338.7
Country_146,1905,1437.6
Country_146,1906,1336.5
Country_146,1907,1313.2
Country_146,1908,1348.3
Country_146,1909,1346.0
Country_146,1910,1318.5
Country_146,1911,1396.8
Country_146,1912,1365.6
Country_146,1913,1369.0
Country_146,1914,1286.7
Country_146,1915,1485.0
Country_146,1916,1326.3
Country_146,1917,1414.9
Country_146,1918,1337.7
Country_146,1919,1309.3
Country_146,1920,1353.3
Country_146,1921,1436.9
Country_146,1922,1364.1
Country_146,1923,1375.1
Country_146,1924,1343.3
Country_146,1925,1440.7
Country_146,1926,1450.1
Country_146,1927,1361.8
Country_146,1928,1329.3
Country_146,1929,1349.7
Country_146,1930,1386.6
Country_146,1931,1480.0
Country_146,1932,1374.2
Country_146,1933,1293.0
Country_146,1934,1400.1
Country_146,1935,1432.8
Country_146,1936,1328.6
Country_146,1937,1366.2
Country_146,1938,1267.1
Country_146,1939,1308.8
Country_146,1940,1327.8
Country_146,1941,1370.5
Country_146,1942,1335.1
Country_146,1943,1345.4
Country_146,1944,1341.7
Country_146,1945,1336.7
Country_146,1946,1390.3
Country_146,1947,1413.6
Country_146,1948,1359.4
Country_146,1949,1363.8
Country_146,1950,1362.5
Country_146,1951,1489.6
Country_146,1952,1370.1
Country_146,1953,1330.5
Country_146,1954,1281.0
Country_146,1955,1335.1
Country_146,1956,1398.1
Country_146,1957,1442.5
Country_146,1958,1362.8
Country_146,1959,1326.9
Country_146,1960,1398.5
Country_146,1961,1380.7
Country_146,1962,1274.6
Country_146,1963,1374.6
Country_146,1964,1386.5
Country_146,1965,1372.9
Country_146,1966,1305.8
Country_146,1967,1256.2
Country_146,1968,1365.6
Country_146,1969,1297.1
Country_146,1970,1422.1
Country_146,1971,1343.3
Country_146,1972,1484.7
Country_146,1973,1369.8
Country_146,1974,1413.1
Country_146,1975,1378.7
Country_146,1976,1269.2
Country_146,1977,1352.4
Country_146,1978,1456.3
Country_146,1979,1336.8
Country_146,1980,1328.6
Country_146,1981,1371.3
Country_146,1982,1356.7
Country_146,1983,1399.9
Country_146,1984,1314.0
Country_146,1985,1364.3
Country_146,1986,1338.3
Country_146,1987,1318.0
Country_146,1988,1261.7
Country_146,1989,1358.0
Country_146,1990,1363.5
Country_146,1991,1436.8
Country_146,1992,1384.8
Country_146,1993,1383.9
Country_146,1994,1428.9
Country_146,1995,1305.8
Country_146,1996,1408.5
Country_146,1997,1399.5
Country_146,1998,1427.1
Country_146,1999,1320.3
Country_146,2000,1292.1
Country_146,2001,1394.7
Country_146,2002,1266.0
Country_146,2003,1431.1
Country_146,2004,1274.6
Country_146,2005,1297.2
Country_146,2006,1458.2
Country_146,2007,1376.5
Country_146,2008,1402.9
Country_146,2009,1439.7
Country_146,2010,1357.9
Country_146,2011,1383.9
Country_146,2012,1434.2
Country_146,2013,1378.3
Country_146,2014,1397.3
Country_146,2015,1431.8
Country_146,2016,1402.6
Country_146,2017,1323.6
Country_146,2018,1254.6
Country_146,2019,1483.3
Country_146,2020,1456.3
Country_146,2021,1387.0
Country_146,2022,1311.9
Country_146,2023,1377.1
Country_147,1900,789.7
Country_147,1901,814.7
Country_147,1902,824.2
Country_147,1903,779.5
Country_147,1904,939.3
Country_147,1905,830.3
Country_147,1906,823.3
Country_147,1907,822.0
Country_147,1908,913.4
Country_147,1909,855.0
Country_147,1910,856.0
Country_147,1911,780.7
Country_147,1912,783.5
Country_147,1913,794.4
Country_147,1914,802.0
Country_147,1915,814.2
Country_147,1916,854.1
Country_147,1917,751.7
Country_147,1918,718.1
Country_147,1919,792.1
Country_147,1920,927.2
Country_147,1921,760.9
Country_147,1922,720.1
Country_147,1923,798.9
Country_147,1924,778.4
Country_147,1925,732.2
Country_147,1926,778.7
Country_147,1927,845.0
Country_147,1928,786.2
Country_147,1929,772.1
Country_147,1930,793.9
Country_147,1931,794.4
Country_147,1932,846.6
Country_147,1933,815.5
Country_147,1934,792.9
Country_147,1935,775.6
Country_147,1936,774.6
Country_147,1937,766.3
Country_147,1938,793.6
Country_147,1939,859.9
Country_147,1940,742.6
Country_147,1941,800.7
Country_147,1942,905.7
Country_147,1943,847.2
Country_147,1944,763.2
Country_147,1945,785.0
Country_147,1946,759.4
Country_147,1947,872.9
Country_147,1948,823.2
Country_147,1949,804.1
Country_147,1950,821.3
Country_147,1951,671.5
Country_147,1952,798.4
Country_147,1953,808.7
Country_147,1954,804.1
Country_147,1955,757.9
Country_147,1956,834.2
Country_147,1957,798.0
Country_147,1958,822.5
Country_147,1959,865.7
Country_147,1960,753.1
Country_147,1961,810.9
Country_147,1962,787.0
Country_147,1963,822.9
Country_147,1964,770.5
Country_147,1965,777.8
Country_147,1966,758.5
Country_147,1967,715.4
Country_147,1968,814.8
Country_147,1969,711.2
Country_147,1970,784.7
Country_147,1971,775.7
Country_147,1972,818.4
Country_147,1973,841.1
Country_147,1974,886.2
Country_147,1975,796.4
Country_147,1976,867.5
Country_147,1977,717.2
Country_147,1978,878.6
Country_147,1979,740.4
Country_147,1980,804.9
Country_147,1981,927.4
Country_147,1982,788.6
Country_147,1983,786.0
Country_147,1984,784.1
Country_147,1985,707.1
Country_147,1986,778.5
Country_147,1987,898.4
Country_147,1988,729.1
Country_147,1989,690.4
Country_147,1990,866.6
Country_147,1991,795.4
Country_147,1992,796.7
Country_147,1993,882.1
Country_147,1994,811.7
Country_147,1995,793.8
Country_147,1996,885.2
Country_147,1997,827.6
Country_147,1998,800.5
Country_147,1999,776.4
Country_147,2000,777.6
Country_147,2001,851.3
Country_147,2002,833.9
Country_147,2003,774.4
Country_147,2004,863.6
Country_147,2005,744.9
Country_147,2006,839.2
Country_147,2007,789.3
Country_147,2008,737.8
Country_147,2009,882.5
Country_147,2010,776.0
Country_147,2011,700.2
Country_147,2012,819.4
Country_147,2013,922.8
Country_147,2014,753.8
Country_147,2015,895.3
Country_147,2016,804.3
Country_147,2017,808.5
Country_147,2018,793.6
Country_147,2019,907.9
Country_147,2020,793.6
Country_147,2021,814.9
Country_147,2022,736.6
Country_147,2023,886.9
Country_148,1900,1881.5
Country_148,1901,1881.8
Country_148,1902,1819.6
Country_148,1903,1872.0
Country_148,1904,1784.2
Country_148,1905,1793.4
Country_148,1906,1811.2
Country_148,1907,1891.1
Country_148,1908,1862.4
Country_148,1909,1804.5
Country_148,1910,1768.5
Country_148,1911,1757.4
Country_148,1912,1788.4
Country_148,1913,1834.9
Country_148,1914,1826.1
Country_148,1915,1766.6
Country_148,1916,1834.4
Country_148,1917,1915.1
Country_148,1918,1836.0
Country_148,1919,1890.5
Country_148,1920,1854.9
Country_148,1921,1805.7
Country_148,1922,1887.1
Country_148,1923,1798.6
Country_148,1924,1824.3
Country_148,1925,1844.7
Country_148,1926,1882.5
Country_148,1927,1811.2
Country_148,1928,1871.9
Country_148,1929,1865.6
Country_148,1930,1857.0
Country_148,1931,1745.6
Country_148,1932,1806.6
Country_148,1933,1832.9
Country_148,1934,1909.6
Country_148,1935,1863.6
Country_148,1936,1907.6
Country_148,1937,1802.1
Country_148,1938,1875.8
Country_148,1939,1832.9
Country_148,1940,1817.3
Country_148,1941,1869.6
Country_148,1942,1914.7
Country_148,1943,1815.6
Country_148,1944,1811.6
Country_148,1945,1773.0
Country_148,1946,1861.8
Country_148,1947,1866.9
Country_148,1948,1834.7
Country_148,1949,1864.4
Country_148,1950,1769.5
Country_148,1951,1936.8
Country_148,1952,1847.8
Country_148,1953,1810.8
Country_148,1954,1824.0
Country_148,1955,1847.8
Country_148,1956,1856.8
Country_148,1957,1883.2
Country_148,1958,1843.8
Country_148,1959,1818.4
Country_148,1960,1818.3
Country_148,1961,1896.0
Country_148,1962,1847.9
Country_148,1963,1798.7
Country_148,1964,1862.7
Country_148,1965,1879.8
Country_148,1966,1742.6
Country_148,1967,1888.3
Country_148,1968,1865.9
Country_148,1969,1773.3
Country_148,1970,1955.9
Country_148,1971,1834.9
Country_148,1972,1877.6
Country_148,1973,1857.8
Country_148,1974,1937.4
Country_148,1975,1752.5
Country_148,1976,1771.1
Country_148,1977,1934.1
Country_148,1978,1775.8
Country_148,1979,1721.3
Country_148,1980,1807.0
Country_148,1981,1873.5
Country_148,1982,1891.3
Country_148,1983,1825.7
Country_148,1984,1772.4
Country_148,1985,1837.4
Country_148,1986,1891.8
Country_148,1987,1837.0
Country_148,1988,1852.0
Country_148,1989,1832.4
Country_148,1990,1828.2
Country_148,1991,1908.6
Country_148,1992,1850.6
Country_148,1993,1783.3
Country_148,1994,1876.7
Country_148,1995,1868.7
Country_148,1996,1844.0
Country_148,1997,1777.0
Country_148,1998,1830.5
Country_148,1999,1908.3
Country_148,2000,1873.2
Country_148,2001,1882.4
Country_148,2002,1875.0
Country_148,2003,1836.2
Country_148,2004,1886.3
Country_148,2005,1760.5
Country_148,2006,1831.5
Country_148,2007,1940.0
Country_148,2008,1855.8
Country_148,2009,1754.1
Country_148,2010,1873.1
Country_148,2011,1850.2
Country_148,2012,1874.3
Country_148,2013,1831.7
Country_148,2014,1890.0
Country_148,2015,1843.4
Country_148,2016,1830.6
Country_148,2017,1818.3
Country_148,2018,1807.8
Country_148,2019,1740.1
Country_148,2020,1827.3
Country_148,2021,1855.8
Country_148,2022,1808.8
Country_148,2023,1900.1
Country_149,1900,1514.7
Country_149,1901,1552.6
Country_149,1902,1453.3
Country_149,1903,1572.7
Country_149,1904,1593.2
Country_149,1905,1543.7
Country_149,1906,1506.3
Country_149,1907,1539.0
Country_149,1908,1485.6
Country_149,1909,1545.6
Country_149,1910,1463.6
Country_149,1911,1457.4
Country_149,1912,1543.0
Country_149,1913,1549.7
Country_149,1914,1517.7
Country_149,1915,1384.3
Country_149,1916,1492.4
Country_149,1917,1452.1
Country_149,1918,1466.3
Country_149,1919,1445.9
Country_149,1920,1512.1
Country_149,1921,1572.1
Country_149,1922,1519.7
Country_149,1923,1616.8
Country_149,1924,1428.4
Country_149,1925,1511.4
Country_149,1926,1553.2
Country_149,1927,1552.2
Country_149,1928,1508.6
Country_149,1929,1520.0
Country_149,1930,1401.2
Country_149,1931,1516.1
Country_149,1932,1486.1
Country_149,1933,1558.3
Country_149,1934,1552.0
Country_149,1935,1475.1
Country_149,1936,1623.7
Country_149,1937,1548.3
Country_149,1938,1495.7
Country_149,1939,1510.5
Country_149,1940,1515.2
Country_149,1941,1362.1
Country_149,1942,1433.0
Country_149,1943,1484.5
Country_149,1944,1492.6
Country_149,1945,1503.5
Country_149,1946,1510.9
Country_149,1947,1496.7
Country_149,1948,1497.4
Country_149,1949,1533.2
Country_149,1950,1534.5
Country_149,1951,1504.2
Country_149,1952,1519.0
Country_149,1953,1495.9
Country_149,1954,1499.3
Country_149,1955,1570.5
Country_149,1956,1503.4
Country_149,1957,1462.0
Country_149,1958,1436.4
Country_149,1959,1539.1
Country_149,1960,1541.3
Country_149,1961,1482.6
Country_149,1962,1534.1
Country_149,1963,1469.6
Country_149,1964,1519.6
Country_149,1965,1452.3
Country_149,1966,1392.0
Country_149,1967,1592.1
Country_149,1968,1539.7
Country_149,1969,1520.6
Country_149,1970,1474.7
Country_149,1971,1418.6
Country_149,1972,1383.0
Country_149,1973,1511.1
Country_149,1974,1471.5
Country_149,1975,1417.9
Country_149,1976,1518.0
Country_149,1977,1578.9
Country_149,1978,1483.2
Country_149,1979,1521.4
Country_149,1980,1522.8
Country_149,1981,1465.0
Country_149,1982,1461.5
Country_149,1983,1512.0
Country_149,1984,1529.1
Country_149,1985,1450.2
Country_149,1986,1535.7
Country_149,1987,1512.3
Country_149,1988,1614.9
Country_149,1989,1574.5
Country_149,1990,1496.1
Country_149,1991,1544.2
Country_149,1992,1482.1
Country_149,1993,1459.9
Country_149,1994,1491.5
Country_149,1995,1519.2
Country_149,1996,1486.9
Country_149,1997,1512.2
Country_149,1998,1580.4
Country_149,1999,1493.5
Country_149,2000,1470.7
Country_149,2001,1531.5
Country_149,2002,1464.8
Country_149,2003,1542.4
Country_149,2004,1535.8
Country_149,2005,1490.8
Country_149,2006,1536.5
Country_149,2007,1525.5
Country_149,2008,1591.2
Country_149,2009,1548.7
Country_149,2010,1517.6
Country_149,2011,1538.3
Country_149,2012,1567.9
Country_149,2013,1499.6
Country_149,2014,1551.4
Country_149,2015,1527.5
Country_149,2016,1524.6
Country_149,2017,1582.3
Country_149,2018,1483.0
Country_149,2019,1526.9
Country_149,2020,1490.6
Country_149,2021,1394.1
Country_149,2022,1517.5
Country_149,2023,1446.4
Country_150,1900,1478.4
Country_150,1901,1466.4
Country_150,1902,1482.4
Country_150,1903,1503.2
Country_150,1904,1556.8
Country_150,1905,1411.7
Country_150,1906,1472.8
Country_150,1907,1458.7
Country_150,1908,1459.5
Country_150,1909,1458.8
Country_150,1910,1491.4
Country_150,1911,1507.3
Country_150,1912,1414.8
Country_150,1913,1400.0
Country_150,1914,1453.4
Country_150,1915,1482.8
Country_150,1916,1462.6
Country_150,1917,1402.2
Country_150,1918,1509.1
Country_150,1919,1503.6
Country_150,1920,1498.0
Country_150,1921,1425.0
Country_150,1922,1501.4
Country_150,1923,1444.3
Country_150,1924,1436.3
Country_150,1925,1412.8
Country_150,1926,1428.3
Country_150,1927,1470.7
Country_150,1928,1493.1
Country_150,1929,1453.5
Country_150,1930,1487.9
Country_150,1931,1494.3
Country_150,1932,1475.3
Country_150,1933,1456.5
Country_150,1934,1464.0
Country_150,1935,1415.7
Country_150,1936,1564.9
Country_150,1937,1360.4
Country_150,1938,1499.9
Country_150,1939,1500.5
Country_150,1940,1383.8
Country_150,1941,1481.6
Country_150,1942,1463.5
Country_150,1943,1456.7
Country_150,1944,1506.8
Country_150,1945,1502.0
Country_150,1946,1375.0
Country_150,1947,1551.9
Country_150,1948,1414.3
Country_150,1949,1441.7
Country_150,1950,1530.7
Country_150,1951,1416.0
Country_150,1952,1541.8
Country_150,1953,1407.7
Country_150,1954,1418.6
Country_150,1955,1368.2
Country_150,1956,1449.2
Country_150,1957,1465.9
Country_150,1958,1512.8
Country_150,1959,1438.3
Country_150,1960,1515.9
Country_150,1961,1478.6
Country_150,1962,1343.6
Country_150,1963,1555.9
Country_150,1964,1423.2
Country_150,1965,1505.6
Country_150,1966,1558.5
Country_150,1967,1445.8
Country_150,1968,1422.0
Country_150,1969,1431.8
Country_150,1970,1459.5
Country_150,1971,1418.4
Country_150,1972,1417.5
Country_150,1973,1459.3
Country_150,1974,1450.0
Country_150,1975,1479.4
Country_150,1976,1515.0
Country_150,1977,1482.1
Country_150,1978,1437.6
Country_150,1979,1410.8
Country_150,1980,1451.2
Country_150,1981,1381.5
Country_150,1982,1515.5
Country_150,1983,1406.3
Country_150,1984,1474.1
Country_150,1985,1586.7
Country_150,1986,1414.6
Country_150,1987,1466.1
Country_150,1988,1475.0
Country_150,1989,1437.7
Country_150,1990,1462.4
Country_150,1991,1363.8
Country_150,1992,1432.2
Country_150,1993,1498.7
Country_150,1994,1519.2
Country_150,1995,1497.5
Country_150,1996,1545.7
Country_150,1997,1505.7
Country_150,1998,1514.6
Country_150,1999,1371.8
Country_150,2000,1516.2
Country_150,2001,1482.5
Country_150,2002,1358.3
Country_150,2003,1544.2
Country_150,2004,1455.2
Country_150,2005,1429.1
Country_150,2006,1544.7
Country_150,2007,1458.6
Country_150,2008,1423.0
Country_150,2009,1505.5
Country_150,2010,1533.3
Country_150,2011,1504.1
Country_150,2012,1404.2
Country_150,2013,1464.4
Country_150,2014,1485.8
Country_150,2015,1489.3
Country_150,2016,1537.9
Country_150,2017,1503.7
Country_150,2018,1434.0
Country_150,2019,1435.9
Country_150,2020,1452.9
Country_150,2021,1434.3
Country_150,2022,1454.0
Country_150,2023,1471.4
Country_151,1900,1464.2
Country_151,1901,1482.4
Country_151,1902,1417.5
Country_151,1903,1398.9
Country_151,1904,1496.4
Country_151,1905,1424.9
Country_151,1906,1423.5
Country_151,1907,1477.9
Country_151,1908,1432.2
Country_151,1909,1304.7
Country_151,1910,1471.6
Country_151,1911,1411.2
Country_151,1912,1556.7
Country_151,1913,1440.9
Country_151,1914,1498.0
Country_151,1915,1410.6
Country_151,1916,1445.6
Country_151,1917,1399.8
Country_151,1918,1354.2
Country_151,1919,1411.9
Country_151,1920,1465.8
Country_151,1921,1503.7
Country_151,1922,1305.4
Country_151,1923,1424.6
Country_151,1924,1528.4
Country_151,1925,1403.3
Country_151,1926,1438.8
Country_151,1927,1518.8
Country_151,1928,1473.1
Country_151,1929,1494.6
Country_151,1930,1490.8
Country_151,1931,1458.0
Country_151,1932,1346.8
Country_151,1933,1392.4
Country_151,1934,1492.3
Country_151,1935,1321.6
Country_151,1936,1524.8
Country_151,1937,1475.8
Country_151,1938,1350.2
Country_151,1939,1472.0
Country_151,1940,1480.2
Country_151,1941,1520.2
Country_151,1942,1578.2
Country_151,1943,1426.3
Country_151,1944,1373.6
Country_151,1945,1420.6
Country_151,1946,1484.1
Country_151,1947,1431.3
Country_151,1948,1350.0
Country_151,1949,1412.1
Country_151,1950,1448.2
Country_151,1951,1494.6
Country_151,1952,1463.9
Country_151,1953,1437.5
Country_151,1954,1407.7
Country_151,1955,1440.5
Country_151,1956,1518.9
Country_151,1957,1334.8
Country_151,1958,1438.4
Country_151,1959,1477.5
Country_151,1960,1467.0
Country_151,1961,1421.6
Country_151,1962,1472.6
Country_151,1963,1405.1
Country_151,1964,1431.1
Country_151,1965,1397.0
Country_151,1966,1406.5
Country_151,1967,1445.4
Country_151,1968,1479.0
Country_151,1969,1455.8
Country_151,1970,1404.4
Country_151,1971,1420.2
Country_151,1972,1432.7
Country_151,1973,1482.3
Country_151,1974,1483.1
Country_151,1975,1375.1
Country_151,1976,1401.5
Country_151,1977,1382.2
Country_151,1978,1375.0
Country_151,1979,1373.8
Country_151,1980,1530.3
Country_151,1981,1383.4
Country_151,1982,1478.8
Country_151,1983,1362.1
Country_151,1984,1465.6
Country_151,1985,1449.5
Country_151,1986,1426.6
Country_151,1987,1416.4
Country_151,1988,1504.1
Country_151,1989,1449.7
Country_151,1990,1395.6
Country_151,1991,1382.8
Country_151,1992,1452.4
Country_151,1993,1423.3
Country_151,1994,1444.4
Country_151,1995,1391.3
Country_151,1996,1435.0
Country_151,1997,1492.6
Country_151,1998,1462.9
Country_151,1999,1408.5
Country_151,2000,1452.6
Country_151,2001,1509.0
Country_151,2002,1369.1
Country_151,2003,1368.5
Country_151,2004,1455.0
Country_151,2005,1409.2
Country_151,2006,1412.5
Country_151,2007,1437.8
Country_151,2008,1473.9
Country_151,2009,1461.3
Country_151,2010,1404.6
Country_151,2011,1383.8
Country_151,2012,1422.9
Country_151,2013,1420.0
Country_151,2014,1342.9
Country_151,2015,1418.1
Country_151,2016,1432.7
Country_151,2017,1455.0
Country_151,2018,1464.9
Country_151,2019,1445.8
Country_151,2020,1362.9
Country_151,2021,1468.9
Country_151,2022,1440.2
Country_151,2023,1363.4
Country_152,1900,1776.2
Country_152,1901,1688.6
Country_152,1902,1790.2
Country_152,1903,1797.0
Country_152,1904,1779.1
Country_152,1905,1796.7
Country_152,1906,1801.0
Country_152,1907,1771.9
Country_152,1908,1684.9
Country_152,1909,1821.5
Country_152,1910,1760.8
Country_152,1911,1735.3
Country_152,1912,1627.2
Country_152,1913,1801.0
Country_152,1914,1808.2
Country_152,1915,1750.7
Country_152,1916,1808.2
Country_152,1917,1816.8
Country_152,1918,1775.6
Country_152,1919,1763.5
Country_152,1920,1699.3
Country_152,1921,1755.6
Country_152,1922,1702.1
Country_152,1923,1717.3
Country_152,1924,1687.6
Country_152,1925,1732.7
Country_152,1926,1689.1
Country_152,1927,1698.8
Country_152,1928,1770.0
Country_152,1929,1785.0
Country_152,1930,1764.1
Country_152,1931,1664.2
Country_152,1932,1754.1
Country_152,1933,1757.6
Country_152,1934,1722.0
Country_152,1935,1782.8
Country_152,1936,1695.3
Country_152,1937,1706.5
Country_152,1938,1669.5
Country_152,1939,1702.1
Country_152,1940,1727.4
Country_152,1941,1746.8
Country_152,1942,1755.0
Country_152,1943,1778.1
Country_152,1944,1770.2
Country_152,1945,1746.0
Country_152,1946,1672.2
Country_152,1947,1715.8
Country_152,1948,1677.0
Country_152,1949,1844.4
Country_152,1950,1771.3
Country_152,1951,1730.3
Country_152,1952,1660.6
Country_152,1953,1706.2
Country_152,1954,1785.5
Country_152,1955,1673.0
Country_152,1956,1696.5
Country_152,1957,1712.7
Country_152,1958,1646.2
Country_152,1959,1682.3
Country_152,1960,1779.7
Country_152,1961,1748.3
Country_152,1962,1801.9
Country_152,1963,1750.4
Country_152,1964,1709.9
Country_152,1965,1723.8
Country_152,1966,1779.3
Country_152,1967,1736.8
Country_152,1968,1675.1
Country_152,1969,1770.7
Country_152,1970,1773.0
Country_152,1971,1796.5
Country_152,1972,1780.5
Country_152,1973,1796.3
Country_152,1974,1859.1
Country_152,1975,1752.2
Country_152,1976,1710.8
Country_152,1977,1798.2
Country_152,1978,1742.4
Country_152,1979,1741.3
Country_152,1980,1794.9
Country_152,1981,1700.1
Country_152,1982,1807.8
Country_152,1983,1671.1
Country_152,1984,1753.1
Country_152,1985,1743.1
Country_152,1986,1683.5
Country_152,1987,1783.6
Country_152,1988,1700.1
Country_152,1989,1737.2
Country_152,1990,1781.2
Country_152,1991,1633.4
Country_152,1992,1712.7
Country_152,1993,1734.5
Country_152,1994,1741.3
Country_152,1995,1714.7
Country_152,1996,1646.5
Country_152,1997,1731.6
Country_152,1998,1744.8
Country_152,1999,1775.7
Country_152,2000,1688.7
Country_152,2001,1745.9
Country_152,2002,1659.6
Country_152,2003,1647.4
Country_152,2004,1803.2
Country_152,2005,1787.1
Country_152,2006,1723.9
Country_152,2007,1760.3
Country_152,2008,1762.9
Country_152,2009,1781.2
Country_152,2010,1754.4
Country_152,2011,1768.8
Country_152,2012,1742.9
Country_152,2013,1729.5
Country_152,2014,1732.0
Country_152,2015,1694.4
Country_152,2016,1711.1
Country_152,2017,1742.3
Country_152,2018,1662.1
Country_152,2019,1738.1
Country_152,2020,1792.7
Country_152,2021,1791.2
Country_152,2022,1691.8
Country_152,2023,1715.4
Country_153,1900,1545.9
Country_153,1901,1608.5
Country_153,1902,1527.5
Country_153,1903,1565.0
Country_153,1904,1653.7
Country_153,1905,1574.6
Country_153,1906,1566.9
Country_153,1907,1640.0
Country_153,1908,1536.6
Country_153,1909,1565.5
Country_153,1910,1561.6
Country_153,1911,1665.5
Country_153,1912,1659.0
Country_153,1913,1552.9
Country_153,1914,1588.9
Country_153,1915,1639.9
Country_153,1916,1459.2
Country_153,1917,1550.7
Country_153,1918,1614.7
Country_153,1919,1617.0
Country_153,1920,1580.4
Country_153,1921,1585.0
Country_153,1922,1570.0
Country_153,1923,1561.9
Country_153,1924,1540.4
Country_153,1925,1488.0
Country_153,1926,1550.5
Country_153,1927,1558.9
Country_153,1928,1594.3
Country_153,1929,1555.5
Country_153,1930,1559.7
Country_153,1931,1693.6
Country_153,1932,1522.3
Country_153,1933,1561.6
Country_153,1934,1597.9
Country_153,1935,1475.6
Country_153,1936,1620.4
Country_153,1937,1521.7
Country_153,1938,1585.1
Country_153,1939,1533.4
Country_153,1940,1505.1
Country_153,1941,1554.2
Country_153,1942,1500.1
Country_153,1943,1595.6
Country_153,1944,1585.7
Country_153,1945,1541.9
Country_153,1946,1552.7
Country_153,1947,1566.2
Country_153,1948,1511.7
Country_153,1949,1581.3
Country_153,1950,1579.9
Country_153,1951,1598.1
Country_153,1952,1479.9
Country_153,1953,1610.1
Country_153,1954,1605.3
Country_153,1955,1531.9
Country_153,1956,1550.3
Country_153,1957,1484.1
Country_153,1958,1509.5
Country_153,1959,1559.9
Country_153,1960,1628.2
Country_153,1961,1520.5
Country_153,1962,1514.5
Country_153,1963,1570.4
Country_153,1964,1578.2
Country_153,1965,1623.2
Country_153,1966,1604.3
Country_153,1967,1590.0
Country_153,1968,1580.0
Country_153,1969,1519.1
Country_153,1970,1579.6
Country_153,1971,1464.8
Country_153,1972,1569.0
Country_153,1973,1620.9
Country_153,1974,1677.8
Country_153,1975,1591.4
Country_153,1976,1578.4
Country_153,1977,1587.6
Country_153,1978,1481.5
Country_153,1979,1509.2
Country_153,1980,1647.4
Country_153,1981,1646.9
Country_153,1982,1612.0
Country_153,1983,1487.5
Country_153,1984,1532.9
Country_153,1985,1549.8
Country_153,1986,1608.6
Country_153,1987,1617.0
Country_153,1988,1560.0
Country_153,1989,1667.1
Country_153,1990,1474.8
Country_153,1991,1620.1
Country_153,1992,1559.1
Country_153,1993,1622.3
Country_153,1994,1571.9
Country_153,1995,1634.1
Country_153,1996,1575.1
Country_153,1997,1611.4
Country_153,1998,1606.5
Country_153,1999,1489.2
Country_153,2000,1576.5
Country_153,2001,1602.3
Country_153,2002,1548.2
Country_153,2003,1587.5
Country_153,2004,1612.9
Country_153,2005,1598.7
Country_153,2006,1559.7
Country_153,2007,1613.8
Country_153,2008,1577.3
Country_153,2009,1562.9
Country_153,2010,1479.2
Country_153,2011,1535.5
Country_153,2012,1472.1
Country_153,2013,1532.0
Country_153,2014,1614.0
Country_153,2015,1491.0
Country_153,2016,1491.1
Country_153,2017,1529.8
Country_153,2018,1583.3
Country_153,2019,1653.4
Country_153,2020,1548.2
Country_153,2021,1565.5
Country_153,2022,1623.0
Country_153,2023,1651.2
Country_154,1900,947.3
Country_154,1901,994.5
Country_154,1902,1026.6
Country_154,1903,936.3
Country_154,1904,924.9
Country_154,1905,1016.0
Country_154,1906,950.4
Country_154,1907,1091.3
Country_154,1908,965.8
Country_154,1909,1030.2
Country_154,1910,975.9
Country_154,1911,1058.1
Country_154,1912,904.8
Country_154,1913,989.3
Country_154,1914,922.9
Country_154,1915,994.5
Country_154,1916,868.5
Country_154,1917,935.7
Country_154,1918,950.4
Country_154,1919,1007.1
Country_154,1920,1020.6
Country_154,1921,1014.7
Country_154,1922,930.4
Country_154,1923,1031.9
Country_154,1924,990.5
Country_154,1925,963.1
Country_154,1926,1059.0
Country_154,1927,970.7
Country_154,1928,967.4
Country_154,1929,941.2
Country_154,1930,1005.5
Country_154,1931,975.1
Country_154,1932,1038.5
Country_154,1933,863.2
Country_154,1934,914.6
Country_154,1935,1007.0
Country_154,1936,978.5
Country_154,1937,982.5
Country_154,1938,1011.0
Country_154,1939,931.7
Country_154,1940,1092.9
Country_154,1941,1005.1
Country_154,1942,958.4
Country_154,1943,993.3
Country_154,1944,968.5
Country_154,1945,943.3
Country_154,1946,923.5
Country_154,1947,958.4
Country_154,1948,941.2
Country_154,1949,997.1
Country_154,1950,950.2
Country_154,1951,938.3
Country_154,1952,981.2
Country_154,1953,1026.1
Country_154,1954,1004.5
Country_154,1955,1042.5
Country_154,1956,992.6
Country_154,1957,1014.9
Country_154,1958,996.1
Country_154,1959,951.1
Country_154,1960,1004.9
Country_154,1961,1018.4
Country_154,1962,924.1
Country_154,1963,944.0
Country_154,1964,1013.0
Country_154,1965,1039.4
Country_154,1966,949.1
Country_154,1967,1017.0
Country_154,1968,1029.1
Country_154,1969,948.7
Country_154,1970,902.3
Country_154,1971,939.4
Country_154,1972,969.6
Country_154,1973,996.3
Country_154,1974,959.7
Country_154,1975,1040.3
Country_154,1976,988.9
Country_154,1977,994.1
Country_154,1978,933.0
Country_154,1979,874.3
Country_154,1980,1052.1
Country_154,1981,939.0
Country_154,1982,979.9
Country_154,1983,878.9
Country_154,1984,942.7
Country_154,1985,968.3
Country_154,1986,1067.2
Country_154,1987,1021.3
Country_154,1988,948.4
Country_154,1989,1113.5
Country_154,1990,960.5
Country_154,1991,932.7
Country_154,1992,963.5
Country_154,1993,1013.4
Country_154,1994,943.5
Country_154,1995,1006.4
Country_154,1996,980.0
Country_154,1997,1067.4
Country_154,1998,971.4
Country_154,1999,952.6
Country_154,2000,935.6
Country_154,2001,1047.6
Country_154,2002,974.6
Country_154,2003,957.4
Country_154,2004,936.8
Country_154,2005,1017.5
Country_154,2006,983.5
Country_154,2007,969.7
Country_154,2008,908.1
Country_154,2009,918.9
Country_154,2010,978.6
Country_154,2011,911.0
Country_154,2012,971.1
Country_154,2013,1011.3
Country_154,2014,939.7
Country_154,2015,969.8
Country_154,2016,1047.8
Country_154,2017,1013.5
Country_154,2018,962.0
Country_154,2019,933.0
Country_154,2020,1000.1
Country_154,2021,899.1
Country_154,2022,873.9
Country_154,2023,950.2
Country_155,1900,622.0
Country_155,1901,619.9
Country_155,1902,580.9
Country_155,1903,706.8
Country_155,1904,672.5
Country_155,1905,589.1
Country_155,1906,720.8
Country_155,1907,602.6
Country_155,1908,719.9
Country_155,1909,638.8
Country_155,1910,698.4
Country_155,1911,614.2
Country_155,1912,732.2
Country_155,1913,630.3
Country_155,1914,707.7
Country_155,1915,785.7
Country_155,1916,627.8
Country_155,1917,668.7
Country_155,1918,637.8
Country_155,1919,582.1
Country_155,1920,678.1
Country_155,1921,569.4
Country_155,1922,697.4
Country_155,1923,691.2
Country_155,1924,623.3
Country_155,1925,602.0
Country_155,1926,653.2
Country_155,1927,597.2
Country_155,1928,648.4
Country_155,1929,577.4
Country_155,1930,592.0
Country_155,1931,674.5
Country_155,1932,684.9
Country_155,1933,679.8
Country_155,1934,571.5
Country_155,1935,657.1
Country_155,1936,620.9
Country_155,1937,687.5
Country_155,1938,655.0
Country_155,1939,667.5
Country_155,1940,626.5
Country_155,1941,689.3
Country_155,1942,660.4
Country_155,1943,550.7
Country_155,1944,633.0
Country_155,1945,596.5
Country_155,1946,684.8
Country_155,1947,630.1
Country_155,1948,676.4
Country_155,1949,663.9
Country_155,1950,648.4
Country_155,1951,703.1
Country_155,1952,715.5
Country_155,1953,626.4
Country_155,1954,528.0
Country_155,1955,656.1
Country_155,1956,595.0
Country_155,1957,556.1
Country_155,1958,573.9
Country_155,1959,726.0
Country_155,1960,703.3
Country_155,1961,549.7
Country_155,1962,720.7
Country_155,1963,588.2
Country_155,1964,658.9
Country_155,1965,625.6
Country_155,1966,655.8
Country_155,1967,593.0
Country_155,1968,561.3
Country_155,1969,594.7
Country_155,1970,673.4
Country_155,1971,673.9
Country_155,1972,605.6
Country_155,1973,699.6
Country_155,1974,618.6
Country_155,1975,657.5
Country_155,1976,611.1
Country_155,1977,659.7
Country_155,1978,658.2
Country_155,1979,571.7
Country_155,1980,612.3
Country_155,1981,702.0
Country_155,1982,713.5
Country_155,1983,553.3
Country_155,1984,678.8
Country_155,1985,605.1
Country_155,1986,597.3
Country_155,1987,624.9
Country_155,1988,630.9
Country_155,1989,605.7
Country_155,1990,712.1
Country_155,1991,653.3
Country_155,1992,638.3
Country_155,1993,698.3
Country_155,1994,596.2
Country_155,1995,605.8
Country_155,1996,527.1
Country_155,1997,557.1
Country_155,1998,693.0
Country_155,1999,706.5
Country_155,2000,638.0
Country_155,2001,672.9
Country_155,2002,638.0
Country_155,2003,561.1
Country_155,2004,670.2
Country_155,2005,592.2
Country_155,2006,693.7
Country_155,2007,565.2
Country_155,2008,660.0
Country_155,2009,730.3
Country_155,2010,683.8
Country_155,2011,622.0
Country_155,2012,670.2
Country_155,2013,688.0
Country_155,2014,616.6
Country_155,2015,644.6
Country_155,2016,657.5
Country_155,2017,655.9
Country_155,2018,558.2
Country_155,2019,625.2
Country_155,2020,725.1
Country_155,2021,645.2
Country_155,2022,611.1
Country_155,2023,510.9
Country_156,1900,1205.6
Country_156,1901,1302.8
Country_156,1902,1269.7
Country_156,1903,1179.2
Country_156,1904,1253.9
Country_156,1905,1271.3
Country_156,1906,1221.3
Country_156,1907,1196.8
Country_156,1908,1238.7
Country_156,1909,1301.0
Country_156,1910,1153.8
Country_156,1911,1172.0
Country_156,1912,1268.8
Country_156,1913,1225.0
Country_156,1914,1171.4
Country_156,1915,1270.2
Country_156,1916,1276.4
Country_156,1917,1166.7
Country_156,1918,1233.5
Country_156,1919,1363.9
Country_156,1920,1206.7
Country_156,1921,1178.9
Country_156,1922,1261.0
Country_156,1923,1088.8
Country_156,1924,1242.1
Country_156,1925,1197.6
Country_156,1926,1253.8
Country_156,1927,1212.5
Country_156,1928,1196.3
Country_156,1929,1236.7
Country_156,1930,1276.8
Country_156,1931,1246.0
Country_156,1932,1292.1
Country_156,1933,1241.8
Country_156,1934,1215.2
Country_156,1935,1277.1
Country_156,1936,1200.8
Country_156,1937,1177.4
Country_156,1938,1228.7
Country_156,1939,1269.0
Country_156,1940,1249.9
Country_156,1941,1289.5
Country_156,1942,1188.4
Country_156,1943,1176.4
Country_156,1944,1242.1
Country_156,1945,1293.5
Country_156,1946,1224.2
Country_156,1947,1252.2
Country_156,1948,1281.0
Country_156,1949,1213.7
Country_156,1950,1286.4
Country_156,1951,1191.8
Country_156,1952,1153.8
Country_156,1953,1290.1
Country_156,1954,1279.6
Country_156,1955,1241.2
Country_156,1956,1161.7
Country_156,1957,1244.8
Country_156,1958,1318.4
Country_156,1959,1318.4
Country_156,1960,1245.8
Country_156,1961,1180.7
Country_156,1962,1198.8
Country_156,1963,1215.0
Country_156,1964,1246.4
Country_156,1965,1173.7
Country_156,1966,1260.8
Country_156,1967,1179.1
Country_156,1968,1243.2
Country_156,1969,1243.6
Country_156,1970,1213.0
Country_156,1971,1236.5
Country_156,1972,1268.2
Country_156,1973,1160.1
Country_156,1974,1299.5
Country_156,1975,1257.9
Country_156,1976,1257.8
Country_156,1977,1301.7
Country_156,1978,1276.2
Country_156,1979,1242.6
Country_156,1980,1204.3
Country_156,1981,1217.1
Country_156,1982,1287.8
Country_156,1983,1208.7
Country_156,1984,1225.7
Country_156,1985,1245.1
Country_156,1986,1277.7
Country_156,1987,1334.7
Country_156,1988,1261.9
Country_156,1989,1219.9
Country_156,1990,1234.8
Country_156,1991,1321.8
Country_156,1992,1240.8
Country_156,1993,1246.6
Country_156,1994,1166.1
Country_156,1995,1258.5
Country_156,1996,1248.6
Country_156,1997,1302.9
Country_156,1998,1252.3
Country_156,1999,1285.0
Country_156,2000,1299.1
Country_156,2001,1263.4
Country_156,2002,1282.9
Country_156,2003,1237.4
Country_156,2004,1262.0
Country_156,2005,1224.1
Country_156,2006,1304.4
Country_156,2007,1332.0
Country_156,2008,1248.8
Country_156,2009,1272.2
Country_156,2010,1256.1
Country_156,2011,1290.6
Country_156,2012,1277.6
Country_156,2013,1256.7
Country_156,2014,1279.0
Country_156,2015,1304.9
Country_156,2016,1243.6
Country_156,2017,1175.4
Country_156,2018,1258.2
Country_156,2019,1378.8
Country_156,2020,1244.8
Country_156,2021,1227.0
Country_156,2022,1249.0
Country_156,2023,1235.9
Country_157,1900,2005.1
Country_157,1901,1936.6
Country_157,1902,1931.3
Country_157,1903,1983.1
Country_157,1904,1940.2
Country_157,1905,1951.6
Country_157,1906,1913.1
Country_157,1907,1886.9
Country_157,1908,1939.1
Country_157,1909,1981.0
Country_157,1910,1960.4
Country_157,1911,1985.7
Country_157,1912,1921.7
Country_157,1913,1947.6
Country_157,1914,1970.6
Country_157,1915,1952.2
Country_157,1916,1982.4
Country_157,1917,1959.2
Country_157,1918,1945.3
Country_157,1919,1882.2
Country_157,1920,1998.7
Country_157,1921,1861.4
Country_157,1922,1976.3
Country_157,1923,1887.2
Country_157,1924,1906.1
Country_157,1925,1971.9
Country_157,1926,1992.9
Country_157,1927,1874.5
Country_157,1928,2026.9
Country_157,1929,1866.6
Country_157,1930,1932.4
Country_157,1931,1980.9
Country_157,1932,1961.8
Country_157,1933,1953.8
Country_157,1934,1965.6
Country_157,1935,1900.7
Country_157,1936,2006.9
Country_157,1937,1946.8
Country_157,1938,2008.4
Country_157,1939,1880.9
Country_157,1940,1884.4
Country_157,1941,1877.6
Country_157,1942,2036.5
Country_157,1943,1904.1
Country_157,1944,1949.9
Country_157,1945,2003.1
Country_157,1946,1983.2
Country_157,1947,1927.6
Country_157,1948,2067.2
Country_157,1949,2014.8
Country_157,1950,1956.4
Country_157,1951,1998.0
Country_157,1952,1972.5
Country_157,1953,1914.0
Country_157,1954,1952.5
Country_157,1955,1942.2
Country_157,1956,1972.4
Country_157,1957,1943.1
Country_157,1958,1940.6
Country_157,1959,2030.7
Country_157,1960,1975.9
Country_157,1961,1985.6
Country_157,1962,2010.6
Country_157,1963,1920.3
Country_157,1964,1911.1
Country_157,1965,1936.5
Country_157,1966,1942.4
Country_157,1967,1932.0
Country_157,1968,1966.9
Country_157,1969,1966.5
Country_157,1970,1961.2
Country_157,1971,1914.7
Country_157,1972,1947.6
Country_157,1973,1975.4
Country_157,1974,1907.3
Country_157,1975,1932.6
Country_157,1976,1944.1
Country_157,1977,1919.0
Country_157,1978,1920.3
Country_157,1979,1956.0
Country_157,1980,1959.3
Country_157,1981,1995.9
Country_157,1982,1998.2
Country_157,1983,2020.1
Country_157,1984,1962.0
Country_157,1985,1898.2
Country_157,1986,1998.5
Country_157,1987,2013.7
Country_157,1988,1948.8
Country_157,1989,1989.7
Country_157,1990,1944.8
Country_157,1991,1948.3
Country_157,1992,1892.9
Country_157,1993,1838.9
Country_157,1994,2027.7
Country_157,1995,1913.0
Country_157,1996,1952.8
Country_157,1997,1927.9
Country_157,1998,1950.0
Country_157,1999,1963.0
Country_157,2000,2015.9
Country_157,2001,1983.8
Country_157,2002,1916.0
Country_157,2003,1842.4
Country_157,2004,1893.4
Country_157,2005,1952.5
Country_157,2006,1973.0
Country_157,2007,1942.4
Country_157,2008,1950.5
Country_157,2009,2013.6
Country_157,2010,1979.0
Country_157,2011,1908.6
Country_157,2012,1932.7
Country_157,2013,2019.1
Country_157,2014,1986.5
Country_157,2015,1942.1
Country_157,2016,1923.3
Country_157,2017,1918.3
Country_157,2018,1976.1
Country_157,2019,1984.1
Country_157,2020,1981.0
Country_157,2021,1947.0
Country_157,2022,1896.4
Country_157,2023,1901.6
Country_158,1900,1513.5
Country_158,1901,1460.2
Country_158,1902,1449.9
Country_158,1903,1479.4
Country_158,1904,1559.5
Country_158,1905,1473.5
Country_158,1906,1502.2
Country_158,1907,1544.8
Country_158,1908,1536.1
Country_158,1909,1489.3
Country_158,1910,1467.3
Country_158,1911,1533.9
Country_158,1912,1586.6
Country_158,1913,1448.7
Country_158,1914,1536.2
Country_158,1915,1470.3
Country_158,1916,1497.0
Country_158,1917,1576.5
Country_158,1918,1454.2
Country_158,1919,1514.6
Country_158,1920,1504.7
Country_158,1921,1517.8
Country_158,1922,1511.6
Country_158,1923,1500.5
Country_158,1924,1432.9
Country_158,1925,1568.8
Country_158,1926,1420.1
Country_158,1927,1573.5
Country_158,1928,1489.8
Country_158,1929,1535.9
Country_158,1930,1497.8
Country_158,1931,1466.4
Country_158,1932,1486.5
Country_158,1933,1507.3
Country_158,1934,1526.7
Country_158,1935,1441.1
Country_158,1936,1441.7
Country_158,1937,1524.2
Country_158,1938,1554.3
Country_158,1939,1560.1
Country_158,1940,1457.3
Country_158,1941,1455.3
Country_158,1942,1519.5
Country_158,1943,1467.2
Country_158,1944,1488.6
Country_158,1945,1545.5
Country_158,1946,1464.2
Country_158,1947,1492.5
Country_158,1948,1505.4
Country_158,1949,1513.6
Country_158,1950,1513.2
Country_158,1951,1597.4
Country_158,1952,1537.7
Country_158,1953,1458.0
Country_158,1954,1552.8
Country_158,1955,1565.4
Country_158,1956,1467.2
Country_158,1957,1547.6
Country_158,1958,1567.3
Country_158,1959,1592.1
Country_158,1960,1464.6
Country_158,1961,1558.6
Country_158,1962,1500.0
Country_158,1963,1506.2
Country_158,1964,1488.0
Country_158,1965,1506.3
Country_158,1966,1524.2
Country_158,1967,1522.1
Country_158,1968,1554.2
Country_158,1969,1541.3
Country_158,1970,1543.9
Country_158,1971,1547.3
Country_158,1972,1479.6
Country_158,1973,1538.6
Country_158,1974,1449.5
Country_158,1975,1562.3
Country_158,1976,1525.3
Country_158,1977,1459.3
Country_158,1978,1441.5
Country_158,1979,1474.0
Country_158,1980,1522.5
Country_158,1981,1510.1
Country_158,1982,1466.2
Country_158,1983,1433.5
Country_158,1984,1536.1
Country_158,1985,1474.7
Country_158,1986,1483.0
Country_158,1987,1595.9
Country_158,1988,1520.6
Country_158,1989,1437.8
Country_158,1990,1476.4
Country_158,1991,1517.9
Country_158,1992,1500.5
Country_158,1993,1555.6
Country_158,1994,1510.9
Country_158,1995,1539.5
Country_158,1996,1497.5
Country_158,1997,1485.2
Country_158,1998,1513.3
Country_158,1999,1562.8
Country_158,2000,1477.5
Country_158,2001,1654.6
Country_158,2002,1517.6
Country_158,2003,1447.4
Country_158,2004,1522.4
Country_158,2005,1495.4
Country_158,2006,1390.8
Country_158,2007,1467.3
Country_158,2008,1557.4
Country_158,2009,1460.4
Country_158,2010,1512.8
Country_158,2011,1400.3
Country_158,2012,1488.3
Country_158,2013,1446.5
Country_158,2014,1552.3
Country_158,2015,1558.2
Country_158,2016,1519.0
Country_158,2017,1477.1
Country_158,2018,1578.7
Country_158,2019,1415.6
Country_158,2020,1553.5
Country_158,2021,1563.0
Country_158,2022,1520.9
Country_158,2023,1443.1
Country_159,1900,1274.1
Country_159,1901,1275.1
Country_159,1902,1262.2
Country_159,1903,1355.1
Country_159,1904,1370.9
Country_159,1905,1372.1
Country_159,1906,1371.0
Country_159,1907,1313.2
Country_159,1908,1348.3
Country_159,1909,1303.9
Country_159,1910,1350.6
Country_159,1911,1337.5
Country_159,1912,1271.6
Country_159,1913,1284.2
Country_159,1914,1282.9
Country_159,1915,1279.0
Country_159,1916,1318.8
Country_159,1917,1311.2
Country_159,1918,1280.3
Country_159,1919,1329.6
Country_159,1920,1315.3
Country_159,1921,1364.2
Country_159,1922,1344.1
Country_159,1923,1342.7
Country_159,1924,1275.0
Country_159,1925,1195.6
Country_159,1926,1298.2
Country_159,1927,1277.6
Country_159,1928,1297.0
Country_159,1929,1352.7
Country_159,1930,1304.5
Country_159,1931,1198.8
Country_159,1932,1281.6
Country_159,1933,1235.1
Country_159,1934,1301.0
Country_159,1935,1380.0
Country_159,1936,1274.4
Country_159,1937,1248.9
Country_159,1938,1328.0
Country_159,1939,1267.3
Country_159,1940,1276.1
Country_159,1941,1322.0
Country_159,1942,1334.6
Country_159,1943,1298.0
Country_159,1944,1288.4
Country_159,1945,1351.7
Country_159,1946,1345.1
Country_159,1947,1337.6
Country_159,1948,1308.5
Country_159,1949,1317.5
Country_159,1950,1278.0
Country_159,1951,1313.9
Country_159,1952,1236.9
Country_159,1953,1293.8
Country_159,1954,1281.6
Country_159,1955,1355.4
Country_159,1956,1244.6
Country_159,1957,1407.3
Country_159,1958,1285.4
Country_159,1959,1355.7
Country_159,1960,1346.9
Country_159,1961,1308.5
Country_159,1962,1330.3
Country_159,1963,1304.7
Country_159,1964,1244.0
Country_159,1965,1318.5
Country_159,1966,1217.4
Country_159,1967,1268.8
Country_159,1968,1349.3
Country_159,1969,1336.4
Country_159,1970,1291.4
Country_159,1971,1336.6
Country_159,1972,1305.6
Country_159,1973,1368.8
Country_159,1974,1246.9
Country_159,1975,1273.2
Country_159,1976,1241.3
Country_159,1977,1290.1
Country_159,1978,1308.6
Country_159,1979,1323.5
Country_159,1980,1243.5
Country_159,1981,1365.3
Country_159,1982,1287.1
Country_159,1983,1343.3
Country_159,1984,1393.0
Country_159,1985,1301.9
Country_159,1986,1370.8
Country_159,1987,1367.6
Country_159,1988,1263.2
Country_159,1989,1355.8
Country_159,1990,1298.8
Country_159,1991,1315.1
Country_159,1992,1343.1
Country_159,1993,1297.1
Country_159,1994,1302.8
Country_159,1995,1312.2
Country_159,1996,1241.9
Country_159,1997,1326.5
Country_159,1998,1261.9
Country_159,1999,1316.1
Country_159,2000,1310.0
Country_159,2001,1314.2
Country_159,2002,1294.2
Country_159,2003,1386.1
Country_159,2004,1267.2
Country_159,2005,1295.6
Country_159,2006,1333.2
Country_159,2007,1306.9
Country_159,2008,1263.7
Country_159,2009,1372.0
Country_159,2010,1329.5
Country_159,2011,1263.8
Country_159,2012,1308.1
Country_159,2013,1334.5
Country_159,2014,1247.9
Country_159,2015,1284.8
Country_159,2016,1271.3
Country_159,2017,1294.5
Country_159,2018,1330.1
Country_159,2019,1401.4
Country_159,2020,1290.2
Country_159,2021,1346.6
Country_159,2022,1364.9
Country_159,2023,1283.7
Country_160,1900,1630.5
Country_160,1901,1804.6
Country_160,1902,1653.8
Country_160,1903,1701.0
Country_160,1904,1595.0
Country_160,1905,1738.9
Country_160,1906,1600.6
Country_160,1907,1633.0
Country_160,1908,1709.2
Country_160,1909,1705.2
Country_160,1910,1759.5
Country_160,1911,1723.6
Country_160,1912,1754.3
Country_160,1913,1608.6
Country_160,1914,1720.2
Country_160,1915,1610.3
Country_160,1916,1625.3
Country_160,1917,1757.4
Country_160,1918,1730.6
Country_160,1919,1653.5
Country_160,1920,1689.3
Country_160,1921,1631.7
Country_160,1922,1662.2
Country_160,1923,1627.8
Country_160,1924,1636.0
Country_160,1925,1691.8
Country_160,1926,1702.5
Country_160,1927,1732.6
Country_160,1928,1661.1
Country_160,1929,1702.2
Country_160,1930,1675.4
Country_160,1931,1747.4
Country_160,1932,1685.4
Country_160,1933,1756.0
Country_160,1934,1684.6
Country_160,1935,1699.0
Country_160,1936,1762.8
Country_160,1937,1670.3
Country_160,1938,1760.4
Country_160,1939,1721.4
Country_160,1940,1629.7
Country_160,1941,1658.9
Country_160,1942,1629.8
Country_160,1943,1615.7
Country_160,1944,1629.4
Country_160,1945,1647.4
Country_160,1946,1726.4
Country_160,1947,1707.4
Country_160,1948,1688.2
Country_160,1949,1745.6
Country_160,1950,1716.1
Country_160,1951,1668.0
Country_160,1952,1699.6
Country_160,1953,1662.3
Country_160,1954,1786.2
Country_160,1955,1697.1
Country_160,1956,1676.8
Country_160,1957,1669.6
Country_160,1958,1609.5
Country_160,1959,1667.9
Country_160,1960,1647.6
Country_160,1961,1653.9
Country_160,1962,1721.5
Country_160,1963,1735.3
Country_160,1964,1745.1
Country_160,1965,1719.3
Country_160,1966,1584.2
Country_160,1967,1653.3
Country_160,1968,1808.2
Country_160,1969,1673.9
Country_160,1970,1671.5
Country_160,1971,1640.3
Country_160,1972,1699.1
Country_160,1973,1683.2
Country_160,1974,1676.4
Country_160,1975,1724.1
Country_160,1976,1699.9
Country_160,1977,1695.3
Country_160,1978,1683.4
Country_160,1979,1728.0
Country_160,1980,1729.6
Country_160,1981,1656.7
Country_160,1982,1701.7
Country_160,1983,1670.4
Country_160,1984,1622.6
Country_160,1985,1790.7
Country_160,1986,1711.7
Country_160,1987,1628.4
Country_160,1988,1633.5
Country_160,1989,1754.0
Country_160,1990,1608.4
Country_160,1991,1738.3
Country_160,1992,1689.1
Country_160,1993,1709.0
Country_160,1994,1594.6
Country_160,1995,1604.9
Country_160,1996,1707.4
Country_160,1997,1647.5
Country_160,1998,1739.1
Country_160,1999,1731.9
Country_160,2000,1699.9
Country_160,2001,1682.6
Country_160,2002,1652.7
Country_160,2003,1613.7
Country_160,2004,1693.1
Country_160,2005,1696.1
Country_160,2006,1597.6
Country_160,2007,1738.7
Country_160,2008,1656.7
Country_160,2009,1679.8
Country_160,2010,1666.7
Country_160,2011,1700.7
Country_160,2012,1726.4
Country_160,2013,1697.9
Country_160,2014,1700.5
Country_160,2015,1686.6
Country_160,2016,1736.7
Country_160,2017,1661.1
Country_160,2018,1662.8
Country_160,2019,1653.5
Country_160,2020,1634.3
Country_160,2021,1677.9
Country_160,2022,1724.2
Country_160,2023,1680.5
Country_161,1900,1280.9
Country_161,1901,1269.1
Country_161,1902,1306.1
Country_161,1903,1267.3
Country_161,1904,1281.0
Country_161,1905,1281.9
Country_161,1906,1406.6
Country_161,1907,1422.4
Country_161,1908,1415.2
Country_161,1909,1415.6
Country_161,1910,1396.9
Country_161,1911,1418.5
Country_161,1912,1269.4
Country_161,1913,1318.0
Country_161,1914,1393.1
Country_161,1915,1353.9
Country_161,1916,1391.1
Country_161,1917,1257.3
Country_161,1918,1310.9
Country_161,1919,1340.7
Country_161,1920,1316.8
Country_161,1921,1370.3
Country_161,1922,1317.4
Country_161,1923,1349.0
Country_161,1924,1397.6
Country_161,1925,1318.1
Country_161,1926,1431.9
Country_161,1927,1307.8
Country_161,1928,1314.3
Country_161,1929,1399.0
Country_161,1930,1372.6
Country_161,1931,1413.8
Country_161,1932,1293.4
Country_161,1933,1349.5
Country_161,1934,1448.0
Country_161,1935,1325.8
Country_161,1936,1305.2
Country_161,1937,1411.4
Country_161,1938,1260.1
Country_161,1939,1289.2
Country_161,1940,1378.3
Country_161,1941,1374.2
Country_161,1942,1344.0
Country_161,1943,1345.3
Country_161,1944,1366.0
Country_161,1945,1407.4
Country_161,1946,1252.1
Country_161,1947,1315.1
Country_161,1948,1414.4
Country_161,1949,1338.2
Country_161,1950,1363.8
Country_161,1951,1297.0
Country_161,1952,1300.8
Country_161,1953,1296.8
Country_161,1954,1348.8
Country_161,1955,1335.7
Country_161,1956,1351.0
Country_161,1957,1322.5
Country_161,1958,1329.4
Country_161,1959,1278.6
Country_161,1960,1348.7
Country_161,1961,1342.1
Country_161,1962,1309.6
Country_161,1963,1359.1
Country_161,1964,1276.8
Country_161,1965,1324.9
Country_161,1966,1251.5
Country_161,1967,1407.6
Country_161,1968,1354.3
Country_161,1969,1457.6
Country_161,1970,1402.4
Country_161,1971,1311.8
Country_161,1972,1314.6
Country_161,1973,1358.8
Country_161,1974,1436.7
Country_161,1975,1416.5
Country_161,1976,1267.0
Country_161,1977,1298.1
Country_161,1978,1316.8
Country_161,1979,1383.8
Country_161,1980,1354.2
Country_161,1981,1358.5
Country_161,1982,1385.0
Country_161,1983,1328.3
Country_161,1984,1321.4
Country_161,1985,1268.1
Country_161,1986,1399.2
Country_161,1987,1279.1
Country_161,1988,1451.8
Country_161,1989,1291.4
Country_161,1990,1284.7
Country_161,1991,1316.0
Country_161,1992,1398.6
Country_161,1993,1249.1
Country_161,1994,1372.6
Country_161,1995,1294.0
Country_161,1996,1370.8
Country_161,1997,1271.5
Country_161,1998,1235.8
Country_161,1999,1354.4
Country_161,2000,1324.9
Country_161,2001,1281.3
Country_161,2002,1341.0
Country_161,2003,1427.2
Country_161,2004,1356.3
Country_161,2005,1439.0
Country_161,2006,1343.8
Country_161,2007,1331.2
Country_161,2008,1296.5
Country_161,2009,1284.9
Country_161,2010,1273.8
Country_161,2011,1435.9
Country_161,2012,1392.5
Country_161,2013,1379.9
Country_161,2014,1436.5
Country_161,2015,1256.7
Country_161,2016,1305.3
Country_161,2017,1348.3
Country_161,2018,1338.3
Country_161,2019,1438.5
Country_161,2020,1347.3
Country_161,2021,1376.3
Country_161,2022,1346.0
Country_161,2023,1449.5
Country_162,1900,779.4
Country_162,1901,762.2
Country_162,1902,745.8
Country_162,1903,725.8
Country_162,1904,791.2
Country_162,1905,710.2
Country_162,1906,780.5
Country_162,1907,778.7
Country_162,1908,757.2
Country_162,1909,800.2
Country_162,1910,803.7
Country_162,1911,832.3
Country_162,1912,830.3
Country_162,1913,814.7
Country_162,1914,779.2
Country_162,1915,775.6
Country_162,1916,785.8
Country_162,1917,678.8
Country_162,1918,814.9
Country_162,1919,783.9
Country_162,1920,737.4
Country_162,1921,802.3
Country_162,1922,755.7
Country_162,1923,704.0
Country_162,1924,758.4
Country_162,1925,783.1
Country_162,1926,755.8
Country_162,1927,777.8
Country_162,1928,733.2
Country_162,1929,711.7
Country_162,1930,693.6
Country_162,1931,771.9
Country_162,1932,712.7
Country_162,1933,793.4
Country_162,1934,806.0
Country_162,1935,836.1
Country_162,1936,813.7
Country_162,1937,777.5
Country_162,1938,799.9
Country_162,1939,740.4
Country_162,1940,782.8
Country_162,1941,738.3
Country_162,1942,793.9
Country_162,1943,795.6
Country_162,1944,764.5
Country_162,1945,895.4
Country_162,1946,772.1
Country_162,1947,786.0
Country_162,1948,663.5
Country_162,1949,687.7
Country_162,1950,735.2
Country_162,1951,713.8
Country_162,1952,740.5
Country_162,1953,743.2
Country_162,1954,784.5
Country_162,1955,807.3
Country_162,1956,797.2
Country_162,1957,834.4
Country_162,1958,720.3
Country_162,1959,731.3
Country_162,1960,934.1
Country_162,1961,774.1
Country_162,1962,746.9
Country_162,1963,972.4
Country_162,1964,785.8
Country_162,1965,829.7
Country_162,1966,781.9
Country_162,1967,831.7
Country_162,1968,771.1
Country_162,1969,720.4
Country_162,1970,767.1
Country_162,1971,754.0
Country_162,1972,653.9
Country_162,1973,824.9
Country_162,1974,778.0
Country_162,1975,772.0
Country_162,1976,792.0
Country_162,1977,803.3
Country_162,1978,817.9
Country_162,1979,721.8
Country_162,1980,748.0
Country_162,1981,836.2
Country_162,1982,782.2
Country_162,1983,822.7
Country_162,1984,770.8
Country_162,1985,662.5
Country_162,1986,734.8
Country_162,1987,783.3
Country_162,1988,682.2
Country_162,1989,800.6
Country_162,1990,725.5
Country_162,1991,783.6
Country_162,1992,783.9
Country_162,1993,646.1
Country_162,1994,783.3
Country_162,1995,801.7
Country_162,1996,787.8
Country_162,1997,763.0
Country_162,1998,765.3
Country_162,1999,718.1
Country_162,2000,766.9
Country_162,2001,774.5
Country_162,2002,725.9
Country_162,2003,765.9
Country_162,2004,757.5
Country_162,2005,730.4
Country_162,2006,732.4
Country_162,2007,794.6
Country_162,2008,748.8
Country_162,2009,773.9
Country_162,2010,748.9
Country_162,2011,707.8
Country_162,2012,756.2
Country_162,2013,881.2
Country_162,2014,793.3
Country_162,2015,749.0
Country_162,2016,754.0
Country_162,2017,833.3
Country_162,2018,863.6
Country_162,2019,726.3
Country_162,2020,624.3
Country_162,2021,838.4
Country_162,2022,751.9
Country_162,2023,813.2
Country_163,1900,1101.2
Country_163,1901,1074.8
Country_163,1902,1128.4
Country_163,1903,1090.0
Country_163,1904,1127.8
Country_163,1905,1229.8
Country_163,1906,1074.3
Country_163,1907,1070.4
Country_163,1908,1049.2
Country_163,1909,1068.2
Country_163,1910,1037.7
Country_163,1911,1060.8
Country_163,1912,1124.0
Country_163,1913,1021.6
Country_163,1914,1124.9
Country_163,1915,1018.8
Country_163,1916,1045.7
Country_163,1917,1091.0
Country_163,1918,1125.6
Country_163,1919,1081.2
Country_163,1920,1024.8
Country_163,1921,1156.9
Country_163,1922,983.6
Country_163,1923,1095.0
Country_163,1924,1047.9
Country_163,1925,995.7
Country_163,1926,1139.8
Country_163,1927,1098.3
Country_163,1928,1123.0
Country_163,1929,1102.8
Country_163,1930,1132.0
Country_163,1931,1010.3
Country_163,1932,1074.8
Country_163,1933,1003.8
Country_163,1934,1170.4
Country_163,1935,1119.5
Country_163,1936,1116.8
Country_163,1937,1085.7
Country_163,1938,1141.6
Country_163,1939,1183.3
Country_163,1940,1018.1
Country_163,1941,1118.3
Country_163,1942,1079.9
Country_163,1943,1074.2
Country_163,1944,1168.2
Country_163,1945,1113.6
Country_163,1946,1080.5
Country_163,1947,1142.6
Country_163,1948,1089.8
Country_163,1949,1040.7
Country_163,1950,1071.1
Country_163,1951,1122.7
Country_163,1952,1047.7
Country_163,1953,1098.6
Country_163,1954,1045.8
Country_163,1955,1046.7
Country_163,1956,1117.7
Country_163,1957,1231.1
Country_163,1958,1118.7
Country_163,1959,1061.3
Country_163,1960,1162.3
Country_163,1961,984.4
Country_163,1962,976.2
Country_163,1963,1055.1
Country_163,1964,1123.9
Country_163,1965,1057.6
Country_163,1966,1106.6
Country_163,1967,1047.3
Country_163,1968,1157.9
Country_163,1969,1055.0
Country_163,1970,1162.1
Country_163,1971,1112.7
Country_163,1972,1061.6
Country_163,1973,1038.9
Country_163,1974,1159.3
Country_163,1975,1200.9
Country_163,1976,1088.3
Country_163,1977,1099.4
Country_163,1978,1101.3
Country_163,1979,1145.1
Country_163,1980,1016.1
Country_163,1981,995.8
Country_163,1982,1119.0
Country_163,1983,1137.0
Country_163,1984,1139.0
Country_163,1985,991.8
Country_163,1986,1040.7
Country_163,1987,1022.7
Country_163,1988,1072.9
Country_163,1989,1115.9
Country_163,1990,1019.8
Country_163,1991,1169.3
Country_163,1992,1142.7
Country_163,1993,1058.5
Country_163,1994,1075.3
Country_163,1995,1097.2
Country_163,1996,1116.7
Country_163,1997,1193.0
Country_163,1998,1113.5
Country_163,1999,993.9
Country_163,2000,1000.7
Country_163,2001,1108.4
Country_163,2002,1078.2
Country_163,2003,1034.0
Country_163,2004,1108.6
Country_163,2005,1084.3
Country_163,2006,1136.4
Country_163,2007,1059.0
Country_163,2008,1078.8
Country_163,2009,1052.0
Country_163,2010,1063.6
Country_163,2011,978.4
Country_163,2012,1044.3
Country_163,2013,1010.0
Country_163,2014,1073.9
Country_163,2015,1066.2
Country_163,2016,1114.5
Country_163,2017,1063.6
Country_163,2018,991.1
Country_163,2019,1027.5
Country_163,2020,975.7
Country_163,2021,1064.6
Country_163,2022,1033.1
Country_163,2023,1096.6
Country_164,1900,1564.5
Country_164,1901,1431.4
Country_164,1902,1534.4
Country_164,1903,1570.9
Country_164,1904,1543.7
Country_164,1905,1493.6
Country_164,1906,1358.5
Country_164,1907,1466.4
Country_164,1908,1603.2
Country_164,1909,1533.3
Country_164,1910,1572.8
Country_164,1911,1601.1
Country_164,1912,1516.1
Country_164,1913,1498.5
Country_164,1914,1532.5
Country_164,1915,1567.8
Country_164,1916,1535.0
Country_164,1917,1549.8
Country_164,1918,1525.4
Country_164,1919,1538.0
Country_164,1920,1574.7
Country_164,1921,1477.4
Country_164,1922,1535.8
Country_164,1923,1511.3
Country_164,1924,1506.1
Country_164,1925,1503.1
Country_164,1926,1497.3
Country_164,1927,1447.4
Country_164,1928,1538.2
Country_164,1929,1528.5
Country_164,1930,1518.8
Country_164,1931,1498.2
Country_164,1932,1546.3
Country_164,1933,1507.6
Country_164,1934,1541.6
Country_164,1935,1554.0
Country_164,1936,1566.1
Country_164,1937,1507.6
Country_164,1938,1557.5
Country_164,1939,1500.2
Country_164,1940,1591.5
Country_164,1941,1534.4
Country_164,1942,1496.5
Country_164,1943,1583.2
Country_164,1944,1508.7
Country_164,1945,1393.5
Country_164,1946,1476.6
Country_164,1947,1497.7
Country_164,1948,1518.6
Country_164,1949,1430.1
Country_164,1950,1520.0
Country_164,1951,1461.3
Country_164,1952,1481.8
Country_164,1953,1497.6
Country_164,1954,1539.6
Country_164,1955,1439.1
Country_164,1956,1549.8
Country_164,1957,1618.7
Country_164,1958,1526.7
Country_164,1959,1463.1
Country_164,1960,1469.2
Country_164,1961,1431.3
Country_164,1962,1529.6
Country_164,1963,1490.3
Country_164,1964,1560.7
Country_164,1965,1504.3
Country_164,1966,1553.8
Country_164,1967,1409.1
Country_164,1968,1523.7
Country_164,1969,1384.3
Country_164,1970,1556.1
Country_164,1971,1412.0
Country_164,1972,1536.1
Country_164,1973,1559.0
Country_164,1974,1538.9
Country_164,1975,1546.8
Country_164,1976,1521.4
Country_164,1977,1493.6
Country_164,1978,1656.3
Country_164,1979,1473.7
Country_164,1980,1482.7
Country_164,1981,1477.9
Country_164,1982,1527.0
Country_164,1983,1470.7
Country_164,1984,1481.6
Country_164,1985,1515.2
Country_164,1986,1468.2
Country_164,1987,1475.6
Country_164,1988,1557.8
Country_164,1989,1503.1
Country_164,1990,1517.2
Country_164,1991,1522.7
Country_164,1992,1498.5
Country_164,1993,1419.9
Country_164,1994,1444.2
Country_164,1995,1586.6
Country_164,1996,1529.3
Country_164,1997,1594.2
Country_164,1998,1501.9
Country_164,1999,1507.7
Country_164,2000,1506.9
Country_164,2001,1486.2
Country_164,2002,1474.8
Country_164,2003,1500.6
Country_164,2004,1503.6
Country_164,2005,1403.7
Country_164,2006,1472.1
Country_164,2007,1564.0
Country_164,2008,1479.2
Country_164,2009,1508.0
Country_164,2010,1497.6
Country_164,2011,1496.7
Country_164,2012,1444.4
Country_164,2013,1446.1
Country_164,2014,1441.4
Country_164,2015,1534.9
Country_164,2016,1473.8
Country_164,2017,1437.0
Country_164,2018,1566.5
Country_164,2019,1548.9
Country_164,2020,1534.2
Country_164,2021,1529.6
Country_164,2022,1521.9
Country_164,2023,1523.0
Country_165,1900,743.6
Country_165,1901,659.4
Country_165,1902,713.1
Country_165,1903,710.9
Country_165,1904,702.1
Country_165,1905,795.3
Country_165,1906,690.5
Country_165,1907,812.0
Country_165,1908,671.1
Country_165,1909,737.5
Country_165,1910,658.6
Country_165,1911,701.9
Country_165,1912,649.4
Country_165,1913,766.1
Country_165,1914,617.3
Country_165,1915,718.8
Country_165,1916,808.9
Country_165,1917,698.8
Country_165,1918,658.9
Country_165,1919,686.6
Country_165,1920,776.8
Country_165,1921,758.6
Country_165,1922,708.2
Country_165,1923,733.1
Country_165,1924,693.3
Country_165,1925,772.6
Country_165,1926,731.7
Country_165,1927,772.9
Country_165,1928,764.7
Country_165,1929,652.5
Country_165,1930,660.3
Country_165,1931,766.2
Country_165,1932,579.0
Country_165,1933,756.2
Country_165,1934,716.7
Country_165,1935,698.1
Country_165,1936,695.5
Country_165,1937,687.2
Country_165,1938,650.3
Country_165,1939,646.1
Country_165,1940,784.6
Country_165,1941,720.3
Country_165,1942,726.8
Country_165,1943,642.9
Country_165,1944,743.3
Country_165,1945,703.2
Country_165,1946,638.2
Country_165,1947,701.5
Country_165,1948,736.4
Country_165,1949,758.3
Country_165,1950,690.5
Country_165,1951,655.9
Country_165,1952,781.3
Country_165,1953,736.0
Country_165,1954,676.9
Country_165,1955,772.6
Country_165,1956,773.8
Country_165,1957,730.7
Country_165,1958,712.9
Country_165,1959,723.9
Country_165,1960,753.1
Country_165,1961,747.7
Country_165,1962,755.4
Country_165,1963,606.6
Country_165,1964,784.1
Country_165,1965,773.0
Country_165,1966,743.6
Country_165,1967,768.5
Country_165,1968,656.9
Country_165,1969,721.9
Country_165,1970,793.9
Country_165,1971,728.2
Country_165,1972,751.1
Country_165,1973,761.2
Country_165,1974,716.6
Country_165,1975,744.2
Country_165,1976,758.0
Country_165,1977,619.1
Country_165,1978,685.0
Country_165,1979,635.8
Country_165,1980,736.6
Country_165,1981,795.6
Country_165,1982,752.5
Country_165,1983,700.8
Country_165,1984,700.1
Country_165,1985,699.1
Country_165,1986,714.2
Country_165,1987,761.2
Country_165,1988,707.5
Country_165,1989,741.4
Country_165,1990,720.8
Country_165,1991,717.1
Country_165,1992,709.9
Country_165,1993,652.9
Country_165,1994,676.1
Country_165,1995,707.3
Country_165,1996,667.9
Country_165,1997,751.3
Country_165,1998,697.3
Country_165,1999,621.0
Country_165,2000,666.6
Country_165,2001,702.0
Country_165,2002,705.6
Country_165,2003,676.2
Country_165,2004,758.3
Country_165,2005,741.5
Country_165,2006,699.6
Country_165,2007,788.8
Country_165,2008,771.8
Country_165,2009,735.7
Country_165,2010,861.5
Country_165,2011,693.4
Country_165,2012,648.8
Country_165,2013,785.5
Country_165,2014,782.6
Country_165,2015,656.6
Country_165,2016,780.7
Country_165,2017,711.4
Country_165,2018,662.6
Country_165,2019,647.0
Country_165,2020,665.1
Country_165,2021,677.0
Country_165,2022,713.5
Country_165,2023,659.3
Country_166,1900,791.9
Country_166,1901,816.1
Country_166,1902,862.5
Country_166,1903,822.2
Country_166,1904,753.5
Country_166,1905,774.8
Country_166,1906,686.9
Country_166,1907,796.1
Country_166,1908,804.0
Country_166,1909,792.8
Country_166,1910,806.7
Country_166,1911,784.1
Country_166,1912,879.0
Country_166,1913,884.8
Country_166,1914,832.7
Country_166,1915,893.0
Country_166,1916,825.0
Country_166,1917,824.6
Country_166,1918,775.8
Country_166,1919,733.4
Country_166,1920,807.7
Country_166,1921,721.2
Country_166,1922,788.2
Country_166,1923,686.5
Country_166,1924,722.0
Country_166,1925,766.8
Country_166,1926,750.0
Country_166,1927,813.2
Country_166,1928,852.4
Country_166,1929,789.2
Country_166,1930,777.0
Country_166,1931,860.7
Country_166,1932,768.1
Country_166,1933,683.6
Country_166,1934,788.6
Country_166,1935,827.2
Country_166,1936,848.2
Country_166,1937,845.3
Country_166,1938,811.4
Country_166,1939,765.7
Country_166,1940,839.3
Country_166,1941,715.9
Country_166,1942,786.2
Country_166,1943,809.8
Country_166,1944,794.0
Country_166,1945,731.6
Country_166,1946,838.6
Country_166,1947,741.8
Country_166,1948,835.0
Country_166,1949,815.2
Country_166,1950,804.2
Country_166,1951,832.4
Country_166,1952,775.4
Country_166,1953,755.3
Country_166,1954,866.8
Country_166,1955,758.6
Country_166,1956,738.9
Country_166,1957,740.8
Country_166,1958,803.3
Country_166,1959,793.4
Country_166,1960,822.8
Country_166,1961,780.2
Country_166,1962,836.3
Country_166,1963,835.6
Country_166,1964,810.0
Country_166,1965,837.7
Country_166,1966,714.7
Country_166,1967,862.7
Country_166,1968,756.8
Country_166,1969,869.6
Country_166,1970,781.4
Country_166,1971,818.6
Country_166,1972,846.8
Country_166,1973,758.3
Country_166,1974,777.4
Country_166,1975,750.9
Country_166,1976,765.0
Country_166,1977,777.7
Country_166,1978,779.1
Country_166,1979,762.0
Country_166,1980,799.8
Country_166,1981,846.4
Country_166,1982,794.7
Country_166,1983,828.6
Country_166,1984,814.5
Country_166,1985,728.6
Country_166,1986,748.7
Country_166,1987,795.9
Country_166,1988,770.5
Country_166,1989,773.4
Country_166,1990,879.2
Country_166,1991,716.4
Country_166,1992,834.6
Country_166,1993,779.5
Country_166,1994,773.2
Country_166,1995,757.5
Country_166,1996,776.9
Country_166,1997,820.6
Country_166,1998,823.8
Country_166,1999,828.6
Country_166,2000,760.2
Country_166,2001,747.4
Country_166,2002,812.9
Country_166,2003,795.1
Country_166,2004,812.8
Country_166,2005,766.5
Country_166,2006,730.4
Country_166,2007,903.8
Country_166,2008,723.4
Country_166,2009,737.1
Country_166,2010,796.2
Country_166,2011,747.1
Country_166,2012,740.9
Country_166,2013,829.9
Country_166,2014,822.2
Country_166,2015,803.7
Country_166,2016,645.5
Country_166,2017,783.3
Country_166,2018,773.9
Country_166,2019,707.1
Country_166,2020,752.9
Country_166,2021,825.9
Country_166,2022,720.3
Country_166,2023,745.3
Country_167,1900,437.2
Country_167,1901,545.5
Country_167,1902,562.2
Country_167,1903,561.9
Country_167,1904,602.9
Country_167,1905,565.5
Country_167,1906,524.3
Country_167,1907,581.6
Country_167,1908,555.0
Country_167,1909,570.3
Country_167,1910,570.3
Country_167,1911,593.2
Country_167,1912,604.0
Country_167,1913,604.0
Country_167,1914,532.4
Country_167,1915,568.3
Country_167,1916,582.1
Country_167,1917,599.2
Country_167,1918,570.1
Country_167,1919,615.3
Country_167,1920,594.9
Country_167,1921,601.7
Country_167,1922,547.7
Country_167,1923,615.5
Country_167,1924,627.8
Country_167,1925,581.7
Country_167,1926,690.5
Country_167,1927,582.5
Country_167,1928,539.9
Country_167,1929,550.1
Country_167,1930,504.0
Country_167,1931,520.4
Country_167,1932,569.1
Country_167,1933,562.0
Country_167,1934,605.3
Country_167,1935,610.2
Country_167,1936,553.6
Country_167,1937,533.7
Country_167,1938,557.7
Country_167,1939,586.5
Country_167,1940,583.3
Country_167,1941,517.0
Country_167,1942,519.9
Country_167,1943,598.4
Country_167,1944,602.1
Country_167,1945,556.3
Country_167,1946,583.9
Country_167,1947,593.9
Country_167,1948,590.1
Country_167,1949,547.8
Country_167,1950,532.4
Country_167,1951,522.4
Country_167,1952,630.4
Country_167,1953,523.5
Country_167,1954,518.7
Country_167,1955,532.7
Country_167,1956,562.3
Country_167,1957,530.8
Country_167,1958,606.0
Country_167,1959,538.7
Country_167,1960,503.4
Country_167,1961,522.2
Country_167,1962,512.6
Country_167,1963,629.3
Country_167,1964,493.3
Country_167,1965,564.7
Country_167,1966,579.6
Country_167,1967,570.0
Country_167,1968,571.2
Country_167,1969,457.5
Country_167,1970,607.4
Country_167,1971,606.7
Country_167,1972,600.0
Country_167,1973,519.7
Country_167,1974,465.8
Country_167,1975,559.3
Country_167,1976,580.8
Country_167,1977,647.4
Country_167,1978,518.7
Country_167,1979,565.3
Country_167,1980,545.9
Country_167,1981,623.1
Country_167,1982,536.3
Country_167,1983,583.1
Country_167,1984,609.4
Country_167,1985,503.2
Country_167,1986,609.1
Country_167,1987,434.3
Country_167,1988,456.8
Country_167,1989,555.3
Country_167,1990,632.2
Country_167,1991,633.2
Country_167,1992,576.6
Country_167,1993,585.8
Country_167,1994,544.4
Country_167,1995,598.6
Country_167,1996,601.1
Country_167,1997,510.0
Country_167,1998,571.5
Country_167,1999,580.8
Country_167,2000,577.3
Country_167,2001,548.3
Country_167,2002,588.8
Country_167,2003,586.0
Country_167,2004,599.8
Country_167,2005,566.2
Country_167,2006,546.4
Country_167,2007,536.7
Country_167,2008,618.0
Country_167,2009,519.0
Country_167,2010,564.1
Country_167,2011,544.1
Country_167,2012,584.7
Country_167,2013,642.3
Country_167,2014,534.4
Country_167,2015,542.8
Country_167,2016,627.4
Country_167,2017,528.4
Country_167,2018,474.7
Country_167,2019,581.4
Country_167,2020,518.3
Country_167,2021,686.5
Country_167,2022,531.8
Country_167,2023,534.3
Country_168,1900,1710.3
Country_168,1901,1787.6
Country_168,1902,1745.1
Country_168,1903,1797.8
Country_168,1904,1715.0
Country_168,1905,1728.9
Country_168,1906,1841.8
Country_168,1907,1764.3
Country_168,1908,1735.9
Country_168,1909,1727.5
Country_168,1910,1820.6
Country_168,1911,1697.0
Country_168,1912,1703.7
Country_168,1913,1834.4
Country_168,1914,1749.6
Country_168,1915,1847.4
Country_168,1916,1828.3
Country_168,1917,1764.8
Country_168,1918,1762.0
Country_168,1919,1774.4
Country_168,1920,1750.8
Country_168,1921,1688.0
Country_168,1922,1768.5
Country_168,1923,1709.1
Country_168,1924,1665.4
Country_168,1925,1782.7
Country_168,1926,1731.8
Country_168,1927,1695.4
Country_168,1928,1779.3
Country_168,1929,1713.4
Country_168,1930,1812.2
Country_168,1931,1762.2
Country_168,1932,1755.3
Country_168,1933,1708.6
Country_168,1934,1737.5
Country_168,1935,1831.4
Country_168,1936,1750.8
Country_168,1937,1794.9
Country_168,1938,1742.5
Country_168,1939,1740.9
Country_168,1940,1753.8
Country_168,1941,1759.5
Country_168,1942,1838.8
Country_168,1943,1650.8
Country_168,1944,1729.3
Country_168,1945,1845.2
Country_168,1946,1746.4
Country_168,1947,1794.3
Country_168,1948,1796.8
Country_168,1949,1784.5
Country_168,1950,1728.7
Country_168,1951,1730.6
Country_168,1952,1718.3
Country_168,1953,1815.6
Country_168,1954,1695.1
Country_168,1955,1718.2
Country_168,1956,1773.7
Country_168,1957,1826.1
Country_168,1958,1727.4
Country_168,1959,1733.8
Country_168,1960,1720.9
Country_168,1961,1805.3
Country_168,1962,1698.4
Country_168,1963,1680.5
Country_168,1964,1706.9
Country_168,1965,1709.6
Country_168,1966,1727.4
Country_168,1967,1780.9
Country_168,1968,1791.5
Country_168,1969,1708.7
Country_168,1970,1732.6
Country_168,1971,1847.1
Country_168,1972,1690.2
Country_168,1973,1749.9
Country_168,1974,1827.3
Country_168,1975,1848.3
Country_168,1976,1711.5
Country_168,1977,1777.8
Country_168,1978,1801.9
Country_168,1979,1694.9
Country_168,1980,1756.3
Country_168,1981,1851.6
Country_168,1982,1823.5
Country_168,1983,1786.1
Country_168,1984,1744.9
Country_168,1985,1801.7
Country_168,1986,1903.1
Country_168,1987,1819.3
Country_168,1988,1774.8
Country_168,1989,1761.2
Country_168,1990,1813.8
Country_168,1991,1729.6
Country_168,1992,1782.6
Country_168,1993,1750.0
Country_168,1994,1745.0
Country_168,1995,1711.0
Country_168,1996,1733.2
Country_168,1997,1813.0
Country_168,1998,1815.5
Country_168,1999,1729.8
Country_168,2000,1798.1
Country_168,2001,1708.1
Country_168,2002,1739.9
Country_168,2003,1714.5
Country_168,2004,1766.8
Country_168,2005,1746.2
Country_168,2006,1774.5
Country_168,2007,1785.7
Country_168,2008,1659.2
Country_168,2009,1786.9
Country_168,2010,1766.5
Country_168,2011,1814.0
Country_168,2012,1683.9
Country_168,2013,1768.8
Country_168,2014,1789.3
Country_168,2015,1777.0
Country_168,2016,1716.0
Country_168,2017,1768.1
Country_168,2018,1693.6
Country_168,2019,1708.5
Country_168,2020,1679.2
Country_168,2021,1753.3
Country_168,2022,1708.0
Country_168,2023,1705.0
Country_169,1900,1227.6
Country_169,1901,1181.4
Country_169,1902,1191.1
Country_169,1903,1270.5
Country_169,1904,1332.3
Country_169,1905,1300.6
Country_169,1906,1216.2
Country_169,1907,1244.0
Country_169,1908,1251.8
Country_169,1909,1225.3
Country_169,1910,1328.4
Country_169,1911,1297.4
Country_169,1912,1278.4
Country_169,1913,1239.8
Country_169,1914,1228.6
Country_169,1915,1264.2
Country_169,1916,1369.6
Country_169,1917,1242.8
Country_169,1918,1204.7
Country_169,1919,1308.4
Country_169,1920,1365.7
Country_169,1921,1255.8
Country_169,1922,1229.1
Country_169,1923,1282.3
Country_169,1924,1297.8
Country_169,1925,1219.8
Country_169,1926,1300.9
Country_169,1927,1280.1
Country_169,1928,1232.4
Country_169,1929,1300.4
Country_169,1930,1276.8
Country_169,1931,1241.0
Country_169,1932,1201.3
Country_169,1933,1380.6
Country_169,1934,1223.3
Country_169,1935,1252.6
Country_169,1936,1241.5
Country_169,1937,1323.8
Country_169,1938,1346.5
Country_169,1939,1265.1
Country_169,1940,1304.7
Country_169,1941,1241.4
Country_169,1942,1297.8
Country_169,1943,1272.4
Country_169,1944,1297.2
Country_169,1945,1280.3
Country_169,1946,1275.4
Country_169,1947,1149.8
Country_169,1948,1308.1
Country_169,1949,1226.4
Country_169,1950,1220.9
Country_169,1951,1251.8
Country_169,1952,1284.6
Country_169,1953,1357.7
Country_169,1954,1234.2
Country_169,1955,1321.1
Country_169,1956,1303.9
Country_169,1957,1340.0
Country_169,1958,1380.5
Country_169,1959,1308.1
Country_169,1960,1352.2
Country_169,1961,1345.8
Country_169,1962,1293.6
Country_169,1963,1276.0
Country_169,1964,1272.0
Country_169,1965,1344.7
Country_169,1966,1303.1
Country_169,1967,1275.7
Country_169,1968,1189.7
Country_169,1969,1244.7
Country_169,1970,1221.8
Country_169,1971,1195.7
Country_169,1972,1351.9
Country_169,1973,1327.2
Country_169,1974,1365.1
Country_169,1975,1291.2
Country_169,1976,1288.2
Country_169,1977,1313.6
Country_169,1978,1295.8
Country_169,1979,1365.4
Country_169,1980,1292.8
Country_169,1981,1315.7
Country_169,1982,1213.7
Country_169,1983,1265.5
Country_169,1984,1400.4
Country_169,1985,1255.6
Country_169,1986,1321.4
Country_169,1987,1338.1
Country_169,1988,1230.5
Country_169,1989,1341.9
Country_169,1990,1367.3
Country_169,1991,1280.2
Country_169,1992,1259.7
Country_169,1993,1212.4
Country_169,1994,1326.6
Country_169,1995,1272.4
Country_169,1996,1395.5
Country_169,1997,1334.6
Country_169,1998,1348.1
Country_169,1999,1371.0
Country_169,2000,1231.9
Country_169,2001,1213.3
Country_169,2002,1330.4
Country_169,2003,1289.4
Country_169,2004,1305.8
Country_169,2005,1218.7
Country_169,2006,1300.3
Country_169,2007,1250.8
Country_169,2008,1220.0
Country_169,2009,1282.0
Country_169,2010,1269.3
Country_169,2011,1270.1
Country_169,2012,1252.8
Country_169,2013,1324.7
Country_169,2014,1163.9
Country_169,2015,1299.7
Country_169,2016,1338.9
Country_169,2017,1328.8
Country_169,2018,1292.8
Country_169,2019,1315.3
Country_169,2020,1258.5
Country_169,2021,1304.7
Country_169,2022,1235.2
Country_169,2023,1233.4
Country_170,1900,1533.3
Country_170,1901,1528.1
Country_170,1902,1624.9
Country_170,1903,1446.7
Country_170,1904,1526.2
Country_170,1905,1612.3
Country_170,1906,1576.8
Country_170,1907,1481.8
Country_170,1908,1480.0
Country_170,1909,1609.6
Country_170,1910,1574.4
Country_170,1911,1588.5
Country_170,1912,1581.9
Country_170,1913,1486.6
Country_170,1914,1535.2
Country_170,1915,1496.3
Country_170,1916,1439.8
Country_170,1917,1524.7
Country_170,1918,1578.1
Country_170,1919,1587.1
Country_170,1920,1514.7
Country_170,1921,1521.7
Country_170,1922,1464.7
Country_170,1923,1500.9
Country_170,1924,1485.8
Country_170,1925,1594.7
Country_170,1926,1419.2
Country_170,1927,1495.0
Country_170,1928,1487.9
Country_170,1929,1526.1
Country_170,1930,1611.3
Country_170,1931,1448.7
Country_170,1932,1458.1
Country_170,1933,1490.0
Country_170,1934,1456.9
Country_170,1935,1563.0
Country_170,1936,1572.3
Country_170,1937,1507.3
Country_170,1938,1548.1
Country_170,1939,1526.4
Country_170,1940,1483.4
Country_170,1941,1480.6
Country_170,1942,1582.2
Country_170,1943,1621.3
Country_170,1944,1567.2
Country_170,1945,1477.9
Country_170,1946,1524.1
Country_170,1947,1605.5
Country_170,1948,1460.5
Country_170,1949,1546.6
Country_170,1950,1546.5
Country_170,1951,1503.0
Country_170,1952,1537.4
Country_170,1953,1518.6
Country_170,1954,1485.8
Country_170,1955,1516.1
Country_170,1956,1438.1
Country_170,1957,1513.4
Country_170,1958,1497.1
Country_170,1959,1423.1
Country_170,1960,1531.8
Country_170,1961,1544.0
Country_170,1962,1519.4
Country_170,1963,1605.6
Country_170,1964,1548.0
Country_170,1965,1497.5
Country_170,1966,1484.1
Country_170,1967,1547.9
Country_170,1968,1438.6
Country_170,1969,1554.8
Country_170,1970,1617.8
Country_170,1971,1555.5
Country_170,1972,1561.9
Country_170,1973,1516.6
Country_170,1974,1594.5
Country_170,1975,1534.7
Country_170,1976,1573.3
Country_170,1977,1538.5
Country_170,1978,1505.2
Country_170,1979,1561.2
Country_170,1980,1488.1
Country_170,1981,1420.8
Country_170,1982,1501.8
Country_170,1983,1532.6
Country_170,1984,1601.6
Country_170,1985,1570.9
Country_170,1986,1464.5
Country_170,1987,1532.0
Country_170,1988,1514.1
Country_170,1989,1552.6
Country_170,1990,1496.0
Country_170,1991,1432.1
Country_170,1992,1521.8
Country_170,1993,1579.7
Country_170,1994,1467.1
Country_170,1995,1506.4
Country_170,1996,1526.7
Country_170,1997,1576.6
Country_170,1998,1485.6
Country_170,1999,1531.6
Country_170,2000,1485.8
Country_170,2001,1537.8
Country_170,2002,1434.9
Country_170,2003,1486.8
Country_170,2004,1560.5
Country_170,2005,1498.1
Country_170,2006,1557.5
Country_170,2007,1533.3
Country_170,2008,1493.9
Country_170,2009,1492.2
Country_170,2010,1501.4
Country_170,2011,1483.8
Country_170,2012,1528.5
Country_170,2013,1561.3
Country_170,2014,1457.3
Country_170,2015,1475.6
Country_170,2016,1537.6
Country_170,2017,1489.9
Country_170,2018,1461.6
Country_170,2019,1513.3
Country_170,2020,1544.6
Country_170,2021,1458.1
Country_170,2022,1580.2
Country_170,2023,1512.7
Country_171,1900,1007.3
Country_171,1901,1062.5
Country_171,1902,1012.5
Country_171,1903,1112.6
Country_171,1904,951.8
Country_171,1905,1058.0
Country_171,1906,1021.4
Country_171,1907,957.4
Country_171,1908,1018.4
Country_171,1909,1099.3
Country_171,1910,1081.1
Country_171,1911,1146.2
Country_171,1912,1079.7
Country_171,1913,1018.7
Country_171,1914,1038.7
Country_171,1915,966.3
Country_171,1916,1060.3
Country_171,1917,969.9
Country_171,1918,1041.6
Country_171,1919,984.9
Country_171,1920,887.3
Country_171,1921,1018.1
Country_171,1922,962.9
Country_171,1923,982.7
Country_171,1924,966.8
Country_171,1925,1037.5
Country_171,1926,1020.7
Country_171,1927,978.3
Country_171,1928,1065.8
Country_171,1929,1029.8
Country_171,1930,1018.7
Country_171,1931,1033.5
Country_171,1932,1079.1
Country_171,1933,1082.1
Country_171,1934,1028.9
Country_171,1935,1064.7
Country_171,1936,1014.6
Country_171,1937,990.7
Country_171,1938,1077.7
Country_171,1939,979.9
Country_171,1940,1031.2
Country_171,1941,1023.7
Country_171,1942,955.9
Country_171,1943,1023.5
Country_171,1944,1014.4
Country_171,1945,964.7
Country_171,1946,1061.5
Country_171,1947,1022.2
Country_171,1948,1058.8
Country_171,1949,1064.0
Country_171,1950,1047.8
Country_171,1951,1098.4
Country_171,1952,1012.1
Country_171,1953,1074.9
Country_171,1954,1097.9
Country_171,1955,1059.8
Country_171,1956,1100.8
Country_171,1957,989.2
Country_171,1958,1050.2
Country_171,1959,1042.8
Country_171,1960,996.6
Country_171,1961,1011.5
Country_171,1962,979.3
Country_171,1963,1023.8
Country_171,1964,1076.0
Country_171,1965,1047.4
Country_171,1966,1004.3
Country_171,1967,1043.4
Country_171,1968,1055.8
Country_171,1969,1008.1
Country_171,1970,1079.0
Country_171,1971,1018.1
Country_171,1972,1046.0
Country_171,1973,1010.5
Country_171,1974,1001.1
Country_171,1975,990.0
Country_171,1976,1058.6
Country_171,1977,1014.1
Country_171,1978,1041.0
Country_171,1979,1007.2
Country_171,1980,997.6
Country_171,1981,1079.4
Country_171,1982,1018.3
Country_171,1983,1150.8
Country_171,1984,1125.2
Country_171,1985,981.2
Country_171,1986,984.0
Country_171,1987,1011.1
Country_171,1988,1026.6
Country_171,1989,1068.6
Country_171,1990,947.2
Country_171,1991,1010.5
Country_171,1992,1037.0
Country_171,1993,1082.8
Country_171,1994,900.4
Country_171,1995,939.6
Country_171,1996,1005.9
Country_171,1997,1016.7
Country_171,1998,1036.5
Country_171,1999,999.7
Country_171,2000,1071.0
Country_171,2001,1109.9
Country_171,2002,1005.2
Country_171,2003,1040.1
Country_171,2004,999.7
Country_171,2005,1082.5
Country_171,2006,1133.9
Country_171,2007,976.4
Country_171,2008,1085.8
Country_171,2009,1062.4
Country_171,2010,1098.3
Country_171,2011,1016.7
Country_171,2012,1050.0
Country_171,2013,970.8
Country_171,2014,1040.2
Country_171,2015,972.6
Country_171,2016,1052.3
Country_171,2017,1110.4
Country_171,2018,1033.3
Country_171,2019,1024.6
Country_171,2020,1127.8
Country_171,2021,1049.4
Country_171,2022,1013.4
Country_171,2023,1000.0
Country_172,1900,997.5
Country_172,1901,1058.6
Country_172,1902,1097.9
Country_172,1903,1099.2
Country_172,1904,1088.7
Country_172,1905,1005.7
Country_172,1906,1101.5
Country_172,1907,1009.9
Country_172,1908,1044.5
Country_172,1909,968.2
Country_172,1910,943.4
Country_172,1911,1148.5
Country_172,1912,1094.7
Country_172,1913,1023.5
Country_172,1914,1099.3
Country_172,1915,1017.9
Country_172,1916,938.4
Country_172,1917,1098.4
Country_172,1918,1023.1
Country_172,1919,1058.8
Country_172,1920,1048.9
Country_172,1921,1041.1
Country_172,1922,1037.5
Country_172,1923,1073.2
Country_172,1924,1058.5
Country_172,1925,1023.2
Country_172,1926,1069.5
Country_172,1927,998.2
Country_172,1928,1021.0
Country_172,1929,969.0
Country_172,1930,1017.5
Country_172,1931,1031.4
Country_172,1932,1054.9
Country_172,1933,1115.3
Country_172,1934,1090.1
Country_172,1935,1031.1
Country_172,1936,1096.9
Country_172,1937,1011.8
Country_172,1938,1104.3
Country_172,1939,1120.1
Country_172,1940,1148.2
Country_172,1941,1080.4
Country_172,1942,1033.2
Country_172,1943,937.0
Country_172,1944,999.2
Country_172,1945,1030.1
Country_172,1946,1035.7
Country_172,1947,1112.5
Country_172,1948,980.2
Country_172,1949,1028.0
Country_172,1950,1114.2
Country_172,1951,1076.8
Country_172,1952,983.1
Country_172,1953,1100.3
Country_172,1954,964.7
Country_172,1955,1053.0
Country_172,1956,1067.4
Country_172,1957,1056.3
Country_172,1958,1019.1
Country_172,1959,1043.7
Country_172,1960,1114.2
Country_172,1961,1054.7
Country_172,1962,1071.0
Country_172,1963,987.4
Country_172,1964,1105.5
Country_172,1965,1060.7
Country_172,1966,1042.1
Country_172,1967,1129.7
Country_172,1968,1105.1
Country_172,1969,1034.4
Country_172,1970,1110.8
Country_172,1971,1037.8
Country_172,1972,1061.4
Country_172,1973,1027.7
Country_172,1974,1040.5
Country_172,1975,1075.6
Country_172,1976,1034.0
Country_172,1977,1004.4
Country_172,1978,1023.6
Country_172,1979,1086.4
Country_172,1980,1035.0
Country_172,1981,1119.9
Country_172,1982,1091.4
Country_172,1983,1081.6
Country_172,1984,1155.3
Country_172,1985,1045.1
Country_172,1986,1095.6
Country_172,1987,1136.0
Country_172,1988,969.2
Country_172,1989,1052.2
Country_172,1990,1151.1
Country_172,1991,1031.8
Country_172,1992,1101.0
Country_172,1993,1213.1
Country_172,1994,999.9
Country_172,1995,1163.2
Country_172,1996,1105.4
Country_172,1997,1026.4
Country_172,1998,987.3
Country_172,1999,1126.4
Country_172,2000,1050.6
Country_172,2001,1069.9
Country_172,2002,984.0
Country_172,2003,1071.7
Country_172,2004,996.7
Country_172,2005,1037.6
Country_172,2006,977.0
Country_172,2007,969.5
Country_172,2008,1121.9
Country_172,2009,1026.8
Country_172,2010,978.8
Country_172,2011,1077.1
Country_172,2012,1004.5
Country_172,2013,982.6
Country_172,2014,1182.3
Country_172,2015,1153.3
Country_172,2016,1052.4
Country_172,2017,1062.6
Country_172,2018,1062.8
Country_172,2019,1101.8
Country_172,2020,981.2
Country_172,2021,1112.5
Country_172,2022,1043.5
Country_172,2023,1002.4
Country_173,1900,1825.7
Country_173,1901,1916.3
Country_173,1902,1814.6
Country_173,1903,1835.4
Country_173,1904,1663.1
Country_173,1905,1894.6
Country_173,1906,1851.7
Country_173,1907,1870.0
Country_173,1908,1908.1
Country_173,1909,1866.2
Country_173,1910,1756.9
Country_173,1911,1868.9
Country_173,1912,1877.4
Country_173,1913,1910.4
Country_173,1914,1892.4
Country_173,1915,1793.4
Country_173,1916,1830.7
Country_173,1917,1881.6
Country_173,1918,1790.7
Country_173,1919,1769.2
Country_173,1920,1816.4
Country_173,1921,1842.2
Country_173,1922,1858.9
Country_173,1923,1811.5
Country_173,1924,1886.2
Country_173,1925,1771.7
Country_173,1926,1854.7
Country_173,1927,1811.3
Country_173,1928,1797.9
Country_173,1929,1888.3
Country_173,1930,1899.9
Country_173,1931,1771.7
Country_173,1932,1763.1
Country_173,1933,1851.5
Country_173,1934,1833.7
Country_173,1935,1823.0
Country_173,1936,1792.5
Country_173,1937,1792.7
Country_173,1938,1873.4
Country_173,1939,1861.7
Country_173,1940,1829.3
Country_173,1941,1826.0
Country_173,1942,1814.2
Country_173,1943,1903.9
Country_173,1944,1776.2
Country_173,1945,1862.8
Country_173,1946,1797.6
Country_173,1947,1865.5
Country_173,1948,1785.2
Country_173,1949,1863.7
Country_173,1950,1759.0
Country_173,1951,1848.2
Country_173,1952,1828.4
Country_173,1953,1770.0
Country_173,1954,1870.3
Country_173,1955,1791.6
Country_173,1956,1860.1
Country_173,1957,1826.4
Country_173,1958,1862.5
Country_173,1959,1806.7
Country_173,1960,1734.7
Country_173,1961,1823.7
Country_173,1962,1807.1
Country_173,1963,1849.0
Country_173,1964,1776.6
Country_173,1965,1805.0
Country_173,1966,1746.1
Country_173,1967,1954.0
Country_173,1968,1760.1
Country_173,1969,1749.2
Country_173,1970,1812.4
Country_173,1971,1743.2
Country_173,1972,1876.2
Country_173,1973,1820.6
Country_173,1974,1722.0
Country_173,1975,1718.2
Country_173,1976,1756.3
Country_173,1977,1865.7
Country_173,1978,1785.2
Country_173,1979,1829.0
Country_173,1980,1822.0
Country_173,1981,1761.2
Country_173,1982,1874.2
Country_173,1983,1829.3
Country_173,1984,1808.6
Country_173,1985,1814.6
Country_173,1986,1811.0
Country_173,1987,1780.0
Country_173,1988,1783.6
Country_173,1989,1812.9
Country_173,1990,1779.9
Country_173,1991,1785.8
Country_173,1992,1912.0
Country_173,1993,1876.2
Country_173,1994,1713.3
Country_173,1995,1745.9
Country_173,1996,1856.8
Country_173,1997,1779.3
Country_173,1998,1833.6
Country_173,1999,1858.5
Country_173,2000,1886.6
Country_173,2001,1870.5
Country_173,2002,1846.6
Country_173,2003,1830.6
Country_173,2004,1835.7
Country_173,2005,1864.5
Country_173,2006,1835.1
Country_173,2007,1840.1
Country_173,2008,1874.2
Country_173,2009,1856.6
Country_173,2010,1754.5
Country_173,2011,1789.1
Country_173,2012,1925.8
Country_173,2013,1803.8
Country_173,2014,1742.1
Country_173,2015,1801.3
Country_173,2016,1807.9
Country_173,2017,1762.9
Country_173,2018,1851.9
Country_173,2019,1860.5
Country_173,2020,1795.4
Country_173,2021,1889.3
Country_173,2022,1807.4
Country_173,2023,1808.7
Country_174,1900,665.5
Country_174,1901,646.1
Country_174,1902,732.0
Country_174,1903,723.9
Country_174,1904,707.7
Country_174,1905,683.3
Country_174,1906,785.7
Country_174,1907,631.9
Country_174,1908,804.1
Country_174,1909,776.6
Country_174,1910,674.7
Country_174,1911,709.3
Country_174,1912,721.9
Country_174,1913,628.7
Country_174,1914,706.0
Country_174,1915,691.1
Country_174,1916,764.0
Country_174,1917,662.0
Country_174,1918,743.9
Country_174,1919,646.9
Country_174,1920,671.2
Country_174,1921,640.4
Country_174,1922,708.4
Country_174,1923,729.8
Country_174,1924,744.8
Country_174,1925,692.3
Country_174,1926,756.9
Country_174,1927,656.1
Country_174,1928,668.6
Country_174,1929,669.4
Country_174,1930,725.7
Country_174,1931,674.7
Country_174,1932,652.2
Country_174,1933,652.9
Country_174,1934,663.6
Country_174,1935,559.5
Country_174,1936,731.9
Country_174,1937,611.5
Country_174,1938,656.4
Country_174,1939,690.5
Country_174,1940,672.3
Country_174,1941,611.2
Country_174,1942,641.6
Country_174,1943,701.5
Country_174,1944,644.0
Country_174,1945,666.5
Country_174,1946,623.1
Country_174,1947,656.5
Country_174,1948,660.2
Country_174,1949,643.0
Country_174,1950,761.8
Country_174,1951,617.9
Country_174,1952,670.1
Country_174,1953,667.9
Country_174,1954,714.1
Country_174,1955,656.3
Country_174,1956,779.2
Country_174,1957,639.5
Country_174,1958,726.4
Country_174,1959,700.1
Country_174,1960,666.1
Country_174,1961,663.9
Country_174,1962,657.0
Country_174,1963,680.4
Country_174,1964,638.8
Country_174,1965,652.1
Country_174,1966,723.2
Country_174,1967,689.7
Country_174,1968,714.8
Country_174,1969,698.5
Country_174,1970,698.8
Country_174,1971,643.8
Country_174,1972,654.1
Country_174,1973,714.2
Country_174,1974,622.0
Country_174,1975,609.7
Country_174,1976,711.6
Country_174,1977,621.4
Country_174,1978,640.3
Country_174,1979,686.1
Country_174,1980,672.3
Country_174,1981,750.5
Country_174,1982,675.2
Country_174,1983,666.1
Country_174,1984,696.7
Country_174,1985,798.9
Country_174,1986,645.3
Country_174,1987,704.6
Country_174,1988,775.4
Country_174,1989,687.4
Country_174,1990,671.4
Country_174,1991,711.1
Country_174,1992,644.3
Country_174,1993,733.5
Country_174,1994,785.6
Country_174,1995,691.5
Country_174,1996,617.8
Country_174,1997,638.1
Country_174,1998,636.8
Country_174,1999,669.7
Country_174,2000,706.6
Country_174,2001,670.8
Country_174,2002,652.9
Country_174,2003,725.7
Country_174,2004,791.4
Country_174,2005,703.8
Country_174,2006,700.2
Country_174,2007,636.2
Country_174,2008,726.5
Country_174,2009,700.4
Country_174,2010,727.8
Country_174,2011,724.3
Country_174,2012,689.9
Country_174,2013,708.9
Country_174,2014,668.9
Country_174,2015,663.1
Country_174,2016,580.5
Country_174,2017,653.7
Country_174,2018,709.5
Country_174,2019,715.7
Country_174,2020,694.4
Country_174,2021,623.4
Country_174,2022,654.3
Country_174,2023,565.3
Country_175,1900,851.1
Country_175,1901,845.8
Country_175,1902,878.3
Country_175,1903,878.7
Country_175,1904,716.7
Country_175,1905,875.0
Country_175,1906,875.7
Country_175,1907,901.8
Country_175,1908,842.5
Country_175,1909,898.8
Country_175,1910,906.3
Country_175,1911,892.8
Country_175,1912,790.2
Country_175,1913,767.2
Country_175,1914,827.1
Country_175,1915,831.7
Country_175,1916,905.5
Country_175,1917,844.2
Country_175,1918,922.5
Country_175,1919,893.2
Country_175,1920,858.7
Country_175,1921,870.5
Country_175,1922,816.9
Country_175,1923,864.4
Country_175,1924,865.1
Country_175,1925,824.6
Country_175,1926,896.2
Country_175,1927,791.0
Country_175,1928,866.9
Country_175,1929,818.1
Country_175,1930,803.3
Country_175,1931,857.2
Country_175,1932,858.4
Country_175,1933,819.1
Country_175,1934,817.9
Country_175,1935,896.8
Country_175,1936,908.5
Country_175,1937,800.8
Country_175,1938,967.1
Country_175,1939,808.1
Country_175,1940,823.7
Country_175,1941,808.2
Country_175,1942,869.3
Country_175,1943,701.8
Country_175,1944,907.9
Country_175,1945,841.6
Country_175,1946,857.3
Country_175,1947,875.3
Country_175,1948,863.7
Country_175,1949,912.4
Country_175,1950,838.8
Country_175,1951,812.0
Country_175,1952,931.4
Country_175,1953,808.1
Country_175,1954,843.7
Country_175,1955,921.0
Country_175,1956,851.7
Country_175,1957,879.5
Country_175,1958,908.0
Country_175,1959,912.6
Country_175,1960,896.5
Country_175,1961,817.0
Country_175,1962,837.4
Country_175,1963,824.4
Country_175,1964,729.3
Country_175,1965,698.7
Country_175,1966,833.5
Country_175,1967,826.3
Country_175,1968,884.3
Country_175,1969,722.4
Country_175,1970,835.5
Country_175,1971,857.7
Country_175,1972,783.7
Country_175,1973,847.0
Country_175,1974,811.9
Country_175,1975,887.0
Country_175,1976,870.9
Country_175,1977,863.0
Country_175,1978,816.4
Country_175,1979,964.5
Country_175,1980,864.4
Country_175,1981,871.3
Country_175,1982,912.7
Country_175,1983,827.2
Country_175,1984,775.8
Country_175,1985,875.5
Country_175,1986,893.1
Country_175,1987,856.8
Country_175,1988,829.2
Country_175,1989,799.8
Country_175,1990,763.9
Country_175,1991,788.0
Country_175,1992,853.7
Country_175,1993,767.1
Country_175,1994,860.2
Country_175,1995,876.6
Country_175,1996,953.1
Country_175,1997,789.2
Country_175,1998,864.2
Country_175,1999,808.7
Country_175,2000,867.1
Country_175,2001,837.9
Country_175,2002,720.9
Country_175,2003,894.9
Country_175,2004,815.7
Country_175,2005,889.3
Country_175,2006,747.1
Country_175,2007,912.8
Country_175,2008,886.1
Country_175,2009,843.6
Country_175,2010,906.4
Country_175,2011,914.0
Country_175,2012,868.1
Country_175,2013,860.3
Country_175,2014,863.5
Country_175,2015,893.0
Country_175,2016,850.9
Country_175,2017,871.5
Country_175,2018,912.0
Country_175,2019,907.9
Country_175,2020,837.1
Country_175,2021,817.8
Country_175,2022,877.0
Country_175,2023,825.8
Country_176,1900,881.1
Country_176,1901,887.4
Country_176,1902,923.9
Country_176,1903,904.2
Country_176,1904,813.4
Country_176,1905,797.7
Country_176,1906,799.9
Country_176,1907,934.2
Country_176,1908,849.9
Country_176,1909,876.6
Country_176,1910,949.9
Country_176,1911,870.2
Country_176,1912,920.2
Country_176,1913,941.6
Country_176,1914,880.7
Country_176,1915,857.9
Country_176,1916,956.5
Country_176,1917,816.1
Country_176,1918,797.8
Country_176,1919,904.5
Country_176,1920,878.9
Country_176,1921,853.4
Country_176,1922,853.3
Country_176,1923,909.2
Country_176,1924,847.1
Country_176,1925,875.2
Country_176,1926,871.6
Country_176,1927,837.5
Country_176,1928,806.8
Country_176,1929,838.1
Country_176,1930,846.7
Country_176,1931,840.1
Country_176,1932,856.9
Country_176,1933,887.5
Country_176,1934,908.5
Country_176,1935,765.5
Country_176,1936,845.7
Country_176,1937,882.8
Country_176,1938,914.7
Country_176,1939,836.6
Country_176,1940,861.2
Country_176,1941,858.9
Country_176,1942,879.7
Country_176,1943,846.4
Country_176,1944,766.3
Country_176,1945,907.6
Country_176,1946,853.8
Country_176,1947,891.2
Country_176,1948,941.4
Country_176,1949,885.1
Country_176,1950,922.1
Country_176,1951,912.4
Country_176,1952,893.1
Country_176,1953,861.6
Country_176,1954,869.3
Country_176,1955,748.7
Country_176,1956,857.4
Country_176,1957,913.4
Country_176,1958,906.2
Country_176,1959,720.0
Country_176,1960,942.2
Country_176,1961,920.4
Country_176,1962,863.7
Country_176,1963,812.0
Country_176,1964,807.7
Country_176,1965,846.8
Country_176,1966,905.7
Country_176,1967,932.1
Country_176,1968,977.9
Country_176,1969,828.2
Country_176,1970,792.2
Country_176,1971,862.1
Country_176,1972,868.3
Country_176,1973,937.5
Country_176,1974,797.1
Country_176,1975,843.5
Country_176,1976,884.1
Country_176,1977,905.0
Country_176,1978,957.5
Country_176,1979,908.8
Country_176,1980,862.2
Country_176,1981,897.1
Country_176,1982,794.3
Country_176,1983,864.7
Country_176,1984,891.6
Country_176,1985,982.1
Country_176,1986,914.4
Country_176,1987,966.1
Country_176,1988,900.0
Country_176,1989,822.0
Country_176,1990,893.9
Country_176,1991,873.5
Country_176,1992,900.6
Country_176,1993,903.0
Country_176,1994,842.4
Country_176,1995,951.1
Country_176,1996,776.2
Country_176,1997,834.6
Country_176,1998,829.6
Country_176,1999,859.7
Country_176,2000,822.6
Country_176,2001,920.8
Country_176,2002,890.9
Country_176,2003,840.1
Country_176,2004,829.5
Country_176,2005,861.5
Country_176,2006,843.8
Country_176,2007,859.5
Country_176,2008,827.8
Country_176,2009,856.3
Country_176,2010,845.4
Country_176,2011,893.8
Country_176,2012,787.6
Country_176,2013,820.7
Country_176,2014,879.5
Country_176,2015,916.4
Country_176,2016,833.7
Country_176,2017,852.0
Country_176,2018,875.5
Country_176,2019,953.6
Country_176,2020,898.0
Country_176,2021,889.4
Country_176,2022,785.1
Country_176,2023,838.7
Country_177,1900,1601.3
Country_177,1901,1602.1
Country_177,1902,1619.1
Country_177,1903,1647.9
Country_177,1904,1629.5
Country_177,1905,1459.4
Country_177,1906,1601.9
Country_177,1907,1540.8
Country_177,1908,1686.1
Country_177,1909,1609.9
Country_177,1910,1584.8
Country_177,1911,1620.4
Country_177,1912,1599.8
Country_177,1913,1563.3
Country_177,1914,1513.6
Country_177,1915,1573.0
Country_177,1916,1532.9
Country_177,1917,1587.8
Country_177,1918,1559.4
Country_177,1919,1559.5
Country_177,1920,1636.7
Country_177,1921,1585.3
Country_177,1922,1610.2
Country_177,1923,1507.0
Country_177,1924,1488.3
Country_177,1925,1558.9
Country_177,1926,1646.0
Country_177,1927,1565.6
Country_177,1928,1636.9
Country_177,1929,1477.9
Country_177,1930,1603.0
Country_177,1931,1584.4
Country_177,1932,1619.4
Country_177,1933,1602.2
Country_177,1934,1558.6
Country_177,1935,1567.4
Country_177,1936,1614.3
Country_177,1937,1587.5
Country_177,1938,1555.8
Country_177,1939,1552.9
Country_177,1940,1512.7
Country_177,1941,1524.3
Country_177,1942,1578.5
Country_177,1943,1637.6
Country_177,1944,1615.9
Country_177,1945,1615.3
Country_177,1946,1664.6
Country_177,1947,1585.7
Country_177,1948,1576.3
Country_177,1949,1588.9
Country_177,1950,1608.2
Country_177,1951,1630.1
Country_177,1952,1502.7
Country_177,1953,1601.6
Country_177,1954,1587.4
Country_177,1955,1608.7
Country_177,1956,1541.6
Country_177,1957,1579.1
Country_177,1958,1499.4
Country_177,1959,1565.3
Country_177,1960,1484.8
Country_177,1961,1610.9
Country_177,1962,1606.2
Country_177,1963,1635.3
Country_177,1964,1584.9
Country_177,1965,1465.1
Country_177,1966,1565.0
Country_177,1967,1540.7
Country_177,1968,1643.8
Country_177,1969,1634.9
Country_177,1970,1561.9
Country_177,1971,1531.5
Country_177,1972,1539.6
Country_177,1973,1585.4
Country_177,1974,1555.2
Country_177,1975,1505.4
Country_177,1976,1613.4
Country_177,1977,1617.8
Country_177,1978,1609.2
Country_177,1979,1573.4
Country_177,1980,1526.9
Country_177,1981,1516.4
Country_177,1982,1508.1
Country_177,1983,1520.6
Country_177,1984,1693.0
Country_177,1985,1614.1
Country_177,1986,1438.4
Country_177,1987,1531.6
Country_177,1988,1587.0
Country_177,1989,1541.1
Country_177,1990,1588.6
Country_177,1991,1664.4
Country_177,1992,1511.8
Country_177,1993,1544.0
Country_177,1994,1621.6
Country_177,1995,1563.1
Country_177,1996,1562.9
Country_177,1997,1614.5
Country_177,1998,1571.2
Country_177,1999,1571.9
Country_177,2000,1589.3
Country_177,2001,1624.4
Country_177,2002,1636.2
Country_177,2003,1589.6
Country_177,2004,1600.9
Country_177,2005,1688.6
Country_177,2006,1637.2
Country_177,2007,1596.7
Country_177,2008,1562.3
Country_177,2009,1533.1
Country_177,2010,1513.6
Country_177,2011,1438.7
Country_177,2012,1419.0
Country_177,2013,1590.2
Country_177,2014,1545.4
Country_177,2015,1544.9
Country_177,2016,1607.6
Country_177,2017,1640.7
Country_177,2018,1508.2
Country_177,2019,1565.2
Country_177,2020,1611.5
Country_177,2021,1643.2
Country_177,2022,1612.6
Country_177,2023,1493.4
Country_178,1900,1178.2
Country_178,1901,1135.5
Country_178,1902,1198.9
Country_178,1903,1125.8
Country_178,1904,1177.1
Country_178,1905,1165.5
Country_178,1906,1074.3
Country_178,1907,1038.1
Country_178,1908,1130.0
Country_178,1909,1113.0
Country_178,1910,1152.3
Country_178,1911,1203.3
Country_178,1912,1166.0
Country_178,1913,1026.2
Country_178,1914,1106.4
Country_178,1915,1060.4
Country_178,1916,1115.7
Country_178,1917,1105.5
Country_178,1918,1171.5
Country_178,1919,1129.5
Country_178,1920,1093.6
Country_178,1921,1175.6
Country_178,1922,1113.5
Country_178,1923,1070.9
Country_178,1924,1056.7
Country_178,1925,1163.2
Country_178,1926,1167.6
Country_178,1927,1116.6
Country_178,1928,1067.4
Country_178,1929,1188.8
Country_178,1930,1095.3
Country_178,1931,1115.2
Country_178,1932,987.8
Country_178,1933,1041.6
Country_178,1934,1143.8
Country_178,1935,1122.9
Country_178,1936,1162.7
Country_178,1937,1140.5
Country_178,1938,1090.0
Country_178,1939,1149.8
Country_178,1940,1082.1
Country_178,1941,1157.8
Country_178,1942,1121.0
Country_178,1943,1060.7
Country_178,1944,1058.4
Country_178,1945,1160.5
Country_178,1946,1135.1
Country_178,1947,1096.0
Country_178,1948,1078.8
Country_178,1949,1156.7
Country_178,1950,1167.0
Country_178,1951,1207.8
Country_178,1952,1166.5
Country_178,1953,1201.4
Country_178,1954,1127.5
Country_178,1955,1020.0
Country_178,1956,1223.1
Country_178,1957,1168.4
Country_178,1958,1229.7
Country_178,1959,1168.5
Country_178,1960,1245.7
Country_178,1961,1179.9
Country_178,1962,1138.1
Country_178,1963,1185.0
Country_178,1964,1144.9
Country_178,1965,1090.6
Country_178,1966,1090.1
Country_178,1967,1130.0
Country_178,1968,1131.3
Country_178,1969,1204.2
Country_178,1970,1072.1
Country_178,1971,1106.4
Country_178,1972,1237.7
Country_178,1973,1186.6
Country_178,1974,1141.2
Country_178,1975,1207.6
Country_178,1976,1192.9
Country_178,1977,1117.8
Country_178,1978,1101.1
Country_178,1979,1200.1
Country_178,1980,1224.8
Country_178,1981,1146.6
Country_178,1982,1100.8
Country_178,1983,1132.3
Country_178,1984,1106.6
Country_178,1985,1207.4
Country_178,1986,1166.1
Country_178,1987,1047.3
Country_178,1988,1228.4
Country_178,1989,1108.1
Country_178,1990,1081.1
Country_178,1991,1201.5
Country_178,1992,1082.7
Country_178,1993,1172.3
Country_178,1994,1125.2
Country_178,1995,1056.6
Country_178,1996,1164.1
Country_178,1997,1072.3
Country_178,1998,1149.7
Country_178,1999,1163.1
Country_178,2000,1119.3
Country_178,2001,1173.8
Country_178,2002,1149.9
Country_178,2003,1116.2
Country_178,2004,1123.7
Country_178,2005,1155.4
Country_178,2006,1195.2
Country_178,2007,1178.4
Country_178,2008,1026.9
Country_178,2009,1116.9
Country_178,2010,1166.0
Country_178,2011,1070.6
Country_178,2012,1188.6
Country_178,2013,1221.6
Country_178,2014,1260.7
Country_178,2015,1064.1
Country_178,2016,1153.2
Country_178,2017,1079.0
Country_178,2018,1070.4
Country_178,2019,1122.1
Country_178,2020,1132.6
Country_178,2021,1129.5
Country_178,2022,1198.0
Country_178,2023,1063.5
Country_179,1900,1688.3
Country_179,1901,1689.9
Country_179,1902,1649.5
Country_179,1903,1689.3
Country_179,1904,1687.2
Country_179,1905,1684.8
Country_179,1906,1688.0
Country_179,1907,1685.0
Country_179,1908,1748.3
Country_179,1909,1757.4
Country_179,1910,1723.0
Country_179,1911,1711.9
Country_179,1912,1731.7
Country_179,1913,1707.1
Country_179,1914,1629.9
Country_179,1915,1679.6
Country_179,1916,1656.9
Country_179,1917,1699.5
Country_179,1918,1683.2
Country_179,1919,1656.8
Country_179,1920,1683.7
Country_179,1921,1606.8
Country_179,1922,1733.9
Country_179,1923,1744.1
Country_179,1924,1724.3
Country_179,1925,1707.8
Country_179,1926,1744.3
Country_179,1927,1708.0
Country_179,1928,1798.3
Country_179,1929,1845.1
Country_179,1930,1649.4
Country_179,1931,1689.3
Country_179,1932,1749.6
Country_179,1933,1647.8
Country_179,1934,1688.4
Country_179,1935,1721.4
Country_179,1936,1610.2
Country_179,1937,1734.9
Country_179,1938,1699.6
Country_179,1939,1637.2
Country_179,1940,1680.5
Country_179,1941,1832.9
Country_179,1942,1592.5
Country_179,1943,1697.4
Country_179,1944,1736.9
Country_179,1945,1655.5
Country_179,1946,1741.2
Country_179,1947,1656.5
Country_179,1948,1708.5
Country_179,1949,1702.4
Country_179,1950,1688.3
Country_179,1951,1690.1
Country_179,1952,1663.4
Country_179,1953,1709.0
Country_179,1954,1676.2
Country_179,1955,1734.7
Country_179,1956,1777.2
Country_179,1957,1738.1
Country_179,1958,1722.6
Country_179,1959,1627.3
Country_179,1960,1669.5
Country_179,1961,1778.8
Country_179,1962,1676.9
Country_179,1963,1764.3
Country_179,1964,1693.0
Country_179,1965,1709.4
Country_179,1966,1723.7
Country_179,1967,1622.6
Country_179,1968,1691.1
Country_179,1969,1707.4
Country_179,1970,1688.4
Country_179,1971,1659.6
Country_179,1972,1633.8
Country_179,1973,1663.8
Country_179,1974,1775.8
Country_179,1975,1665.0
Country_179,1976,1610.0
Country_179,1977,1662.2
Country_179,1978,1664.9
Country_179,1979,1633.5
Country_179,1980,1605.1
Country_179,1981,1766.4
Country_179,1982,1728.7
Country_179,1983,1775.3
Country_179,1984,1653.0
Country_179,1985,1626.3
Country_179,1986,1711.0
Country_179,1987,1694.0
Country_179,1988,1655.3
Country_179,1989,1670.9
Country_179,1990,1722.4
Country_179,1991,1743.6
Country_179,1992,1712.7
Country_179,1993,1631.3
Country_179,1994,1649.4
Country_179,1995,1761.8
Country_179,1996,1621.4
Country_179,1997,1689.7
Country_179,1998,1675.7
Country_179,1999,1688.1
Country_179,2000,1681.8
Country_179,2001,1716.0
Country_179,2002,1734.6
Country_179,2003,1742.8
Country_179,2004,1615.5
Country_179,2005,1712.4
Country_179,2006,1750.8
Country_179,2007,1731.7
Country_179,2008,1653.9
Country_179,2009,1684.1
Country_179,2010,1702.6
Country_179,2011,1716.9
Country_179,2012,1616.6
Country_179,2013,1695.7
Country_179,2014,1620.2
Country_179,2015,1626.4
Country_179,2016,1746.0
Country_179,2017,1705.4
Country_179,2018,1717.2
Country_179,2019,1655.8
Country_179,2020,1626.9
Country_179,2021,1696.2
Country_179,2022,1704.9
Country_179,2023,1713.8
Country_180,1900,1290.2
Country_180,1901,1300.3
Country_180,1902,1233.7
Country_180,1903,1197.0
Country_180,1904,1326.1
Country_180,1905,1220.6
Country_180,1906,1195.6
Country_180,1907,1213.3
Country_180,1908,1257.6
Country_180,1909,1345.8
Country_180,1910,1253.3
Country_180,1911,1251.2
Country_180,1912,1302.1
Country_180,1913,1180.8
Country_180,1914,1235.6
Country_180,1915,1218.0
Country_180,1916,1243.9
Country_180,1917,1155.3
Country_180,1918,1221.0
Country_180,1919,1224.9
Country_180,1920,1329.8
Country_180,1921,1196.8
Country_180,1922,1208.2
Country_180,1923,1163.9
Country_180,1924,1347.9
Country_180,1925,1266.8
Country_180,1926,1235.0
Country_180,1927,1179.6
Country_180,1928,1252.0
Country_180,1929,1209.3
Country_180,1930,1324.1
Country_180,1931,1225.4
Country_180,1932,1295.0
Country_180,1933,1279.1
Country_180,1934,1299.3
Country_180,1935,1302.5
Country_180,1936,1297.1
Country_180,1937,1146.0
Country_180,1938,1149.9
Country_180,1939,1257.2
Country_180,1940,1276.4
Country_180,1941,1200.4
Country_180,1942,1254.1
Country_180,1943,1174.9
Country_180,1944,1220.1
Country_180,1945,1233.2
Country_180,1946,1233.3
Country_180,1947,1186.1
Country_180,1948,1327.4
Country_180,1949,1263.8
Country_180,1950,1268.3
Country_180,1951,1266.4
Country_180,1952,1272.3
Country_180,1953,1220.1
Country_180,1954,1174.7
Country_180,1955,1254.8
Country_180,1956,1218.5
Country_180,1957,1350.5
Country_180,1958,1304.6
Country_180,1959,1304.1
Country_180,1960,1240.9
Country_180,1961,1258.1
Country_180,1962,1271.4
Country_180,1963,1242.9
Country_180,1964,1305.9
Country_180,1965,1210.6
Country_180,1966,1284.6
Country_180,1967,1209.0
Country_180,1968,1200.9
Country_180,1969,1233.2
Country_180,1970,1210.9
Country_180,1971,1370.5
Country_180,1972,1232.0
Country_180,1973,1252.7
Country_180,1974,1267.5
Country_180,1975,1254.5
Country_180,1976,1245.5
Country_180,1977,1262.5
Country_180,1978,1180.8
Country_180,1979,1214.4
Country_180,1980,1290.8
Country_180,1981,1212.8
Country_180,1982,1211.6
Country_180,1983,1209.9
Country_180,1984,1138.5
Country_180,1985,1212.3
Country_180,1986,1160.8
Country_180,1987,1234.3
Country_180,1988,1277.6
Country_180,1989,1171.7
Country_180,1990,1257.3
Country_180,1991,1132.5
Country_180,1992,1165.7
Country_180,1993,1270.0
Country_180,1994,1186.0
Country_180,1995,1248.0
Country_180,1996,1248.8
Country_180,1997,1252.6
Country_180,1998,1301.8
Country_180,1999,1309.4
Country_180,2000,1284.2
Country_180,2001,1345.4
Country_180,2002,1176.8
Country_180,2003,1234.0
Country_180,2004,1289.5
Country_180,2005,1285.0
Country_180,2006,1304.2
Country_180,2007,1204.5
Country_180,2008,1231.9
Country_180,2009,1292.2
Country_180,2010,1253.0
Country_180,2011,1244.8
Country_180,2012,1194.4
Country_180,2013,1312.7
Country_180,2014,1343.1
Country_180,2015,1200.5
Country_180,2016,1228.0
Country_180,2017,1183.0
Country_180,2018,1294.2
Country_180,2019,1336.6
Country_180,2020,1245.1
Country_180,2021,1163.6
Country_180,2022,1217.0
Country_180,2023,1311.5
Country_181,1900,1401.0
Country_181,1901,1417.9
Country_181,1902,1380.4
Country_181,1903,1453.6
Country_181,1904,1483.4
Country_181,1905,1423.4
Country_181,1906,1396.2
Country_181,1907,1375.9
Country_181,1908,1381.4
Country_181,1909,1484.3
Country_181,1910,1406.4
Country_181,1911,1372.1
Country_181,1912,1325.2
Country_181,1913,1441.1
Country_181,1914,1422.1
Country_181,1915,1345.0
Country_181,1916,1459.9
Country_181,1917,1431.9
Country_181,1918,1449.1
Country_181,1919,1453.3
Country_181,1920,1412.7
Country_181,1921,1395.0
Country_181,1922,1407.0
Country_181,1923,1407.7
Country_181,1924,1419.3
Country_181,1925,1425.3
Country_181,1926,1457.6
Country_181,1927,1425.3
Country_181,1928,1471.0
Country_181,1929,1509.5
Country_181,1930,1465.0
Country_181,1931,1401.6
Country_181,1932,1390.6
Country_181,1933,1425.8
Country_181,1934,1431.0
Country_181,1935,1353.0
Country_181,1936,1425.1
Country_181,1937,1409.1
Country_181,1938,1371.2
Country_181,1939,1370.7
Country_181,1940,1356.9
Country_181,1941,1406.6
Country_181,1942,1427.7
Country_181,1943,1385.0
Country_181,1944,1465.3
Country_181,1945,1388.0
Country_181,1946,1351.5
Country_181,1947,1348.3
Country_181,1948,1342.4
Country_181,1949,1408.0
Country_181,1950,1388.2
Country_181,1951,1405.3
Country_181,1952,1421.2
Country_181,1953,1500.9
Country_181,1954,1511.2
Country_181,1955,1439.3
Country_181,1956,1433.7
Country_181,1957,1264.9
Country_181,1958,1445.3
Country_181,1959,1375.9
Country_181,1960,1326.4
Country_181,1961,1422.9
Country_181,1962,1407.1
Country_181,1963,1480.7
Country_181,1964,1401.8
Country_181,1965,1446.6
Country_181,1966,1409.8
Country_181,1967,1451.3
Country_181,1968,1411.0
Country_181,1969,1315.2
Country_181,1970,1434.6
Country_181,1971,1496.0
Country_181,1972,1385.7
Country_181,1973,1449.2
Country_181,1974,1457.6
Country_181,1975,1385.7
Country_181,1976,1401.8
Country_181,1977,1415.0
Country_181,1978,1398.3
Country_181,1979,1466.1
Country_181,1980,1370.6
Country_181,1981,1312.9
Country_181,1982,1372.7
Country_181,1983,1434.0
Country_181,1984,1510.7
Country_181,1985,1404.7
Country_181,1986,1474.3
Country_181,1987,1371.1
Country_181,1988,1439.8
Country_181,1989,1369.3
Country_181,1990,1424.2
Country_181,1991,1372.5
Country_181,1992,1397.7
Country_181,1993,1403.3
Country_181,1994,1401.3
Country_181,1995,1358.5
Country_181,1996,1411.6
Country_181,1997,1419.2
Country_181,1998,1447.0
Country_181,1999,1451.9
Country_181,2000,1395.5
Country_181,2001,1446.6
Country_181,2002,1464.2
Country_181,2003,1411.4
Country_181,2004,1416.3
Country_181,2005,1425.6
Country_181,2006,1452.6
Country_181,2007,1422.2
Country_181,2008,1442.5
Country_181,2009,1410.1
Country_181,2010,1460.8
Country_181,2011,1477.6
Country_181,2012,1414.2
Country_181,2013,1400.5
Country_181,2014,1414.6
Country_181,2015,1414.3
Country_181,2016,1460.5
Country_181,2017,1475.0
Country_181,2018,1407.8
Country_181,2019,1383.4
Country_181,2020,1477.0
Country_181,2021,1399.0
Country_181,2022,1373.7
Country_181,2023,1422.6
Country_182,1900,629.7
Country_182,1901,609.8
Country_182,1902,681.8
Country_182,1903,499.2
Country_182,1904,578.2
Country_182,1905,611.4
Country_182,1906,556.2
Country_182,1907,552.6
Country_182,1908,631.7
Country_182,1909,571.5
Country_182,1910,652.5
Country_182,1911,520.0
Country_182,1912,638.3
Country_182,1913,633.8
Country_182,1914,585.5
Country_182,1915,565.3
Country_182,1916,603.2
Country_182,1917,598.3
Country_182,1918,633.3
Country_182,1919,639.5
Country_182,1920,596.6
Country_182,1921,595.0
Country_182,1922,565.5
Country_182,1923,543.3
Country_182,1924,578.4
Country_182,1925,581.6
Country_182,1926,575.0
Country_182,1927,532.0
Country_182,1928,561.8
Country_182,1929,558.3
Country_182,1930,657.4
Country_182,1931,595.3
Country_182,1932,616.4
Country_182,1933,581.0
Country_182,1934,535.2
Country_182,1935,526.4
Country_182,1936,557.3
Country_182,1937,552.5
Country_182,1938,522.9
Country_182,1939,526.9
Country_182,1940,578.3
Country_182,1941,666.9
Country_182,1942,589.9
Country_182,1943,585.6
Country_182,1944,575.2
Country_182,1945,529.2
Country_182,1946,635.6
Country_182,1947,669.1
Country_182,1948,600.7
Country_182,1949,608.1
Country_182,1950,573.7
Country_182,1951,559.7
Country_182,1952,585.9
Country_182,1953,581.9
Country_182,1954,609.3
Country_182,1955,593.0
Country_182,1956,560.1
Country_182,1957,529.7
Country_182,1958,571.3
Country_182,1959,598.7
Country_182,1960,632.0
Country_182,1961,491.8
Country_182,1962,565.5
Country_182,1963,516.4
Country_182,1964,558.6
Country_182,1965,599.5
Country_182,1966,670.4
Country_182,1967,476.8
Country_182,1968,568.4
Country_182,1969,538.6
Country_182,1970,600.0
Country_182,1971,655.9
Country_182,1972,579.2
Country_182,1973,569.3
Country_182,1974,631.3
Country_182,1975,541.0
Country_182,1976,596.7
Country_182,1977,652.9
Country_182,1978,526.5
Country_182,1979,554.2
Country_182,1980,644.4
Country_182,1981,600.6
Country_182,1982,652.7
Country_182,1983,549.6
Country_182,1984,658.6
Country_182,1985,617.1
Country_182,1986,592.5
Country_182,1987,555.3
Country_182,1988,630.6
Country_182,1989,591.0
Country_182,1990,589.7
Country_182,1991,531.3
Country_182,1992,554.8
Country_182,1993,590.3
Country_182,1994,658.4
Country_182,1995,595.6
Country_182,1996,584.8
Country_182,1997,563.4
Country_182,1998,558.0
Country_182,1999,619.2
Country_182,2000,579.7
Country_182,2001,617.6
Country_182,2002,555.5
Country_182,2003,596.6
Country_182,2004,586.8
Country_182,2005,609.7
Country_182,2006,519.7
Country_182,2007,494.5
Country_182,2008,603.0
Country_182,2009,620.0
Country_182,2010,587.5
Country_182,2011,473.9
Country_182,2012,615.0
Country_182,2013,569.6
Country_182,2014,543.9
Country_182,2015,612.8
Country_182,2016,600.0
Country_182,2017,575.8
Country_182,2018,685.9
Country_182,2019,651.2
Country_182,2020,522.7
Country_182,2021,611.8
Country_182,2022,643.7
Country_182,2023,580.1
Country_183,1900,526.8
Country_183,1901,539.4
Country_183,1902,532.4
Country_183,1903,550.0
Country_183,1904,532.7
Country_183,1905,520.0
Country_183,1906,475.6
Country_183,1907,519.3
Country_183,1908,483.8
Country_183,1909,503.9
Country_183,1910,532.4
Country_183,1911,495.4
Country_183,1912,590.3
Country_183,1913,612.4
Country_183,1914,535.3
Country_183,1915,551.5
Country_183,1916,590.3
Country_183,1917,540.0
Country_183,1918,508.1
Country_183,1919,488.0
Country_183,1920,552.3
Country_183,1921,694.0
Country_183,1922,515.9
Country_183,1923,559.4
Country_183,1924,567.6
Country_183,1925,493.3
Country_183,1926,498.1
Country_183,1927,506.4
Country_183,1928,531.6
Country_183,1929,503.2
Country_183,1930,535.4
Country_183,1931,555.1
Country_183,1932,531.6
Country_183,1933,364.5
Country_183,1934,523.5
Country_183,1935,486.4
Country_183,1936,483.8
Country_183,1937,463.4
Country_183,1938,584.6
Country_183,1939,485.1
Country_183,1940,554.6
Country_183,1941,550.2
Country_183,1942,545.1
Country_183,1943,498.5
Country_183,1944,481.9
Country_183,1945,580.9
Country_183,1946,553.8
Country_183,1947,508.1
Country_183,1948,478.9
Country_183,1949,477.2
Country_183,1950,478.4
Country_183,1951,399.0
Country_183,1952,413.2
Country_183,1953,499.6
Country_183,1954,529.5
Country_183,1955,635.5
Country_183,1956,582.3
Country_183,1957,588.3
Country_183,1958,604.8
Country_183,1959,537.1
Country_183,1960,513.2
Country_183,1961,539.0
Country_183,1962,545.5
Country_183,1963,434.7
Country_183,1964,598.3
Country_183,1965,524.7
Country_183,1966,588.9
Country_183,1967,518.1
Country_183,1968,457.5
Country_183,1969,470.6
Country_183,1970,443.0
Country_183,1971,451.5
Country_183,1972,509.5
Country_183,1973,522.3
Country_183,1974,527.1
Country_183,1975,496.4
Country_183,1976,407.3
Country_183,1977,436.2
Country_183,1978,558.3
Country_183,1979,533.6
Country_183,1980,475.0
Country_183,1981,559.3
Country_183,1982,538.2
Country_183,1983,458.0
Country_183,1984,590.2
Country_183,1985,492.9
Country_183,1986,477.4
Country_183,1987,550.5
Country_183,1988,601.9
Country_183,1989,534.5
Country_183,1990,506.6
Country_183,1991,492.5
Country_183,1992,564.1
Country_183,1993,612.1
Country_183,1994,552.0
Country_183,1995,576.0
Country_183,1996,508.1
Country_183,1997,521.9
Country_183,1998,459.4
Country_183,1999,521.4
Country_183,2000,463.7
Country_183,2001,558.1
Country_183,2002,564.0
Country_183,2003,518.5
Country_183,2004,476.9
Country_183,2005,414.6
Country_183,2006,509.0
Country_183,2007,571.8
Country_183,2008,563.3
Country_183,2009,604.1
Country_183,2010,643.4
Country_183,2011,556.1
Country_183,2012,499.5
Country_183,2013,477.0
Country_183,2014,395.8
Country_183,2015,611.1
Country_183,2016,459.3
Country_183,2017,571.5
Country_183,2018,585.4
Country_183,2019,536.3
Country_183,2020,492.4
Country_183,2021,506.4
Country_183,2022,525.3
Country_183,2023,481.1
Country_184,1900,1890.9
Country_184,1901,1767.3
Country_184,1902,1794.7
Country_184,1903,1731.9
Country_184,1904,1738.0
Country_184,1905,1697.6
Country_184,1906,1739.0
Country_184,1907,1712.8
Country_184,1908,1749.8
Country_184,1909,1798.3
Country_184,1910,1694.9
Country_184,1911,1719.9
Country_184,1912,1710.5
Country_184,1913,1712.4
Country_184,1914,1807.6
Country_184,1915,1714.3
Country_184,1916,1700.2
Country_184,1917,1690.2
Country_184,1918,1675.5
Country_184,1919,1722.1
Country_184,1920,1722.3
Country_184,1921,1673.5
Country_184,1922,1720.4
Country_184,1923,1674.0
Country_184,1924,1721.6
Country_184,1925,1683.5
Country_184,1926,1628.9
Country_184,1927,1759.4
Country_184,1928,1685.3
Country_184,1929,1737.0
Country_184,1930,1790.0
Country_184,1931,1677.1
Country_184,1932,1794.2
Country_184,1933,1770.4
Country_184,1934,1708.1
Country_184,1935,1764.8
Country_184,1936,1725.3
Country_184,1937,1717.8
Country_184,1938,1828.2
Country_184,1939,1611.3
Country_184,1940,1782.7
Country_184,1941,1714.6
Country_184,1942,1748.3
Country_184,1943,1738.9
Country_184,1944,1682.3
Country_184,1945,1741.5
Country_184,1946,1740.4
Country_184,1947,1766.8
Country_184,1948,1746.9
Country_184,1949,1776.3
Country_184,1950,1830.3
Country_184,1951,1696.9
Country_184,1952,1685.8
Country_184,1953,1740.2
Country_184,1954,1809.7
Country_184,1955,1693.0
Country_184,1956,1763.6
Country_184,1957,1779.8
Country_184,1958,1688.2
Country_184,1959,1685.1
Country_184,1960,1732.0
Country_184,1961,1798.2
Country_184,1962,1698.3
Country_184,1963,1734.1
Country_184,1964,1787.7
Country_184,1965,1699.6
Country_184,1966,1805.2
Country_184,1967,1613.8
Country_184,1968,1846.5
Country_184,1969,1752.6
Country_184,1970,1703.8
Country_184,1971,1753.5
Country_184,1972,1699.2
Country_184,1973,1729.7
Country_184,1974,1724.6
Country_184,1975,1761.8
Country_184,1976,1647.6
Country_184,1977,1799.5
Country_184,1978,1654.3
Country_184,1979,1763.4
Country_184,1980,1710.1
Country_184,1981,1785.0
Country_184,1982,1839.9
Country_184,1983,1613.6
Country_184,1984,1784.8
Country_184,1985,1704.5
Country_184,1986,1765.3
Country_184,1987,1750.9
Country_184,1988,1801.8
Country_184,1989,1751.7
Country_184,1990,1706.8
Country_184,1991,1766.7
Country_184,1992,1705.2
Country_184,1993,1786.5
Country_184,1994,1750.6
Country_184,1995,1700.3
Country_184,1996,1757.9
Country_184,1997,1694.4
Country_184,1998,1692.2
Country_184,1999,1726.9
Country_184,2000,1758.1
Country_184,2001,1725.0
Country_184,2002,1826.4
Country_184,2003,1723.2
Country_184,2004,1774.8
Country_184,2005,1686.6
Country_184,2006,1716.9
Country_184,2007,1692.6
Country_184,2008,1724.9
Country_184,2009,1766.7
Country_184,2010,1748.3
Country_184,2011,1796.5
Country_184,2012,1860.4
Country_184,2013,1825.1
Country_184,2014,1702.8
Country_184,2015,1754.9
Country_184,2016,1734.8
Country_184,2017,1780.3
Country_184,2018,1787.6
Country_184,2019,1756.6
Country_184,2020,1728.2
Country_184,2021,1648.5
Country_184,2022,1759.8
Country_184,2023,1751.3
Country_185,1900,727.4
Country_185,1901,705.3
Country_185,1902,590.3
Country_185,1903,638.8
Country_185,1904,682.5
Country_185,1905,689.2
Country_185,1906,609.8
Country_185,1907,612.5
Country_185,1908,665.5
Country_185,1909,690.3
Country_185,1910,777.3
Country_185,1911,662.6
Country_185,1912,590.5
Country_185,1913,677.6
Country_185,1914,629.5
Country_185,1915,707.6
Country_185,1916,656.3
Country_185,1917,712.3
Country_185,1918,633.2
Country_185,1919,673.7
Country_185,1920,713.7
Country_185,1921,718.2
Country_185,1922,636.9
Country_185,1923,616.6
Country_185,1924,725.2
Country_185,1925,638.6
Country_185,1926,689.7
Country_185,1927,677.5
Country_185,1928,661.9
Country_185,1929,594.8
Country_185,1930,597.4
Country_185,1931,616.8
Country_185,1932,788.9
Country_185,1933,715.7
Country_185,1934,641.9
Country_185,1935,697.1
Country_185,1936,702.1
Country_185,1937,647.3
Country_185,1938,622.7
Country_185,1939,632.7
Country_185,1940,601.4
Country_185,1941,595.8
Country_185,1942,639.7
Country_185,1943,642.0
Country_185,1944,610.4
Country_185,1945,630.4
Country_185,1946,631.3
Country_185,1947,726.1
Country_185,1948,615.1
Country_185,1949,726.8
Country_185,1950,648.3
Country_185,1951,778.9
Country_185,1952,634.4
Country_185,1953,694.8
Country_185,1954,656.1
Country_185,1955,602.0
Country_185,1956,794.3
Country_185,1957,657.7
Country_185,1958,708.7
Country_185,1959,601.6
Country_185,1960,714.9
Country_185,1961,625.9
Country_185,1962,674.1
Country_185,1963,676.9
Country_185,1964,583.6
Country_185,1965,720.9
Country_185,1966,623.6
Country_185,1967,626.6
Country_185,1968,567.1
Country_185,1969,670.5
Country_185,1970,615.8
Country_185,1971,743.8
Country_185,1972,747.3
Country_185,1973,690.3
Country_185,1974,661.2
Country_185,1975,674.1
Country_185,1976,724.0
Country_185,1977,700.6
Country_185,1978,647.5
Country_185,1979,570.3
Country_185,1980,665.4
Country_185,1981,648.6
Country_185,1982,591.4
Country_185,1983,669.2
Country_185,1984,583.8
Country_185,1985,730.9
Country_185,1986,668.7
Country_185,1987,496.1
Country_185,1988,597.1
Country_185,1989,649.8
Country_185,1990,689.7
Country_185,1991,628.8
Country_185,1992,678.6
Country_185,1993,730.7
Country_185,1994,667.6
Country_185,1995,627.1
Country_185,1996,685.5
Country_185,1997,699.6
Country_185,1998,737.1
Country_185,1999,607.1
Country_185,2000,713.1
Country_185,2001,722.5
Country_185,2002,662.5
Country_185,2003,691.4
Country_185,2004,599.4
Country_185,2005,644.4
Country_185,2006,632.5
Country_185,2007,753.3
Country_185,2008,656.0
Country_185,2009,607.7
Country_185,2010,590.2
Country_185,2011,665.3
Country_185,2012,641.5
Country_185,2013,647.9
Country_185,2014,667.3
Country_185,2015,695.9
Country_185,2016,647.4
Country_185,2017,649.8
Country_185,2018,729.8
Country_185,2019,677.6
Country_185,2020,593.2
Country_185,2021,572.4
Country_185,2022,640.9
Country_185,2023,651.1
Country_186,1900,729.1
Country_186,1901,688.2
Country_186,1902,771.3
Country_186,1903,704.9
Country_186,1904,701.8
Country_186,1905,740.2
Country_186,1906,729.8
Country_186,1907,740.4
Country_186,1908,671.0
Country_186,1909,704.9
Country_186,1910,740.8
Country_186,1911,759.9
Country_186,1912,702.2
Country_186,1913,853.5
Country_186,1914,751.1
Country_186,1915,779.7
Country_186,1916,783.1
Country_186,1917,762.6
Country_186,1918,766.0
Country_186,1919,789.8
Country_186,1920,714.1
Country_186,1921,822.7
Country_186,1922,630.1
Country_186,1923,723.2
Country_186,1924,845.5
Country_186,1925,720.8
Country_186,1926,798.4
Country_186,1927,751.6
Country_186,1928,812.7
Country_186,1929,812.2
Country_186,1930,753.4
Country_186,1931,745.2
Country_186,1932,829.1
Country_186,1933,784.3
Country_186,1934,746.6
Country_186,1935,825.2
Country_186,1936,690.4
Country_186,1937,673.9
Country_186,1938,797.0
Country_186,1939,788.6
Country_186,1940,799.1
Country_186,1941,745.8
Country_186,1942,866.5
Country_186,1943,751.2
Country_186,1944,762.1
Country_186,1945,804.5
Country_186,1946,759.6
Country_186,1947,846.9
Country_186,1948,857.8
Country_186,1949,742.1
Country_186,1950,786.0
Country_186,1951,707.5
Country_186,1952,880.4
Country_186,1953,778.5
Country_186,1954,774.7
Country_186,1955,843.7
Country_186,1956,738.3
Country_186,1957,711.5
Country_186,1958,724.4
Country_186,1959,764.5
Country_186,1960,701.0
Country_186,1961,693.9
Country_186,1962,823.3
Country_186,1963,738.8
Country_186,1964,738.5
Country_186,1965,774.3
Country_186,1966,671.9
Country_186,1967,758.5
Country_186,1968,656.1
Country_186,1969,774.9
Country_186,1970,849.7
Country_186,1971,800.0
Country_186,1972,812.8
Country_186,1973,749.2
Country_186,1974,775.1
Country_186,1975,777.5
Country_186,1976,743.0
Country_186,1977,647.5
Country_186,1978,747.6
Country_186,1979,816.4
Country_186,1980,727.1
Country_186,1981,844.3
Country_186,1982,749.8
Country_186,1983,745.1
Country_186,1984,735.4
Country_186,1985,806.3
Country_186,1986,791.4
Country_186,1987,775.7
Country_186,1988,757.1
Country_186,1989,752.9
Country_186,1990,749.9
Country_186,1991,835.5
Country_186,1992,750.3
Country_186,1993,849.3
Country_186,1994,703.9
Country_186,1995,739.4
Country_186,1996,712.4
Country_186,1997,727.1
Country_186,1998,743.8
Country_186,1999,759.6
Country_186,2000,754.9
Country_186,2001,852.0
Country_186,2002,823.9
Country_186,2003,757.4
Country_186,2004,699.6
Country_186,2005,770.6
Country_186,2006,749.8
Country_186,2007,720.4
Country_186,2008,695.7
Country_186,2009,793.6
Country_186,2010,851.7
Country_186,2011,697.3
Country_186,2012,646.4
Country_186,2013,690.9
Country_186,2014,743.2
Country_186,2015,720.0
Country_186,2016,759.5
Country_186,2017,727.0
Country_186,2018,696.4
Country_186,2019,721.1
Country_186,2020,799.1
Country_186,2021,746.1
Country_186,2022,698.2
Country_186,2023,793.0
Country_187,1900,968.4
Country_187,1901,974.7
Country_187,1902,1039.6
Country_187,1903,951.5
Country_187,1904,1009.6
Country_187,1905,1068.4
Country_187,1906,1028.7
Country_187,1907,984.6
Country_187,1908,972.6
Country_187,1909,1058.8
Country_187,1910,1034.9
Country_187,1911,1145.4
Country_187,1912,974.0
Country_187,1913,1043.6
Country_187,1914,1093.3
Country_187,1915,970.6
Country_187,1916,1091.9
Country_187,1917,1056.1
Country_187,1918,1168.9
Country_187,1919,1035.9
Country_187,1920,1038.6
Country_187,1921,1035.4
Country_187,1922,995.8
Country_187,1923,1083.5
Country_187,1924,1080.8
Country_187,1925,1071.1
Country_187,1926,967.7
Country_187,1927,1074.3
Country_187,1928,984.1
Country_187,1929,1008.7
Country_187,1930,949.5
Country_187,1931,1134.0
Country_187,1932,898.2
Country_187,1933,1054.0
Country_187,1934,963.6
Country_187,1935,1022.6
Country_187,1936,1040.3
Country_187,1937,1020.9
Country_187,1938,949.3
Country_187,1939,975.5
Country_187,1940,1075.2
Country_187,1941,1060.4
Country_187,1942,1084.8
Country_187,1943,1056.9
Country_187,1944,953.4
Country_187,1945,1015.6
Country_187,1946,985.3
Country_187,1947,1074.7
Country_187,1948,1023.3
Country_187,1949,1047.0
Country_187,1950,1041.5
Country_187,1951,1096.1
Country_187,1952,1001.9
Country_187,1953,1080.5
Country_187,1954,1070.4
Country_187,1955,1070.8
Country_187,1956,1120.8
Country_187,1957,1078.7
Country_187,1958,1064.9
Country_187,1959,1002.4
Country_187,1960,1015.6
Country_187,1961,1046.0
Country_187,1962,1020.5
Country_187,1963,972.9
Country_187,1964,1175.6
Country_187,1965,1029.9
Country_187,1966,1089.7
Country_187,1967,988.9
Country_187,1968,995.3
Country_187,1969,1073.1
Country_187,1970,991.5
Country_187,1971,1036.5
Country_187,1972,1010.7
Country_187,1973,1042.6
Country_187,1974,967.2
Country_187,1975,1028.9
Country_187,1976,988.7
Country_187,1977,1031.4
Country_187,1978,1107.5
Country_187,1979,1027.6
Country_187,1980,1026.2
Country_187,1981,1064.0
Country_187,1982,985.5
Country_187,1983,1106.8
Country_187,1984,1113.8
Country_187,1985,975.1
Country_187,1986,967.6
Country_187,1987,1057.7
Country_187,1988,1065.6
Country_187,1989,971.9
Country_187,1990,1045.7
Country_187,1991,1045.0
Country_187,1992,1051.9
Country_187,1993,1057.6
Country_187,1994,1107.2
Country_187,1995,1051.1
Country_187,1996,1006.2
Country_187,1997,1111.4
Country_187,1998,1092.8
Country_187,1999,1003.2
Country_187,2000,1051.3
Country_187,2001,1010.4
Country_187,2002,1058.8
Country_187,2003,1067.4
Country_187,2004,993.2
Country_187,2005,995.1
Country_187,2006,1034.7
Country_187,2007,1025.4
Country_187,2008,960.0
Country_187,2009,1058.0
Country_187,2010,996.3
Country_187,2011,1076.7
Country_187,2012,1086.8
Country_187,2013,1051.8
Country_187,2014,1031.3
Country_187,2015,1064.6
Country_187,2016,983.7
Country_187,2017,993.0
Country_187,2018,937.2
Country_187,2019,960.9
Country_187,2020,1003.4
Country_187,2021,1003.4
Country_187,2022,1031.5
Country_187,2023,965.6
Country_188,1900,723.8
Country_188,1901,716.0
Country_188,1902,726.6
Country_188,1903,605.5
Country_188,1904,691.4
Country_188,1905,756.9
Country_188,1906,708.2
Country_188,1907,608.2
Country_188,1908,690.9
Country_188,1909,762.2
Country_188,1910,721.4
Country_188,1911,659.9
Country_188,1912,638.0
Country_188,1913,694.8
Country_188,1914,685.3
Country_188,1915,693.6
Country_188,1916,669.9
Country_188,1917,715.0
Country_188,1918,794.6
Country_188,1919,639.9
Country_188,1920,715.9
Country_188,1921,754.7
Country_188,1922,764.0
Country_188,1923,719.4
Country_188,1924,772.1
Country_188,1925,631.7
Country_188,1926,664.7
Country_188,1927,641.4
Country_188,1928,725.8
Country_188,1929,667.0
Country_188,1930,748.8
Country_188,1931,673.7
Country_188,1932,740.5
Country_188,1933,652.3
Country_188,1934,780.6
Country_188,1935,739.5
Country_188,1936,665.3
Country_188,1937,748.1
Country_188,1938,781.8
Country_188,1939,741.0
Country_188,1940,792.7
Country_188,1941,683.7
Country_188,1942,822.4
Country_188,1943,563.6
Country_188,1944,728.3
Country_188,1945,798.2
Country_188,1946,729.6
Country_188,1947,685.2
Country_188,1948,772.9
Country_188,1949,739.3
Country_188,1950,777.8
Country_188,1951,667.8
Country_188,1952,729.1
Country_188,1953,736.7
Country_188,1954,697.1
Country_188,1955,783.2
Country_188,1956,781.3
Country_188,1957,758.6
Country_188,1958,657.7
Country_188,1959,726.1
Country_188,1960,783.2
Country_188,1961,717.7
Country_188,1962,715.9
Country_188,1963,725.3
Country_188,1964,660.8
Country_188,1965,770.5
Country_188,1966,827.4
Country_188,1967,735.2
Country_188,1968,701.2
Country_188,1969,677.6
Country_188,1970,722.6
Country_188,1971,678.0
Country_188,1972,732.2
Country_188,1973,751.1
Country_188,1974,658.5
Country_188,1975,660.3
Country_188,1976,772.3
Country_188,1977,705.7
Country_188,1978,806.5
Country_188,1979,689.3
Country_188,1980,750.5
Country_188,1981,731.0
Country_188,1982,774.1
Country_188,1983,698.4
Country_188,1984,667.9
Country_188,1985,703.7
Country_188,1986,787.4
Country_188,1987,702.2
Country_188,1988,647.2
Country_188,1989,647.9
Country_188,1990,657.0
Country_188,1991,685.7
Country_188,1992,676.5
Country_188,1993,727.7
Country_188,1994,667.4
Country_188,1995,723.4
Country_188,1996,765.3
Country_188,1997,608.0
Country_188,1998,676.9
Country_188,1999,894.9
Country_188,2000,808.7
Country_188,2001,744.9
Country_188,2002,696.3
Country_188,2003,751.7
Country_188,2004,683.0
Country_188,2005,674.8
Country_188,2006,722.8
Country_188,2007,719.6
Country_188,2008,691.9
Country_188,2009,772.9
Country_188,2010,833.4
Country_188,2011,674.9
Country_188,2012,702.1
Country_188,2013,779.0
Country_188,2014,706.7
Country_188,2015,677.1
Country_188,2016,730.4
Country_188,2017,743.7
Country_188,2018,647.8
Country_188,2019,687.6
Country_188,2020,727.9
Country_188,2021,713.8
Country_188,2022,754.6
Country_188,2023,679.5
Country_189,1900,861.5
Country_189,1901,871.8
Country_189,1902,861.6
Country_189,1903,879.7
Country_189,1904,735.6
Country_189,1905,832.9
Country_189,1906,834.2
Country_189,1907,840.0
Country_189,1908,841.4
Country_189,1909,860.9
Country_189,1910,835.5
Country_189,1911,802.3
Country_189,1912,827.4
Country_189,1913,780.1
Country_189,1914,878.0
Country_189,1915,802.7
Country_189,1916,765.3
Country_189,1917,765.4
Country_189,1918,748.9
Country_189,1919,847.4
Country_189,1920,778.0
Country_189,1921,821.2
Country_189,1922,855.7
Country_189,1923,865.5
Country_189,1924,810.2
Country_189,1925,894.8
Country_189,1926,833.9
Country_189,1927,841.8
Country_189,1928,889.1
Country_189,1929,766.0
Country_189,1930,783.5
Country_189,1931,778.6
Country_189,1932,797.1
Country_189,1933,873.4
Country_189,1934,833.8
Country_189,1935,832.6
Country_189,1936,818.8
Country_189,1937,793.1
Country_189,1938,770.4
Country_189,1939,767.4
Country_189,1940,837.5
Country_189,1941,792.3
Country_189,1942,909.9
Country_189,1943,834.2
Country_189,1944,864.8
Country_189,1945,715.1
Country_189,1946,813.2
Country_189,1947,929.1
Country_189,1948,814.2
Country_189,1949,900.9
Country_189,1950,871.1
Country_189,1951,814.4
Country_189,1952,821.8
Country_189,1953,812.4
Country_189,1954,811.2
Country_189,1955,889.8
Country_189,1956,931.0
Country_189,1957,857.1
Country_189,1958,842.4
Country_189,1959,803.7
Country_189,1960,819.9
Country_189,1961,800.9
Country_189,1962,864.2
Country_189,1963,906.5
Country_189,1964,790.7
Country_189,1965,872.4
Country_189,1966,759.3
Country_189,1967,768.4
Country_189,1968,845.1
Country_189,1969,825.8
Country_189,1970,773.5
Country_189,1971,729.7
Country_189,1972,718.8
Country_189,1973,797.7
Country_189,1974,825.0
Country_189,1975,851.6
Country_189,1976,957.9
Country_189,1977,870.9
Country_189,1978,786.0
Country_189,1979,804.2
Country_189,1980,808.1
Country_189,1981,910.0
Country_189,1982,888.4
Country_189,1983,776.0
Country_189,1984,819.0
Country_189,1985,800.7
Country_189,1986,902.1
Country_189,1987,826.7
Country_189,1988,840.1
Country_189,1989,847.1
Country_189,1990,782.2
Country_189,1991,892.0
Country_189,1992,805.8
Country_189,1993,720.9
Country_189,1994,804.7
Country_189,1995,886.9
Country_189,1996,897.6
Country_189,1997,783.9
Country_189,1998,795.3
Country_189,1999,811.4
Country_189,2000,833.2
Country_189,2001,828.0
Country_189,2002,787.3
Country_189,2003,833.4
Country_189,2004,816.4
Country_189,2005,724.9
Country_189,2006,806.8
Country_189,2007,843.7
Country_189,2008,837.3
Country_189,2009,749.5
Country_189,2010,863.5
Country_189,2011,886.9
Country_189,2012,809.6
Country_189,2013,790.3
Country_189,2014,860.2
Country_189,2015,852.8
Country_189,2016,766.3
Country_189,2017,825.4
Country_189,2018,742.6
Country_189,2019,820.5
Country_189,2020,930.3
Country_189,2021,922.6
Country_189,2022,881.8
Country_189,2023,848.7
Country_190,1900,936.1
Country_190,1901,1045.8
Country_190,1902,993.6
Country_190,1903,1127.6
Country_190,1904,1058.9
Country_190,1905,1054.2
Country_190,1906,1019.0
Country_190,1907,960.2
Country_190,1908,1019.1
Country_190,1909,989.4
Country_190,1910,986.6
Country_190,1911,1089.2
Country_190,1912,958.7
Country_190,1913,1004.8
Country_190,1914,1029.9
Country_190,1915,945.4
Country_190,1916,1069.5
Country_190,1917,1027.9
Country_190,1918,972.6
Country_190,1919,984.9
Country_190,1920,1023.3
Country_190,1921,1080.4
Country_190,1922,973.7
Country_190,1923,1056.1
Country_190,1924,1095.4
Country_190,1925,1054.3
Country_190,1926,1020.0
Country_190,1927,1047.5
Country_190,1928,1064.4
Country_190,1929,1046.3
Country_190,1930,1022.1
Country_190,1931,1096.3
Country_190,1932,990.0
Country_190,1933,964.5
Country_190,1934,920.7
Country_190,1935,998.5
Country_190,1936,983.7
Country_190,1937,984.2
Country_190,1938,1035.4
Country_190,1939,1053.9
Country_190,1940,882.7
Country_190,1941,986.2
Country_190,1942,991.8
Country_190,1943,989.3
Country_190,1944,1019.4
Country_190,1945,980.9
Country_190,1946,1057.3
Country_190,1947,1071.0
Country_190,1948,953.2
Country_190,1949,1016.8
Country_190,1950,1064.5
Country_190,1951,1063.6
Country_190,1952,992.0
Country_190,1953,974.6
Country_190,1954,972.6
Country_190,1955,1024.6
Country_190,1956,1025.9
Country_190,1957,956.9
Country_190,1958,1009.4
Country_190,1959,1037.3
Country_190,1960,954.7
Country_190,1961,1028.6
Country_190,1962,1093.5
Country_190,1963,954.9
Country_190,1964,1065.3
Country_190,1965,1037.6
Country_190,1966,982.0
Country_190,1967,1037.9
Country_190,1968,984.9
Country_190,1969,985.5
Country_190,1970,998.7
Country_190,1971,1042.0
Country_190,1972,1097.1
Country_190,1973,982.5
Country_190,1974,1093.3
Country_190,1975,1054.3
Country_190,1976,996.9
Country_190,1977,1065.5
Country_190,1978,1103.7
Country_190,1979,976.1
Country_190,1980,1018.1
Country_190,1981,955.9
Country_190,1982,983.9
Country_190,1983,998.4
Country_190,1984,1065.5
Country_190,1985,1023.2
Country_190,1986,985.3
Country_190,1987,1016.4
Country_190,1988,905.2
Country_190,1989,1002.1
Country_190,1990,1111.2
Country_190,1991,1037.3
Country_190,1992,986.4
Country_190,1993,981.9
Country_190,1994,949.1
Country_190,1995,1027.1
Country_190,1996,1004.1
Country_190,1997,975.0
Country_190,1998,1005.4
Country_190,1999,1051.4
Country_190,2000,1009.6
Country_190,2001,1094.1
Country_190,2002,960.5
Country_190,2003,1094.3
Country_190,2004,980.6
Country_190,2005,1041.4
Country_190,2006,1095.6
Country_190,2007,1066.3
Country_190,2008,1001.7
Country_190,2009,1000.0
Country_190,2010,970.3
Country_190,2011,1108.7
Country_190,2012,1008.7
Country_190,2013,1059.7
Country_190,2014,1114.0
Country_190,2015,1007.3
Country_190,2016,978.3
Country_190,2017,981.1
Country_190,2018,938.8
Country_190,2019,1046.7
Country_190,2020,984.5
Country_190,2021,1017.9
Country_190,2022,1098.7
Country_190,2023,978.6
Country_191,1900,1121.0
Country_191,1901,1044.9
Country_191,1902,997.4
Country_191,1903,1061.2
Country_191,1904,1016.0
Country_191,1905,1068.3
Country_191,1906,1055.9
Country_191,1907,976.8
Country_191,1908,1090.9
Country_191,1909,1099.6
Country_191,1910,1107.7
Country_191,1911,1086.3
Country_191,1912,1007.0
Country_191,1913,1027.9
Country_191,1914,998.8
Country_191,1915,1011.8
Country_191,1916,945.5
Country_191,1917,931.8
Country_191,1918,1042.7
Country_191,1919,1021.6
Country_191,1920,1038.6
Country_191,1921,1046.8
Country_191,1922,1075.9
Country_191,1923,1067.0
Country_191,1924,1147.0
Country_191,1925,927.6
Country_191,1926,1086.3
Country_191,1927,1029.9
Country_191,1928,1062.3
Country_191,1929,1025.1
Country_191,1930,1135.8
Country_191,1931,1006.9
Country_191,1932,1051.7
Country_191,1933,1083.1
Country_191,1934,969.9
Country_191,1935,1092.7
Country_191,1936,967.6
Country_191,1937,1078.8
Country_191,1938,1032.7
Country_191,1939,1037.4
Country_191,1940,1049.8
Country_191,1941,1032.2
Country_191,1942,1051.4
Country_191,1943,976.2
Country_191,1944,934.1
Country_191,1945,1072.6
Country_191,1946,994.4
Country_191,1947,994.7
Country_191,1948,1017.8
Country_191,1949,992.9
Country_191,1950,1014.5
Country_191,1951,986.9
Country_191,1952,1055.4
Country_191,1953,1062.4
Country_191,1954,1066.8
Country_191,1955,1014.3
Country_191,1956,1003.4
Country_191,1957,1090.3
Country_191,1958,1005.3
Country_191,1959,1055.9
Country_191,1960,1125.0
Country_191,1961,1016.8
Country_191,1962,1056.3
Country_191,1963,981.0
Country_191,1964,1001.1
Country_191,1965,1067.5
Country_191,1966,1120.4
Country_191,1967,1025.9
Country_191,1968,1059.0
Country_191,1969,956.4
Country_191,1970,1074.8
Country_191,1971,1063.0
Country_191,1972,930.8
Country_191,1973,960.4
Country_191,1974,948.8
Country_191,1975,989.5
Country_191,1976,1098.2
Country_191,1977,1029.6
Country_191,1978,1053.1
Country_191,1979,1075.1
Country_191,1980,1060.7
Country_191,1981,1033.3
Country_191,1982,999.3
Country_191,1983,982.2
Country_191,1984,1081.3
Country_191,1985,1056.0
Country_191,1986,1127.0
Country_191,1987,1060.6
Country_191,1988,1100.6
Country_191,1989,910.1
Country_191,1990,1042.2
Country_191,1991,1007.4
Country_191,1992,1052.4
Country_191,1993,966.8
Country_191,1994,1030.2
Country_191,1995,1116.1
Country_191,1996,1072.0
Country_191,1997,953.6
Country_191,1998,1123.5
Country_191,1999,1010.7
Country_191,2000,1086.6
Country_191,2001,972.8
Country_191,2002,1057.6
Country_191,2003,953.3
Country_191,2004,1080.8
Country_191,2005,1026.8
Country_191,2006,1031.8
Country_191,2007,1036.5
Country_191,2008,1103.3
Country_191,2009,999.2
Country_191,2010,1008.1
Country_191,2011,1053.6
Country_191,2012,901.9
Country_191,2013,1072.6
Country_191,2014,980.5
Country_191,2015,1001.5
Country_191,2016,1066.0
Country_191,2017,1025.9
Country_191,2018,1024.5
Country_191,2019,1047.1
Country_191,2020,990.0
Country_191,2021,1020.7
Country_191,2022,1014.7
Country_191,2023,936.0
Country_192,1900,1563.9
Country_192,1901,1649.6
Country_192,1902,1626.6
Country_192,1903,1563.9
Country_192,1904,1547.2
Country_192,1905,1619.6
Country_192,1906,1681.3
Country_192,1907,1671.0
Country_192,1908,1535.6
Country_192,1909,1603.2
Country_192,1910,1700.4
Country_192,1911,1644.1
Country_192,1912,1658.6
Country_192,1913,1659.4
Country_192,1914,1658.4
Country_192,1915,1608.9
Country_192,1916,1620.3
Country_192,1917,1664.4
Country_192,1918,1641.8
Country_192,1919,1681.9
Country_192,1920,1555.8
Country_192,1921,1596.9
Country_192,1922,1525.2
Country_192,1923,1575.0
Country_192,1924,1639.9
Country_192,1925,1623.1
Country_192,1926,1588.1
Country_192,1927,1636.7
Country_192,1928,1596.5
Country_192,1929,1621.4
Country_192,1930,1699.7
Country_192,1931,1659.5
Country_192,1932,1586.4
Country_192,1933,1581.2
Country_192,1934,1621.4
Country_192,1935,1625.2
Country_192,1936,1630.1
Country_192,1937,1593.0
Country_192,1938,1543.4
Country_192,1939,1639.4
Country_192,1940,1522.4
Country_192,1941,1605.6
Country_192,1942,1615.8
Country_192,1943,1549.7
Country_192,1944,1629.6
Country_192,1945,1739.2
Country_192,1946,1608.0
Country_192,1947,1530.8
Country_192,1948,1686.4
Country_192,1949,1656.8
Country_192,1950,1667.5
Country_192,1951,1609.4
Country_192,1952,1666.2
Country_192,1953,1620.8
Country_192,1954,1610.7
Country_192,1955,1603.4
Country_192,1956,1544.4
Country_192,1957,1562.2
Country_192,1958,1581.0
Country_192,1959,1587.0
Country_192,1960,1708.3
Country_192,1961,1590.4
Country_192,1962,1644.3
Country_192,1963,1618.4
Country_192,1964,1638.8
Country_192,1965,1625.4
Country_192,1966,1603.0
Country_192,1967,1651.6
Country_192,1968,1637.7
Country_192,1969,1659.7
Country_192,1970,1562.0
Country_192,1971,1595.8
Country_192,1972,1612.0
Country_192,1973,1653.6
Country_192,1974,1627.4
Country_192,1975,1518.8
Country_192,1976,1738.8
Country_192,1977,1576.8
Country_192,1978,1717.4
Country_192,1979,1627.8
Country_192,1980,1640.1
Country_192,1981,1603.8
Country_192,1982,1594.2
Country_192,1983,1597.1
Country_192,1984,1671.2
Country_192,1985,1707.2
Country_192,1986,1547.8
Country_192,1987,1593.9
Country_192,1988,1632.0
Country_192,1989,1681.9
Country_192,1990,1575.9
Country_192,1991,1590.7
Country_192,1992,1603.3
Country_192,1993,1589.2
Country_192,1994,1630.7
Country_192,1995,1735.1
Country_192,1996,1593.7
Country_192,1997,1657.3
Country_192,1998,1612.1
Country_192,1999,1590.4
Country_192,2000,1515.7
Country_192,2001,1587.1
Country_192,2002,1549.7
Country_192,2003,1603.3
Country_192,2004,1617.2
Country_192,2005,1606.2
Country_192,2006,1583.2
Country_192,2007,1641.8
Country_192,2008,1670.5
Country_192,2009,1624.0
Country_192,2010,1592.3
Country_192,2011,1537.0
Country_192,2012,1679.1
Country_192,2013,1554.1
Country_192,2014,1701.7
Country_192,2015,1528.3
Country_192,2016,1579.9
Country_192,2017,1579.9
Country_192,2018,1701.6
Country_192,2019,1575.7
Country_192,2020,1637.2
Country_192,2021,1593.1
Country_192,2022,1634.1
Country_192,2023,1572.7
Country_193,1900,750.6
Country_193,1901,642.3
Country_193,1902,773.6
Country_193,1903,667.3
Country_193,1904,690.7
Country_193,1905,745.4
Country_193,1906,732.2
Country_193,1907,761.0
Country_193,1908,717.8
Country_193,1909,615.0
Country_193,1910,695.6
Country_193,1911,630.8
Country_193,1912,630.0
Country_193,1913,644.0
Country_193,1914,746.1
Country_193,1915,730.5
Country_193,1916,667.8
Country_193,1917,587.0
Country_193,1918,672.8
Country_193,1919,717.3
Country_193,1920,585.1
Country_193,1921,670.1
Country_193,1922,620.2
Country_193,1923,673.4
Country_193,1924,680.2
Country_193,1925,731.0
Country_193,1926,648.4
Country_193,1927,631.3
Country_193,1928,659.9
Country_193,1929,692.6
Country_193,1930,647.1
Country_193,1931,713.5
Country_193,1932,688.4
Country_193,1933,729.2
Country_193,1934,758.3
Country_193,1935,716.1
Country_193,1936,669.8
Country_193,1937,694.4
Country_193,1938,593.7
Country_193,1939,704.5
Country_193,1940,625.2
Country_193,1941,734.6
Country_193,1942,706.9
Country_193,1943,597.2
Country_193,1944,746.3
Country_193,1945,634.5
Country_193,1946,635.1
Country_193,1947,750.7
Country_193,1948,631.2
Country_193,1949,627.1
Country_193,1950,736.6
Country_193,1951,670.3
Country_193,1952,659.7
Country_193,1953,741.0
Country_193,1954,716.8
Country_193,1955,711.9
Country_193,1956,592.2
Country_193,1957,605.3
Country_193,1958,594.8
Country_193,1959,778.2
Country_193,1960,612.1
Country_193,1961,752.3
Country_193,1962,715.3
Country_193,1963,696.5
Country_193,1964,756.4
Country_193,1965,792.4
Country_193,1966,624.5
Country_193,1967,762.4
Country_193,1968,711.9
Country_193,1969,731.5
Country_193,1970,648.3
Country_193,1971,764.7
Country_193,1972,731.5
Country_193,1973,587.5
Country_193,1974,717.0
Country_193,1975,698.0
Country_193,1976,571.7
Country_193,1977,644.3
Country_193,1978,759.1
Country_193,1979,641.1
Country_193,1980,604.8
Country_193,1981,675.1
Country_193,1982,764.5
Country_193,1983,706.5
Country_193,1984,614.5
Country_193,1985,695.9
Country_193,1986,626.9
Country_193,1987,713.6
Country_193,1988,655.3
Country_193,1989,716.9
Country_193,1990,770.3
Country_193,1991,722.6
Country_193,1992,609.3
Country_193,1993,667.6
Country_193,1994,643.4
Country_193,1995,733.1
Country_193,1996,765.5
Country_193,1997,680.1
Country_193,1998,731.5
Country_193,1999,683.2
Country_193,2000,698.9
Country_193,2001,679.7
Country_193,2002,647.7
Country_193,2003,767.1
Country_193,2004,782.8
Country_193,2005,699.9
Country_193,2006,663.4
Country_193,2007,608.0
Country_193,2008,599.5
Country_193,2009,653.9
Country_193,2010,699.2
Country_193,2011,644.9
Country_193,2012,702.0
Country_193,2013,725.8
Country_193,2014,662.9
Country_193,2015,785.5
Country_193,2016,763.5
Country_193,2017,811.5
Country_193,2018,740.7
Country_193,2019,739.8
Country_193,2020,636.7
Country_193,2021,611.4
Country_193,2022,713.0
Country_193,2023,586.8
Country_194,1900,651.8
Country_194,1901,507.4
Country_194,1902,691.2
Country_194,1903,580.0
Country_194,1904,586.4
Country_194,1905,651.9
Country_194,1906,628.8
Country_194,1907,545.5
Country_194,1908,577.9
Country_194,1909,617.6
Country_194,1910,680.1
Country_194,1911,566.3
Country_194,1912,650.8
Country_194,1913,600.1
Country_194,1914,605.0
Country_194,1915,578.7
Country_194,1916,628.9
Country_194,1917,490.5
Country_194,1918,627.5
Country_194,1919,606.7
Country_194,1920,526.0
Country_194,1921,673.0
Country_194,1922,604.3
Country_194,1923,575.5
Country_194,1924,625.2
Country_194,1925,527.2
Country_194,1926,675.2
Country_194,1927,589.6
Country_194,1928,592.1
Country_194,1929,623.2
Country_194,1930,744.5
Country_194,1931,564.8
Country_194,1932,625.0
Country_194,1933,615.8
Country_194,1934,587.5
Country_194,1935,614.5
Country_194,1936,534.5
Country_194,1937,521.9
Country_194,1938,520.2
Country_194,1939,575.0
Country_194,1940,622.8
Country_194,1941,528.8
Country_194,1942,685.4
Country_194,1943,596.9
Country_194,1944,627.9
Country_194,1945,530.4
Country_194,1946,627.0
Country_194,1947,558.7
Country_194,1948,649.0
Country_194,1949,663.2
Country_194,1950,579.7
Country_194,1951,586.8
Country_194,1952,645.4
Country_194,1953,652.1
Country_194,1954,622.9
Country_194,1955,661.8
Country_194,1956,561.2
Country_194,1957,598.0
Country_194,1958,602.9
Country_194,1959,667.9
Country_194,1960,578.1
Country_194,1961,576.0
Country_194,1962,660.7
Country_194,1963,586.2
Country_194,1964,571.5
Country_194,1965,652.5
Country_194,1966,604.2
Country_194,1967,600.2
Country_194,1968,562.2
Country_194,1969,559.4
Country_194,1970,627.2
Country_194,1971,603.2
Country_194,1972,667.4
Country_194,1973,510.7
Country_194,1974,630.3
Country_194,1975,560.0
Country_194,1976,495.4
Country_194,1977,619.9
Country_194,1978,581.9
Country_194,1979,498.1
Country_194,1980,574.6
Country_194,1981,649.0
Country_194,1982,569.1
Country_194,1983,564.4
Country_194,1984,638.4
Country_194,1985,550.6
Country_194,1986,597.1
Country_194,1987,628.7
Country_194,1988,602.1
Country_194,1989,562.9
Country_194,1990,502.7
Country_194,1991,604.9
Country_194,1992,572.4
Country_194,1993,633.6
Country_194,1994,481.0
Country_194,1995,620.8
Country_194,1996,573.4
Country_194,1997,551.2
Country_194,1998,500.6
Country_194,1999,569.4
Country_194,2000,554.8
Country_194,2001,573.9
Country_194,2002,621.9
Country_194,2003,513.3
Country_194,2004,556.2
Country_194,2005,616.2
Country_194,2006,603.3
Country_194,2007,562.6
Country_194,2008,585.8
Country_194,2009,566.8
Country_194,2010,558.8
Country_194,2011,599.6
Country_194,2012,662.1
Country_194,2013,551.1
Country_194,2014,630.8
Country_194,2015,521.9
Country_194,2016,539.6
Country_194,2017,632.2
Country_194,2018,532.7
Country_194,2019,575.7
Country_194,2020,557.1
Country_194,2021,632.6
Country_194,2022,607.9
Country_194,2023,581.8
Country_195,1900,651.9
Country_195,1901,639.3
Country_195,1902,556.9
Country_195,1903,757.2
Country_195,1904,658.1
Country_195,1905,647.2
Country_195,1906,752.4
Country_195,1907,654.5
Country_195,1908,671.1
Country_195,1909,648.4
Country_195,1910,614.9
Country_195,1911,729.8
Country_195,1912,749.3
Country_195,1913,702.9
Country_195,1914,648.9
Country_195,1915,702.4
Country_195,1916,662.5
Country_195,1917,637.7
Country_195,1918,625.0
Country_195,1919,627.5
Country_195,1920,568.5
Country_195,1921,695.0
Country_195,1922,629.5
Country_195,1923,663.8
Country_195,1924,634.0
Country_195,1925,680.8
Country_195,1926,648.1
Country_195,1927,695.8
Country_195,1928,640.8
Country_195,1929,664.9
Country_195,1930,608.7
Country_195,1931,676.9
Country_195,1932,645.4
Country_195,1933,591.2
Country_195,1934,601.4
Country_195,1935,723.7
Country_195,1936,718.6
Country_195,1937,668.6
Country_195,1938,700.2
Country_195,1939,711.1
Country_195,1940,621.0
Country_195,1941,668.1
Country_195,1942,735.2
Country_195,1943,682.1
Country_195,1944,623.6
Country_195,1945,693.0
Country_195,1946,625.9
Country_195,1947,604.8
Country_195,1948,677.9
Country_195,1949,629.3
Country_195,1950,772.3
Country_195,1951,645.9
Country_195,1952,624.5
Country_195,1953,593.8
Country_195,1954,633.2
Country_195,1955,640.4
Country_195,1956,673.4
Country_195,1957,753.0
Country_195,1958,652.6
Country_195,1959,634.2
Country_195,1960,688.8
Country_195,1961,625.8
Country_195,1962,564.1
Country_195,1963,677.0
Country_195,1964,657.7
Country_195,1965,602.3
Country_195,1966,653.9
Country_195,1967,634.7
Country_195,1968,706.8
Country_195,1969,647.8
Country_195,1970,596.2
Country_195,1971,717.0
Country_195,1972,634.8
Country_195,1973,644.8
Country_195,1974,629.0
Country_195,1975,662.1
Country_195,1976,602.1
Country_195,1977,658.8
Country_195,1978,690.0
Country_195,1979,656.8
Country_195,1980,548.3
Country_195,1981,634.4
Country_195,1982,576.8
Country_195,1983,720.1
Country_195,1984,620.9
Country_195,1985,667.3
Country_195,1986,672.6
Country_195,1987,595.7
Country_195,1988,642.3
Country_195,1989,680.0
Country_195,1990,653.9
Country_195,1991,698.4
Country_195,1992,573.7
Country_195,1993,631.0
Country_195,1994,684.6
Country_195,1995,658.9
Country_195,1996,634.1
Country_195,1997,568.6
Country_195,1998,633.2
Country_195,1999,720.5
Country_195,2000,741.6
Country_195,2001,658.0
Country_195,2002,619.0
Country_195,2003,718.5
Country_195,2004,693.2
Country_195,2005,661.1
Country_195,2006,654.8
Country_195,2007,761.8
Country_195,2008,669.0
Country_195,2009,671.9
Country_195,2010,749.3
Country_195,2011,626.3
Country_195,2012,569.9
Country_195,2013,647.8
Country_195,2014,643.8
Country_195,2015,679.4
Country_195,2016,610.0
Country_195,2017,728.9
Country_195,2018,650.2
Country_195,2019,645.5
Country_195,2020,677.8
Country_195,2021,697.3
Country_195,2022,585.2
Country_195,2023,636.1
Country_196,1900,1308.4
Country_196,1901,1335.6
Country_196,1902,1359.9
Country_196,1903,1348.4
Country_196,1904,1398.2
Country_196,1905,1314.6
Country_196,1906,1332.4
Country_196,1907,1350.9
Country_196,1908,1366.2
Country_196,1909,1311.9
Country_196,1910,1362.4
Country_196,1911,1255.8
Country_196,1912,1331.7
Country_196,1913,1423.1
Country_196,1914,1246.6
Country_196,1915,1444.7
Country_196,1916,1354.5
Country_196,1917,1304.0
Country_196,1918,1309.6
Country_196,1919,1351.2
Country_196,1920,1285.9
Country_196,1921,1273.5
Country_196,1922,1388.8
Country_196,1923,1344.3
Country_196,1924,1363.3
Country_196,1925,1380.3
Country_196,1926,1331.3
Country_196,1927,1428.2
Country_196,1928,1292.2
Country_196,1929,1428.3
Country_196,1930,1396.4
Country_196,1931,1402.1
Country_196,1932,1348.9
Country_196,1933,1341.7
Country_196,1934,1340.7
Country_196,1935,1368.0
Country_196,1936,1336.7
Country_196,1937,1215.8
Country_196,1938,1362.3
Country_196,1939,1419.3
Country_196,1940,1296.2
Country_196,1941,1349.1
Country_196,1942,1307.3
Country_196,1943,1227.9
Country_196,1944,1290.1
Country_196,1945,1421.8
Country_196,1946,1354.3
Country_196,1947,1239.0
Country_196,1948,1341.2
Country_196,1949,1243.9
Country_196,1950,1348.4
Country_196,1951,1387.2
Country_196,1952,1322.0
Country_196,1953,1300.7
Country_196,1954,1288.5
Country_196,1955,1338.3
Country_196,1956,1412.9
Country_196,1957,1374.3
Country_196,1958,1277.0
Country_196,1959,1318.6
Country_196,1960,1308.5
Country_196,1961,1222.7
Country_196,1962,1284.8
Country_196,1963,1307.0
Country_196,1964,1307.1
Country_196,1965,1376.5
Country_196,1966,1343.1
Country_196,1967,1319.1
Country_196,1968,1338.8
Country_196,1969,1276.0
Country_196,1970,1274.9
Country_196,1971,1296.0
Country_196,1972,1381.7
Country_196,1973,1284.1
Country_196,1974,1387.2
Country_196,1975,1333.6
Country_196,1976,1344.2
Country_196,1977,1384.0
Country_196,1978,1197.3
Country_196,1979,1294.0
Country_196,1980,1216.2
Country_196,1981,1371.9
Country_196,1982,1298.2
Country_196,1983,1195.4
Country_196,1984,1300.8
Country_196,1985,1302.2
Country_196,1986,1347.9
Country_196,1987,1364.7
Country_196,1988,1310.6
Country_196,1989,1329.7
Country_196,1990,1351.1
Country_196,1991,1278.4
Country_196,1992,1299.6
Country_196,1993,1361.4
Country_196,1994,1389.1
Country_196,1995,1409.7
Country_196,1996,1270.7
Country_196,1997,1279.5
Country_196,1998,1390.2
Country_196,1999,1197.5
Country_196,2000,1294.3
Country_196,2001,1334.5
Country_196,2002,1312.5
Country_196,2003,1252.9
Country_196,2004,1302.0
Country_196,2005,1368.1
Country_196,2006,1341.6
Country_196,2007,1273.5
Country_196,2008,1371.7
Country_196,2009,1299.5
Country_196,2010,1327.6
Country_196,2011,1380.1
Country_196,2012,1310.2
Country_196,2013,1324.2
Country_196,2014,1311.9
Country_196,2015,1348.5
Country_196,2016,1335.2
Country_196,2017,1225.1
Country_196,2018,1271.0
Country_196,2019,1338.7
Country_196,2020,1391.7
Country_196,2021,1373.8
Country_196,2022,1388.4
Country_196,2023,1307.9
Country_197,1900,1632.8
Country_197,1901,1641.7
Country_197,1902,1674.3
Country_197,1903,1631.0
Country_197,1904,1708.0
Country_197,1905,1737.2
Country_197,1906,1714.6
Country_197,1907,1617.9
Country_197,1908,1742.8
Country_197,1909,1620.4
Country_197,1910,1617.0
Country_197,1911,1639.8
Country_197,1912,1716.9
Country_197,1913,1648.6
Country_197,1914,1709.6
Country_197,1915,1693.1
Country_197,1916,1582.2
Country_197,1917,1620.4
Country_197,1918,1669.3
Country_197,1919,1646.8
Country_197,1920,1689.7
Country_197,1921,1647.9
Country_197,1922,1553.3
Country_197,1923,1666.6
Country_197,1924,1591.0
Country_197,1925,1599.6
Country_197,1926,1623.2
Country_197,1927,1660.5
Country_197,1928,1612.9
Country_197,1929,1706.0
Country_197,1930,1651.5
Country_197,1931,1632.3
Country_197,1932,1680.5
Country_197,1933,1621.2
Country_197,1934,1592.8
Country_197,1935,1654.1
Country_197,1936,1572.3
Country_197,1937,1558.8
Country_197,1938,1610.6
Country_197,1939,1636.0
Country_197,1940,1567.9
Country_197,1941,1612.0
Country_197,1942,1662.9
Country_197,1943,1674.8
Country_197,1944,1696.6
Country_197,1945,1580.1
Country_197,1946,1598.1
Country_197,1947,1615.1
Country_197,1948,1588.9
Country_197,1949,1614.3
Country_197,1950,1594.6
Country_197,1951,1682.0
Country_197,1952,1590.1
Country_197,1953,1693.7
Country_197,1954,1567.4
Country_197,1955,1641.7
Country_197,1956,1648.1
Country_197,1957,1648.3
Country_197,1958,1690.8
Country_197,1959,1650.3
Country_197,1960,1700.7
Country_197,1961,1680.1
Country_197,1962,1636.8
Country_197,1963,1617.1
Country_197,1964,1654.6
Country_197,1965,1695.3
Country_197,1966,1585.6
Country_197,1967,1612.4
Country_197,1968,1665.5
Country_197,1969,1591.0
Country_197,1970,1658.5
Country_197,1971,1678.7
Country_197,1972,1658.8
Country_197,1973,1680.3
Country_197,1974,1792.7
Country_197,1975,1679.9
Country_197,1976,1613.1
Country_197,1977,1699.8
Country_197,1978,1665.7
Country_197,1979,1586.9
Country_197,1980,1606.4
Country_197,1981,1576.7
Country_197,1982,1645.4
Country_197,1983,1601.0
Country_197,1984,1714.3
Country_197,1985,1664.8
Country_197,1986,1698.4
Country_197,1987,1639.1
Country_197,1988,1623.8
Country_197,1989,1601.2
Country_197,1990,1616.9
Country_197,1991,1659.9
Country_197,1992,1572.2
Country_197,1993,1650.1
Country_197,1994,1694.2
Country_197,1995,1689.7
Country_197,1996,1613.1
Country_197,1997,1715.5
Country_197,1998,1627.9
Country_197,1999,1670.7
Country_197,2000,1777.7
Country_197,2001,1656.6
Country_197,2002,1612.2
Country_197,2003,1666.4
Country_197,2004,1586.4
Country_197,2005,1720.6
Country_197,2006,1619.1
Country_197,2007,1650.5
Country_197,2008,1732.2
Country_197,2009,1628.5
Country_197,2010,1700.3
Country_197,2011,1716.6
Country_197,2012,1666.4
Country_197,2013,1673.5
Country_197,2014,1632.1
Country_197,2015,1643.1
Country_197,2016,1556.9
Country_197,2017,1651.1
Country_197,2018,1607.8
Country_197,2019,1671.1
Country_197,2020,1606.7
Country_197,2021,1672.6
Country_197,2022,1628.6
Country_197,2023,1574.2
Country_198,1900,512.1
Country_198,1901,513.8
Country_198,1902,479.3
Country_198,1903,405.5
Country_198,1904,528.6
Country_198,1905,503.0
Country_198,1906,412.4
Country_198,1907,472.2
Country_198,1908,519.7
Country_198,1909,509.5
Country_198,1910,583.7
Country_198,1911,473.6
Country_198,1912,433.5
Country_198,1913,499.6
Country_198,1914,493.9
Country_198,1915,478.2
Country_198,1916,509.0
Country_198,1917,567.9
Country_198,1918,494.9
Country_198,1919,601.6
Country_198,1920,449.4
Country_198,1921,455.0
Country_198,1922,546.0
Country_198,1923,507.3
Country_198,1924,567.3
Country_198,1925,550.2
Country_198,1926,527.0
Country_198,1927,414.7
Country_198,1928,562.0
Country_198,1929,432.0
Country_198,1930,533.2
Country_198,1931,440.8
Country_198,1932,526.2
Country_198,1933,448.5
Country_198,1934,496.0
Country_198,1935,465.4
Country_198,1936,593.2
Country_198,1937,451.5
Country_198,1938,493.4
Country_198,1939,472.8
Country_198,1940,463.1
Country_198,1941,510.9
Country_198,1942,498.1
Country_198,1943,436.0
Country_198,1944,495.1
Country_198,1945,477.6
Country_198,1946,462.2
Country_198,1947,482.3
Country_198,1948,415.1
Country_198,1949,549.9
Country_198,1950,535.2
Country_198,1951,504.9
Country_198,1952,500.4
Country_198,1953,460.7
Country_198,1954,552.4
Country_198,1955,489.9
Country_198,1956,551.8
Country_198,1957,438.2
Country_198,1958,483.8
Country_198,1959,575.1
Country_198,1960,443.4
Country_198,1961,591.7
Country_198,1962,410.0
Country_198,1963,442.4
Country_198,1964,523.8
Country_198,1965,492.0
Country_198,1966,459.5
Country_198,1967,526.9
Country_198,1968,572.2
Country_198,1969,535.8
Country_198,1970,515.4
Country_198,1971,450.1
Country_198,1972,590.0
Country_198,1973,471.6
Country_198,1974,523.3
Country_198,1975,520.8
Country_198,1976,445.9
Country_198,1977,523.5
Country_198,1978,499.5
Country_198,1979,506.3
Country_198,1980,570.0
Country_198,1981,390.4
Country_198,1982,495.8
Country_198,1983,481.7
Country_198,1984,440.2
Country_198,1985,495.8
Country_198,1986,545.0
Country_198,1987,516.8
Country_198,1988,462.7
Country_198,1989,442.1
Country_198,1990,472.2
Country_198,1991,486.0
Country_198,1992,567.2
Country_198,1993,481.4
Country_198,1994,544.6
Country_198,1995,451.6
Country_198,1996,577.0
Country_198,1997,615.7
Country_198,1998,536.1
Country_198,1999,483.3
Country_198,2000,478.9
Country_198,2001,414.9
Country_198,2002,480.4
Country_198,2003,525.5
Country_198,2004,510.4
Country_198,2005,509.8
Country_198,2006,538.4
Country_198,2007,536.4
Country_198,2008,544.4
Country_198,2009,638.4
Country_198,2010,630.5
Country_198,2011,564.4
Country_198,2012,467.6
Country_198,2013,578.7
Country_198,2014,503.3
Country_198,2015,467.6
Country_198,2016,473.4
Country_198,2017,608.5
Country_198,2018,521.4
Country_198,2019,474.3
Country_198,2020,449.8
Country_198,2021,471.1
Country_198,2022,474.8
Country_198,2023,542.8
Country_199,1900,1926.6
Country_199,1901,1947.3
Country_199,1902,1829.3
Country_199,1903,1970.8
Country_199,1904,1877.6
Country_199,1905,1926.2
Country_199,1906,1966.6
Country_199,1907,1988.0
Country_199,1908,1870.4
Country_199,1909,1833.1
Country_199,1910,1889.8
Country_199,1911,1970.1
Country_199,1912,1895.6
Country_199,1913,1902.9
Country_199,1914,1999.2
Country_199,1915,1894.8
Country_199,1916,1892.7
Country_199,1917,1928.8
Country_199,1918,1914.0
Country_199,1919,1932.2
Country_199,1920,1984.3
Country_199,1921,1941.6
Country_199,1922,1895.6
Country_199,1923,1952.2
Country_199,1924,1998.1
Country_199,1925,1902.0
Country_199,1926,1915.8
Country_199,1927,1953.6
Country_199,1928,1920.0
Country_199,1929,1948.9
Country_199,1930,1978.8
Country_199,1931,1880.8
Country_199,1932,2011.7
Country_199,1933,1951.8
Country_199,1934,1937.6
Country_199,1935,1965.2
Country_199,1936,1880.7
Country_199,1937,1908.0
Country_199,1938,1880.9
Country_199,1939,1902.9
Country_199,1940,1891.7
Country_199,1941,1913.7
Country_199,1942,1878.9
Country_199,1943,1957.7
Country_199,1944,1959.9
Country_199,1945,1869.8
Country_199,1946,1857.5
Country_199,1947,1980.7
Country_199,1948,1883.1
Country_199,1949,1892.5
Country_199,1950,1902.9
Country_199,1951,1851.9
Country_199,1952,1938.8
Country_199,1953,1969.9
Country_199,1954,1836.7
Country_199,1955,1935.2
Country_199,1956,1929.2
Country_199,1957,1956.1
Country_199,1958,1860.9
Country_199,1959,1920.7
Country_199,1960,1978.1
Country_199,1961,1951.7
Country_199,1962,1824.3
Country_199,1963,1956.4
Country_199,1964,1940.2
Country_199,1965,1948.6
Country_199,1966,1936.6
Country_199,1967,1824.2
Country_199,1968,1957.7
Country_199,1969,1923.0
Country_199,1970,1946.7
Country_199,1971,1859.0
Country_199,1972,1941.2
Country_199,1973,1939.5
Country_199,1974,1896.3
Country_199,1975,1867.0
Country_199,1976,1945.0
Country_199,1977,1965.8
Country_199,1978,1922.6
Country_199,1979,2032.4
Country_199,1980,1848.3
Country_199,1981,1891.7
Country_199,1982,1859.1
Country_199,1983,1885.5
Country_199,1984,2023.8
Country_199,1985,1975.1
Country_199,1986,1965.9
Country_199,1987,1937.4
Country_199,1988,1908.7
Country_199,1989,1985.8
Country_199,1990,1871.0
Country_199,1991,1912.5
Country_199,1992,1986.6
Country_199,1993,1883.8
Country_199,1994,1852.4
Country_199,1995,1992.3
Country_199,1996,1977.0
Country_199,1997,1955.6
Country_199,1998,1968.0
Country_199,1999,1949.6
Country_199,2000,1878.4
Country_199,2001,2035.0
Country_199,2002,1891.1
Country_199,2003,1867.2
Country_199,2004,1884.9
Country_199,2005,1940.4
Country_199,2006,2003.2
Country_199,2007,1844.4
Country_199,2008,1953.3
Country_199,2009,1845.2
Country_199,2010,1825.4
Country_199,2011,1959.6
Country_199,2012,1848.2
Country_199,2013,1875.6
Country_199,2014,1950.7
Country_199,2015,1927.6
Country_199,2016,1864.8
Country_199,2017,1958.7
Country_199,2018,1963.0
Country_199,2019,1880.8
Country_199,2020,1888.2
Country_199,2021,1917.8
Country_199,2022,1898.9
Country_199,2023,1936.7
Country_200,1900,910.3
Country_200,1901,949.7
Country_200,1902,893.3
Country_200,1903,952.4
Country_200,1904,970.4
Country_200,1905,864.1
Country_200,1906,926.7
Country_200,1907,821.8
Country_200,1908,935.3
Country_200,1909,952.4
Country_200,1910,894.3
Country_200,1911,823.5
Country_200,1912,794.1
Country_200,1913,841.3
Country_200,1914,919.9
Country_200,1915,928.2
Country_200,1916,941.4
Country_200,1917,933.2
Country_200,1918,905.7
Country_200,1919,921.4
Country_200,1920,936.1
Country_200,1921,853.8
Country_200,1922,946.4
Country_200,1923,853.4
Country_200,1924,888.9
Country_200,1925,990.6
Country_200,1926,878.9
Country_200,1927,872.7
Country_200,1928,936.0
Country_200,1929,953.0
Country_200,1930,940.7
Country_200,1931,892.6
Country_200,1932,881.1
Country_200,1933,876.2
Country_200,1934,929.5
Country_200,1935,985.3
Country_200,1936,872.2
Country_200,1937,946.4
Country_200,1938,1058.4
Country_200,1939,989.9
Country_200,1940,917.2
Country_200,1941,853.9
Country_200,1942,954.6
Country_200,1943,920.1
Country_200,1944,868.8
Country_200,1945,825.2
Country_200,1946,998.0
Country_200,1947,938.5
Country_200,1948,947.2
Country_200,1949,912.9
Country_200,1950,893.4
Country_200,1951,924.4
Country_200,1952,917.6
Country_200,1953,954.5
Country_200,1954,922.6
Country_200,1955,946.3
Country_200,1956,964.7
Country_200,1957,994.0
Country_200,1958,1037.5
Country_200,1959,976.3
Country_200,1960,856.6
Country_200,1961,914.4
Country_200,1962,903.5
Country_200,1963,937.0
Country_200,1964,981.7
Country_200,1965,900.6
Country_200,1966,976.4
Country_200,1967,990.2
Country_200,1968,898.5
Country_200,1969,845.8
Country_200,1970,853.8
Country_200,1971,923.0
Country_200,1972,803.8
Country_200,1973,822.0
Country_200,1974,949.6
Country_200,1975,831.6
Country_200,1976,994.2
Country_200,1977,947.1
Country_200,1978,926.8
Country_200,1979,894.9
Country_200,1980,924.0
Country_200,1981,975.7
Country_200,1982,917.3
Country_200,1983,833.9
Country_200,1984,1019.9
Country_200,1985,990.1
Country_200,1986,913.0
Country_200,1987,918.3
Country_200,1988,905.3
Country_200,1989,888.6
Country_200,1990,827.8
Country_200,1991,1012.0
Country_200,1992,954.3
Country_200,1993,874.7
Country_200,1994,932.2
Country_200,1995,973.7
Country_200,1996,940.7
Country_200,1997,815.3
Country_200,1998,921.5
Country_200,1999,933.9
Country_200,2000,850.6
Country_200,2001,880.8
Country_200,2002,936.8
Country_200,2003,872.4
Country_200,2004,872.0
Country_200,2005,943.7
Country_200,2006,941.7
Country_200,2007,1039.4
Country_200,2008,938.3
Country_200,2009,882.1
Country_200,2010,910.8
Country_200,2011,906.6
Country_200,2012,896.6
Country_200,2013,821.9
Country_200,2014,1008.7
Country_200,2015,905.6
Country_200,2016,972.1
Country_200,2017,939.7
Country_200,2018,859.7
Country_200,2019,992.9
Country_200,2020,977.6
Country_200,2021,950.3
Country_200,2022,921.0
Country_200,2023,935.3
